Timestamp,ERCOT - Price - Load Zone: LZ_HOUSTON - ISO: Actual - DA LMP - Latest (Now),ERCOT - Price - Load Zone: LZ_HOUSTON - ISO: Actual - RT SPP (15 min) - Latest (Now),ERCOT - Price - Hub: HB_BUSAVG - ISO: Actual - RT SPP (15 min) - Latest (Now),ERCOT - Grid Conditions - System Wide - ISO: Actual - Dispatchable Outages (Planned) - Latest (Now),ERCOT - Grid Conditions - System Wide - ISO: Actual - Dispatchable Outages (Unplanned) - Latest (Now),ERCOT - Load - System Wide - ISO: Actual - Load - Latest (Now),ERCOT - Load - System Wide - ISO: Forecast - Load - Prior Day (Rolling),ERCOT - Load - System Wide - ENV: Actual - Net Load - Latest (Now),ERCOT - Load - System Wide - ENV: Actual - Temperature - Latest (Now),ERCOT - Generation - Solar - System Wide - ISO: Actual - Generation - Latest (Now),ERCOT - Generation - Solar - System Wide - ISO: Forecast - Generation (STPF) - Prior Day (Rolling),ERCOT - Generation - Wind - System Wide - ISO: Actual - Generation (5 min) - Latest (Now),ERCOT - Generation - Wind - System Wide - ISO: Forecast - Generation (STPF) - Prior Day (Rolling),ERCOT - Grid Conditions - System Wide - ISO: Actual - PRC - Latest (Now),ERCOT - Grid Conditions - System Wide - ISO: Actual - Fuel Mix (Natural Gas) - Latest (Now),ERCOT - Grid Conditions - System Wide - ISO: Actual - Energy Storage Resources (Net Output) - Latest (Now)
2024-01-01T00:00:00-06:00,15.79,13.82,14.045,,,,41153.86,26542,46,0.04,0,14880.46,14823.3,,15744.62,
2024-01-01T01:00:00-06:00,16.81,15.973,15.97,,,,40625.77,27740,46,0.03,0,13925.08,13601.3,,16717.06,
2024-01-01T02:00:00-06:00,16.76,16.995,16.967,,,,40176.66,28592,46,0.02,0,13023.74,12427.9,,17463.5,
2024-01-01T03:00:00-06:00,17.39,17.952,17.952,,,,40115.52,29567,44,0.03,0,12019.63,11385.3,,18106.2,
2024-01-01T04:00:00-06:00,19,20.658,20.525,,,,40464.57,31403,43,0.04,0,10897.2,10115.1,,19107.75,
2024-01-01T05:00:00-06:00,21.4,22.47,22.327,,,,41908.16,34493,42,0.03,0,8828.61,8436.1,,20406.85,
2024-01-01T06:00:00-06:00,24.22,26.162,26.168,,,,44040.12,37869,41,0.04,0,6750.65,6861,,22101.89,
2024-01-01T07:00:00-06:00,28.39,31.088,31.088,,,,44852.62,40058,40,85.49,124.9,5241.96,5515.8,,22768.85,
2024-01-01T08:00:00-06:00,22.67,40.095,40.095,,,,45235.85,39814,42,3032.01,3293.2,3450.1,4122,,22820.31,
2024-01-01T09:00:00-06:00,19.54,22.327,22.327,,,,45535.07,36553,45,7922.49,8632.8,2070.62,2818.7,,21386.28,
2024-01-01T10:00:00-06:00,18.49,22.227,22.227,,,,45062.53,35670,48,9499.72,10348.4,1541.58,2233.9,,20522.76,
2024-01-01T11:00:00-06:00,17.9,21.107,21.152,,,,44313.06,34418,50,10138.26,10584.5,1774.74,2036.8,,20249.42,
2024-01-01T12:00:00-06:00,16.55,20.288,20.312,,,,43342.78,33210,52,10429.78,10669.4,2009.57,2120.4,,19943.66,
2024-01-01T13:00:00-06:00,14.46,18.382,18.382,,,,42081.87,31723,54,10832.01,10849.1,2046.73,2362.9,,19497.86,
2024-01-01T14:00:00-06:00,13.86,16.608,16.608,,,,41909.91,30720,54,11222.81,11080.4,2166.15,2782.3,,18993.46,
2024-01-01T15:00:00-06:00,13.18,16.06,16.06,,,,42192.18,30048,54,11239.82,10803.4,2683.12,3361.2,,18840.79,
2024-01-01T16:00:00-06:00,20.2,33,33,,,,42219.69,33679,53,7279.04,6795.6,3331.56,4125.2,,20835.23,
2024-01-01T17:00:00-06:00,36.47,55.573,57.425,,,,43346.53,40804,49,921.4,958.3,5009.98,5265.1,,23831.45,
2024-01-01T18:00:00-06:00,27.6,47.228,47.95,,,,45458.72,42325,47,0.08,0,6615.1,6551,,24808.11,
2024-01-01T19:00:00-06:00,23.92,37.027,36.922,,,,46074.82,41754,44,0.08,0,7490.01,8429.5,,24671.56,
2024-01-01T20:00:00-06:00,24.09,44.65,44.773,,,,46608.6,41514,43,0.15,0,7928.51,9592.3,,24864.39,
2024-01-01T21:00:00-06:00,22.19,40.857,40.857,,,,46317.18,40924,42,0.12,0,8075.45,10057,,24438.7,
2024-01-01T22:00:00-06:00,21.27,26.277,26.277,,,,45462.87,39640,41,0.12,0,8481.5,10248.9,,23561.5,
2024-01-01T23:00:00-06:00,20.23,22.69,22.69,,,,44227.32,37711,41,0.12,0,9059.06,10307,,22557.64,
2024-01-02T00:00:00-06:00,19.23,21.68,21.68,,,,44539.84,36912,40,0.13,0,9186.16,9116,,22479.42,
2024-01-02T01:00:00-06:00,18.49,21.5,21.5,,,,43853.73,36473,40,0.13,0,9041.92,8996.8,,22584.82,
2024-01-02T02:00:00-06:00,18.94,21.29,21.29,,,,43316.95,36168,40,0.12,0,9283.7,8548.4,,22755.58,
2024-01-02T03:00:00-06:00,19.63,19.707,19.707,,,,43380.05,35429,40,0.14,0,10118.61,8104.9,,23245.22,
2024-01-02T04:00:00-06:00,20.74,18.57,18.57,,,,44010.84,36062,40,0.13,0,10509.46,7722.1,,24225.22,
2024-01-02T05:00:00-06:00,25.01,20.985,21.12,,,,45466.86,38648,40,0.13,0,10321.3,7309.5,,25548.62,
2024-01-02T06:00:00-06:00,35.81,36.133,36.508,,,,47541.62,43611,40,0.13,0,8134.7,6544.8,,27825.28,
2024-01-02T07:00:00-06:00,41.45,47.1,48.912,,,,48786.82,47307,40,144.73,84.2,6125,5576.6,,29906.68,
2024-01-02T08:00:00-06:00,34.71,40.99,42.443,,,,49207.43,47013,42,2142.94,1679.8,4770.28,4559.6,,30202.38,
2024-01-02T09:00:00-06:00,25.76,50.582,50.825,,,,49402.1,46568,44,4239.37,3922.5,3454.61,3577.2,,29894.91,
2024-01-02T10:00:00-06:00,22.72,32.898,33.547,,,,49056.68,45309,47,5031.47,5253.5,3060.74,3117.2,,28638.18,
2024-01-02T11:00:00-06:00,19.32,23.555,23.288,,,,48455.8,43133,49,5946.97,6179,3344.63,3031.8,,26972.82,
2024-01-02T12:00:00-06:00,18.08,22.51,22.22,,,,47512.88,41695,50,6169.94,6142.2,3569.45,3119.9,,26518.99,
2024-01-02T13:00:00-06:00,17.71,24.96,24.517,,,,46548.17,42103,50,5682.79,5674.4,3838.21,3236,,26600.29,
2024-01-02T14:00:00-06:00,17.17,26.26,25.38,,,,45692.69,42984,50,4707.04,4866.9,4000.92,3404,,26915.14,
2024-01-02T15:00:00-06:00,18.5,27.505,26.315,,,,45181.67,43576,50,3294.03,3752.5,4952.13,3545.1,,27366.73,
2024-01-02T16:00:00-06:00,24.22,33.69,32.262,,,,45265.95,44938,49,2182.8,2538.9,5181.19,3531,,28395.18,
2024-01-02T17:00:00-06:00,45.56,54.578,56.335,,,,46735.6,48300,48,431,476.1,4946.44,3274.1,,31113.53,
2024-01-02T18:00:00-06:00,37.62,72.478,73.202,,,,48397.23,50566,47,0.06,0.1,3730.88,2961.3,,32819.56,
2024-01-02T19:00:00-06:00,31.64,51.013,53.167,,,,48358.81,50933,47,0.03,0,2886.94,3083.7,,33240.67,
2024-01-02T20:00:00-06:00,26.73,45.788,52.26,,,,48056.59,49453,46,0.15,0,3022.61,3192.7,,32148.85,
2024-01-02T21:00:00-06:00,23.7,39.52,46.027,,,,47483.96,47903,46,0.02,0,3188.66,3428.7,,31182.43,
2024-01-02T22:00:00-06:00,24.77,24.872,29.028,,,,46326.82,45549,44,0.03,0,3480.81,3683.4,,29213.49,
2024-01-02T23:00:00-06:00,22.02,23.693,27.51,,,,45159.56,42894,44,0.03,0,3897.87,3917.6,,27225.11,
2024-01-03T00:00:00-06:00,20.9,22.552,25.175,,,,44260.9,40988,43,0.02,0,4535.51,4214.1,,25807.48,
2024-01-03T01:00:00-06:00,19.18,21.53,24.16,,,,43576.93,39722,42,0.01,0,4807.01,4605.6,,25211.48,
2024-01-03T02:00:00-06:00,19.03,20.845,23.397,,,,43366.16,39070,42,0,0,5350.45,5162.7,,25032.33,
2024-01-03T03:00:00-06:00,19.22,19.885,20.995,,,,43602.15,38416,42,0,0,6105.77,5647.1,,24923.78,
2024-01-03T04:00:00-06:00,20.9,20.767,22.972,,,,44571.4,39242,42,0.01,0,6054.36,5781,,25916.68,
2024-01-03T05:00:00-06:00,23.34,21.443,23.61,,,,46968.04,40960,41,0.01,0,6312.21,5857,,27024.61,
2024-01-03T06:00:00-06:00,39.18,24.185,27.353,,,,50750.89,43953,41,0,0,5958.57,5902.6,,28574.28,
2024-01-03T07:00:00-06:00,42.49,28.282,31.495,,,,52886.24,45574,42,27.32,100.7,6097.32,5674.9,,29384.9,
2024-01-03T08:00:00-06:00,33.5,60.29,60.808,,,,53391.57,45615,43,1893.7,2584.2,4886.86,5101.5,,29518.64,
2024-01-03T09:00:00-06:00,24.81,21.575,21.588,,,,52894.31,42636,45,5885.91,7117.7,4186.63,4185.5,,28126.59,
2024-01-03T10:00:00-06:00,20.36,19.453,19.48,,,,51963.78,40469,47,7734.97,9014.8,4063.01,3510.9,,26593.9,
2024-01-03T11:00:00-06:00,19.2,17.805,17.807,,,,50847.08,38331,49,8634.87,9813.8,4039.22,2932.4,,25658.93,
2024-01-03T12:00:00-06:00,17.02,17.507,17.507,,,,49683.57,37095,51,8984.88,10563.4,3856.65,2593.5,,25404.76,
2024-01-03T13:00:00-06:00,16.67,16.345,16.345,,,,48749.92,35528,52,9623.29,10579.6,3569.94,2275.2,,24599.1,
2024-01-03T14:00:00-06:00,15.58,15.82,15.82,,,,47780.92,34902,53,9235.72,10496.3,3412.68,2076.7,,24247.66,
2024-01-03T15:00:00-06:00,15.33,16.02,16.02,,,,47212.33,35670,54,8006.57,9890.1,3405.19,1989.8,,24591.12,
2024-01-03T16:00:00-06:00,19.58,19.463,18.597,,,,47587.53,38409,53,5432.77,6343.1,3609.76,2013.9,,26412.94,
2024-01-03T17:00:00-06:00,42.26,26.408,27.655,,,,49107.63,44464,51,966.05,949.3,3750.73,2389.3,,29543.9,
2024-01-03T18:00:00-06:00,32.84,24.048,25.168,,,,51307.75,46046,49,0.15,0.1,4960.96,3312.2,,29618.47,
2024-01-03T19:00:00-06:00,27.85,21.09,21.235,,,,51658.97,44217,48,0.03,0,6780.45,4939,,28936.29,
2024-01-03T20:00:00-06:00,24.79,19.088,19.127,,,,51425.4,42338,46,0.02,0,8403.2,6643.8,,28456.15,
2024-01-03T21:00:00-06:00,21.72,17.925,17.925,,,,50487.78,40167,45,0.02,0,9689.47,8531.6,,27067.7,
2024-01-03T22:00:00-06:00,18.28,19.93,19.93,,,,49042.27,37892,44,0.14,0,10320.39,10355,,25585.18,
2024-01-03T23:00:00-06:00,16.68,18.913,18.913,,,,47695.57,36370,43,0.03,0,10075.47,11427.5,,24302.32,
2024-01-04T00:00:00-06:00,17.39,19.662,19.662,,,,46587.42,35773,42,0.03,0,9850.64,9801.7,,23618.32,
2024-01-04T01:00:00-06:00,17.14,20,20,,,,45937.29,35814,41,0.04,0,9313.16,9800.8,,23426.97,
2024-01-04T02:00:00-06:00,17.63,20.963,20.963,,,,45662.09,36380,41,0.04,0,8775.04,9527.9,,23569.75,
2024-01-04T03:00:00-06:00,18.72,21.45,21.45,,,,45991.86,37582,40,0.02,0,7949.16,9208.7,,23729.72,
2024-01-04T04:00:00-06:00,19.44,22.062,22.062,,,,47016.98,38742,40,0.02,0,7988.88,9145,,24281.52,
2024-01-04T05:00:00-06:00,21.47,22.825,22.825,,,,50003.72,40899,40,0.19,0,8288.03,9693.5,,25894.19,
2024-01-04T06:00:00-06:00,29.61,24.575,24.575,,,,54594.4,42627,40,0.07,0,9751.54,10788.1,,26752.28,
2024-01-04T07:00:00-06:00,27.76,21.537,21.537,,,,56906.29,41192,40,126.29,141.1,12835.28,12113.4,,25963.39,
2024-01-04T08:00:00-06:00,21.15,15.53,15.367,,,,57169.57,35986,42,2464.92,2549,15417.72,13520,,23143.9,
2024-01-04T09:00:00-06:00,18.3,14.582,13.18,,,,56787,30051,46,5769.94,5814.5,16566.85,14715.9,,18843.58,
2024-01-04T10:00:00-06:00,17.09,13.775,12.008,,,,55864.37,26512,49,6802.55,7076.1,17321.77,16472.7,,15756.94,
2024-01-04T11:00:00-06:00,16.18,12.355,10.34,,,,54530.93,23855,52,7337.83,7611.3,18111.74,18583.6,,13316.43,
2024-01-04T12:00:00-06:00,12.99,10.567,8.163,,,,53318.24,22688,54,7032.17,7713.8,18643.28,20310.2,,12206.26,
2024-01-04T13:00:00-06:00,11.12,8.983,7.01,,,,52068.08,21675,55,6433.31,7535.9,19675.08,21421.5,,11330,
2024-01-04T14:00:00-06:00,10.9,9.842,9.575,,,,50716.86,21527,56,5638.84,6986.8,19982.17,21735.5,,11259.49,
2024-01-04T15:00:00-06:00,13.17,17.985,18.443,,,,50036.27,25263,56,4370.33,5745.8,17129.48,20937.1,,14793.92,
2024-01-04T16:00:00-06:00,16.73,29.645,29.858,,,,50461.81,31733,55,1952.67,3224.6,13475.83,19003.1,,18168.77,
2024-01-04T17:00:00-06:00,28.49,48.4,48.465,,,,52033.44,37499,53,266,441.7,11064.45,16657.5,,21316.32,
2024-01-04T18:00:00-06:00,23.67,26.38,26.677,,,,54063.46,38717,53,0.22,0.3,11751.45,15540.4,,22131.65,
2024-01-04T19:00:00-06:00,20.14,23.912,24.207,,,,53943.56,37250,52,0.04,0,13147.5,15836,,21060.09,
2024-01-04T20:00:00-06:00,20.47,24.28,24.745,,,,53255.68,35534,52,0.05,0,14177.84,16742.6,,20073.24,
2024-01-04T21:00:00-06:00,18.92,21.79,22.245,,,,51961.2,33694,51,0.03,0,14814.8,17353.6,,19593.98,
2024-01-04T22:00:00-06:00,17.75,19.537,19.805,,,,49679.78,31411,50,0.03,0,15215.27,17442.7,,18595.98,
2024-01-04T23:00:00-06:00,17.39,21.16,21.233,,,,47345.73,30050,50,0.03,0,14625.46,16990.3,,17045.43,
2024-01-05T00:00:00-06:00,16.11,20.633,20.723,,,,44117.85,28533,49,0.03,0,14741.55,16934.3,,16160.86,
2024-01-05T01:00:00-06:00,15.6,19.02,19.182,,,,43022.53,27293,48,0.03,0,15208.67,16323.4,,15458.12,
2024-01-05T02:00:00-06:00,15.39,17.952,18.162,,,,42405.84,26156,48,0.04,0,15943.48,15668.4,,14757.24,
2024-01-05T03:00:00-06:00,16,16.938,17.465,,,,42446.41,25912,48,0.04,0,16291.93,14915.1,,14490.24,
2024-01-05T04:00:00-06:00,17.91,16.465,17.173,,,,43332.21,26492,47,0.04,0,16557.56,13973.6,,15247.73,
2024-01-05T05:00:00-06:00,21.6,16.235,16.538,,,,45653.11,28181,47,0.22,0,16626.72,13033.7,,17321.06,
2024-01-05T06:00:00-06:00,27.8,19.122,19.542,,,,49504.89,31067,46,0.04,0,16538.46,12531.9,,19436.79,
2024-01-05T07:00:00-06:00,27.9,21.18,21.33,,,,51707.92,32614,46,33.73,67,16808.73,12613.8,,19971.63,
2024-01-05T08:00:00-06:00,20.9,19.015,19.015,,,,52252.25,31057,47,2545.38,2274.1,16498.93,12580.6,,19219.85,
2024-01-05T09:00:00-06:00,18.22,17.783,17.905,,,,52080.12,28550,48,7235.61,7073.7,14591.18,11933.4,,17643.88,
2024-01-05T10:00:00-06:00,17.32,16.287,16.495,,,,51419.84,27285,51,8279.42,8826.2,14440.22,11996.1,,16769.37,
2024-01-05T11:00:00-06:00,15.34,15.178,15.705,,,,50642.86,24198,53,9149.24,9491.6,15629.55,13049.4,,13945.77,
2024-01-05T12:00:00-06:00,11.02,3.928,3.49,,,,49831.2,21464,54,8876.3,10796.9,18125.87,14662.5,,11417.64,
2024-01-05T13:00:00-06:00,8.41,0.005,-0.035,,,,49153.81,20542,57,7691.6,10965.3,19138.31,15625.4,,11054.98,
2024-01-05T14:00:00-06:00,6.95,-0.065,-0.112,,,,48314.04,20296,58,7313.69,11127.3,18997.54,15583.7,,11220.11,
2024-01-05T15:00:00-06:00,10.01,-0.007,-0.02,,,,47697.74,20797,58,7713.45,11312.1,17475.56,14579.6,,11938.21,
2024-01-05T16:00:00-06:00,18.3,10.777,10.777,,,,48002.26,24782,57,7672.62,7781.4,13721.49,11869.2,,15502.21,
2024-01-05T17:00:00-06:00,39.03,35.637,35.637,,,,49189.59,36411,53,1339.69,1224,9729.55,8579.8,,24053.07,
2024-01-05T18:00:00-06:00,33.42,25.358,27.19,,,,50873.55,41029,50,0.4,0.3,7949.27,6761.9,,26214.48,
2024-01-05T19:00:00-06:00,30.37,25.717,28.02,,,,50791.19,41200,48,0.12,0,7571.55,6481.4,,26250.24,
2024-01-05T20:00:00-06:00,30.08,27.78,30.52,,,,50332.77,41500,47,0.03,0,6987.22,6219.8,,26450.87,
2024-01-05T21:00:00-06:00,27.76,25.76,27.443,,,,49487,41690,46,0.06,0,6508.6,5806.6,,26581.66,
2024-01-05T22:00:00-06:00,27.87,25.765,27.25,,,,47936.82,40985,45,0.06,0,6408.69,5254.7,,25886.82,
2024-01-05T23:00:00-06:00,26.37,25.31,27.27,,,,46302.1,40455,44,0.06,0,5762.18,4556.2,,25295.8,
2024-01-06T00:00:00-06:00,24.37,23.202,24.773,,,,45096.69,39995,42,0.07,0,5149.75,4175,,25070.72,
2024-01-06T01:00:00-06:00,21.92,23.16,24.043,,,,44217.77,40087,41,0.07,0,4644.81,3828.8,,25103.12,
2024-01-06T02:00:00-06:00,21.42,28.575,28.693,,,,43601.14,40249,40,0.07,0,4367.09,3967.5,,24953.18,
2024-01-06T03:00:00-06:00,22.69,28.095,28.14,,,,43742.85,40943,39,0.07,0,4018.79,4081,,25423.38,
2024-01-06T04:00:00-06:00,24.32,31.768,31.992,,,,44339.81,42044,39,0.08,0,3772.54,3882.3,,26126.6,
2024-01-06T05:00:00-06:00,28.98,39.515,39.558,,,,45807.9,43354,39,0.36,0,3771.83,3631.9,,27098.84,
2024-01-06T06:00:00-06:00,42.1,51.32,51.32,,,,48103.36,45485,38,0.22,0,3393.3,3515.3,,28545.66,
2024-01-06T07:00:00-06:00,45.07,79.755,79.755,,,,50106.1,46847,38,209.98,171.7,3410.27,3526.8,,29225.64,
2024-01-06T08:00:00-06:00,32.37,35.39,35.39,,,,51446.42,43880,42,4132.4,3938.7,3232.47,3462.1,,27500.97,
2024-01-06T09:00:00-06:00,19.96,22.3,22.3,,,,51007.23,38440,46,9498.42,9664.8,2680.13,2921.1,,23607.32,
2024-01-06T10:00:00-06:00,18.62,21.248,21.492,,,,49678.94,36028,49,10396.26,11173.2,3149.96,2591.8,,21895.81,
2024-01-06T11:00:00-06:00,18.19,21.697,23.188,,,,48052.63,33508,51,10453.66,11297.9,4104.69,2900.3,,20388.13,
2024-01-06T12:00:00-06:00,15.39,17.928,18.505,,,,46383.48,30487,53,10972.05,11273.5,5097.34,3432.8,,19311.39,
2024-01-06T13:00:00-06:00,14.75,15.125,15.345,,,,44796.7,28360,55,11159.22,11399.7,5555.17,3967.7,,17962.02,
2024-01-06T14:00:00-06:00,14.07,12.922,12.983,,,,43508.64,26409,56,11468.99,11551.3,6737.35,4712.1,,15857.47,
2024-01-06T15:00:00-06:00,14.47,11.148,11.148,,,,42844.38,25503,57,11330.38,11170.1,7775.88,5651.5,,14989.84,
2024-01-06T16:00:00-06:00,19.52,15.7,15.902,,,,43144.72,28500,56,7715.24,7567.2,8386.52,6088.1,,18175.76,
2024-01-06T17:00:00-06:00,36.06,38.488,38.488,,,,44829.06,37398,52,1289.49,1203.2,7210.37,5562.6,,24018.92,
2024-01-06T18:00:00-06:00,32.49,45.055,45.055,,,,47023.02,42012,50,0.65,0.4,5911.51,4551.1,,26058.23,
2024-01-06T19:00:00-06:00,34.54,61.672,61.672,,,,47257.59,43305,47,0.24,0,4895.42,4228,,26890.56,
2024-01-06T20:00:00-06:00,33.37,37.977,38.02,,,,47049.34,43203,46,0.02,0,5322.85,4076.2,,26948.82,
2024-01-06T21:00:00-06:00,26.8,33.35,34.075,,,,46645.31,42452,44,0.02,0,5739.91,4425.2,,26347.6,
2024-01-06T22:00:00-06:00,25.93,38.155,38.635,,,,45956.9,41560,42,0.02,0,6015.97,5503.1,,25195.94,
2024-01-06T23:00:00-06:00,23.12,37.68,37.427,,,,45163.99,40641,41,0.01,0,6164.06,6847.6,,24177.47,
2024-01-07T00:00:00-06:00,30.27,68.935,68.33,,,,45292.13,39459,40,0.04,0,6041.23,7652.5,,22864.07,
2024-01-07T01:00:00-06:00,29.49,71.08,70.813,,,,44797.3,38919,40,0.03,0,6262.11,7864.2,,22760.57,
2024-01-07T02:00:00-06:00,29.28,54.763,54.763,,,,44747.81,38829,38,0.01,0,6755.61,7989.1,,22605.62,
2024-01-07T03:00:00-06:00,24.54,90.867,90.867,,,,45134.67,38595,38,0.02,0,7275.8,8927.8,,22338.92,
2024-01-07T04:00:00-06:00,26.43,57.873,57.873,,,,45995.22,38815,37,0.02,0,7926.69,10236.5,,22258.65,
2024-01-07T05:00:00-06:00,24.78,82.677,82.677,,,,47700.4,38760,36,0.04,0,9355.89,12114,,21953.25,
2024-01-07T06:00:00-06:00,22.53,33.96,33.96,,,,50207.55,38065,36,0.01,0,11761.2,14910.4,,21541.1,
2024-01-07T07:00:00-06:00,21.75,25.43,25.988,,,,52119.71,35827,36,162.12,177.6,15387.78,18103.1,,19984.23,
2024-01-07T08:00:00-06:00,18.89,13.707,13.112,,,,52741.32,27807,42,4279.42,4151,19757.28,20617.5,,14208.65,
2024-01-07T09:00:00-06:00,16.19,16.978,14.51,,,,51313.72,21324,48,8679.48,10968,19871.9,21168,,10274.41,
2024-01-07T10:00:00-06:00,12.7,15.988,13.645,,,,48962.98,19166,53,9135.98,12589.5,19608.42,21273.8,,8737.61,
2024-01-07T11:00:00-06:00,6.38,6.565,5.192,,,,46807.98,16834,57,7832.82,12500.9,21763.7,23331.7,,6769.17,
2024-01-07T12:00:00-06:00,3.36,0.133,-0.485,,,,45002.76,14999,59,6585.68,12109.2,23812.72,26541.8,,5653.98,
2024-01-07T13:00:00-06:00,1.42,-0.702,-1.282,,,,43454.33,14642,61,4838.44,12086.3,24973.09,28849.9,,5646.62,
2024-01-07T14:00:00-06:00,0.9,-4.23,-4.53,,,,42289.93,14601,61,4252.76,12306.2,24929.35,30345,,5643.83,
2024-01-07T15:00:00-06:00,1.49,-2.248,-2.943,,,,41775.4,14703,61,3996.69,11440.6,24894.91,31351.9,,5669.24,
2024-01-07T16:00:00-06:00,4.13,12.545,9.945,,,,41984.55,15657,59,3086.74,7695.9,25418.52,31779.3,,6361.16,
2024-01-07T17:00:00-06:00,11.61,22.023,18.907,,,,43822.8,19260,57,550.64,1205.7,26337.9,31899,,7619.63,
2024-01-07T18:00:00-06:00,15.83,22.463,20.365,,,,46804.97,21515,55,0.61,0.5,27101.53,32270.5,,8004.29,
2024-01-07T19:00:00-06:00,16.08,22.38,20.828,,,,47692.12,22147,55,0.63,0,26821.04,32602.9,,8084.52,
2024-01-07T20:00:00-06:00,15.17,21.918,20.56,,,,47892.18,21876,53,0.64,0,26855.24,32539,,7960.9,
2024-01-07T21:00:00-06:00,15.44,21.01,20.07,,,,47269.1,21020,53,0.43,0,26852.4,32223.2,,7891.58,
2024-01-07T22:00:00-06:00,8.18,18.202,17.758,,,,45187.16,19170,53,0.39,0,26598.12,31882.7,,7106.55,
2024-01-07T23:00:00-06:00,5.57,14.723,14.005,,,,42738.09,17416,52,0.26,0,26543.46,31622.1,,6370.18,
2024-01-08T00:00:00-06:00,3.77,13.225,11.595,,,,41435.51,16184,52,0.23,0,26234.41,29937.2,,6157.58,
2024-01-08T01:00:00-06:00,1.78,6.752,5.748,,,,40114.07,15538,52,0.17,0,26297.06,30693.6,,5715.75,
2024-01-08T02:00:00-06:00,1.36,1.26,0.922,,,,39354.24,15385,53,0.18,0,26155.27,31779.4,,5710.58,
2024-01-08T03:00:00-06:00,1.8,7.29,5.965,,,,39367.12,15592,53,0.16,0,26017.67,32204.6,,5940.41,
2024-01-08T04:00:00-06:00,3.89,13.928,11.78,,,,40352.39,16190,54,0.24,0,25967.89,31936.6,,6494.71,
2024-01-08T05:00:00-06:00,9.44,19.585,17.005,,,,42650.03,17933,54,0.58,0,26051.94,31510.2,,7643.25,
2024-01-08T06:00:00-06:00,18.64,25.103,22.56,,,,46315.82,20498,54,0.51,0,26239.19,31112.9,,8612.43,
2024-01-08T07:00:00-06:00,24.39,20.965,19.182,,,,48462.72,21915,54,16.66,34.6,26120.92,30653.7,,8712.92,
2024-01-08T08:00:00-06:00,18.91,21.445,19.162,,,,49041.09,21748,55,724.87,1695.3,25774.4,30233.6,,8276.66,
2024-01-08T09:00:00-06:00,14.01,21.503,18.503,,,,49540.95,21072,57,2172.48,5443.4,25299.83,30195.4,,7661.54,
2024-01-08T10:00:00-06:00,13.24,21.05,17.677,,,,49681.73,20579,59,2749.21,6687.9,25327.73,30486.8,,7575.92,
2024-01-08T11:00:00-06:00,13.01,21.148,17.985,,,,49955.7,20367,59,3473.32,7255.5,25163.34,30569.9,,7665.93,
2024-01-08T12:00:00-06:00,11.79,21.648,18.468,,,,50115.24,20880,58,3088.33,8010.9,25047.83,30355.7,,7657.12,
2024-01-08T13:00:00-06:00,11.36,21.273,17.857,,,,50083.49,20709,58,2916.84,8146,25003.86,30000.9,,7732.27,
2024-01-08T14:00:00-06:00,10.91,20.765,17.477,,,,49618.9,20739,59,3229.41,8338.9,24403.98,29358.2,,7955.81,
2024-01-08T15:00:00-06:00,11.33,20.967,17.68,,,,49001.94,20847,58,3434.76,8831.6,23996.15,28334.5,,8093.36,
2024-01-08T16:00:00-06:00,14.77,22.135,18.588,,,,48912.4,22126,55,2126.18,6723.9,24338.02,27672.6,,8663.44,
2024-01-08T17:00:00-06:00,25.46,29.93,26.7,,,,49954.48,23438,53,425.83,1229.6,25900.13,27754.6,,9723.63,
2024-01-08T18:00:00-06:00,28.9,26.222,26.653,,,,51858.42,25037,52,16.67,0.7,26175.56,28320.1,,10550.81,
2024-01-08T19:00:00-06:00,20.32,27.215,27.31,,,,51805.36,24938,52,16.42,0,26192.81,28540.7,,10094.54,
2024-01-08T20:00:00-06:00,17.77,35.69,36.333,,,,51173.14,25363,50,3.45,0,25749.91,28615.9,,10056.78,
2024-01-08T21:00:00-06:00,15.3,28.92,29.512,,,,49737.78,24851,48,0.03,0,25501.94,29064.7,,10090.48,
2024-01-08T22:00:00-06:00,12.69,20,20.395,,,,47486.66,22937,46,0.02,0,26019.7,29710.3,,9359.93,
2024-01-08T23:00:00-06:00,9.66,19.55,20.78,,,,45073.53,20912,44,0.03,0,26754.52,30235.7,,8284.68,
2024-01-09T00:00:00-06:00,14.85,19.583,19.168,,,,43870.6,20362,43,0.06,0,26159.54,29645.7,,8365.49,
2024-01-09T01:00:00-06:00,13.89,19.665,20.73,,,,43075.18,20470,42,0.06,0,26274.11,29982.6,,8439.48,
2024-01-09T02:00:00-06:00,13.99,19.315,18.547,,,,42754.16,20721,40,0.02,0,26330.69,29957.4,,8865.55,
2024-01-09T03:00:00-06:00,13.95,17.517,15.442,,,,43369.25,21856,39,0.01,0,26160.37,29679.6,,10462.17,
2024-01-09T04:00:00-06:00,16.34,17.49,17.452,,,,45195.58,23897,38,0.05,0,25755.18,29178.4,,12624.94,
2024-01-09T05:00:00-06:00,18.54,23.56,23.275,,,,48518.05,27209,38,0.26,0,25504.75,28403.6,,14916.81,
2024-01-09T06:00:00-06:00,28.46,26.867,26.543,,,,53544.97,31689,37,0.56,0,25275.36,27280.2,,16735.67,
2024-01-09T07:00:00-06:00,36.15,23.453,23.61,,,,56348.15,32932,37,193.96,204.3,25659.54,26579.5,,17395.62,
2024-01-09T08:00:00-06:00,24.55,19.617,14.95,,,,56200.1,29158,40,4741.88,4734.7,24001.34,25446.8,,16042.43,
2024-01-09T09:00:00-06:00,17.75,17.555,10.92,,,,55098.11,24499,43,9996.25,12071.8,21970.77,23814.9,,13368.51,
2024-01-09T10:00:00-06:00,14.44,17.625,10.87,,,,53784.37,23088,46,10800.35,13245.6,21376.01,23636.4,,12496.93,
2024-01-09T11:00:00-06:00,12.07,16.815,10.363,,,,52487.44,22081,48,11527.43,12955.9,19838.66,23465.2,,11752.37,
2024-01-09T12:00:00-06:00,10.9,13.425,9.405,,,,51314.63,21405,50,11978.27,12525.7,18433.84,22141.9,,11598.92,
2024-01-09T13:00:00-06:00,13.24,1.485,0.48,,,,50393.96,20773,52,11440.3,12688.4,18361.53,20027.2,,11115.39,
2024-01-09T14:00:00-06:00,14.12,-0.012,-0.035,,,,49729.92,20789,53,11144.19,13366.2,17041.8,17700,,11550.85,
2024-01-09T15:00:00-06:00,15.37,0,0,,,,49427.69,22748,53,11097.31,13525.8,14370.35,14706.5,,13755.13,
2024-01-09T16:00:00-06:00,18.5,9.275,9.275,,,,50108.42,29291,52,8881.87,9812.5,10341.95,10744.2,,19441.85,
2024-01-09T17:00:00-06:00,60.67,79.56,78.042,,,,52374.07,43649,49,1706.78,1620.1,5369.01,6943.6,,28913.67,
2024-01-09T18:00:00-06:00,62.36,78.562,76,,,,55636.4,49380,45,3.01,0.9,4121.22,5652.7,,32027.53,
2024-01-09T19:00:00-06:00,43.57,51.855,50.5,,,,56554.52,49393,42,0.25,0,5379.35,7317.4,,32167.49,
2024-01-09T20:00:00-06:00,28.15,32.76,32.28,,,,56885.35,47072,40,0.01,0,8237.66,10239.9,,30314.27,
2024-01-09T21:00:00-06:00,23.33,24.995,24.993,,,,55994.57,43053,38,0.01,0,11855.49,13885.5,,26939.61,
2024-01-09T22:00:00-06:00,19.2,18.483,18.483,,,,53211.49,37606,37,0,0,15814.15,18106.9,,23096.15,
2024-01-09T23:00:00-06:00,19.02,16.9,15.923,,,,50592.28,32947,36,0.34,0,20483.82,21693.1,,18937.05,
2024-01-10T00:00:00-06:00,19.25,19.245,16.738,,,,48524.42,30493,36,0.46,0,23193.34,23831.7,,16535.44,
2024-01-10T01:00:00-06:00,17.85,18.558,16.282,,,,47602.06,27401,36,0.71,0,23756.97,25382.9,,15825.52,
2024-01-10T02:00:00-06:00,17.82,18.383,16.17,,,,46923.39,26825,35,0.71,0,24360.31,26035.7,,15418.42,
2024-01-10T03:00:00-06:00,17.94,18.862,16.615,,,,47414.66,27218,35,0.44,0,24597.49,26385.9,,15449.55,
2024-01-10T04:00:00-06:00,18.47,20.29,17.97,,,,48510.7,28128,35,0.34,0,24979.28,26593.4,,16002.46,
2024-01-10T05:00:00-06:00,23.78,22.557,20.205,,,,50706.6,30501,36,0.45,0,25312.45,26675.3,,17046.98,
2024-01-10T06:00:00-06:00,33.25,31.54,27.413,,,,53880.47,34229,36,0.93,0,25571.1,26657.3,,18607.09,
2024-01-10T07:00:00-06:00,30.54,27.233,24.283,,,,55336.54,35212,38,159.64,185.1,25627.15,26611.9,,18965.35,
2024-01-10T08:00:00-06:00,23.27,21.657,20.768,,,,54257.21,30435,44,4310.59,4244,24211.38,26376.8,,15732.57,
2024-01-10T09:00:00-06:00,18.21,21.685,16.542,,,,52181.08,24824,51,9751.67,10779.5,21115.49,25240.1,,12764.06,
2024-01-10T10:00:00-06:00,15.61,13.15,9.598,,,,50009.23,21661,56,11329.15,12340.3,19850.71,24271,,10826.74,
2024-01-10T11:00:00-06:00,8.27,1.43,0.212,,,,48078.67,19417,60,10768.24,12364.3,20314.85,24372.2,,9898.36,
2024-01-10T12:00:00-06:00,5.65,0.383,-0.512,,,,46428.43,19127,63,9354.14,12256.1,20011.11,24458.5,,9738.84,
2024-01-10T13:00:00-06:00,5.66,1.57,-0.28,,,,45314.39,19177,65,9171.67,12406.8,18499.32,23143.3,,9738.58,
2024-01-10T14:00:00-06:00,6.62,1.13,-0.043,,,,44468.3,19544,66,9394.47,12939.1,16708.79,20776.4,,9869.52,
2024-01-10T15:00:00-06:00,12.66,0.447,-0.308,,,,44090.6,20985,66,9243.84,13038.8,14768.32,17688.4,,11343.28,
2024-01-10T16:00:00-06:00,19.88,16.963,9.63,,,,44259.18,24755,65,7428.8,9147.3,12486.04,13586.7,,14711.83,
2024-01-10T17:00:00-06:00,53.26,28.58,26.605,,,,45322.25,34403,60,1583.2,1559.7,10098.58,10038.3,,21192.94,
2024-01-10T18:00:00-06:00,43.44,26.415,26.267,,,,47324.14,38541,56,16.23,1.6,9759.75,8258,,22849.61,
2024-01-10T19:00:00-06:00,39.26,26.062,23.91,,,,47831.24,38236,53,0.07,0,10410.25,7942,,22375.91,
2024-01-10T20:00:00-06:00,32.05,25.825,22.045,,,,48099.15,36368,51,0.03,0,12147.24,8594.8,,20692.68,
2024-01-10T21:00:00-06:00,25.21,25.137,19.95,,,,47765.13,33815,49,0.03,0,13908.24,10467.6,,19183.31,
2024-01-10T22:00:00-06:00,19.74,21.475,19.778,,,,46784.04,31411,48,0.03,0,14616.68,13029,,18057.5,
2024-01-10T23:00:00-06:00,19.78,23.013,23.88,,,,45754.72,29043,47,0.03,0,15028.58,15313.4,,15978.51,
2024-01-11T00:00:00-06:00,20.08,19.655,22.935,,,,44646.58,27249,46,0.02,0,15505.09,17944,,15008.4,
2024-01-11T01:00:00-06:00,19.56,18.793,21.363,,,,44086.33,26049,44,0.02,0,16423.3,19063.3,,14717.32,
2024-01-11T02:00:00-06:00,18.4,18.713,19.992,,,,43874.01,25252,44,0.02,0,17437.55,20145.3,,14308.24,
2024-01-11T03:00:00-06:00,17.47,17.83,17.875,,,,44111.76,25109,43,0.02,0,18470.5,21093.9,,14540.9,
2024-01-11T04:00:00-06:00,17.26,19.805,18.677,,,,45052.23,26112,43,0.02,0,18478.9,21850.8,,15179.57,
2024-01-11T05:00:00-06:00,20.06,28.35,21.385,,,,47232.34,27605,44,0.03,0,19710.3,22499.3,,16084.98,
2024-01-11T06:00:00-06:00,28.4,24.39,22.827,,,,50578.95,31087,43,0.06,0,20123.2,22811.7,,17557.12,
2024-01-11T07:00:00-06:00,27.6,25.907,20.805,,,,52173.92,31224,43,89.15,121.4,21413.2,23060.6,,17223.59,
2024-01-11T08:00:00-06:00,23.13,19.605,15.698,,,,51514.26,26884,49,3256.5,3520.3,21508.68,23115.3,,14980.25,
2024-01-11T09:00:00-06:00,17.67,15.985,12.585,,,,50273.08,23412,54,8179.15,9354.6,18368.25,22175.1,,12994.67,
2024-01-11T10:00:00-06:00,15.5,10.25,6.99,,,,49027.58,20882,59,10667.05,10985.1,16612.72,20473,,11032.28,
2024-01-11T11:00:00-06:00,9.61,4.048,-0.237,,,,47904.08,19869,64,8888.55,11274.5,17861.82,19915.5,,10294.31,
2024-01-11T12:00:00-06:00,6.33,0.802,-1.99,,,,47150.54,19906,66,6305.9,11322.9,19164.01,21756.5,,10238.33,
2024-01-11T13:00:00-06:00,6.42,0.412,-4.308,,,,46660.96,19671,69,4936.94,11325.8,20333.8,23939.5,,10196.82,
2024-01-11T14:00:00-06:00,6.58,7.68,-6.628,,,,46323.86,19872,70,4526.96,11506.9,20499.53,25383.6,,10281.13,
2024-01-11T15:00:00-06:00,7.06,-1.323,-12.41,,,,46191.41,20023,69,3869.06,11437.2,20980.32,25929.2,,10496.34,
2024-01-11T16:00:00-06:00,11.81,15.085,-2.205,,,,46346.98,20742,68,3241.32,8193.6,21511.99,25511.4,,11060.72,
2024-01-11T17:00:00-06:00,20.89,18.96,16.655,,,,47204.87,23169,66,1015.68,1526.8,22527.17,24848.4,,12819.81,
2024-01-11T18:00:00-06:00,22.56,21.572,21.805,,,,48335.64,26334,63,146.24,1.6,21631.14,25251.1,,14070.48,
2024-01-11T19:00:00-06:00,20.53,18.675,17.822,,,,48107.02,24892,62,145.98,0,22791.44,26099.2,,13121.84,
2024-01-11T20:00:00-06:00,18.78,14.715,11.627,,,,47624.21,22110,61,146.02,0,24943.12,27140.7,,11682.48,
2024-01-11T21:00:00-06:00,17.43,16.675,14.407,,,,46591.33,22253,61,126.31,0,23436.18,27808.4,,11964.94,
2024-01-11T22:00:00-06:00,12.73,3.935,3.73,,,,44749.56,21113,60,0.28,0,22755.02,28216.9,,11144.42,
2024-01-11T23:00:00-06:00,10.58,-18.21,-18.397,,,,42763.75,20712,60,0.02,0,20971.38,28501.3,,10950.18,
2024-01-12T00:00:00-06:00,6.64,-31.423,-31.39,,,,40875.55,19869,58,0.03,0,19861.02,28949,,10568.4,
2024-01-12T01:00:00-06:00,4.76,-31.81,-31.788,,,,39632.65,19633,57,0.02,0,19191.1,28839.8,,10535.54,
2024-01-12T02:00:00-06:00,4.28,-31.845,-31.827,,,,39206.11,19778,55,0.02,0,18463.83,28413.9,,10621.72,
2024-01-12T03:00:00-06:00,3.67,-31.73,-31.717,,,,39867.87,19731,51,0.02,0,19353.48,28475.2,,10760.19,
2024-01-12T04:00:00-06:00,7.49,-19.87,-19.812,,,,41450.34,19954,47,0.05,0,21171.42,28678.3,,10905.28,
2024-01-12T05:00:00-06:00,17.05,4.345,4.75,,,,44525.4,20312,44,0.07,0,24425.39,28815.8,,11434.09,
2024-01-12T06:00:00-06:00,22.42,20.95,22.012,,,,49311.15,25020,43,0.28,0,24102.81,27942.1,,14592.85,
2024-01-12T07:00:00-06:00,26,21.61,78.293,,,,52418.83,30085,41,122.3,230.4,21945.7,26526.6,,16465.74,
2024-01-12T08:00:00-06:00,24.12,19.388,21.727,,,,53482.99,29243,41,3981.97,5000.6,20177.34,24966.2,,15727.41,
2024-01-12T09:00:00-06:00,19.2,13.378,13.615,,,,54308.4,24297,42,9975.42,12099.8,18991.83,23833,,12999.13,
2024-01-12T10:00:00-06:00,17.79,11.383,10.74,,,,54453.52,21726,44,11440.42,13261.1,19852.06,24257.7,,12002.18,
2024-01-12T11:00:00-06:00,15.65,3.585,0.907,,,,54052.72,20744,46,10934.14,13143.3,20490.88,24595.6,,11419.54,
2024-01-12T12:00:00-06:00,11.37,7.143,0.497,,,,53206.25,20655,48,9985.62,12886.8,20532.01,24343,,11408.44,
2024-01-12T13:00:00-06:00,11.9,7.51,-0.75,,,,52217.76,20986,50,8415.53,13027.8,20706.17,23283,,11639.79,
2024-01-12T14:00:00-06:00,10.13,5.655,-0.805,,,,51366.74,21154,51,7940.7,13520.8,19975.56,21753.3,,11892.44,
2024-01-12T15:00:00-06:00,11.19,-0.517,-0.792,,,,51037.59,22160,51,7568.23,13399.1,18816.45,20049.6,,12874.68,
2024-01-12T16:00:00-06:00,18.61,5.178,5.13,,,,51358.82,26052,51,6697.86,9641.6,15916.05,17005.6,,16860.9,
2024-01-12T17:00:00-06:00,35.4,38.225,37.193,,,,52955.02,39147,47,1750.17,1761.7,9387.89,12774.9,,26893.46,
2024-01-12T18:00:00-06:00,42.65,45.85,44.328,,,,55490.83,47948,43,2.39,2,5263.84,9815.7,,31441.57,
2024-01-12T19:00:00-06:00,35,52.345,52.21,,,,55701.17,49437,42,0.61,0,4767.19,9333.6,,32259.9,
2024-01-12T20:00:00-06:00,29.33,44.125,44.335,,,,55549.79,48741,40,0.07,0,5947.41,10003.2,,31475.52,
2024-01-12T21:00:00-06:00,25.23,36.992,37.052,,,,54814.33,47913,38,0.03,0,6676.07,11815.1,,30715.93,
2024-01-12T22:00:00-06:00,21.71,30.802,30.762,,,,52765.22,45664,37,0.02,0,8350.71,14331.9,,28876.21,
2024-01-12T23:00:00-06:00,21.28,25.542,25.735,,,,50591.7,41780,36,0.02,0,11412.7,16595.7,,25217.32,
2024-01-13T00:00:00-06:00,15.08,24.07,24.38,,,,47742.31,38065,35,0.02,0,13604.55,19810.2,,21878.68,
2024-01-13T01:00:00-06:00,13.07,21.945,22.295,,,,46317.82,35572,35,0.01,0,15992.2,20982.5,,20337.54,
2024-01-13T02:00:00-06:00,9.37,20.477,20.955,,,,45416.77,33567,35,0.01,0,18388.96,21445.4,,19983.03,
2024-01-13T03:00:00-06:00,10.77,20.49,20.955,,,,45423.56,33148,34,0.02,0,18736.3,21456.9,,20030.65,
2024-01-13T04:00:00-06:00,14.94,21.068,21.46,,,,46205.97,33554,34,0.02,0,19118.64,21283.8,,20220.89,
2024-01-13T05:00:00-06:00,16.3,20.79,21.23,,,,47687.13,33719,34,0.02,0,20259.61,21078.6,,20310.6,
2024-01-13T06:00:00-06:00,20.12,21.872,21.872,,,,49976.23,34167,34,0.02,0,21602.74,20858.1,,20458.84,
2024-01-13T07:00:00-06:00,25.32,21.323,21.323,,,,51852.53,34422,35,205.52,251,22766.69,20727.2,,20379.13,
2024-01-13T08:00:00-06:00,19.59,6.912,6.912,,,,52754.84,30622,42,3540.36,4787,23124.85,20022.2,,18716.9,
2024-01-13T09:00:00-06:00,16.44,-0.03,-0.03,,,,51784.44,28166,49,6869.94,11308.7,19972.77,17866.8,,17987.18,
2024-01-13T10:00:00-06:00,12.9,-1.482,-1.555,,,,50551.88,27679,54,6464.23,12493.5,18088.81,15852.3,,17927.75,
2024-01-13T11:00:00-06:00,9.9,-4.595,-4.673,,,,49210.22,27616,57,4897.31,12677.7,16988.67,15385.3,,17904.02,
2024-01-13T12:00:00-06:00,7.57,-27.83,-27.102,,,,48162.47,27703,60,3865.45,12241.3,15581.34,16009.5,,18045.41,
2024-01-13T13:00:00-06:00,5.66,-31.195,-30.485,,,,47287.01,28216,62,3686.71,12160.2,13562.31,16259.1,,18658.37,
2024-01-13T14:00:00-06:00,4.87,-28.023,-27.835,,,,46991.11,28652,61,3251.52,12099.7,12813.42,16266.6,,19039.16,
2024-01-13T15:00:00-06:00,3.77,-28.235,-28.193,,,,47099.86,28912,59,2760.42,11595.8,12725.45,16961.9,,19343.71,
2024-01-13T16:00:00-06:00,3.81,-26.392,-26.352,,,,47943.51,29399,55,2404.19,8181,13654.89,17858.5,,19992.15,
2024-01-13T17:00:00-06:00,14.67,-6.74,-6.415,,,,50500.82,30499,50,620.23,1531.4,17147.67,18622.1,,20834.11,
2024-01-13T18:00:00-06:00,16.27,4.717,5.133,,,,53577.39,30938,45,3.03,2.9,20832.65,20139.2,,21073.83,
2024-01-13T19:00:00-06:00,13.76,5.07,5.365,,,,54074.42,31265,42,0.04,0,21878.98,21614.5,,21206.87,
2024-01-13T20:00:00-06:00,14.09,7.432,7.79,,,,54474.4,31799,40,0.04,0,22134.53,21856.3,,21478.77,
2024-01-13T21:00:00-06:00,18.46,12.11,12.5,,,,54536.46,32988,38,0.04,0,21198.13,21751.1,,22533.32,
2024-01-13T22:00:00-06:00,22.79,8.62,8.883,,,,53495.48,33565,36,0.04,0,20565.09,20976.8,,23319.56,
2024-01-13T23:00:00-06:00,22.14,10.52,10.903,,,,52847.08,34065,35,0.05,0,19847.79,19720.3,,23747.71,
2024-01-14T00:00:00-06:00,28.4,10.07,10.478,,,,49617.32,34204,33,0.04,0,19558.11,17958,,23873.01,
2024-01-14T01:00:00-06:00,31.4,17.565,17.95,,,,49204.68,35157,32,0.04,0,18763,17070.8,,24127,
2024-01-14T02:00:00-06:00,41.98,22.272,22.448,,,,49897.29,37822,31,0.07,0,16568.21,15552.7,,24952.21,
2024-01-14T03:00:00-06:00,53.95,32.012,33.638,,,,50754.26,41412,30,0.07,0,13800.64,13677.3,,26010.22,
2024-01-14T04:00:00-06:00,57.2,46.698,48.727,,,,52310.59,44560,28,0.08,0,11897.16,12320.2,,27779.08,
2024-01-14T05:00:00-06:00,56.14,54.368,55.678,,,,54568.23,47323,27,0.09,0,10627.19,11369.2,,30171.72,
2024-01-14T06:00:00-06:00,60.58,67.765,68.76,,,,57401.73,50208,26,0.12,0,9591.09,10622.8,,32986.99,
2024-01-14T07:00:00-06:00,69.8,70.5,74.543,,,,60700.62,52240,25,104.38,103.9,9237.94,10199.9,,34912.65,
2024-01-14T08:00:00-06:00,69.44,69.702,80.07,,,,63394.35,52778,25,1759.16,2449.4,9026.91,9509.6,,35685.88,
2024-01-14T09:00:00-06:00,67.67,68.695,91.458,,,,63936.24,52957,25,4605.74,6172.2,7259.29,8339,,35826.23,
2024-01-14T10:00:00-06:00,64.99,59.87,100.178,,,,63556.74,52202,26,5809.15,7339.7,7090.34,7717.4,,35119.57,
2024-01-14T11:00:00-06:00,61.71,57.708,101.613,,,,62813.33,51354,28,7070,8162.4,6677.61,7361.9,,34371.98,
2024-01-14T12:00:00-06:00,61.09,51.943,109.033,,,,61427.54,50580,29,7879.4,8079.9,6345.68,6639.4,,33620.45,
2024-01-14T13:00:00-06:00,54.48,53.988,81.015,,,,59050.69,50352,30,8068.36,7805.4,6444.32,6984.3,,33430.85,
2024-01-14T14:00:00-06:00,54.16,55.127,73.725,,,,57083.36,49885,30,7844.3,7342.6,7012.17,7675.3,,33031.78,
2024-01-14T15:00:00-06:00,54.61,55.212,67.315,,,,56957.91,49913,30,7129.13,6491.6,7843,8569.8,,33004.75,
2024-01-14T16:00:00-06:00,60.26,61.35,76.173,,,,58395.14,51295,29,5343.46,4958.5,8996.25,9730.1,,34525.18,
2024-01-14T17:00:00-06:00,92.29,81.315,96.815,,,,63864,55656,27,1366.85,1175.8,10482.28,10713.3,,38547.86,
2024-01-14T18:00:00-06:00,98.3,86.84,90.655,,,,69238.02,57762,26,3.2,3.9,11889.31,11214.5,,40498.75,
2024-01-14T19:00:00-06:00,92.92,79.245,87.453,,,,69751.32,57880,25,0.21,0,13039.81,11391.3,,40400.13,
2024-01-14T20:00:00-06:00,93.08,86.923,90.578,,,,69391.34,57903,23,0.18,0,13067.02,11498,,40572.54,
2024-01-14T21:00:00-06:00,87.11,92.42,96.257,,,,67945.81,58144,23,0.24,0,12468.91,10759,,40659.4,
2024-01-14T22:00:00-06:00,73.52,95.007,99.658,,,,64116.41,57597,22,0.24,0,11912.1,10016.2,,40177.39,
2024-01-14T23:00:00-06:00,66.19,97.537,103.315,,,,60773.01,57890,22,0.24,0,10482.4,9309,,40850.57,
2024-01-15T00:00:00-06:00,138.69,101.528,108.292,,,,62734.9,59104,21,0.25,0,8395.6,8636.3,,41447.48,
2024-01-15T01:00:00-06:00,103.59,114.225,133.42,,,,62860.84,59782,20,0.24,0,7172.28,7800,,41824.51,
2024-01-15T02:00:00-06:00,123.1,101.093,127.447,,,,62944.3,60287,20,0.21,0,6668.94,7170.6,,42221.52,
2024-01-15T03:00:00-06:00,132.09,95.857,152.73,,,,64454.6,61309,20,0.22,0,5988.13,6503.7,,43304.47,
2024-01-15T04:00:00-06:00,181.45,91.557,175.575,,,,67559.05,63168,19,0.2,0,5054.99,5930.3,,44352.73,
2024-01-15T05:00:00-06:00,274,101.968,259.225,,,,72746.78,65245,19,0.16,0,4456.54,5554.7,,46144.27,
2024-01-15T06:00:00-06:00,732.5,133.668,223.432,,,,77437.92,66828,19,0.16,0,4691.71,5210.5,,47484.87,
2024-01-15T07:00:00-06:00,954.78,165.642,266.055,,,,81219.6,68308,19,11.04,38.1,4948.37,5091.8,,48377.9,
2024-01-15T08:00:00-06:00,824.6,152.667,207.662,,,,82207.66,67422,20,1741.81,1350.8,5248.73,4993.7,,47382.97,
2024-01-15T09:00:00-06:00,351.78,121.752,126.688,,,,80742.36,64529,20,6155.58,4096.1,4858.17,4726.2,,45473.12,
2024-01-15T10:00:00-06:00,214.84,142.6,140.382,,,,79342.17,64097,22,7653.12,5455.3,4227.53,4642.2,,45102.67,
2024-01-15T11:00:00-06:00,138.62,131.853,131.145,,,,77412.65,63509,23,8284.09,6380.6,3756.24,4598,,44921.46,
2024-01-15T12:00:00-06:00,114.41,114.21,114.19,,,,74402.48,62329,25,8333.73,7241,3536.78,4735.7,,43826.68,
2024-01-15T13:00:00-06:00,92.84,91.145,91.497,,,,70677.44,60033,27,8539.39,7260.8,4460.68,5198,,41915.41,
2024-01-15T14:00:00-06:00,81.88,69.177,67.835,,,,68312.15,56149,28,8640.51,7204.8,7202.18,6044.8,,38431.84,
2024-01-15T15:00:00-06:00,82.49,55.282,42.46,,,,66881.89,52640,29,7595.84,7347.5,10723.03,7576.3,,35120.22,
2024-01-15T16:00:00-06:00,88.83,51.178,38.045,,,,67306.31,51468,29,5199.96,5692.3,14491.69,10113.7,,34379.74,
2024-01-15T17:00:00-06:00,149.89,68.362,53.477,,,,71444.63,52203,27,1291.64,1331.9,20026.8,13028.2,,35218.06,
2024-01-15T18:00:00-06:00,140.79,78.535,63.312,,,,76563.27,54438,26,17.78,4.4,21511.71,15639.3,,36698.75,
2024-01-15T19:00:00-06:00,123.12,73.385,57.915,,,,76470.34,55012,26,13.75,0,21269.05,17660.3,,37165.71,
2024-01-15T20:00:00-06:00,109.24,64.85,52.707,,,,75646.94,54673,24,12.11,0,21634.35,19539.1,,37188.66,
2024-01-15T21:00:00-06:00,89.89,47.595,36.097,,,,73214.82,52737,24,0.02,0,23054.77,19784.8,,34972.65,
2024-01-15T22:00:00-06:00,115,35.81,26.88,,,,69657.44,50230,22,0,0,24040.28,19693.6,,32736.33,
2024-01-15T23:00:00-06:00,98.37,45.325,42.508,,,,67083.73,49926,22,0.01,0,23052.57,19410.7,,32508.86,
2024-01-16T00:00:00-06:00,139.87,54.885,55.472,,,,64529.21,52217,20,0,0,19967.61,18148.6,,34280.72,
2024-01-16T01:00:00-06:00,139.47,72.593,73.72,,,,64893.2,54825,20,0,0,17243.41,16059.7,,36792.69,
2024-01-16T02:00:00-06:00,179.26,84.485,86.243,,,,65831.13,57216,19,0.02,0,15134.43,14211,,39351.87,
2024-01-16T03:00:00-06:00,229.94,88.37,92.81,,,,67408.25,59137,18,0.15,0,13364.71,12551.3,,41244.36,
2024-01-16T04:00:00-06:00,343.51,100.17,106.318,,,,70429.52,61496,17,0.27,0,11859.49,11392,,43657.62,
2024-01-16T05:00:00-06:00,684.62,129.365,151.595,,,,75958.62,64135,16,0.29,0,10924.01,10367.3,,45801.8,
2024-01-16T06:00:00-06:00,1272.6,204.077,238.65,,,,82741.75,67152,16,0.26,0,10023.7,8956,,48416.27,
2024-01-16T07:00:00-06:00,1842.88,359.393,379.275,,,,86349.31,68596,16,182.3,8.6,9359.37,7847.1,,49253.98,
2024-01-16T08:00:00-06:00,1334.86,104.91,122.658,,,,84905.43,64153,18,5396.72,4290.7,8351.85,7342.3,,45701.42,
2024-01-16T09:00:00-06:00,328.55,54.17,68.863,,,,81399.43,55288,20,12634.78,10227.4,8597.96,6256.2,,38451.92,
2024-01-16T10:00:00-06:00,189.61,63.74,70.505,,,,77902.37,53235,23,14083.76,11281.9,7147.24,5299.6,,36705.22,
2024-01-16T11:00:00-06:00,141.71,66.232,66.515,,,,74116.15,52466,26,13970.99,11406.6,5858.25,4637.1,,36111.67,
2024-01-16T12:00:00-06:00,100,51.862,51.83,,,,70628.7,51622,28,13827.66,11370.2,4853.08,4096.6,,35187.72,
2024-01-16T13:00:00-06:00,86.1,36.065,36.065,,,,67849.26,49999,30,13959.21,11440.7,3888.04,3631.9,,33646.82,
2024-01-16T14:00:00-06:00,80.1,24.455,24.455,,,,65526.69,47985,31,14445.06,11706.5,3231.99,3185.6,,32908.96,
2024-01-16T15:00:00-06:00,78.54,21.195,21.195,,,,64174.86,46491,32,14637.55,11520.6,2897.82,2846.3,,32873.7,
2024-01-16T16:00:00-06:00,94.48,52.823,52.823,,,,64439.84,50554,32,11016.18,8279.4,2489.6,2620.4,,35243.62,
2024-01-16T17:00:00-06:00,254.83,482.188,483.875,,,,67034.22,62008,29,2351.21,1504.1,2011.37,2644.1,,44534.06,
2024-01-16T18:00:00-06:00,325.13,668.425,677.397,,,,71825.68,67447,28,2.23,0,2144.16,4067.9,,48847.93,
2024-01-16T19:00:00-06:00,318.66,253.81,266.605,,,,72688.64,67812,26,0.32,0,3233.22,5586,,49342.79,
2024-01-16T20:00:00-06:00,278.87,160.88,168.78,,,,73164.03,66773,25,0.27,0,5094.49,7534.6,,48722.82,
2024-01-16T21:00:00-06:00,201.84,123.46,122.255,,,,72156.66,64168,24,0.28,0,7310.41,8959.1,,46291.72,
2024-01-16T22:00:00-06:00,212.53,85.395,84.495,,,,69127.11,60402,22,0.23,0,9486.23,10521.4,,43004.71,
2024-01-16T23:00:00-06:00,161.27,68.177,69.365,,,,66255.5,57252,22,0.21,0,12138.44,12269.6,,40020.88,
2024-01-17T00:00:00-06:00,106.37,35.323,36.07,,,,65665.87,54148,21,0.17,0,15095.96,14440.9,,37322.61,
2024-01-17T01:00:00-06:00,86.33,26.815,26.365,,,,65922.45,51744,20,0.15,0,17311.93,15876.4,,35628.49,
2024-01-17T02:00:00-06:00,102.43,27.312,24.375,,,,66669.34,50578,20,0.15,0,18538.18,16968.6,,35103.55,
2024-01-17T03:00:00-06:00,107.32,30.902,25.168,,,,68115.75,50393,20,0.16,0,19116.21,17990.1,,34897.08,
2024-01-17T04:00:00-06:00,103.81,33.023,25.56,,,,70487.78,51289,20,0.21,0,19418.65,18867.5,,35208.98,
2024-01-17T05:00:00-06:00,120.42,39.863,28.342,,,,74693.98,53432,19,0.27,0,19565.53,19688.8,,36958.16,
2024-01-17T06:00:00-06:00,174.06,62.747,48.485,,,,79791.21,57328,20,0.4,0,18745.19,20452.4,,40753.38,
2024-01-17T07:00:00-06:00,199.79,55.835,43.762,,,,81737.15,58641,20,179.13,184.5,18558.82,21226.3,,41813.12,
2024-01-17T08:00:00-06:00,111.72,44.94,34.958,,,,79356.52,53765,26,3295.98,3946.7,18434.14,21293.2,,37100.18,
2024-01-17T09:00:00-06:00,63.44,30.597,22.58,,,,74872.19,46190,30,7499.45,10687.7,18539.15,20136.7,,30815.12,
2024-01-17T10:00:00-06:00,34.16,21.39,17.312,,,,70846.79,40803,34,9226.1,11991.6,18430.48,19514.7,,26146.52,
2024-01-17T11:00:00-06:00,27.09,19.753,16.267,,,,67091.12,36934,38,9760.83,11925.8,18060.32,19850.4,,22927.86,
2024-01-17T12:00:00-06:00,22.02,17.317,14.345,,,,63924.11,33509,42,9071.8,11781.9,18916.39,20726.2,,20376.06,
2024-01-17T13:00:00-06:00,19.29,14.88,11.57,,,,61571.02,30588,45,8570.76,11913.1,19350.5,21622.5,,18509.73,
2024-01-17T14:00:00-06:00,16.95,9.278,6.04,,,,60008.63,28892,47,7756.34,12054.8,19919.27,22168.3,,17288.94,
2024-01-17T15:00:00-06:00,16.92,8.39,5.175,,,,59146.65,28626,48,6714.49,11178.9,20370.76,22749.5,,17288.42,
2024-01-17T16:00:00-06:00,21.09,18.433,14.395,,,,59105.52,31311,47,4388.91,6895,20701.45,23430.9,,19495.52,
2024-01-17T17:00:00-06:00,27.49,25.662,21.52,,,,60677.79,36721,45,864.23,614.2,21266.92,24183.6,,22656.54,
2024-01-17T18:00:00-06:00,31.5,35.752,28.637,,,,63633.13,40200,43,4.91,0,21910.65,25148,,24378.29,
2024-01-17T19:00:00-06:00,30.58,42.938,31.32,,,,63870.17,40802,42,0.12,0,22090.15,25522.3,,24876.64,
2024-01-17T20:00:00-06:00,28.7,41.918,30.715,,,,63547.24,40716,41,0.07,0,22231.33,25573.5,,24751.08,
2024-01-17T21:00:00-06:00,26.12,37.307,27.158,,,,62257.21,39416,41,0.07,0,22160.55,25530.4,,24342.85,
2024-01-17T22:00:00-06:00,25.48,26.015,19.848,,,,58593.54,36775,41,0.07,0,22240.92,25528.6,,22433.9,
2024-01-17T23:00:00-06:00,24.54,20.637,16.452,,,,54848.1,34734,41,0.06,0,22064.45,25409.2,,20789.25,
2024-01-18T00:00:00-06:00,16.66,15.98,12.787,,,,51161.25,32991,41,0.09,0,21908.34,24476.8,,19848.38,
2024-01-18T01:00:00-06:00,14.43,15.473,12.615,,,,49089.39,31954,42,0.08,0,22019.5,23800.2,,19748.56,
2024-01-18T02:00:00-06:00,14.72,15.568,13.103,,,,47511.62,31515,41,0.08,0,21896.38,22883.3,,19708.47,
2024-01-18T03:00:00-06:00,15.29,17.06,15.223,,,,48214.71,32144,41,0.09,0,21214.57,21899.9,,20363.35,
2024-01-18T04:00:00-06:00,15.38,20.91,19.225,,,,49865.94,34668,41,0.11,0,19506.85,20690.5,,22451.54,
2024-01-18T05:00:00-06:00,21.01,24.855,23.477,,,,53556.87,38216,41,0.1,0,18034.97,19450.8,,24627.81,
2024-01-18T06:00:00-06:00,35.35,32.97,30.787,,,,58840.05,41983,41,1.1,0,17223.13,18169.5,,26946.13,
2024-01-18T07:00:00-06:00,35.71,37.67,34.938,,,,61221.05,44305,42,108.47,184.5,15692.66,16887,,27816.08,
2024-01-18T08:00:00-06:00,28.3,23.28,21.415,,,,60104.86,40137,46,4188.47,4322.8,13929.48,14999,,24963.78,
2024-01-18T09:00:00-06:00,19.75,13.977,12.953,,,,57468.38,34824,51,10696.74,11538.9,9810.64,11234.6,,22464.78,
2024-01-18T10:00:00-06:00,17.6,14.248,14.248,,,,54957.64,33777,56,11938.2,13371.6,6243.18,7428.6,,22372.09,
2024-01-18T11:00:00-06:00,17.62,16.812,16.812,,,,52852.9,32423,60,11869.08,13444.3,4873.16,5362.1,,22113.84,
2024-01-18T12:00:00-06:00,16.36,12.415,12.415,,,,51264.93,29223,64,11781.86,13144,5881.58,5412.7,,18890.06,
2024-01-18T13:00:00-06:00,14.67,7.733,7.733,,,,50145.2,26442,66,11856.01,13290,7103.78,6269.3,,16344.01,
2024-01-18T14:00:00-06:00,13.72,0.005,0.005,,,,49222.97,25363,68,11497.5,13674.2,7676.85,6886.9,,15728.27,
2024-01-18T15:00:00-06:00,13.3,0,0,,,,48649.4,25583,69,10679.11,13928.2,7810.19,7072.8,,16287.76,
2024-01-18T16:00:00-06:00,16.25,8.59,8.595,,,,48829.71,28511,68,9121.23,10255.1,6504.86,6293.8,,18978.68,
2024-01-18T17:00:00-06:00,31.7,24.995,24.995,,,,49936.9,38253,61,2252.6,2163.4,5187.5,5405.9,,25976.57,
2024-01-18T18:00:00-06:00,42.39,27.562,27.562,,,,52559.66,42265,56,7.38,8.4,6251.71,5060.1,,27392.41,
2024-01-18T19:00:00-06:00,29.78,23.683,23.683,,,,53195.93,41616,53,0.09,0,7539.01,6137.3,,26377.69,
2024-01-18T20:00:00-06:00,28.06,22.35,22.25,,,,53326.72,40345,50,0.05,0,9025.7,7862.6,,25602.96,
2024-01-18T21:00:00-06:00,23.22,19.605,19.202,,,,52536.5,37311,48,0.09,0,11455.37,10160.9,,24470.88,
2024-01-18T22:00:00-06:00,19.09,13.918,13.517,,,,51148.54,33009,46,0.17,0,14630.92,13635.7,,21182.59,
2024-01-18T23:00:00-06:00,16.2,6.42,6.297,,,,49815.61,28026,46,0.27,0,18365.25,17152.3,,16968.38,
2024-01-19T00:00:00-06:00,12.98,13.488,14.535,,,,51776.72,25920,45,0.21,0,19601.88,21400.4,,15097.01,
2024-01-19T01:00:00-06:00,11.99,15.423,16.515,,,,50799.97,25412,44,0.24,0,19993.37,23502.9,,15102.69,
2024-01-19T02:00:00-06:00,12.46,14.392,13.73,,,,50307.23,25069,43,0.23,0,21079.02,24685,,14808.77,
2024-01-19T03:00:00-06:00,13.28,14.083,12.465,,,,50729.39,25690,41,0.19,0,21877.6,25205,,15494.62,
2024-01-19T04:00:00-06:00,14.78,15.825,14.5,,,,52446.61,27325,39,0.16,0,22538.23,25528.5,,17104.95,
2024-01-19T05:00:00-06:00,18.81,18.478,17.465,,,,55795.47,29583,37,0.12,0,23544.41,25566.3,,19039.09,
2024-01-19T06:00:00-06:00,20.74,22.065,22.557,,,,60618.94,33819,36,0.16,0,24062.91,25130.9,,21428.58,
2024-01-19T07:00:00-06:00,25.09,22.297,24.09,,,,63438.53,36539,35,219.27,245.7,24067.63,24274.9,,22312.6,
2024-01-19T08:00:00-06:00,23.55,17.675,18.058,,,,63877.24,32973,36,5631.75,4892.2,22479.09,23236.6,,20318.71,
2024-01-19T09:00:00-06:00,17.79,0.79,0.715,,,,63537.45,25863,37,11983.82,12397.2,22456.56,21810,,15518.47,
2024-01-19T10:00:00-06:00,17.94,4.39,4.397,,,,62587.03,25051,38,13714.93,13827.3,20404.06,19297.1,,15217.26,
2024-01-19T11:00:00-06:00,20.45,10.1,10.133,,,,61161.4,25611,40,13675.59,13795.2,18117.22,16487.3,,15585.09,
2024-01-19T12:00:00-06:00,19,11.3,11.365,,,,59595.39,26122,42,13706.17,13570.8,15773.85,14247.5,,16274.05,
2024-01-19T13:00:00-06:00,17.15,11.245,11.172,,,,58270.75,26337,43,13778.02,13786.9,14288.67,12282.2,,16583.33,
2024-01-19T14:00:00-06:00,16.46,10.735,10.572,,,,57310.46,26087,44,14106.63,14170.3,13195.63,10760.7,,16317.19,
2024-01-19T15:00:00-06:00,17.46,9.795,9.642,,,,56806.45,27016,44,14217.5,14285.8,11878.97,9834.9,,17216.89,
2024-01-19T16:00:00-06:00,20.68,15.28,15.103,,,,57215.21,32201,43,10960.56,10758,10885.22,9403,,22366.77,
2024-01-19T17:00:00-06:00,41.01,42.408,41.615,,,,59334.75,43849,40,2576.46,2293.1,10349.05,8969.6,,30780.92,
2024-01-19T18:00:00-06:00,59.14,44.667,45.262,,,,62786.38,50806,38,8.14,10.8,9978.51,8487.7,,35084.54,
2024-01-19T19:00:00-06:00,42.16,28.827,28.94,,,,63695.18,51278,35,0.34,0,10703.17,9139.3,,35577.99,
2024-01-19T20:00:00-06:00,40.46,41.892,42.075,,,,64077.5,51471,34,0.38,0,11291.21,9665.2,,35644.32,
2024-01-19T21:00:00-06:00,38.44,50.752,51.005,,,,63760.1,52283,32,0.36,0,10527.41,10077.7,,36049.92,
2024-01-19T22:00:00-06:00,35.06,27.32,27.423,,,,62279.57,51860,31,0.27,0,10308.31,10506.7,,36037.61,
2024-01-19T23:00:00-06:00,31.9,27.892,27.832,,,,60770.27,51037,30,0.26,0,10261.35,10538.4,,35342.04,
2024-01-20T00:00:00-06:00,27.9,26.54,26.453,,,,59382.77,50887,29,0.13,0,10039.61,9527.9,,35163.58,
2024-01-20T01:00:00-06:00,28.32,32.135,32.803,,,,58881.71,51292,28,0.21,0,9714.13,9139.2,,35397.39,
2024-01-20T02:00:00-06:00,28.94,37.062,37.462,,,,58737.99,51765,27,0.2,0,9427.5,8792.8,,35856.48,
2024-01-20T03:00:00-06:00,31.23,31.35,31.417,,,,59049.05,52456,27,0.24,0,9240.4,8511,,36546.62,
2024-01-20T04:00:00-06:00,38.32,35.35,35.33,,,,60101.38,53376,26,0.42,0,9478.47,8308.8,,37343.79,
2024-01-20T05:00:00-06:00,47.83,37.672,37.507,,,,61695.84,54913,25,0.44,0,9634.2,8250.2,,38797.76,
2024-01-20T06:00:00-06:00,78.7,73.217,73.438,,,,64032.61,57222,25,0.5,0,9357.51,8285.4,,40509.18,
2024-01-20T07:00:00-06:00,87.05,83.61,82.325,,,,65939.87,59155,25,270.01,243.2,8893.22,8125.5,,41753.24,
2024-01-20T08:00:00-06:00,54.94,38.07,38.023,,,,66339.27,54801,27,5759.91,4949.3,8187.49,7526.1,,38442.55,
2024-01-20T09:00:00-06:00,32.46,21.887,21.887,,,,65242.08,47114,30,12663.98,12081.6,7276.87,6951.7,,32817.48,
2024-01-20T10:00:00-06:00,28.01,22.24,22.24,,,,63507.9,44464,32,13897.54,13258.6,6287.64,6781,,30539.44,
2024-01-20T11:00:00-06:00,23.49,22.152,22.152,,,,61335.29,43441,35,13520.14,13290.7,5082.17,6397.8,,29399.06,
2024-01-20T12:00:00-06:00,21.87,21.193,21.193,,,,58908.74,41477,38,13111.98,12747.6,4717.86,6297.8,,27966.88,
2024-01-20T13:00:00-06:00,18.13,18.3,18.3,,,,56661.69,39210,39,12787.17,12655.2,5315.8,6532.8,,26348.89,
2024-01-20T14:00:00-06:00,16.17,17.312,17.312,,,,55321.53,37468,40,12218.32,12576.8,6353.47,7202.2,,25454.84,
2024-01-20T15:00:00-06:00,16.11,17.58,17.58,,,,54786.58,36946,41,11036.78,11168.9,7432.49,8389.6,,25557.72,
2024-01-20T16:00:00-06:00,18.7,22.955,22.955,,,,55187.8,40319,41,7326.21,7853.4,8387.71,9870.7,,27780.37,
2024-01-20T17:00:00-06:00,27.25,77.533,77.533,,,,57007.22,47582,39,1476.15,1733,9256.14,11007.6,,31225.23,
2024-01-20T18:00:00-06:00,34.24,94.98,94.98,,,,59513.6,50540,37,4.49,8.8,10119.42,11693.8,,33149.71,
2024-01-20T19:00:00-06:00,29.02,34.208,34.208,,,,59931.83,50071,37,0.03,0,11491.74,12905.5,,32962.32,
2024-01-20T20:00:00-06:00,28.01,29.415,29.415,,,,59683.62,48906,37,0.03,0,12619.31,13909.7,,32260.04,
2024-01-20T21:00:00-06:00,25.98,24.387,24.387,,,,59067.88,46859,36,0.03,0,14044.78,14785.1,,30605.37,
2024-01-20T22:00:00-06:00,22.33,23.822,23.822,,,,57925.68,44933,36,0.04,0,15049.04,15544.6,,28792.54,
2024-01-20T23:00:00-06:00,20.49,23.935,23.815,,,,56640.94,43927,37,0.03,0,14515.13,16038.1,,27721.39,
2024-01-21T00:00:00-06:00,20.78,22.957,22.835,,,,54943.01,43202,37,0.03,0,13813.53,15873,,27271.36,
2024-01-21T01:00:00-06:00,20.26,22.273,22.273,,,,54117.97,42221,36,0.07,0,13834.48,15696.4,,27095.84,
2024-01-21T02:00:00-06:00,19.89,22.352,22.352,,,,53378.16,42052,36,0.06,0,13674.12,15321.8,,27009.32,
2024-01-21T03:00:00-06:00,21.19,22.698,22.698,,,,53590.15,42550,36,0.07,0,13123.74,14925.5,,27257.13,
2024-01-21T04:00:00-06:00,21.46,22.457,22.457,,,,53892.65,42405,36,0.03,0,13383.52,15177.7,,27363.32,
2024-01-21T05:00:00-06:00,22.02,22.392,22.392,,,,54455.55,41544,36,0.14,0,14961.86,15838.1,,27419.91,
2024-01-21T06:00:00-06:00,24.84,22.585,22.585,,,,55784.53,42048,36,0.2,0,15721.62,16357.8,,27865.89,
2024-01-21T07:00:00-06:00,24.8,22.773,22.565,,,,56906.08,42387,36,29.42,51.8,16784.73,17015.8,,28246.92,
2024-01-21T08:00:00-06:00,26.41,22.4,22.327,,,,57954.46,41949,36,556.23,1024.9,17951.16,17395.8,,28209.57,
2024-01-21T09:00:00-06:00,22.49,22.163,19.968,,,,58553.33,40103,37,1565.11,2500.7,19950.43,17651.1,,27248.47,
2024-01-21T10:00:00-06:00,20,24.697,19.913,,,,58870.72,38586,39,2700.25,3418.5,20744.39,18771.2,,25749.34,
2024-01-21T11:00:00-06:00,18.75,21.14,19.045,,,,58458.65,37591,40,3619.54,4300.1,20090.44,19203.1,,25014.42,
2024-01-21T12:00:00-06:00,17.9,20.667,19.12,,,,57830.97,37123,41,4207.02,4614.4,19674.5,19088,,24501.52,
2024-01-21T13:00:00-06:00,17.45,21.745,20.82,,,,57503.96,37324,41,4071.24,4441.2,19191.25,19123.5,,24767.03,
2024-01-21T14:00:00-06:00,17.42,23.162,22.545,,,,57045.47,38863,42,3290.11,3800,17763.44,19256.2,,25559.64,
2024-01-21T15:00:00-06:00,17.37,23.3,22.48,,,,57090.38,39443,42,2807.28,3346.7,17596.99,19498.7,,25742.82,
2024-01-21T16:00:00-06:00,19.3,25.738,23.795,,,,57300.27,40257,42,2525.28,2549.4,17630.43,19778.5,,26201.62,
2024-01-21T17:00:00-06:00,23.82,42.893,42.407,,,,57664.31,43193,41,519.68,821,17736.73,19984.1,,27868.14,
2024-01-21T18:00:00-06:00,25.17,69.222,69.175,,,,58153.13,46033,41,2.06,12.8,16365.4,20303.3,,29589.67,
2024-01-21T19:00:00-06:00,23.76,105.48,105.515,,,,58314.95,47311,40,0.19,0,14773.88,21078.6,,30487.44,
2024-01-21T20:00:00-06:00,23.03,196.13,196.13,,,,57422.4,47799,40,0.22,0,13144.51,21568,,30442.65,
2024-01-21T21:00:00-06:00,21.44,141.255,142.102,,,,56259.54,46788,39,0.11,0,13086.03,21867,,29675.27,
2024-01-21T22:00:00-06:00,18.06,35.332,35.483,,,,53984.77,43955,40,0.04,0,14328.67,22226.9,,27877.21,
2024-01-21T23:00:00-06:00,17.1,31.295,31.325,,,,51775.55,41295,40,0.03,0,14478.18,21990.2,,25716.15,
2024-01-22T00:00:00-06:00,18.89,49.158,49.158,,,,53230.41,40362,40,0.05,0,13508.74,19756.1,,24683.88,
2024-01-22T01:00:00-06:00,18.84,54.462,54.462,,,,52722.39,41056,40,0.07,0,11792.83,18482.6,,25079.62,
2024-01-22T02:00:00-06:00,19.64,87.587,87.587,,,,52758.88,41656,41,0.07,0,10545.29,17080.4,,25712.41,
2024-01-22T03:00:00-06:00,21.65,91.465,91.465,,,,52798.53,43093,41,0.11,0,8915.17,14713.4,,26827.38,
2024-01-22T04:00:00-06:00,25.58,85.94,86.172,,,,53210.64,45227,41,0.07,0,7030.6,11866.7,,29132.37,
2024-01-22T05:00:00-06:00,30.38,162.135,161.71,,,,54469.54,47914,42,0.12,0,6164.11,9731.4,,31762.57,
2024-01-22T06:00:00-06:00,44.12,235.905,235.948,,,,56526.27,51747,42,0.29,0,4898.79,8378.4,,35573.91,
2024-01-22T07:00:00-06:00,59.61,150.843,150.843,,,,57593.29,53195,42,2.15,25.4,4765.17,7441.3,,36386.22,
2024-01-22T08:00:00-06:00,38.12,245.585,245.585,,,,58034.79,52585,43,425.56,1056.9,4569.35,6835,,35967.73,
2024-01-22T09:00:00-06:00,32.32,170.975,170.975,,,,58495.63,51898,44,1704.65,3589.5,3884.88,6176.4,,35650.96,
2024-01-22T10:00:00-06:00,26.53,112.703,112.38,,,,58471.59,50536,46,3299.25,4804.7,3696.06,5541.8,,34405.46,
2024-01-22T11:00:00-06:00,23.68,62.467,62.448,,,,57895.74,48948,48,4691.07,5539.8,3837.16,5183.3,,32950.64,
2024-01-22T12:00:00-06:00,21.09,28.653,28.173,,,,57218.09,46429,49,5557.68,6655.2,4410.22,5133.7,,30883.33,
2024-01-22T13:00:00-06:00,20.27,25.745,25.72,,,,56484.62,43862,51,5892.97,6870.2,5203.36,5108.1,,28813.7,
2024-01-22T14:00:00-06:00,18.53,23.775,23.503,,,,55824.52,42175,52,6303.41,6891.6,5187.51,5383.2,,27601.88,
2024-01-22T15:00:00-06:00,17.65,23.085,23.06,,,,55481.59,41933,53,6131.93,7380.1,4372.37,5761.5,,27674.01,
2024-01-22T16:00:00-06:00,21.31,31.582,31.582,,,,55624.89,43931,54,4341.68,6137.5,4125.86,5978.7,,29122.02,
2024-01-22T17:00:00-06:00,40.03,57.795,57.715,,,,56430.49,47378,53,1022.93,1702.6,5000.86,6323.5,,31502.58,
2024-01-22T18:00:00-06:00,40.82,49.857,51.52,,,,57505.85,48360,51,3.69,8,6339.52,7302.1,,32317.1,
2024-01-22T19:00:00-06:00,26.38,28.03,29.08,,,,57089.52,46472,51,0.26,0,7666.47,10135.9,,31063.5,
2024-01-22T20:00:00-06:00,21.36,25.022,25.745,,,,56287.45,43751,50,0.11,0,9198.94,12449.5,,28879.98,
2024-01-22T21:00:00-06:00,18.84,22.348,23.003,,,,54795.41,40855,50,0.12,0,10487.92,14271,,27044.08,
2024-01-22T22:00:00-06:00,18.82,29.523,30.655,,,,52486.57,37835,50,0.16,0,10844.7,15460.4,,24232.32,
2024-01-22T23:00:00-06:00,17.33,24.048,24.993,,,,50289.44,35990,49,0.07,0,10504.05,15481.3,,22081.57,
2024-01-23T00:00:00-06:00,19.17,22.317,22.4,,,,48650.51,34425,49,0.09,0,10310.3,13785,,21167.17,
2024-01-23T01:00:00-06:00,18.69,23.052,23.19,,,,47463.87,34616,49,0.08,0,9048.04,13103.3,,21304.95,
2024-01-23T02:00:00-06:00,18.96,23.878,23.897,,,,46796.81,35325,49,0.17,0,7945.68,11802.5,,21415.61,
2024-01-23T03:00:00-06:00,19.99,42.6,43.12,,,,46569.1,36874,49,0.52,0,6397.35,10542.3,,22244.94,
2024-01-23T04:00:00-06:00,21.24,25.207,26.288,,,,46864.38,38106,49,0.12,0,5895.49,9663.9,,23510.45,
2024-01-23T05:00:00-06:00,20.87,24.562,25.533,,,,48118.7,39888,50,0.1,0,5961.9,8864.2,,26003.27,
2024-01-23T06:00:00-06:00,33.76,46.83,47.11,,,,50353.41,43537,50,0.12,0,5554.5,8361.4,,28333.45,
2024-01-23T07:00:00-06:00,36.09,68.562,68.943,,,,51530.28,46055,50,9.2,40.7,4469.32,7913.9,,29950.64,
2024-01-23T08:00:00-06:00,33.46,82.81,82.81,,,,52017.55,46247,51,425.77,704.6,3607.13,7378.7,,30242,
2024-01-23T09:00:00-06:00,30.8,58.675,58.663,,,,52648.77,45740,53,1802.33,1713,3196.93,6955,,29931.18,
2024-01-23T10:00:00-06:00,29.36,32.033,31.9,,,,52813.28,44488,54,3449.94,2542.8,3207.61,6533.4,,29127.22,
2024-01-23T11:00:00-06:00,25.61,28.085,28.068,,,,52501.49,42644,55,4400.08,3341.4,3918.04,6092.6,,28441.25,
2024-01-23T12:00:00-06:00,20.69,27.852,27.852,,,,52104.02,41778,56,4731.79,4130.1,4039.35,5992.1,,27900.03,
2024-01-23T13:00:00-06:00,20.38,39.073,39.073,,,,51556.3,41825,57,4450.75,4175.1,3654.27,5924.3,,27736.02,
2024-01-23T14:00:00-06:00,20.12,23.767,23.767,,,,51017.74,41322,58,4266.38,3703.5,3497.46,5687.7,,27621.89,
2024-01-23T15:00:00-06:00,20.11,31.54,31.54,,,,50856.92,41885,58,3025.57,3596.5,3568.08,5362,,27969.58,
2024-01-23T16:00:00-06:00,24.9,27.792,28.968,,,,51114.33,43147,58,1995.14,2666.8,3578.34,4847.3,,29322.02,
2024-01-23T17:00:00-06:00,46.38,38.008,38.18,,,,52037.31,45365,56,576.65,854.6,3720.52,4439,,31546.79,
2024-01-23T18:00:00-06:00,48.02,26.93,26.87,,,,53330.87,45791,55,87.69,13.6,4804.26,3646.2,,31899.27,
2024-01-23T19:00:00-06:00,39.74,25.025,25.025,,,,53123.55,44791,54,0.23,0,5677.74,3682.3,,31216.69,
2024-01-23T20:00:00-06:00,34.41,25.752,25.752,,,,52339.21,44180,54,0.11,0,5431.29,3589.3,,30673.15,
2024-01-23T21:00:00-06:00,27.22,26.732,26.732,,,,50967,42956,54,0.09,0,4970.93,3333.4,,29624.72,
2024-01-23T22:00:00-06:00,22.41,23.492,23.515,,,,48989.16,41318,54,0.16,0,4512.12,2996.7,,28544.32,
2024-01-23T23:00:00-06:00,20.13,22.52,23.05,,,,47263.81,40275,53,0.23,0,3434.6,2787.2,,27502.42,
2024-01-24T00:00:00-06:00,22.18,19.955,19.952,,,,44921.63,38242,53,0.13,0,3595.6,3684.8,,26420.1,
2024-01-24T01:00:00-06:00,20.81,20.103,20.322,,,,43750.02,37063,53,0.14,0,3875.16,3739.4,,26463.89,
2024-01-24T02:00:00-06:00,20.69,20.375,20.893,,,,43162.14,36806,52,0.13,0,3716.08,3691.6,,26801.71,
2024-01-24T03:00:00-06:00,20.96,19.465,20.475,,,,42929.04,36048,52,0.16,0,4587.87,3691.9,,26359.94,
2024-01-24T04:00:00-06:00,21.66,21.355,21.873,,,,43303.85,36810,52,0.22,0,4411.36,3660.2,,27161.48,
2024-01-24T05:00:00-06:00,25.25,35.153,34.32,,,,44716.94,40013,52,0.3,0,3305.7,3575.3,,28736.02,
2024-01-24T06:00:00-06:00,43.86,47.72,46.938,,,,47252.88,43782,52,0.24,0,2799.27,3430.1,,31347.35,
2024-01-24T07:00:00-06:00,48.39,36.797,37.26,,,,48696.89,46389,51,3.56,51.3,2099.03,3085.6,,33264.7,
2024-01-24T08:00:00-06:00,42.59,41.725,40.72,,,,49269.01,45971,52,758.92,1313.5,1914.22,2527.1,,32958.84,
2024-01-24T09:00:00-06:00,36.49,27.83,27.405,,,,50021.17,44241,52,2573.6,3740.6,2153.35,2047.3,,31871.67,
2024-01-24T10:00:00-06:00,31.14,25.443,25.332,,,,50356.24,43232,52,3720.15,4953.1,2092.17,1904.6,,31122.67,
2024-01-24T11:00:00-06:00,25.78,24.375,24.355,,,,50177.59,42385,54,4567.77,5797.6,1980.66,1757.8,,30516.14,
2024-01-24T12:00:00-06:00,24.55,21.328,21.328,,,,49823.38,41681,54,4880.39,6413.6,2032.64,1817.6,,30363.47,
2024-01-24T13:00:00-06:00,22.13,21.062,21.062,,,,49248.63,41238,55,4739.17,6381.4,2127.26,1918.9,,30258.5,
2024-01-24T14:00:00-06:00,22.31,21.94,21.94,,,,48764.78,41522,55,4109.17,5932,2187,1867.1,,30451.72,
2024-01-24T15:00:00-06:00,21.87,22.415,22.395,,,,48718.52,42046,55,3135.37,5641,2459.98,1702,,30864.13,
2024-01-24T16:00:00-06:00,25.86,29.215,28.383,,,,49127.53,43075,55,2478.15,4593.1,2535.51,1710.2,,31581.72,
2024-01-24T17:00:00-06:00,49.85,48.273,48.175,,,,50269.39,45400,55,1067.63,1407.1,2595.89,1842.7,,33255.61,
2024-01-24T18:00:00-06:00,54.44,37.295,37.307,,,,51731.18,47407,54,28.31,19.9,2729.77,1986.8,,34725.77,
2024-01-24T19:00:00-06:00,45.87,28.5,29.315,,,,51524.24,47031,54,0.39,0,2827.03,2437.1,,34595.33,
2024-01-24T20:00:00-06:00,34.57,24.225,25.478,,,,50647.14,45895,54,0.17,0,3137.35,2763.2,,33576.42,
2024-01-24T21:00:00-06:00,28.98,24.553,24.923,,,,49213.32,43819,53,0.09,0,3593.1,2810.7,,32275.73,
2024-01-24T22:00:00-06:00,22.43,22.392,23.257,,,,47511.01,41333,53,0.19,0,3745.23,2895.7,,29952.93,
2024-01-24T23:00:00-06:00,20.69,19.412,20.535,,,,45919.66,39105,52,0.17,0,3807.75,2966.8,,28184.41,
2024-01-25T00:00:00-06:00,21.2,17.932,19.395,,,,43029.29,36648,52,0.12,0,4836.87,4825.1,,26767.27,
2024-01-25T01:00:00-06:00,19.48,15.63,16.825,,,,42558.61,35542,51,0.15,0,5045.71,5607,,26221.98,
2024-01-25T02:00:00-06:00,18.93,16.042,17,,,,42585.75,35234,51,0.17,0,4916.71,6057.4,,26125.75,
2024-01-25T03:00:00-06:00,20.42,15.243,16.385,,,,42352.3,35114,50,0.1,0,4879.84,5770.9,,25973.09,
2024-01-25T04:00:00-06:00,21.36,18.037,17.92,,,,42700.32,35943,50,0.2,0,4856.24,4987.7,,26658.54,
2024-01-25T05:00:00-06:00,25.18,20.302,19.495,,,,44146.87,38599,49,0.26,0,4378.37,4464.5,,28238.13,
2024-01-25T06:00:00-06:00,51.89,27.082,27.275,,,,46784.14,41823,49,0.27,0,4486.27,4093.5,,29874.08,
2024-01-25T07:00:00-06:00,49.66,27.75,28.013,,,,48052.85,44421,49,150.02,163.4,3533.34,3573.5,,31481.62,
2024-01-25T08:00:00-06:00,35.57,21.56,21.56,,,,47888.58,42895,51,3043.73,3252.2,2181.49,2881.7,,30391.24,
2024-01-25T09:00:00-06:00,26.46,19.507,19.507,,,,47540.99,39275,53,6834.49,8477.8,1306.76,2153.5,,27619.5,
2024-01-25T10:00:00-06:00,21.79,18.287,18.287,,,,46912.86,37292,55,8301.88,10193.3,1130.99,1659.3,,26626.1,
2024-01-25T11:00:00-06:00,19.45,17.21,17.21,,,,46099.87,35921,57,9060.68,11117.7,1328.76,1441,,25993.42,
2024-01-25T12:00:00-06:00,17.1,15.043,15.043,,,,45215.86,33579,59,9888.35,11909.1,2253.5,1732.4,,24631.46,
2024-01-25T13:00:00-06:00,16.16,13.51,13.51,,,,44391.59,32063,60,10139.03,11980.2,3227.45,2235.1,,23241.27,
2024-01-25T14:00:00-06:00,15.62,12.737,12.737,,,,43723.71,31435,61,10235.93,11761.4,3480.95,2772.6,,22644.24,
2024-01-25T15:00:00-06:00,16.05,13.92,13.92,,,,43450.13,31803,61,10027.88,11200.3,3049.39,3199.6,,23119.13,
2024-01-25T16:00:00-06:00,20.21,18.3,18.3,,,,43721,34463,61,8073.58,8337.8,2683.34,3198.4,,25492.63,
2024-01-25T17:00:00-06:00,44.7,39.435,39.435,,,,44729.84,40933,58,2420.45,2144.5,2927.98,2972.2,,29448.13,
2024-01-25T18:00:00-06:00,43.34,27.698,28.068,,,,46370.44,44883,55,9.88,26,3201.01,3012.1,,31565.03,
2024-01-25T19:00:00-06:00,30.23,24.157,24.893,,,,46540.33,43686,54,0.17,0,4647.32,4868.5,,30304.73,
2024-01-25T20:00:00-06:00,24.13,22.26,23.152,,,,46186.82,41453,53,0.22,0,6317.38,7905.7,,28616.6,
2024-01-25T21:00:00-06:00,21.39,20.407,20.443,,,,45316.96,37717,52,0.23,0,8877.99,11068.7,,26494,
2024-01-25T22:00:00-06:00,17.99,19.913,20.013,,,,43839.93,34054,50,0.21,0,10590.31,13720.4,,23707.02,
2024-01-25T23:00:00-06:00,17.42,19.018,19.26,,,,42360.78,31716,50,0.2,0,11037.81,15178.5,,21666.55,
2024-01-26T00:00:00-06:00,14.35,19.835,20.075,,,,40177.03,30585,50,0.12,0,10746.13,14172.3,,20604.77,
2024-01-26T01:00:00-06:00,14.72,18.947,18.92,,,,39097.71,29799,50,0.15,0,10777.1,13880.9,,20125.93,
2024-01-26T02:00:00-06:00,15.91,19.117,19.088,,,,38441.18,29590,50,0.23,0,10556.64,13399.6,,20106.56,
2024-01-26T03:00:00-06:00,16.67,19.652,19.175,,,,38605.93,30270,50,0.14,0,9818.03,12720.2,,20291.18,
2024-01-26T04:00:00-06:00,16.85,19.987,19.803,,,,39491.09,31412,50,0.21,0,9384.51,11969.7,,21182.5,
2024-01-26T05:00:00-06:00,21.78,21.615,21.795,,,,41716.8,33300,50,0.25,0,9688.19,11018.2,,22520.19,
2024-01-26T06:00:00-06:00,30.72,30.875,31.993,,,,45315.88,36896,50,0.34,0,9229.33,10063.2,,24413.17,
2024-01-26T07:00:00-06:00,37.88,37.823,39.223,,,,47352.17,39657,50,68.67,136.5,8040.5,9074.2,,25614.93,
2024-01-26T08:00:00-06:00,21.93,57.085,57.22,,,,47720.44,40176,51,1257.57,2710,6464.15,8014.1,,26004.99,
2024-01-26T09:00:00-06:00,19.99,39.587,39.587,,,,47752.34,39225,52,3649.23,7163.1,5164.88,7100.4,,25439.31,
2024-01-26T10:00:00-06:00,19.55,27.912,27.863,,,,47295.66,37244,54,5756.05,8580.7,4952.58,6601.8,,24008,
2024-01-26T11:00:00-06:00,18.62,26.57,26.535,,,,46603.74,36501,55,6965.99,9098.8,4136.27,6449.1,,23431.96,
2024-01-26T12:00:00-06:00,17.9,23.378,23.378,,,,45977.87,35601,56,6155.72,9121.9,5781.04,6847.1,,22856.27,
2024-01-26T13:00:00-06:00,16.82,23.343,23.55,,,,45584.87,35200,56,5446.68,9011.3,6757.5,7232.2,,22940.74,
2024-01-26T14:00:00-06:00,16.52,22.03,22.662,,,,45213.05,34756,56,4987.08,8556.3,7618.57,7731.8,,22804.77,
2024-01-26T15:00:00-06:00,16.24,21.648,21.825,,,,45137.82,34202,56,4566.54,7727.7,8540.51,8499.4,,22641.87,
2024-01-26T16:00:00-06:00,18.5,22.622,22.725,,,,45282.29,34858,56,3338.66,6252.9,9290.01,8944.7,,23123.35,
2024-01-26T17:00:00-06:00,34.16,26.98,44.373,,,,45971.83,37218,54,1030.67,1941.2,9417.65,9351.8,,24313.32,
2024-01-26T18:00:00-06:00,29.99,36.457,45.233,,,,47056.44,39146,54,16.11,28,8763.66,9218,,25095,
2024-01-26T19:00:00-06:00,24.65,30.007,30.345,,,,46559.34,38594,54,0.06,0,9267.06,10034.4,,25121.2,
2024-01-26T20:00:00-06:00,24.83,26.863,26.863,,,,45670.9,37320,53,0.09,0,10209.48,10706.9,,24459.15,
2024-01-26T21:00:00-06:00,21.26,21.455,21.455,,,,44559.19,35068,53,0.09,0,11515.22,11450.6,,23368.96,
2024-01-26T22:00:00-06:00,20.87,22.015,22.015,,,,43208.91,31565,53,0.12,0,13318.54,12641.8,,20600.17,
2024-01-26T23:00:00-06:00,17.09,22.177,22.177,,,,41623.51,29449,52,0.09,0,13822.4,13850.3,,17889.6,
2024-01-27T00:00:00-06:00,17.06,20.867,20.867,,,,40866.48,26777,52,0.11,0,15044.18,16728.7,,16017.54,
2024-01-27T01:00:00-06:00,14.42,20.288,20.288,,,,39770.81,25237,51,0.1,0,15649.66,17863.5,,15363.33,
2024-01-27T02:00:00-06:00,12.56,16.3,16.395,,,,38988.18,23394,50,0.05,0,17023.8,19127.9,,14229.72,
2024-01-27T03:00:00-06:00,12.3,17.07,17.598,,,,38659.02,22504,50,0.18,0,17747.74,20026.1,,13939.16,
2024-01-27T04:00:00-06:00,12.07,18.302,18.455,,,,38926.17,23209,49,0.1,0,17571.5,20263.4,,14382.19,
2024-01-27T05:00:00-06:00,14.28,18.465,18.4,,,,39858.3,23540,49,0.1,0,18226,19981.9,,14655.03,
2024-01-27T06:00:00-06:00,21.22,20.685,20.938,,,,41466.52,25580,48,0.17,0,17571.36,19381.8,,15774.38,
2024-01-27T07:00:00-06:00,23.77,21.358,21.418,,,,43302.88,27444,48,116.17,156.7,17242.98,18918.9,,16458.29,
2024-01-27T08:00:00-06:00,22.9,21.225,19.702,,,,45323.95,26786,49,3314.61,3181.2,16303.31,18736.3,,16021.05,
2024-01-27T09:00:00-06:00,17.07,19.137,17.173,,,,46800.35,24785,50,8503.68,7701.5,14536.75,18431.8,,15267.31,
2024-01-27T10:00:00-06:00,16.75,18.408,16.51,,,,47275.37,23908,52,10027.56,9327.2,14019.11,17925.3,,14740.67,
2024-01-27T11:00:00-06:00,15.12,16.573,14.79,,,,47049.28,22779,53,10779.48,10113,13859.96,17286,,14055.12,
2024-01-27T12:00:00-06:00,12.5,13.54,12.07,,,,46421.48,21115,55,10624.93,11188.7,15205.2,17005.6,,12763.68,
2024-01-27T13:00:00-06:00,11.88,3.015,2.393,,,,45629.28,19142,56,10237.59,11194.8,16759.45,16769.3,,10815.23,
2024-01-27T14:00:00-06:00,11.09,0.492,0.242,,,,45001.95,18683,58,9347.79,10981.2,17017.93,16527.9,,10800.48,
2024-01-27T15:00:00-06:00,11.15,0.28,0.075,,,,44822.05,19628,58,8612.55,11079.1,16284.66,16136.9,,11977.46,
2024-01-27T16:00:00-06:00,13.86,0.26,0.115,,,,44890.63,22318,57,7256.87,9278.3,15039.05,14852.2,,14432.77,
2024-01-27T17:00:00-06:00,28.54,21.465,21.332,,,,45932.63,30817,54,3306.97,2752.2,11772.87,12300.4,,22387.88,
2024-01-27T18:00:00-06:00,39.53,25.883,27.053,,,,47769.17,39446,51,39.53,37.5,8576.98,9144.9,,28295.31,
2024-01-27T19:00:00-06:00,34.62,33.14,35,,,,48075.06,41503,49,0.1,0,7067.56,7616.7,,28971.11,
2024-01-27T20:00:00-06:00,32.35,49.207,51.64,,,,47885.57,43249,47,0.23,0,5396.7,6213.1,,30136.72,
2024-01-27T21:00:00-06:00,31.98,35.513,36.4,,,,47314.34,43986,46,0.14,0,4409.91,5165.7,,30607.46,
2024-01-27T22:00:00-06:00,27.09,36.852,37.755,,,,46462.79,44247,44,0.07,0,3482.57,4522.5,,31177.5,
2024-01-27T23:00:00-06:00,24.53,34.18,35.455,,,,45542.78,44354,42,0.08,0,2527.31,3936.8,,31222.01,
2024-01-28T00:00:00-06:00,26.57,32.392,33.84,,,,47534.84,44510,41,0.06,0,1927.02,3363.3,,31381.2,
2024-01-28T01:00:00-06:00,24.55,30.95,32.948,,,,46893.88,44261,40,0.02,0,1801.23,3087.7,,31160.45,
2024-01-28T02:00:00-06:00,24.82,27.71,30.338,,,,46617.51,43885,39,0.03,0,2115.44,3114.9,,30796.58,
2024-01-28T03:00:00-06:00,24.82,25.475,27.957,,,,46985.34,43704,39,0.03,0,2592.77,3389.4,,30642.46,
2024-01-28T04:00:00-06:00,25.09,24.593,26.403,,,,47630.7,43710,38,0.02,0,3232.83,3993.6,,30822.32,
2024-01-28T05:00:00-06:00,27.2,24.498,25.968,,,,49108.79,44418,38,0.03,0,3718.96,4768.4,,31262.63,
2024-01-28T06:00:00-06:00,46.1,26.93,27.1,,,,51192.93,45371,37,0.04,0,4537.98,5441.8,,31902.11,
2024-01-28T07:00:00-06:00,48.56,38.342,38.357,,,,52755.95,46772,38,407.28,283,4292.97,5996.9,,32650.63,
2024-01-28T08:00:00-06:00,30.25,16.92,16.92,,,,52604.7,40644,44,6969.02,5699.3,4023.26,6008,,28335.44,
2024-01-28T09:00:00-06:00,19.33,11.47,11.47,,,,50981.7,32122,50,14400.71,12672.8,3039.95,4840.6,,21900.53,
2024-01-28T10:00:00-06:00,16.56,11.192,11.192,,,,49043.49,30048,54,15137.98,14041.5,2188.9,3395.8,,20683.7,
2024-01-28T11:00:00-06:00,19.07,11.172,11.172,,,,46814.71,27485,58,14760.48,14085.6,2948.34,2637.6,,18655.88,
2024-01-28T12:00:00-06:00,16.5,8.108,8.108,,,,45330.49,25374,61,14471.06,13973.9,3930.26,2772.5,,16546.58,
2024-01-28T13:00:00-06:00,15.4,2.987,2.987,,,,44208.07,24183,63,14664.99,14163.4,3908.96,2690.8,,15540.34,
2024-01-28T14:00:00-06:00,14.91,0.322,0.163,,,,43500.97,23606,64,14830.28,14568.5,3512.06,2391.8,,15337.85,
2024-01-28T15:00:00-06:00,15.34,0.01,-0.295,,,,43460.97,23902,65,14663.39,14412.1,3042.6,1944.6,,16023.48,
2024-01-28T16:00:00-06:00,17.3,5.825,5.553,,,,44261.01,27029,64,12274.32,10956.3,2491.79,1566,,18894.07,
2024-01-28T17:00:00-06:00,39.02,28.135,27.845,,,,45810.79,37497,61,3733.57,2966.5,2030.86,1420.7,,27300.09,
2024-01-28T18:00:00-06:00,42.1,24.54,24.41,,,,48378.4,43146,55,34.67,36.8,2658.45,1817.1,,30349.12,
2024-01-28T19:00:00-06:00,37.37,22.7,22.513,,,,49533.17,42727,52,0.16,0,4029.99,2799.7,,29749.55,
2024-01-28T20:00:00-06:00,32.07,21.48,21.355,,,,49747.62,41168,49,0.21,0,5600.53,4235.7,,28713.98,
2024-01-28T21:00:00-06:00,29.23,20.465,20.465,,,,49491.44,39526,47,0.13,0,6909.89,6216.5,,27936.96,
2024-01-28T22:00:00-06:00,22.13,18.365,18.365,,,,48481.12,36700,46,0.15,0,8217.17,8286.5,,26094.64,
2024-01-28T23:00:00-06:00,18.44,14.918,14.918,,,,46769.22,33479,45,0.13,0,10077.16,10124.2,,23809.16,
2024-01-29T00:00:00-06:00,13.75,12.27,12.27,,,,43992.47,30550,44,0.06,0,12146.93,12559,,21251.92,
2024-01-29T01:00:00-06:00,13.46,11.785,11.785,,,,43411.1,29440,43,0.22,0,13057.53,13134.4,,20311.64,
2024-01-29T02:00:00-06:00,13.57,11.753,11.753,,,,43227.37,29159,42,0.34,0,13656.38,13363.8,,20167.45,
2024-01-29T03:00:00-06:00,14.36,12.838,12.838,,,,43801.97,29851,42,0.38,0,13778.05,13092.9,,20877.82,
2024-01-29T04:00:00-06:00,17.24,14.08,13.873,,,,45133.1,31601,40,0.39,0,13659.72,12524.3,,22541.95,
2024-01-29T05:00:00-06:00,22.36,19.28,18.9,,,,47771.87,35077,40,0.36,0,13280.3,11963,,25348.01,
2024-01-29T06:00:00-06:00,42,23.48,23.13,,,,51554.76,39656,40,0.28,0,13005.07,11376,,27757,
2024-01-29T07:00:00-06:00,38.21,25.887,25.55,,,,53368.01,42458,40,435.56,316,11899.05,10653.2,,28747.32,
2024-01-29T08:00:00-06:00,23.37,14.2,14.148,,,,52351.48,35804,48,7064.11,5391.8,10341.96,9609.3,,23847.58,
2024-01-29T09:00:00-06:00,16.35,11.068,11.038,,,,50241.88,29382,54,14077.48,12871.5,6680.52,7093.5,,19581.37,
2024-01-29T10:00:00-06:00,16.56,11.41,11.41,,,,48110.72,28305,60,14814.94,14122.8,4428.88,4395.1,,18977.63,
2024-01-29T11:00:00-06:00,18.48,13.142,13.142,,,,46206.39,27425,64,14675.67,14172.1,3447.13,3019.1,,18369.78,
2024-01-29T12:00:00-06:00,16.54,13.365,13.365,,,,44703.02,27256,66,14410.63,13853.4,2498.07,2432.6,,18350.28,
2024-01-29T13:00:00-06:00,15.66,13.375,13.375,,,,43725.74,27218,68,14337.21,13849.1,1832.41,1846.6,,18313.23,
2024-01-29T14:00:00-06:00,15.58,12.115,12.115,,,,43021.99,26550,70,14574.05,14109.2,1775.99,1355,,17638.87,
2024-01-29T15:00:00-06:00,14.15,11.308,11.308,,,,42683.26,26414,70,14378.7,13782.7,2078.21,1143.4,,17540.54,
2024-01-29T16:00:00-06:00,16.4,15.04,15.04,,,,42808.63,29974,69,10996.71,11125,2179.55,1223.1,,21131.9,
2024-01-29T17:00:00-06:00,39.82,40.705,40.658,,,,43745.32,38287,64,3095.48,2972.8,2706.21,1631.6,,26998.38,
2024-01-29T18:00:00-06:00,40.96,28.722,28.742,,,,45814.46,42214,59,156.04,43.6,3758.5,2188.1,,29234.46,
2024-01-29T19:00:00-06:00,29.29,23.585,23.585,,,,46263.85,41380,57,0.09,0,4859.97,3065,,28435.75,
2024-01-29T20:00:00-06:00,27.56,23.9,23.765,,,,46097.53,40090,54,0.03,0,5833.29,4104.4,,27243.84,
2024-01-29T21:00:00-06:00,23.62,21.81,21.588,,,,45307.16,38469,52,0.09,0,6518.26,5256.1,,26267.04,
2024-01-29T22:00:00-06:00,19.19,18.988,18.785,,,,43731.13,35517,51,0.15,0,7522.14,6196.5,,24629.08,
2024-01-29T23:00:00-06:00,18.63,16.455,16.278,,,,42089.78,32986,50,0.14,0,8250.49,6933.7,,23470.81,
2024-01-30T00:00:00-06:00,18.77,17.41,17.228,,,,41331.87,31624,49,0.1,0,8510.01,7885.1,,22425.75,
2024-01-30T01:00:00-06:00,16.29,16.53,16.355,,,,40733.59,30817,48,0.12,0,8745.82,8203.8,,21847.8,
2024-01-30T02:00:00-06:00,15.8,16.562,16.522,,,,40549.68,30933,46,0.12,0,8656.32,8388,,21974.94,
2024-01-30T03:00:00-06:00,16.11,17.793,17.793,,,,40856.57,31949,45,0.07,0,8365.69,8451.8,,22600.29,
2024-01-30T04:00:00-06:00,17.77,19.252,19.252,,,,41966.27,33552,45,0.09,0,8048.51,8454.5,,23755.84,
2024-01-30T05:00:00-06:00,20.2,21.85,21.85,,,,44525.94,36983,44,0.12,0,7631.91,8203.4,,26401.48,
2024-01-30T06:00:00-06:00,27.09,37.472,37.472,,,,48405.05,41517,44,0.32,0,7243.81,7597.8,,28820.33,
2024-01-30T07:00:00-06:00,29.64,47.547,47.547,,,,50264.13,44553,44,287.51,270.9,5902.97,6871.4,,30276.78,
2024-01-30T08:00:00-06:00,19.35,18.355,18.355,,,,49644.12,39578,51,5668.09,4315,4683.34,5943.1,,26546.03,
2024-01-30T09:00:00-06:00,15.18,15.095,15.095,,,,48113.2,32174,57,12776.2,10763.3,2610.96,4032,,21966.14,
2024-01-30T10:00:00-06:00,14.78,14.217,14.217,,,,46480.87,29915,63,14323.01,12550.1,1139.05,2038.3,,20498.86,
2024-01-30T11:00:00-06:00,15.51,15.53,15.53,,,,45002.88,29205,67,14115.15,13033.7,643.95,977.3,,19867.59,
2024-01-30T12:00:00-06:00,14.98,15.93,15.93,,,,43833.64,29150,70,13681.95,12941.1,385.41,599.5,,19796.74,
2024-01-30T13:00:00-06:00,14.59,15.055,15.055,,,,43053.03,29069,71,13753.04,12908.9,180.8,361.7,,19577.2,
2024-01-30T14:00:00-06:00,14.03,15.22,15.22,,,,42387.07,29043,72,13733.8,13014.2,165.51,249.5,,19633.76,
2024-01-30T15:00:00-06:00,14.41,18.403,17.092,,,,42019.57,29604,72,13147.18,12176.7,198.87,261.6,,20127.84,
2024-01-30T16:00:00-06:00,16.44,17.848,17.822,,,,42133.02,33154,71,9886.59,9789.4,310.94,431.2,,23626.38,
2024-01-30T17:00:00-06:00,32.42,41.128,41.597,,,,43063.42,40801,67,2780.43,2706.5,663.52,920.4,,28421.95,
2024-01-30T18:00:00-06:00,36,33.42,35.032,,,,45041.19,44226,62,91.32,37.5,1301.74,1577.6,,30051.84,
2024-01-30T19:00:00-06:00,26.59,27.32,28.9,,,,45493.56,43905,58,0.24,0,1853.51,2125.4,,30197.22,
2024-01-30T20:00:00-06:00,25.65,24.34,26.168,,,,45286.14,42795,55,0.2,0,2527.3,2410.7,,29624.69,
2024-01-30T21:00:00-06:00,23.54,21.592,22.02,,,,44435.02,40814,53,0.07,0,3538.04,2660,,28519.52,
2024-01-30T22:00:00-06:00,20.08,19.287,19.32,,,,42908.69,38132,52,0.03,0,4360.46,2790.3,,27095.74,
2024-01-30T23:00:00-06:00,19.51,17.012,16.933,,,,41483.49,35395,50,0.06,0,5226.27,2750.6,,25586.72,
2024-01-31T00:00:00-06:00,17.44,15.15,15.075,,,,41362.07,33757,49,0.1,0,5514.36,3824,,24489.59,
2024-01-31T01:00:00-06:00,17.42,14.807,14.74,,,,40808.97,33331,48,0.13,0,5490,3855.7,,24273.02,
2024-01-31T02:00:00-06:00,17.41,15.342,15.305,,,,40809.95,33647,47,0.17,0,5213.19,4010.7,,24596.07,
2024-01-31T03:00:00-06:00,17.64,15.877,15.86,,,,41118.32,34065,46,0.18,0,5277.24,4151.2,,24927.98,
2024-01-31T04:00:00-06:00,19.8,17.44,17.44,,,,42219.86,35403,45,0.12,0,5297.82,4244.9,,25674.69,
2024-01-31T05:00:00-06:00,24.59,20.047,20.013,,,,44821.41,37836,45,0.08,0,5528.77,4259.9,,27151.68,
2024-01-31T06:00:00-06:00,45.72,28.327,28.29,,,,48694.63,42304,44,0.23,0,5252.75,4138.9,,29321.78,
2024-01-31T07:00:00-06:00,38.47,25.89,25.43,,,,50517.28,44348,45,392.64,318,4691.47,3869.4,,30255.13,
2024-01-31T08:00:00-06:00,20.56,16.105,16.09,,,,49613.51,38619,52,5987.13,4622.1,3786.02,3542.5,,26163.08,
2024-01-31T09:00:00-06:00,16.63,13.835,13.822,,,,47756.52,31728,59,12083.38,10543,2363.95,2800.4,,21273.51,
2024-01-31T10:00:00-06:00,14.63,13.842,13.835,,,,46027.36,29986,64,13054.07,11917.4,1565.46,1885.3,,19766.98,
2024-01-31T11:00:00-06:00,16.27,14.352,14.345,,,,44542.85,28907,68,12752.99,12646.8,1854.58,1553.5,,18803.68,
2024-01-31T12:00:00-06:00,14.96,12.665,12.657,,,,43589.43,28000,71,12335.64,12598.3,2698.31,2126.1,,17644.19,
2024-01-31T13:00:00-06:00,13.17,10.815,10.812,,,,42975.79,26571,72,12463.44,12544.1,3831.52,3038.1,,16259.74,
2024-01-31T14:00:00-06:00,12.21,10.263,10.26,,,,42530.36,26147,72,11920.58,12157.4,5138.36,4038.6,,15731.11,
2024-01-31T15:00:00-06:00,13.07,10.342,11.915,,,,42478.23,26702,72,10025.01,10738.7,6542.37,5194,,16199.72,
2024-01-31T16:00:00-06:00,13.44,15.733,30.947,,,,42948.37,29824,70,5669.54,8033.6,7446.69,6497.4,,19306.26,
2024-01-31T17:00:00-06:00,26.14,21.767,21.457,,,,44256.2,34903,65,1461.72,2221.8,7642.11,7702.8,,23107.22,
2024-01-31T18:00:00-06:00,21.72,19.9,19.77,,,,46083.23,36065,62,23.1,43.5,9437,8722.1,,23260.49,
2024-01-31T19:00:00-06:00,17.61,16.885,16.885,,,,46251.78,33428,60,0.04,0,12030.16,12040,,21486.36,
2024-01-31T20:00:00-06:00,15.67,13.46,13.287,,,,45724.74,28867,58,0.16,0,15835.78,15748.7,,17812.07,
2024-01-31T21:00:00-06:00,14.15,11.428,11.26,,,,44593.35,24717,57,0.48,0,18876.95,18534.1,,13950.68,
2024-01-31T22:00:00-06:00,12.44,12.923,12.725,,,,42807.04,21884,56,0.45,0,19848.36,20223.5,,11227.2,
2024-01-31T23:00:00-06:00,9.74,12.725,12.723,,,,41162.59,20236,54,0.16,0,19580.35,21414.4,,9661.4,
2024-02-01T00:00:00-06:00,10.77,10.598,10.485,,,,39489.81,18924,53,0.29,0,19181.75,19877.1,,8383.92,
2024-02-01T01:00:00-06:00,10.39,10.785,10.558,,,,38814.57,18564,52,0.19,0,19294.9,19729.7,,8050.07,
2024-02-01T02:00:00-06:00,10.87,8.89,8.565,,,,38746.01,18160,50,0.19,0,19316.79,19652.1,,7792.01,
2024-02-01T03:00:00-06:00,11.36,9.962,9.653,,,,38967.47,18330,50,0.18,0,19494.12,19305.9,,8158.58,
2024-02-01T04:00:00-06:00,15.2,13.36,13.135,,,,39958.05,19234,49,0.23,0,19505.58,18801.1,,9191.75,
2024-02-01T05:00:00-06:00,17.14,16.68,16.453,,,,42623.37,20820,49,0.43,0,20036.64,18675.2,,10561.56,
2024-02-01T06:00:00-06:00,22.46,26.488,24.455,,,,46745.06,23840,50,0.53,0,20829.08,19094.9,,11443.21,
2024-02-01T07:00:00-06:00,25.81,35.43,29.055,,,,48706.57,25604,50,212.18,211.2,20548.71,19537.1,,11650.54,
2024-02-01T08:00:00-06:00,18.84,17.385,16.962,,,,48100.71,23246,54,4275.6,3790.6,18907.31,19289.6,,10796.14,
2024-02-01T09:00:00-06:00,14.25,23.215,22.827,,,,46851.89,21951,59,9373.59,9688.3,14048.35,16699.6,,9833.9,
2024-02-01T10:00:00-06:00,11.36,9.153,8.95,,,,45461.1,18511,65,11482.31,11112.9,14124.75,14536.8,,7475.34,
2024-02-01T11:00:00-06:00,11.33,7.388,7.23,,,,44419.93,16906,68,12038.03,11961,14596.21,14480,,6504.96,
2024-02-01T12:00:00-06:00,10.96,11.15,11.038,,,,43639.17,17177,70,12581.95,12414.8,13694.16,14392.7,,6933.86,
2024-02-01T13:00:00-06:00,10.94,11.972,11.69,,,,43307.83,17581,72,12356.16,12316.2,13461.44,13921.6,,7256.57,
2024-02-01T14:00:00-06:00,10.95,3.795,3.603,,,,43149.92,16742,72,12611.87,12194.2,13921.04,13522.7,,6362.18,
2024-02-01T15:00:00-06:00,11.25,0.255,0.105,,,,43377.6,16824,72,11584.82,11917.3,14685.06,13710.3,,6932.88,
2024-02-01T16:00:00-06:00,12.7,9.275,9.033,,,,44072.11,19047,71,9555.74,9733.8,14943.13,13920.9,,9267.3,
2024-02-01T17:00:00-06:00,25.66,48.602,49.058,,,,44817.28,26033,68,3518.31,2893.9,14348.91,13940.7,,13689.1,
2024-02-01T18:00:00-06:00,23.95,43.6,42.735,,,,45736.15,30279,65,65.81,43.7,14718.27,15455,,15253.38,
2024-02-01T19:00:00-06:00,17.39,20.512,20.033,,,,46176.98,26959,62,0.51,0,18168.74,19279.4,,13738.34,
2024-02-01T20:00:00-06:00,15.08,18.008,17.615,,,,45648.16,23857,61,0.43,0,20656.93,22285.9,,12124.01,
2024-02-01T21:00:00-06:00,13.38,15.495,15.045,,,,44504.82,20749,60,0.61,0,22984.23,24016.8,,10060.12,
2024-02-01T22:00:00-06:00,14.63,10.222,9.85,,,,42764.8,17816,59,0.65,0,24178.08,24878,,7331.4,
2024-02-01T23:00:00-06:00,11.38,1.65,1.39,,,,40835.73,15682,58,0.46,0,24256.42,25422.7,,5644.69,
2024-02-02T00:00:00-06:00,10.24,-1.678,-1.948,,,,38774.18,14801,58,0.3,0,23406.84,25459,,5500.98,
2024-02-02T01:00:00-06:00,9.25,-2.9,-3.1,,,,37746.73,14431,58,0.19,0,22799.36,24910.1,,5494.48,
2024-02-02T02:00:00-06:00,9.26,-4.195,-4.468,,,,37271.38,14450,58,0.11,0,22294.4,24363.1,,5521.82,
2024-02-02T03:00:00-06:00,10.77,-2.868,-3.41,,,,37445.99,14434,57,0.19,0,22002.85,23657.2,,5645.97,
2024-02-02T04:00:00-06:00,14.74,-1.43,-1.592,,,,38459.01,14736,57,0.33,0,22209.12,22874.6,,6263.17,
2024-02-02T05:00:00-06:00,17.59,7.608,7.435,,,,40943.82,16204,57,0.5,0,22884.12,21817.6,,8099.35,
2024-02-02T06:00:00-06:00,21.35,12.825,12.627,,,,45018.3,19860,57,0.36,0,22104.14,20817.6,,11064.58,
2024-02-02T07:00:00-06:00,24.23,14.425,14.145,,,,46817.05,21457,58,179.6,240.7,21814.05,20176.6,,12112.31,
2024-02-02T08:00:00-06:00,18.68,7.122,6.867,,,,46289.81,19332,59,3101.08,4021.3,21626,19432.2,,10072.83,
2024-02-02T09:00:00-06:00,14.47,3.428,3.005,,,,45718.99,17305,62,6690.7,8536.5,20620.6,18096.3,,8691.67,
2024-02-02T10:00:00-06:00,13.25,5.683,4.65,,,,45138.26,17123,63,6992.89,9561,20686.8,17513,,8702.45,
2024-02-02T11:00:00-06:00,13.61,4.53,3.653,,,,44771.19,16901,66,7811.68,10081.1,20175.2,17569.7,,8582.3,
2024-02-02T12:00:00-06:00,14.46,3.113,2.465,,,,44564.43,16634,67,8263.22,9243.3,20101.58,17664.1,,8238.44,
2024-02-02T13:00:00-06:00,13.4,2.635,2.002,,,,44547.36,16710,68,7192.46,8958.3,20992.79,17967.9,,8280.41,
2024-02-02T14:00:00-06:00,13.24,3.025,2.517,,,,44565.45,17187,68,5946.91,8196.9,21527.54,18467.7,,8310.16,
2024-02-02T15:00:00-06:00,14.63,5.495,5.123,,,,44752.27,18028,66,4151.03,6464.4,22412.42,18925.7,,8963.75,
2024-02-02T16:00:00-06:00,14.64,-0.04,-0.432,,,,44903.54,19412,65,2233.78,4809.7,22875.48,19401.1,,10023.12,
2024-02-02T17:00:00-06:00,21.51,7.395,6.99,,,,45046.58,20737,64,850.05,1586.6,23336.54,19806,,11081.71,
2024-02-02T18:00:00-06:00,22.25,18.067,17.813,,,,45442.82,24589,63,68.69,59.9,20818.24,20275.9,,14428.51,
2024-02-02T19:00:00-06:00,18.67,16.76,16.38,,,,45344.67,24233,62,0.18,0,20805.28,20862.6,,14127.51,
2024-02-02T20:00:00-06:00,18.94,20.96,20.347,,,,44373.34,25074,61,0.05,0,19135.01,20808.5,,14603.78,
2024-02-02T21:00:00-06:00,18.28,20.07,19.938,,,,43204.18,26242,60,0.08,0,16816.87,19976.2,,14783.71,
2024-02-02T22:00:00-06:00,19.95,46.193,44.955,,,,41936.19,24769,59,0.11,0,16701,19440.9,,12539.31,
2024-02-02T23:00:00-06:00,16.4,20.97,20.973,,,,40404.31,24172,57,0.1,0,15388,19489.9,,11988.19,
2024-02-03T00:00:00-06:00,12.08,38.66,38.66,,,,38830.45,22398,56,0.1,0,15444.56,21340.3,,9144.26,
2024-02-03T01:00:00-06:00,9.01,14.638,15.197,,,,37344.07,19322,55,0.08,0,18101.57,22133.8,,7402.93,
2024-02-03T02:00:00-06:00,6.14,10.972,12.605,,,,36348.3,16981,55,0.11,0,19929.53,22855.4,,6262.77,
2024-02-03T03:00:00-06:00,5.32,8.03,9.767,,,,35788.12,15953,55,0.19,0,20791.61,23303.1,,5696.23,
2024-02-03T04:00:00-06:00,7.01,9.097,10.07,,,,36041.78,15784,54,0.29,0,21174.54,23467.2,,5778.78,
2024-02-03T05:00:00-06:00,8.86,10.92,12.075,,,,37361.12,16260,54,0.5,0,21154.85,23505.9,,6221.84,
2024-02-03T06:00:00-06:00,12.23,17.897,19.983,,,,39672.15,17346,53,0.54,0,21125,23360.4,,7098.38,
2024-02-03T07:00:00-06:00,15.87,24.533,25.688,,,,41921.14,18932,53,76.78,230.6,21083.9,23137.1,,7720.48,
2024-02-03T08:00:00-06:00,13.93,20.145,18.787,,,,43477.9,19624,55,2922.19,4553,19252.7,22770.1,,7879.77,
2024-02-03T09:00:00-06:00,9.55,19.867,17.457,,,,44472.82,19731,57,5842.18,11378.7,17471.84,22283.4,,7582.36,
2024-02-03T10:00:00-06:00,7.42,13.56,11.76,,,,44412.94,18464,59,6816,12865.2,18378.21,22467.8,,6842.04,
2024-02-03T11:00:00-06:00,5.03,10,8.567,,,,43902.92,16508,62,8306.8,13304.5,18497.59,22605.5,,6039.85,
2024-02-03T12:00:00-06:00,3.28,0.447,0.3,,,,42987.24,14792,64,9711.66,13657.6,18501.62,22568.6,,4838.99,
2024-02-03T13:00:00-06:00,2.98,0.215,0.117,,,,42203.51,14017,66,9604.94,13811.5,18713.11,22189,,4744.75,
2024-02-03T14:00:00-06:00,3.38,1.55,1.202,,,,41397.84,14009,67,9534.51,14046.3,18498.15,21817.3,,4741.71,
2024-02-03T15:00:00-06:00,3.44,3.92,3.248,,,,41004.38,14146,68,9359.24,13913.9,18577.14,21479.2,,5121.93,
2024-02-03T16:00:00-06:00,9.91,8.59,7.23,,,,40978.1,16566,67,7831.47,11704.7,17728.21,20433.8,,7320.69,
2024-02-03T17:00:00-06:00,23.2,34.447,33.398,,,,41404.98,23106,64,2976.16,3649.3,16336.48,18154.5,,12175.06,
2024-02-03T18:00:00-06:00,30.08,31.83,31.678,,,,43045.74,27599,60,53.67,88.6,15541.58,16403.7,,14356.34,
2024-02-03T19:00:00-06:00,20.4,17.385,17.385,,,,43911.01,25578,56,0.13,0,17725.4,17023.7,,13552.32,
2024-02-03T20:00:00-06:00,16.83,15.4,15.4,,,,43445.6,23698,55,0.3,0,19269.26,18406,,13070.72,
2024-02-03T21:00:00-06:00,13.06,12.15,11.87,,,,42718.71,22089,52,0.45,0,20169.52,19440.3,,11736.45,
2024-02-03T22:00:00-06:00,10.79,12.14,11.723,,,,41446.31,21031,51,0.52,0,20341,19886.1,,10572.94,
2024-02-03T23:00:00-06:00,11.37,18.045,16.41,,,,39885.85,19714,50,0.55,0,20406.88,20371.9,,9149.04,
2024-02-04T00:00:00-06:00,12.58,11.96,10.54,,,,38787.81,17866,50,0.66,0,21322.12,21464.1,,7993.06,
2024-02-04T01:00:00-06:00,10.04,11.81,10.34,,,,37650.86,16749,51,0.57,0,21707.9,22635.9,,7299.18,
2024-02-04T02:00:00-06:00,7.36,9.783,8.68,,,,37087,15725,51,0.44,0,22294.51,23523.4,,6312.93,
2024-02-04T03:00:00-06:00,5.86,3.245,2.99,,,,37082.74,14718,51,0.31,0,23051.29,24287.7,,5565.57,
2024-02-04T04:00:00-06:00,7.47,3.035,2.69,,,,37603.59,14354,50,0.42,0,23542.1,25152.9,,5529.86,
2024-02-04T05:00:00-06:00,8.77,3.168,2.69,,,,38908.25,14411,50,0.43,0,24207.81,25942.5,,5546.82,
2024-02-04T06:00:00-06:00,12.04,7.003,5.058,,,,40967.1,15149,50,0.49,0,24742.34,26253.8,,5996.96,
2024-02-04T07:00:00-06:00,15.02,8.075,6.957,,,,42733.55,16380,50,391.39,436.8,24651.38,26098.9,,6808.69,
2024-02-04T08:00:00-06:00,10.47,3.003,2.94,,,,43777.26,14826,54,5207.04,6229.2,22546.99,25807.6,,5872.4,
2024-02-04T09:00:00-06:00,7.38,0.102,0.183,,,,44197.28,13841,57,8274.24,12676,21009.57,25976.9,,5154.42,
2024-02-04T10:00:00-06:00,5.43,0.123,-0.547,,,,43637.47,13665,59,8425.61,13715.5,21153.31,27154.7,,5116.3,
2024-02-04T11:00:00-06:00,4.95,0.08,-0.832,,,,42858.37,13459,61,8427,13710,20623.14,28214.4,,4913.57,
2024-02-04T12:00:00-06:00,4.06,-0.102,-1.21,,,,42174.82,13382,63,6929.74,13366.2,21836.83,29203.4,,4869.92,
2024-02-04T13:00:00-06:00,2.81,-0.437,-1.695,,,,41666.94,13438,64,4883.32,13297.7,23486.4,30026.4,,4839.85,
2024-02-04T14:00:00-06:00,3.13,-1.515,-2.635,,,,41380.45,13506,64,4072.38,13219.6,24197.99,30655.4,,4843.76,
2024-02-04T15:00:00-06:00,2.68,-0.725,-2.033,,,,41491.74,13645,64,3990.1,12923.5,24369.3,31007.9,,4965.24,
2024-02-04T16:00:00-06:00,5.11,3.505,1.507,,,,41884.1,14467,63,3656.48,10797.8,24274.56,30859.5,,5678.12,
2024-02-04T17:00:00-06:00,12.44,11.227,8.12,,,,42823.74,17792,61,1219.4,3744.9,24286.96,29660.3,,8572.81,
2024-02-04T18:00:00-06:00,27.54,18.222,14.513,,,,44729.98,20579,58,22.02,94.5,24590.38,28240.1,,10578.98,
2024-02-04T19:00:00-06:00,21.08,18.415,14.38,,,,46025.29,21323,57,0.47,0,24589.59,26945.8,,10787.42,
2024-02-04T20:00:00-06:00,17.94,15.108,12.51,,,,45842.09,20257,55,0.45,0,25208.5,26098.6,,10442.49,
2024-02-04T21:00:00-06:00,17.13,12.905,10.595,,,,44994.02,19712,54,0.41,0,24854.23,25372,,9881.38,
2024-02-04T22:00:00-06:00,13.94,9.765,8.233,,,,43306.98,18535,53,0.45,0,24176.31,24646.9,,8896.96,
2024-02-04T23:00:00-06:00,11.21,6.645,5.605,,,,41179.96,17002,53,0.38,0,23725.18,23976.9,,7324.85,
2024-02-05T00:00:00-06:00,8.4,0.283,0.113,,,,39716.41,15858,52,0.3,0,23461.22,24115.3,,6332.31,
2024-02-05T01:00:00-06:00,7.63,0.647,0.348,,,,38807.51,15427,51,0.06,0,23286.84,23647.5,,6391,
2024-02-05T02:00:00-06:00,8.46,4.835,3.24,,,,38392.37,15969,51,0.08,0,22564.02,23279.3,,6821.16,
2024-02-05T03:00:00-06:00,10.36,5.56,4.605,,,,38639.95,17414,50,0.13,0,21406.46,22583.1,,7943.44,
2024-02-05T04:00:00-06:00,13.04,5.215,4.51,,,,39736.05,18939,50,0.17,0,20810.34,21333.6,,9240.83,
2024-02-05T05:00:00-06:00,16.13,10.592,10.258,,,,42255.31,22592,50,0.21,0,19472.18,19979.7,,12758.8,
2024-02-05T06:00:00-06:00,24.97,19.638,19.983,,,,46171.64,27831,49,0.19,0,17871.17,18779.6,,16908.91,
2024-02-05T07:00:00-06:00,30.31,22.432,22.315,,,,48238.49,31310,49,208.46,241.4,16152.12,17304.3,,18505.54,
2024-02-05T08:00:00-06:00,23.37,17.085,16.398,,,,48219.73,29727,51,3763.01,3830.9,14111.49,15715.6,,18063.78,
2024-02-05T09:00:00-06:00,19.19,11.027,10.408,,,,48038.69,25881,53,7466.16,8540.7,13840.78,14873.6,,15457.01,
2024-02-05T10:00:00-06:00,17.62,11.09,9.898,,,,47506.18,25141,55,9088.81,10220.5,12643.13,14001.4,,15024.88,
2024-02-05T11:00:00-06:00,15.21,9.875,9.4,,,,46837.51,24854,57,10350.49,11469.8,10827.39,12252.9,,14667.83,
2024-02-05T12:00:00-06:00,13.85,7.65,6.957,,,,46003.21,23615,59,11853.77,12335.4,9471.28,10637,,13610.47,
2024-02-05T13:00:00-06:00,13.44,4.827,4.532,,,,45189.56,22544,61,13246.65,12466.7,8383.28,9231.3,,12720.22,
2024-02-05T14:00:00-06:00,13.44,3.765,3.635,,,,44410.23,22231,62,13954.87,12551.1,7313.52,7969.2,,12482.17,
2024-02-05T15:00:00-06:00,13.31,2.445,2.212,,,,43908.06,22054,63,14456.56,13223.7,6791.88,6858.1,,12683.24,
2024-02-05T16:00:00-06:00,14.56,4.86,4.628,,,,44203.28,24781,63,12587.65,11265.2,6204.72,5809.7,,15366.25,
2024-02-05T17:00:00-06:00,33.69,47.188,48.227,,,,44953.23,34369,60,4666.85,3906,5517.95,4620.5,,22826.85,
2024-02-05T18:00:00-06:00,50.61,63.252,65.185,,,,46787.25,41789,56,111.67,90.5,4270.06,3429.7,,27054.84,
2024-02-05T19:00:00-06:00,34.58,31.588,33.942,,,,47898.54,42349,54,0.36,0,4465.01,3591.6,,27218.2,
2024-02-05T20:00:00-06:00,32.59,25.66,26.808,,,,47978.38,41405,52,0.19,0,5250.44,3882.7,,26719.79,
2024-02-05T21:00:00-06:00,25.56,21.345,25.1,,,,47173.05,39767,51,0.06,0,5663.04,4113.2,,25979.38,
2024-02-05T22:00:00-06:00,20.2,20.615,21.858,,,,45536.6,37977,49,0.07,0,5902.41,4274.7,,24783.26,
2024-02-05T23:00:00-06:00,19.2,20.35,21.258,,,,43736.36,36601,48,0.05,0,5826.66,4557.9,,23774.16,
2024-02-06T00:00:00-06:00,19.76,19.328,20.777,,,,42656.5,35364,46,0.06,0,5794.35,5334.1,,23194.57,
2024-02-06T01:00:00-06:00,19.15,19.843,20.167,,,,41944.34,35524,45,0.04,0,5439.64,5361.8,,23230.29,
2024-02-06T02:00:00-06:00,19.25,19.825,19.825,,,,41668.89,35606,44,0.05,0,5377.5,5554.5,,23369.03,
2024-02-06T03:00:00-06:00,19.58,20.76,20.747,,,,42078.93,35846,43,0.06,0,5543.54,5591.1,,23537.16,
2024-02-06T04:00:00-06:00,22.28,21.842,21.823,,,,43256.26,36593,43,0.06,0,5721.11,5591.9,,23992.83,
2024-02-06T05:00:00-06:00,27.49,29.237,29.173,,,,45805.75,39173,42,0.11,0,6011.48,5605,,25317.09,
2024-02-06T06:00:00-06:00,63.36,94.7,77.975,,,,49689.95,43266,41,0.34,0,5742.3,5803.2,,27972.94,
2024-02-06T07:00:00-06:00,45.69,48.26,46.327,,,,51351.92,44857,42,660.85,508.8,5613.46,6132.7,,28982.51,
2024-02-06T08:00:00-06:00,20.93,13.963,14.178,,,,50173.05,36620,49,7245.61,6263.7,5773.66,6142.5,,23714.54,
2024-02-06T09:00:00-06:00,16.91,11.73,11.74,,,,48348.25,29669,54,12938.98,12499.2,4829.41,5135,,18698.78,
2024-02-06T10:00:00-06:00,12.98,8.93,8.902,,,,46581.5,26053,58,13684.27,13644.5,5358.88,4801.3,,15651.03,
2024-02-06T11:00:00-06:00,12.47,7.342,7.065,,,,45012.75,23528,61,13859.72,13748.3,6460.9,5755.9,,13316.16,
2024-02-06T12:00:00-06:00,11.5,12.895,11.852,,,,43899.48,23460,63,13162.97,13481,6306.72,6533.4,,13255.57,
2024-02-06T13:00:00-06:00,10.77,11.11,10.605,,,,43227.23,23740,65,12631.12,13395.8,6326.7,7443.8,,13549.24,
2024-02-06T14:00:00-06:00,10.29,10.372,10.345,,,,42777.91,23912,66,10884.95,13143.5,7876.53,8680.3,,13744.08,
2024-02-06T15:00:00-06:00,10.6,10.713,10.71,,,,42745.59,24628,66,9359.84,11925.6,8617.26,10086.9,,14372.86,
2024-02-06T16:00:00-06:00,12.38,12.935,12.935,,,,43153.23,25417,66,6890.4,9353.1,10287.99,11843.2,,15078.39,
2024-02-06T17:00:00-06:00,19.64,20.747,20.747,,,,43725.07,29330,62,1733.33,2909.6,12325.51,13481,,17687.88,
2024-02-06T18:00:00-06:00,20.25,21.023,20.923,,,,45107.45,30797,58,20.13,74,14315.64,15347.1,,18195.32,
2024-02-06T19:00:00-06:00,16.26,18.285,18.285,,,,45983.43,29969,57,0.48,0,15502.11,18526.1,,17920.18,
2024-02-06T20:00:00-06:00,13.79,15.283,15.175,,,,45758.6,26957,55,0.81,0,17999.78,21106.9,,15713.85,
2024-02-06T21:00:00-06:00,13.32,10.07,9.275,,,,44965.44,23113,55,0.64,0,20861.09,22706.5,,12581.25,
2024-02-06T22:00:00-06:00,12.98,11.25,9.855,,,,43521.07,19453,53,0.48,0,22923.17,23303,,9018.67,
2024-02-06T23:00:00-06:00,12.1,11.72,9.955,,,,42104.55,17411,52,0.56,0,23414.72,23965.1,,7082.82,
2024-02-07T00:00:00-06:00,9.75,3.092,2.397,,,,40549.29,15615,51,0.53,0,23931.2,24931.8,,5482.19,
2024-02-07T01:00:00-06:00,8.83,2.14,1.485,,,,39759.68,14894,51,0.49,0,23946.98,24801.6,,5228.45,
2024-02-07T02:00:00-06:00,8.7,5.225,4.28,,,,39583.13,14845,50,0.58,0,23969.23,24443.6,,5283.51,
2024-02-07T03:00:00-06:00,9.32,8.283,7.357,,,,39910.12,15124,49,0.45,0,23982.22,24022.8,,5595.64,
2024-02-07T04:00:00-06:00,12.64,11.33,10.693,,,,41088.47,16919,48,0.25,0,23486.05,23665.2,,7178.85,
2024-02-07T05:00:00-06:00,21.57,17.677,17.17,,,,43854.85,19538,48,0.34,0,23348.38,23252.2,,9200.02,
2024-02-07T06:00:00-06:00,28.15,24.94,21.105,,,,48194.5,23521,48,0.36,0,22956.09,23166.5,,11710.92,
2024-02-07T07:00:00-06:00,23.63,19.918,17.655,,,,49971.31,24571,50,473.08,387.8,23115.86,23268.7,,12715.92,
2024-02-07T08:00:00-06:00,18.71,9.343,8.955,,,,49032.87,21680,53,3801.36,3892,21947.49,23281.4,,10990.92,
2024-02-07T09:00:00-06:00,12.11,4.853,4.69,,,,47761.76,18357,57,7260.98,7618.4,20519.91,23443.2,,8163.21,
2024-02-07T10:00:00-06:00,7.95,1.76,1.702,,,,46521.61,16423,60,6951.14,9165.1,21895.38,25363.6,,7007.33,
2024-02-07T11:00:00-06:00,4.35,0.228,-0.39,,,,45400,15311,62,5935.24,10315,23275.35,26990.6,,6210.52,
2024-02-07T12:00:00-06:00,3.95,0.2,-0.435,,,,44595.46,14267,64,6110.03,10669.5,23759.15,27702.6,,5381.08,
2024-02-07T13:00:00-06:00,4.78,-0.065,-0.9,,,,44187.92,14166,66,5864.6,10432.4,23889.24,28160.4,,5220.26,
2024-02-07T14:00:00-06:00,5.27,1.09,-0.075,,,,43921.95,13937,66,6095.87,9683.9,24026.46,28511.4,,5156.31,
2024-02-07T15:00:00-06:00,5.58,3.017,1.075,,,,44064.38,14613,67,5407.19,8544.1,23889.09,28756.8,,5386.8,
2024-02-07T16:00:00-06:00,9.68,10.117,6.627,,,,44689.38,16321,66,3887.6,6460.6,24010.69,29238.8,,6929.54,
2024-02-07T17:00:00-06:00,17.54,14.255,8.68,,,,45486.87,19539,63,1391.29,2334.7,23910.13,29165.7,,9458.35,
2024-02-07T18:00:00-06:00,18,44.277,39.842,,,,46751.05,24521,62,70.94,111.3,22061.39,28706.4,,12698.45,
2024-02-07T19:00:00-06:00,17.07,40.715,37.733,,,,47157.66,27417,61,0.03,0,19246.4,27842.1,,13676.03,
2024-02-07T20:00:00-06:00,17.77,77.003,74.983,,,,46327.41,28818,61,0.08,0,17183.22,26664.7,,13789.4,
2024-02-07T21:00:00-06:00,15.11,50.88,49.132,,,,44788.94,28725,60,0.04,0,15450.39,25109.9,,14069.68,
2024-02-07T22:00:00-06:00,15.12,31.028,31.465,,,,42686.05,28068,60,0.06,0,13958.51,23848.6,,13705.72,
2024-02-07T23:00:00-06:00,11.58,21.222,20.76,,,,40465.45,25783,59,0.09,0,14196.54,23318.4,,12647.86,
2024-02-08T00:00:00-06:00,9.48,16.562,16.993,,,,38590.63,22182,59,0.11,0,16080.25,23636,,10010.11,
2024-02-08T01:00:00-06:00,5.42,11.872,12.415,,,,37520.14,19372,59,0.32,0,18239.25,23756.4,,8358.26,
2024-02-08T02:00:00-06:00,4.66,5.285,5.322,,,,37022.28,16662,58,0.7,0,20672.73,23560.3,,6377.58,
2024-02-08T03:00:00-06:00,7.17,6.427,6.54,,,,36971.83,15947,58,0.54,0,21489.37,23253.1,,6089.23,
2024-02-08T04:00:00-06:00,9.33,7.078,6.958,,,,37841.38,16440,58,0.65,0,21462.31,22738.2,,6595.58,
2024-02-08T05:00:00-06:00,15.55,12.783,12.808,,,,40255.64,19406,57,0.61,0,20367.91,22062.3,,8963.57,
2024-02-08T06:00:00-06:00,21.53,22.362,22.362,,,,44401.36,23540,56,0.48,0,19248.64,21609.2,,11297.2,
2024-02-08T07:00:00-06:00,23.5,20,20,,,,46305.27,25394,56,302.04,248.6,18491.09,20931.3,,11856.35,
2024-02-08T08:00:00-06:00,14.77,14.222,14.13,,,,46178.16,22504,59,4462.16,4401.9,17596.42,19966.3,,10639.41,
2024-02-08T09:00:00-06:00,9.53,16.815,16.23,,,,46053.59,21657,62,8741.84,9694.4,14259.84,18207.4,,10514.68,
2024-02-08T10:00:00-06:00,9.72,19.02,18.808,,,,45773.72,21818,65,8708.97,11012.9,13590.56,17288.5,,10606.55,
2024-02-08T11:00:00-06:00,10.05,21.25,20.782,,,,45634.22,22767,67,8585.92,11574.7,13109.91,16523.1,,10521.89,
2024-02-08T12:00:00-06:00,10.58,31.525,31.093,,,,45553.64,24915,68,8735.64,11528.6,10838.77,14964.2,,11301.57,
2024-02-08T13:00:00-06:00,12.1,27.495,27.415,,,,45784.79,26438,69,7732.44,11350.6,10396.35,13594,,12493.9,
2024-02-08T14:00:00-06:00,12.19,16.878,16.878,,,,45955.8,26385,69,6520.93,10703.2,11708.02,12936.9,,13782.78,
2024-02-08T15:00:00-06:00,14.33,14.355,14.355,,,,46246.45,25970,69,5784.01,9159.2,12738.64,12782.3,,14816.85,
2024-02-08T16:00:00-06:00,15.03,12.618,12.612,,,,46554.16,26011,68,4637.47,7223.4,14017.01,12894.2,,15254.09,
2024-02-08T17:00:00-06:00,31.79,15.555,15.535,,,,46669.4,27948,65,2308.22,2998.7,14846.43,12639.3,,16759.57,
2024-02-08T18:00:00-06:00,31.52,20.812,20.727,,,,47195.74,31092,63,104.23,90.8,15063.41,12830.2,,18332.7,
2024-02-08T19:00:00-06:00,19.39,14.987,14.98,,,,47147.86,29285,61,0.41,0,16827.92,14760.7,,17470.44,
2024-02-08T20:00:00-06:00,16.18,12.822,12.82,,,,46073.11,26983,60,0.72,0,18829.96,16416.3,,16374.7,
2024-02-08T21:00:00-06:00,12.48,10.003,10.003,,,,44501.89,24146,60,0.66,0,20569.63,17856.1,,13747.47,
2024-02-08T22:00:00-06:00,13.06,8.01,8.01,,,,42427.22,21791,59,0.62,0,21090.01,18942.8,,11471.13,
2024-02-08T23:00:00-06:00,14.07,7.195,7.177,,,,40118.26,19021,58,0.47,0,21572.84,19843.7,,8612.42,
2024-02-09T00:00:00-06:00,10.9,4.66,4.473,,,,38405.01,17047,58,0.3,0,22071.88,20780,,7098.92,
2024-02-09T01:00:00-06:00,9.47,5.738,5.643,,,,37048.22,16613,57,0.26,0,21750.44,20514.9,,7183.59,
2024-02-09T02:00:00-06:00,9.26,4.087,3.928,,,,36460.57,16513,57,0.18,0,21256.75,20229.7,,6860.83,
2024-02-09T03:00:00-06:00,9.48,5.762,5.59,,,,36453.14,16925,57,0.15,0,20777.89,19618.8,,7216.11,
2024-02-09T04:00:00-06:00,12.42,5.808,5.625,,,,37150.97,17404,57,0.13,0,20876.78,18777.6,,7562.58,
2024-02-09T05:00:00-06:00,17.33,8.308,8.13,,,,39278.86,20155,57,0.04,0,20037.92,18076,,10266.12,
2024-02-09T06:00:00-06:00,17.72,13.985,13.868,,,,42972.29,24603,57,0.04,0,18352.54,17431.9,,14860.69,
2024-02-09T07:00:00-06:00,18.41,17.247,17.27,,,,44850.7,27268,58,162.8,203.8,17305.85,16720.6,,16851.4,
2024-02-09T08:00:00-06:00,16.15,15.955,15.758,,,,45293.35,27221,60,1608.5,2190.2,15976.39,15958,,16856.27,
2024-02-09T09:00:00-06:00,15.99,11.8,11.655,,,,45899.45,26087,63,3828.14,4331.8,15509.78,15206.8,,15989.12,
2024-02-09T10:00:00-06:00,12.53,13.21,12.76,,,,46132.96,25293,66,5720.03,5914.7,14707.15,15244.1,,15585.48,
2024-02-09T11:00:00-06:00,10.95,11.1,10.693,,,,46092.14,24551,68,6828.34,7424.2,14417.61,15899.8,,14760.38,
2024-02-09T12:00:00-06:00,10.61,9.25,8.975,,,,46128.19,23714,70,7968.79,8378.2,14208.76,16354.8,,14143.08,
2024-02-09T13:00:00-06:00,11.02,12.41,12.315,,,,46177.98,25478,70,7471.57,8234.6,12831.9,15231.1,,15544.78,
2024-02-09T14:00:00-06:00,13.56,18.295,18.215,,,,46104.4,28125,71,6804.18,7085.4,10931.23,13466.9,,17508.27,
2024-02-09T15:00:00-06:00,16.72,23.18,22.865,,,,46046.35,30814,71,5305.73,5586.2,9509.96,11702,,18834.29,
2024-02-09T16:00:00-06:00,18.38,38.512,37.145,,,,46240.18,34348,70,3260.01,4044.6,8064.41,9943,,20876.57,
2024-02-09T17:00:00-06:00,37.49,37.63,37.86,,,,46119.38,38311,68,968.94,1657.9,6402.95,8000.4,,23792.4,
2024-02-09T18:00:00-06:00,44.56,31.932,33.125,,,,46327.84,41088,66,58.12,126.6,5356.42,5903.2,,25637.09,
2024-02-09T19:00:00-06:00,30.03,25.22,26.615,,,,46087.66,40611,64,16.34,0,5278.1,5760.5,,25590.78,
2024-02-09T20:00:00-06:00,30.02,25.163,26.1,,,,44866.69,39567,63,0.1,0,5572.99,5573.3,,24843.18,
2024-02-09T21:00:00-06:00,25.26,33.26,33.843,,,,43526.98,38778,62,0.09,0,5449.19,5419.4,,24105.59,
2024-02-09T22:00:00-06:00,24.66,31.152,31.438,,,,42027.3,37920,61,0.09,0,4714.26,5329,,23171.78,
2024-02-09T23:00:00-06:00,19.5,24.605,24.755,,,,40204.35,36074,60,0.1,0,4744.6,5308.9,,21592.94,
2024-02-10T00:00:00-06:00,19.97,25.335,25.628,,,,38840.82,33959,60,0.09,0,4943.62,6876.9,,19866,
2024-02-10T01:00:00-06:00,17,21.968,21.968,,,,37554.8,31579,60,0.12,0,6097.22,7940.8,,18103.69,
2024-02-10T02:00:00-06:00,15.1,21.972,21.915,,,,36757.49,29844,60,0.15,0,7190.18,9416.5,,16754.39,
2024-02-10T03:00:00-06:00,12.98,19.41,19.392,,,,36224.67,28887,60,0.14,0,7955.75,10785.5,,16515.19,
2024-02-10T04:00:00-06:00,11.93,19.07,18.985,,,,36325.05,28693,59,0.21,0,8298.45,11933.2,,16519.74,
2024-02-10T05:00:00-06:00,13.43,12.87,12.602,,,,37139.93,26759,59,0.22,0,10616.37,13068.7,,15969.64,
2024-02-10T06:00:00-06:00,12.45,9.743,9.555,,,,38907.16,25215,59,0.22,0,13243.41,13907.7,,15094.89,
2024-02-10T07:00:00-06:00,15.12,10.968,10.993,,,,40589.2,25994,58,41.5,117.6,13839.49,14067.1,,16050.91,
2024-02-10T08:00:00-06:00,13.34,16.453,16.463,,,,42382.58,27625,59,1263.15,2039.3,12913.4,13626.8,,17408.62,
2024-02-10T09:00:00-06:00,12.76,17.283,17.013,,,,44219.86,27690,59,4605.01,5036.5,11181,12974.6,,17575.74,
2024-02-10T10:00:00-06:00,13.15,17.493,16.798,,,,45092.95,27868,60,6823.2,6339.9,9919.4,12738.8,,17516.35,
2024-02-10T11:00:00-06:00,12.56,15.33,14.382,,,,45290.66,27455,61,7681.21,7185.4,9839.75,12397.3,,17171.44,
2024-02-10T12:00:00-06:00,12.12,11.875,11.11,,,,44990.25,26285,62,8591.71,7788.8,9981.18,11917.8,,16129.42,
2024-02-10T13:00:00-06:00,12.3,10.223,10.078,,,,44549.03,25341,63,8858.19,7860.4,10335.21,11163.4,,15241.82,
2024-02-10T14:00:00-06:00,11.26,11.487,11.475,,,,44143.18,25765,62,8406.02,7498.3,10330.78,10572.8,,15816.18,
2024-02-10T15:00:00-06:00,11.51,14.698,14.62,,,,44056.83,27087,62,7087.7,7021.9,9899.34,10544.6,,17025.46,
2024-02-10T16:00:00-06:00,13.8,28,27.995,,,,44071.04,29558,61,4295.83,6112.1,9958.34,11538.6,,18159.75,
2024-02-10T17:00:00-06:00,26.97,27.503,27.408,,,,44165.4,32216,60,1296.19,2762.7,10710.15,12812.2,,18847.88,
2024-02-10T18:00:00-06:00,29.68,23.833,23.123,,,,44933.03,32910,59,25.11,104.3,12251.1,13159.5,,19229.7,
2024-02-10T19:00:00-06:00,19.84,17.18,17.122,,,,45066.77,30888,58,0.07,0,14297.34,14454.4,,18698.02,
2024-02-10T20:00:00-06:00,17.54,15.647,15.38,,,,44074.74,28816,57,0.12,0,15766.19,15561.3,,17910.49,
2024-02-10T21:00:00-06:00,15.26,13.568,13.1,,,,42967.93,27469,57,0.09,0,16348.35,16400.4,,16962.82,
2024-02-10T22:00:00-06:00,15.72,5.475,5.115,,,,41636.61,23226,57,0.27,0,19134.81,16041.7,,12772.02,
2024-02-10T23:00:00-06:00,14.68,-0.535,-0.742,,,,40045.92,20758,56,0.11,0,20480.62,15238.7,,10957.78,
2024-02-11T00:00:00-06:00,17.84,-0.472,-0.703,,,,39250.76,19263,56,0.04,0,20463.02,15998.7,,9884.8,
2024-02-11T01:00:00-06:00,16.37,2.265,2.025,,,,37861.51,18780,55,0.09,0,19937,16357.8,,9573.87,
2024-02-11T02:00:00-06:00,15.2,-2.98,-2.592,,,,36813.54,18655,56,0.07,0,19416.24,16566.6,,9582.91,
2024-02-11T03:00:00-06:00,15.13,-2.225,-1.15,,,,36261.75,18940,55,0.11,0,18711.65,16809.4,,9821.18,
2024-02-11T04:00:00-06:00,15.05,7.312,7.922,,,,36288.11,20156,55,0.12,0,17727.97,17148,,10803.12,
2024-02-11T05:00:00-06:00,16.76,10.805,10.983,,,,36832.11,22502,55,0.15,0,15660.03,17088.8,,12335.67,
2024-02-11T06:00:00-06:00,15.42,15.31,15.375,,,,38121.21,24504,54,0.15,0,14619.67,16969.6,,13385.69,
2024-02-11T07:00:00-06:00,17.64,20.15,20.09,,,,39522.68,26922,53,102.18,170.8,13216.18,16790.1,,14554.34,
2024-02-11T08:00:00-06:00,17.43,17.24,17.125,,,,41083.58,27256,53,2657.31,2397.4,12168.97,16923.8,,15306.03,
2024-02-11T09:00:00-06:00,14.02,20.96,20.705,,,,42734.42,26930,53,4875.89,5785.5,12139.65,17819.7,,14792.51,
2024-02-11T10:00:00-06:00,12.38,16.582,16.37,,,,43422.93,26079,54,5783.28,6755.5,13000.9,18280.4,,14489.7,
2024-02-11T11:00:00-06:00,11.24,12.197,12.008,,,,43834.72,23612,55,6414.57,7553.4,15505.36,17155.5,,13083.54,
2024-02-11T12:00:00-06:00,10.3,8.422,8.418,,,,44006.71,21378,56,6684.61,8393.3,18055.3,17859.2,,11211.26,
2024-02-11T13:00:00-06:00,9.95,3.118,3.095,,,,43982.74,19041,56,7063.76,8411.4,20562.56,19590.6,,9164.21,
2024-02-11T14:00:00-06:00,8.48,4.468,3.927,,,,43952.55,18454,56,6393.71,8052,22211.85,20974.3,,8972.38,
2024-02-11T15:00:00-06:00,8.3,3.455,2.927,,,,43948.28,19075,55,5510.92,7267.6,22928.42,20978.6,,9491.93,
2024-02-11T16:00:00-06:00,10.82,3.585,3.46,,,,43908.86,20285,54,4116.68,5831.4,23471.99,19817.6,,10683.58,
2024-02-11T17:00:00-06:00,19.66,8.155,8.117,,,,44717.83,22869,52,1292.55,2235.7,23618.64,19424.8,,13004.75,
2024-02-11T18:00:00-06:00,28.85,10.315,10.288,,,,46233.14,24734,50,34.57,183.8,22893.71,17708.6,,14594.69,
2024-02-11T19:00:00-06:00,20.17,10.975,10.752,,,,47135.67,25477,48,0.08,0,21977.94,18284,,15099.81,
2024-02-11T20:00:00-06:00,19.42,10.22,10.155,,,,46797.25,25314,47,0.1,0,21802.7,17718,,14885.72,
2024-02-11T21:00:00-06:00,15.86,7.608,7.255,,,,46412.74,24065,45,0.08,0,22131.03,18792.4,,13528.22,
2024-02-11T22:00:00-06:00,14.96,7.988,7.523,,,,44924.56,23211,45,0.11,0,22863.57,19381.9,,12892.68,
2024-02-11T23:00:00-06:00,14.21,7.507,7.255,,,,43113.01,21725,44,0.07,0,22587.21,20755.1,,11298.33,
2024-02-12T00:00:00-06:00,15.26,6.782,6.575,,,,43280.83,20647,42,0.13,0,22135.44,21348.8,,11044.16,
2024-02-12T01:00:00-06:00,12.79,9.697,9.688,,,,42600.66,22289,42,0.13,0,20251.45,21398.4,,12786.96,
2024-02-12T02:00:00-06:00,13.01,11.053,11.335,,,,42607.54,24175,41,0.09,0,18171.35,21325.6,,14559.33,
2024-02-12T03:00:00-06:00,15.26,10.263,10.648,,,,43197.58,24299,40,0.04,0,18398.08,20901,,14639.68,
2024-02-12T04:00:00-06:00,17.47,10.71,10.882,,,,44697.15,25043,40,0.04,0,18951.27,20345.1,,15449.2,
2024-02-12T05:00:00-06:00,19.27,10.773,11.235,,,,47779.91,27884,39,0.02,0,18797.04,19692.4,,17839.59,
2024-02-12T06:00:00-06:00,29.32,17.177,17.56,,,,52307.01,32494,39,0.11,0,18360.15,19142,,21863.14,
2024-02-12T07:00:00-06:00,35.06,18.605,18.62,,,,54680.48,35090,40,595.2,606.1,17451.26,18612.3,,22973.64,
2024-02-12T08:00:00-06:00,19.88,9.82,9.68,,,,54195.96,29819,42,7034.95,6827.1,16170.19,17439.6,,19083.53,
2024-02-12T09:00:00-06:00,13.19,7.038,7.252,,,,52968.07,26302,45,12749.65,13955.7,12845.7,15156.8,,16637.56,
2024-02-12T10:00:00-06:00,11.26,6.665,6.117,,,,51372.73,25234,49,14465.45,14749.2,10372.22,13193.1,,15728.27,
2024-02-12T11:00:00-06:00,10.7,6.503,6.345,,,,49762.63,24483,52,14626.39,14869.7,9459.1,12003.2,,14912.9,
2024-02-12T12:00:00-06:00,9.59,2.9,2.68,,,,48110.51,22999,54,14705.6,14802.9,9332.22,11482.8,,13485.61,
2024-02-12T13:00:00-06:00,9.13,0.263,0.18,,,,46795.87,22103,56,14035.02,14869.2,9528.12,10899.2,,13107.93,
2024-02-12T14:00:00-06:00,8.99,0.17,0.095,,,,45675.79,22078,58,13433.59,15072,9205.61,9793.4,,13133.95,
2024-02-12T15:00:00-06:00,9.35,0.068,0.042,,,,45060.27,22708,58,13166.44,15193.2,8204.07,8080.1,,13851.17,
2024-02-12T16:00:00-06:00,11.1,0.067,0.08,,,,45433.03,25193,58,13005.39,13618.7,6360.44,5894.9,,16031.47,
2024-02-12T17:00:00-06:00,25.84,30.8,30.8,,,,46515.31,35262,55,6309.07,5467.2,4141.18,3631.9,,24874.14,
2024-02-12T18:00:00-06:00,53.35,36.912,38.637,,,,48867.96,46270,52,247.31,208,1907.25,1844.7,,32147.58,
2024-02-12T19:00:00-06:00,45.66,24.723,27.818,,,,50416.22,47814,49,0.53,0,1506.05,1381.7,,32567.56,
2024-02-12T20:00:00-06:00,35.98,28.668,31.098,,,,50744.14,48087,46,0.28,0,1358.84,1353.2,,32885.01,
2024-02-12T21:00:00-06:00,27.01,27.62,30.012,,,,50090.77,47453,45,0.18,0,1278.54,1661.2,,32467.9,
2024-02-12T22:00:00-06:00,18.38,23.343,25.32,,,,48502.09,45309,43,0.08,0,1591.45,2376.4,,31221.55,
2024-02-12T23:00:00-06:00,17.39,21.387,22.983,,,,46839.54,42939,41,0.1,0,2398.97,3409.7,,29263.63,
2024-02-13T00:00:00-06:00,17.93,20.855,21.695,,,,44343.28,41293,40,0.12,0,3353.7,3316.3,,28402.08,
2024-02-13T01:00:00-06:00,16.72,18.892,18.96,,,,43449.96,39825,38,0.15,0,4757.35,4639.7,,27801.16,
2024-02-13T02:00:00-06:00,16.26,17.44,17.443,,,,42950.46,38675,37,0.15,0,6157.96,5999.9,,27595.17,
2024-02-13T03:00:00-06:00,15.95,17.913,17.913,,,,43305.74,38488,37,0.16,0,6922.29,7021.5,,27657.31,
2024-02-13T04:00:00-06:00,16.7,16.785,16.785,,,,44513,38065,36,0.16,0,8547.46,7729.7,,27625.16,
2024-02-13T05:00:00-06:00,21.3,20.07,20.128,,,,47183.7,39541,35,0.24,0,10249.29,8567.4,,28488.78,
2024-02-13T06:00:00-06:00,33.28,26.233,27.148,,,,51245.91,42957,35,0.61,0,11268.13,9753.4,,29297.99,
2024-02-13T07:00:00-06:00,25.9,25.937,23.642,,,,52954.58,42823,38,1066.66,766.5,12057.21,11300.7,,28942.68,
2024-02-13T08:00:00-06:00,17.06,4.332,4.285,,,,51811.23,31592,45,9436.55,8346.1,12845.85,12297.9,,19937.58,
2024-02-13T09:00:00-06:00,12.63,6.75,6.725,,,,50041.21,24094,51,15870.19,15585.9,10478.39,10902.4,,13687.77,
2024-02-13T10:00:00-06:00,12.47,2.48,2.48,,,,48192.8,20643,56,16441.11,16184.4,10696.34,9721.3,,10962.75,
2024-02-13T11:00:00-06:00,11.01,0.01,0.01,,,,46528.19,18646,59,15710.9,15964.4,11607.75,10373.2,,9436.23,
2024-02-13T12:00:00-06:00,9.02,0,0,,,,45082.35,18618,62,14678.73,15428.7,11101.34,11281.2,,9292.94,
2024-02-13T13:00:00-06:00,7.44,0,0,,,,44123.45,18431,64,14457.45,15475.6,10512.31,11636.6,,8971.28,
2024-02-13T14:00:00-06:00,5.48,0,0,,,,43351.03,18438,65,14130.39,15724,10243.14,11900,,9100.13,
2024-02-13T15:00:00-06:00,5.09,0,0,,,,42976.34,18633,65,13970.81,15734.7,10115.5,12083.4,,9353.21,
2024-02-13T16:00:00-06:00,9.25,3.068,3.068,,,,43297.16,19620,65,13198.15,13945.2,10246.54,12091,,10416.15,
2024-02-13T17:00:00-06:00,20.05,109.212,109.212,,,,44015.12,27617,61,6153.13,5616.1,9787.04,11971.8,,16937.32,
2024-02-13T18:00:00-06:00,24.22,64.83,64.693,,,,45862.2,34744,56,263.74,191.2,10094.64,13323.8,,20766.97,
2024-02-13T19:00:00-06:00,16.57,20.863,20.69,,,,47134.83,32701,54,0.07,0,13329.51,17358.7,,19421.27,
2024-02-13T20:00:00-06:00,15.1,13.493,13.34,,,,47322.96,28123,53,0.12,0,17870.65,20554.8,,16887.43,
2024-02-13T21:00:00-06:00,12.11,9.807,9.6,,,,46711.58,23812,51,0.54,0,21778.41,23128.8,,13576.74,
2024-02-13T22:00:00-06:00,9.16,7.655,6.702,,,,44928.62,20809,50,0.09,0,23738.95,24683.4,,10561.69,
2024-02-13T23:00:00-06:00,8.48,10.592,9.075,,,,43181.92,19436,48,0.04,0,23047.99,25511.3,,9225.33,
2024-02-14T00:00:00-06:00,6.29,6.85,5.773,,,,42570.6,17835,47,0.01,0,24001.1,25502.6,,7955.65,
2024-02-14T01:00:00-06:00,4.64,7.578,6.243,,,,41700.4,17605,46,0.03,0,23667.71,25543.5,,7737.8,
2024-02-14T02:00:00-06:00,4.81,7.707,6.35,,,,41437.36,17913,46,0,0,23223.96,25403.8,,8025.72,
2024-02-14T03:00:00-06:00,6.26,7.903,6.712,,,,41691.03,18111,45,0,0,23399.86,25003.2,,8217.06,
2024-02-14T04:00:00-06:00,8.5,7.683,6.873,,,,42831.93,19187,44,0.1,0,23541.28,24533.9,,9290.6,
2024-02-14T05:00:00-06:00,13.55,13.133,12.27,,,,45582.21,22019,43,0.22,0,23325.85,23991.2,,12052.69,
2024-02-14T06:00:00-06:00,21.26,33.295,32.73,,,,49850.85,26496,43,0.19,0,22964.35,23556.9,,14454.97,
2024-02-14T07:00:00-06:00,20.67,20.643,20.328,,,,51607.21,27694,45,733.7,611.5,22644.56,23246.8,,14850.56,
2024-02-14T08:00:00-06:00,13.17,4.072,3.625,,,,50792.72,21683,51,7211.88,6795.8,20810.71,21754.2,,10681.17,
2024-02-14T09:00:00-06:00,8.19,2.67,2.273,,,,49563.42,17834,56,12740.94,13171.2,17386.23,19832.2,,8168.37,
2024-02-14T10:00:00-06:00,4.57,0.002,0.002,,,,48177.09,16779,60,12390.98,14029.2,17431.73,19357.2,,7662.13,
2024-02-14T11:00:00-06:00,3.02,0,0,,,,46940.59,15931,63,11801.04,14101.3,17529.67,19647.7,,6935.02,
2024-02-14T12:00:00-06:00,2.5,0,0,,,,45868.93,15764,64,11250.43,13671.1,17263.34,19791.8,,6899.27,
2024-02-14T13:00:00-06:00,2.43,0,0,,,,45291.32,15804,66,10829.02,13567.8,17224.72,19565.8,,6946.03,
2024-02-14T14:00:00-06:00,2.68,0,0,,,,44857.7,16092,67,11489.78,13401.3,16227.76,19179.3,,6991.95,
2024-02-14T15:00:00-06:00,3.68,0,0,,,,44755.73,16269,67,11604.5,12184.1,15676.12,18745.7,,7211.31,
2024-02-14T16:00:00-06:00,9.34,2.365,2.158,,,,45332,17485,66,9736.3,10383.5,16560.68,18332.3,,8265.57,
2024-02-14T17:00:00-06:00,16.92,14.205,14.175,,,,46175.93,22752,64,4592.24,4362.8,16891.24,17732.5,,12597.33,
2024-02-14T18:00:00-06:00,21.75,23.4,23.293,,,,47476.01,27445,61,232.49,173.5,17795.07,18118.5,,15569.28,
2024-02-14T19:00:00-06:00,15.61,13.61,13.5,,,,47966.44,24703,60,0.31,0,21099.52,19925.7,,13710.63,
2024-02-14T20:00:00-06:00,14.05,15.152,14.842,,,,47318.69,23939,59,0.36,0,21392.47,21054.7,,13695.97,
2024-02-14T21:00:00-06:00,10.17,13.927,13.405,,,,45845.99,23348,58,0.1,0,20934.74,21270.7,,13098.73,
2024-02-14T22:00:00-06:00,9.17,11.105,10.835,,,,43683.63,22444,58,0.23,0,19874.98,20516.8,,12447.55,
2024-02-14T23:00:00-06:00,11.32,10.987,10.922,,,,41430.66,20884,56,0.2,0,19468.03,19522.7,,10859.7,
2024-02-15T00:00:00-06:00,10.83,10.585,10.538,,,,39346.41,20589,56,0.13,0,18198.14,19204.7,,10870.88,
2024-02-15T01:00:00-06:00,10.61,8.703,8.678,,,,38219.57,20594,55,0.03,0,17474.87,18005.7,,10836.18,
2024-02-15T02:00:00-06:00,11.33,8.353,8.353,,,,37688.78,21314,55,0.02,0,16249.55,16558.7,,11617.38,
2024-02-15T03:00:00-06:00,12.66,7.403,7.805,,,,37712.82,22721,54,0.02,0,14901.63,14880.1,,12848.05,
2024-02-15T04:00:00-06:00,13.91,5.618,5.618,,,,38583.13,24419,54,0.02,0,13932.85,12921.7,,14294.22,
2024-02-15T05:00:00-06:00,13.32,10.857,10.922,,,,40998.25,28987,54,0.07,0,11407.57,10942.5,,18792.12,
2024-02-15T06:00:00-06:00,24.96,15.792,16.278,,,,45085.42,33757,53,0.35,0,9920.46,9065.5,,23535.83,
2024-02-15T07:00:00-06:00,28.56,17.408,18.017,,,,46825.86,35817,54,335.24,383.8,8790.73,7459.4,,24691.44,
2024-02-15T08:00:00-06:00,18.88,16.243,16.487,,,,46556.77,35058,57,3132.8,4258.4,6525.11,5700.6,,24706.5,
2024-02-15T09:00:00-06:00,14.02,13.645,13.645,,,,46320.57,33837,60,7499.97,8718.1,3305.57,3564.2,,23525.72,
2024-02-15T10:00:00-06:00,14.21,11.523,11.513,,,,45962.86,32257,64,9453.48,10052.9,2346.47,2439.9,,21964.14,
2024-02-15T11:00:00-06:00,12.93,10.928,10.928,,,,45567,31425,66,10531.67,11037,1918.81,2292.2,,21395.29,
2024-02-15T12:00:00-06:00,11.91,9.065,9.087,,,,45312.49,30079,68,11361.53,11066.6,2079.08,2645.4,,20256.02,
2024-02-15T13:00:00-06:00,11.12,9.532,9.532,,,,45291.36,30312,69,11060.04,10629.4,2169.66,3203.5,,20432.39,
2024-02-15T14:00:00-06:00,11.08,10.575,10.575,,,,45217.86,30856,70,9403.18,9804.8,3115.86,3989.6,,20972.12,
2024-02-15T15:00:00-06:00,14.04,12.615,12.615,,,,45417.91,32147,70,6858.24,7735,4440.06,5043.3,,22286.02,
2024-02-15T16:00:00-06:00,16.61,16.74,16.743,,,,45833.69,33811,69,3958.94,5768.4,5835.37,6077.7,,23695.21,
2024-02-15T17:00:00-06:00,24.05,19.233,19.233,,,,46173.67,35788,67,1146.53,2455.5,7032.97,7123,,24768.66,
2024-02-15T18:00:00-06:00,23.3,16,15.95,,,,47156.22,35642,64,42.37,126,9572.43,8400.5,,24621.22,
2024-02-15T19:00:00-06:00,14.6,10.765,10.768,,,,47839.28,32021,63,0.28,0,13456.39,12246.8,,21799.37,
2024-02-15T20:00:00-06:00,11.62,7.167,7.137,,,,46841.63,28035,62,0.47,0,17076.71,15911.9,,18149.55,
2024-02-15T21:00:00-06:00,11.8,6.31,5.903,,,,45296.87,24198,62,0.03,0,19901.86,18407.6,,14456.98,
2024-02-15T22:00:00-06:00,10.85,8.437,8.012,,,,43202.19,21686,62,0.03,0,20389.25,19440.7,,11706,
2024-02-15T23:00:00-06:00,8.59,9.503,9.085,,,,40910.96,19601,61,0.03,0,20361.26,20152.2,,9733.69,
2024-02-16T00:00:00-06:00,5.14,9.092,8.68,,,,38609.65,18435,61,0.04,0,19998.76,20552.7,,8761.45,
2024-02-16T01:00:00-06:00,4.27,7.655,7.257,,,,37234.43,17697,61,0.04,0,19968.8,20616,,8146.73,
2024-02-16T02:00:00-06:00,4.39,6.675,6.29,,,,36660.43,17230,60,0.04,0,19796.46,20456.7,,7722.69,
2024-02-16T03:00:00-06:00,5.73,6.58,7.01,,,,36576.06,17503,59,0.03,0,19473.05,19960.9,,7987.21,
2024-02-16T04:00:00-06:00,7.98,5.777,6.763,,,,37291.68,18484,59,0.03,0,19051.06,19304.8,,8962.38,
2024-02-16T05:00:00-06:00,10.33,4.968,5.418,,,,39486.89,20346,58,0.04,0,18825.21,18572.7,,10879.54,
2024-02-16T06:00:00-06:00,16.58,8.975,8.847,,,,43341.14,23369,58,0.04,0,18482.24,17920.3,,13821.46,
2024-02-16T07:00:00-06:00,16.16,9.942,9.942,,,,45305.2,25079,58,121.46,198.2,18102.76,17578.3,,15008.78,
2024-02-16T08:00:00-06:00,14.26,10.688,10.688,,,,45719.06,25026,60,1631.21,2118.1,17173.28,16938.2,,15165.39,
2024-02-16T09:00:00-06:00,12.65,8.48,8.308,,,,46332.34,23290,62,4859.18,4561.8,16485.35,15995.7,,13547.97,
2024-02-16T10:00:00-06:00,10.16,6.138,5.01,,,,46386.82,21089,64,6428.66,5893.7,17214.33,16032.7,,11544.61,
2024-02-16T11:00:00-06:00,10.04,7.61,6.487,,,,46089.98,19990,66,6321.88,7190,18171.45,16807.6,,10577.26,
2024-02-16T12:00:00-06:00,9.05,7.393,6.125,,,,45801.06,19322,67,6563.57,8191.8,18530.73,17485.5,,10170.08,
2024-02-16T13:00:00-06:00,8.56,8.678,7.452,,,,45677.3,19625,67,6069.4,7973.3,18744.52,17539.7,,10519.8,
2024-02-16T14:00:00-06:00,8.18,9.685,8.215,,,,45366.17,20347,66,5090.42,7177.9,18852.87,17404.6,,10815.28,
2024-02-16T15:00:00-06:00,8.15,10.565,8.935,,,,45161.65,20967,64,4155.12,6235.8,19079.57,17534.8,,11395.95,
2024-02-16T16:00:00-06:00,8.96,9.01,7.245,,,,45357.21,21548,63,3363.06,5088.4,19235.39,17985.8,,11890.57,
2024-02-16T17:00:00-06:00,16.18,13.377,12.22,,,,45535.5,23282,60,2548.24,2548.8,18566.53,18448.7,,13242.64,
2024-02-16T18:00:00-06:00,17.44,48.422,48.422,,,,46063.6,27480,58,263.42,189.2,17507.32,18567.4,,15877.52,
2024-02-16T19:00:00-06:00,14.77,17.965,17.855,,,,46135.44,27136,57,0.11,0,18568.68,19019.9,,16127.32,
2024-02-16T20:00:00-06:00,13.62,13.79,13.345,,,,45274.17,24668,55,0.12,0,20605.17,19727.9,,14850.55,
2024-02-16T21:00:00-06:00,12.63,11.237,10.827,,,,44129.96,23717,52,0.12,0,21236.5,20392.3,,14022.28,
2024-02-16T22:00:00-06:00,10.67,11.352,10.932,,,,43023.72,22547,50,0.1,0,21663.35,20527.1,,12924.28,
2024-02-16T23:00:00-06:00,9.49,12.76,12.273,,,,41699.74,21514,49,0.13,0,21479.77,20657.3,,11905.12,
2024-02-17T00:00:00-06:00,12.13,11.723,11.583,,,,42522.04,21171,47,0.19,0,20843.04,19121.4,,11872.62,
2024-02-17T01:00:00-06:00,9.94,9.63,9.63,,,,41970.75,20760,46,0.1,0,20691.95,19213.2,,11542.2,
2024-02-17T02:00:00-06:00,9.21,6.97,6.97,,,,41984.17,19240,44,0.1,0,22211.93,19749.4,,9889.51,
2024-02-17T03:00:00-06:00,9.55,5.62,5.653,,,,42164.3,17993,43,0.1,0,23708.98,20749.1,,9179.65,
2024-02-17T04:00:00-06:00,9.82,1.945,2.355,,,,42954.16,17560,42,0.1,0,25010.82,22161.9,,8968.67,
2024-02-17T05:00:00-06:00,10.01,1.51,2.043,,,,44317.69,18451,40,0.11,0,25743.93,23482.1,,10000.26,
2024-02-17T06:00:00-06:00,13.6,4.773,4.87,,,,46642.61,20550,39,0.12,0,25809.53,24330.4,,12070.83,
2024-02-17T07:00:00-06:00,16.87,8.092,7.902,,,,48710.92,23141,39,198.42,416.5,25125.88,24508.3,,14418.21,
2024-02-17T08:00:00-06:00,14.11,8.235,7.975,,,,50477.38,23872,39,1735.04,3981.9,25212.33,24450.6,,15358.57,
2024-02-17T09:00:00-06:00,12.2,8.348,7.58,,,,51820.51,22597,39,4074.66,8422.3,25816.23,23770.6,,14196.7,
2024-02-17T10:00:00-06:00,10.57,8.485,7.34,,,,51820.63,21899,40,6129.01,9843.3,24834.85,21968.4,,13699.6,
2024-02-17T11:00:00-06:00,10.07,6.49,5.525,,,,50949.35,20841,41,8379.28,10719.6,23171.49,20079.6,,12470.15,
2024-02-17T12:00:00-06:00,10.23,3.213,2.705,,,,49352.74,19653,42,10347.17,11363.1,21346.14,18588.9,,11316.22,
2024-02-17T13:00:00-06:00,8.74,0.057,-0.047,,,,47933.38,19900,44,10213.1,11242.6,19906.61,16936.2,,11729.45,
2024-02-17T14:00:00-06:00,8.8,0.027,-0.062,,,,46772.92,20501,45,9598.39,10763.3,18658.37,15462.4,,12543.92,
2024-02-17T15:00:00-06:00,9.38,-0.107,-0.175,,,,46395.19,22272,45,8488.02,10091.6,17785.87,13862.8,,14267.15,
2024-02-17T16:00:00-06:00,10.3,-0.002,-0.035,,,,47301.09,25903,45,7220.98,8571.5,15978.52,12296.4,,17692.42,
2024-02-17T17:00:00-06:00,22.8,7.885,7.883,,,,49400.07,31908,44,3924.43,4003,14240.43,10550.1,,23417.96,
2024-02-17T18:00:00-06:00,47.02,31.307,32.1,,,,51492,41351,42,166.68,262,10848.34,7775.6,,31770.09,
2024-02-17T19:00:00-06:00,37.45,25.408,27.625,,,,52497.32,45053,41,0.22,0,8435.71,6432.2,,34050.46,
2024-02-17T20:00:00-06:00,41.3,29.315,30.358,,,,52164.65,46032,39,1.2,0,7876.53,5571.7,,34478.1,
2024-02-17T21:00:00-06:00,37.7,23.17,24.858,,,,51770.68,46071,38,0.27,0,7662.46,4989.3,,34420.83,
2024-02-17T22:00:00-06:00,24.75,35.733,37.2,,,,50983.13,45566,38,0.21,0,7242.26,4812.2,,33969.49,
2024-02-17T23:00:00-06:00,19.7,35.323,36.508,,,,50179.43,44651,36,0.24,0,7197.44,4673,,33136.52,
2024-02-18T00:00:00-06:00,21.5,23.04,24.805,,,,51463.46,43221,35,0.21,0,7831.01,5130,,31981.98,
2024-02-18T01:00:00-06:00,20.35,24.178,24.833,,,,50794.07,42101,34,0.21,0,8399.44,5602.4,,31475.85,
2024-02-18T02:00:00-06:00,19.11,21.68,21.812,,,,50609.86,40659,33,0.19,0,9639.93,6281.1,,30117.92,
2024-02-18T03:00:00-06:00,21.01,20.04,20.707,,,,50854.93,39883,33,0.2,0,10763,7029.4,,29619.58,
2024-02-18T04:00:00-06:00,22.7,24.468,25.277,,,,51713.17,40209,32,0.18,0,11001.01,7563.4,,30114.72,
2024-02-18T05:00:00-06:00,25.76,29.098,29.508,,,,53218.31,41754,31,0.17,0,10342.72,7784.5,,31414.69,
2024-02-18T06:00:00-06:00,34.11,40.077,40.943,,,,55430.3,44711,30,1.45,0,9231.5,7895.7,,33620.95,
2024-02-18T07:00:00-06:00,33.41,41.33,43.378,,,,57208.01,46256,32,1199.34,1023.9,7521.27,7649.4,,34563.99,
2024-02-18T08:00:00-06:00,19.34,11.58,11.772,,,,57639.36,39182,37,10104.27,8970.3,5522.98,6430.6,,29260.15,
2024-02-18T09:00:00-06:00,15.46,12.813,12.825,,,,56188,33451,41,16022.97,15932.6,3101.29,4307.2,,24836.92,
2024-02-18T10:00:00-06:00,13.7,13.295,13.308,,,,53828.04,31305,44,16923.08,16380.2,1816.24,2806.5,,23098.57,
2024-02-18T11:00:00-06:00,13.8,12.493,12.502,,,,51357.25,28927,47,16880.03,16233,1863.22,2096.1,,20582.81,
2024-02-18T12:00:00-06:00,12.26,8.343,8.35,,,,48982.86,26160,50,16735.02,15658.3,2750.07,1888.9,,17573.4,
2024-02-18T13:00:00-06:00,9.74,6.847,6.85,,,,46873.57,23825,52,16650.09,15620,3547.45,2205.6,,15320.04,
2024-02-18T14:00:00-06:00,8.89,3.583,3.585,,,,45493.98,22054,53,16815.35,15838.6,3972.52,2768.7,,13855.45,
2024-02-18T15:00:00-06:00,8.67,3.733,3.735,,,,45028.22,21640,54,16507.38,15723.2,4047.91,3487.2,,14086.97,
2024-02-18T16:00:00-06:00,8.97,3.375,3.375,,,,45509.07,22270,54,14728.96,14202.1,5055.81,4452.1,,14592.15,
2024-02-18T17:00:00-06:00,20.03,21.983,21.983,,,,47131.85,30465,53,6477.8,6309.7,6021.25,5448.2,,21609.88,
2024-02-18T18:00:00-06:00,36.23,44.51,44.515,,,,50129.72,37711,49,370.8,299.4,7783.19,6927,,26430.73,
2024-02-18T19:00:00-06:00,19.81,19.912,19.912,,,,52079.55,36615,46,0.17,0,11458.82,10416.1,,26362.07,
2024-02-18T20:00:00-06:00,16.25,15.655,15.655,,,,52531.49,33916,44,0.63,0,14782.77,14486.1,,24634.32,
2024-02-18T21:00:00-06:00,12.12,12.04,11.977,,,,52183.74,30743,43,0.74,0,18355.4,17210.4,,21573.98,
2024-02-18T22:00:00-06:00,10.92,8.488,7.485,,,,50282.51,26997,42,0.7,0,21340.11,18902.8,,17892,
2024-02-18T23:00:00-06:00,11.29,8.7,7.543,,,,48001.88,25070,40,0.67,0,22375.55,20071.1,,16165.33,
2024-02-19T00:00:00-06:00,10.87,8.45,7.325,,,,46017.6,24016,40,0.62,0,22577.31,21558.9,,15229.3,
2024-02-19T01:00:00-06:00,11.35,8.305,7.36,,,,45276.73,23705,39,0.62,0,22572.42,21805.7,,14996.37,
2024-02-19T02:00:00-06:00,12.14,8.615,7.697,,,,44948.62,24015,38,0.66,0,22590.43,21442.9,,15368.78,
2024-02-19T03:00:00-06:00,12.15,10.072,9.492,,,,45643.44,25216,37,0.68,0,22145.39,20964.7,,16561.07,
2024-02-19T04:00:00-06:00,12.23,13.193,12.96,,,,47032.99,27416,37,0.73,0,21453.06,20596.5,,18713.3,
2024-02-19T05:00:00-06:00,15.82,23.875,23.602,,,,49583.34,30397,37,0.74,0,21129.26,20227,,20554.83,
2024-02-19T06:00:00-06:00,23.5,61.202,60.8,,,,52975.87,34094,36,0.96,0,20756.83,19627.6,,22143.22,
2024-02-19T07:00:00-06:00,21.32,59.007,58.667,,,,54854.76,34634,39,1473.67,1012.7,20062.69,18815.3,,22627.35,
2024-02-19T08:00:00-06:00,11.51,7.998,7.96,,,,54168.76,26910,47,10748.13,9099.2,16941.88,16347.4,,17093.07,
2024-02-19T09:00:00-06:00,9.17,8.805,8.773,,,,52093.22,23883,53,16646.3,15865.6,11126.02,11944.6,,15188.31,
2024-02-19T10:00:00-06:00,10.02,10.85,10.83,,,,49573.63,23411,58,17123.15,16397.8,8538.56,8145.6,,14870.19,
2024-02-19T11:00:00-06:00,9.56,9.137,9.12,,,,47328.44,22638,62,16968.63,16302.3,7376.61,6114,,14020.78,
2024-02-19T12:00:00-06:00,9.16,8.993,8.592,,,,45629.71,22110,64,16764.46,15765.9,6100.87,4952.7,,13590.55,
2024-02-19T13:00:00-06:00,8.06,9.615,8.93,,,,44563.23,22187,66,16676.91,15782.4,5090.99,4049.6,,13794.35,
2024-02-19T14:00:00-06:00,7.8,9.04,8.345,,,,43782.95,21657,68,16840.01,16035.8,4978.71,3550.4,,13213.22,
2024-02-19T15:00:00-06:00,8.12,6.158,5.745,,,,43595.72,21303,68,16964.97,16149.8,4893.63,3320.7,,12931.14,
2024-02-19T16:00:00-06:00,9.33,6.555,6.23,,,,43995.88,23182,68,15304.94,14575.2,4816.07,3221.5,,14936.44,
2024-02-19T17:00:00-06:00,26.57,90.512,88.52,,,,44747.92,32834,66,6936.41,6643.5,4211.42,3082.6,,22962.48,
2024-02-19T18:00:00-06:00,43.95,92.427,92.005,,,,46128.93,41333,61,301.41,294.5,3677.41,3737.9,,29659.68,
2024-02-19T19:00:00-06:00,23.09,46.928,47.555,,,,47342.93,41546,58,0.13,0,5438.21,5709.2,,29491.83,
2024-02-19T20:00:00-06:00,19.21,23.24,23.41,,,,47319.32,39057,56,0.25,0,7720.18,8064,,27660.84,
2024-02-19T21:00:00-06:00,14.88,18.587,17.82,,,,46578.08,34762,54,0.17,0,10835.67,10437.3,,24596.68,
2024-02-19T22:00:00-06:00,12.16,11.135,11.005,,,,45101.62,30601,52,0.18,0,13270.76,12888.8,,21651.87,
2024-02-19T23:00:00-06:00,12.22,8.807,8.805,,,,43464.89,26270,52,0.21,0,15682.73,15287.5,,17739.22,
2024-02-20T00:00:00-06:00,11.69,6.785,6.782,,,,41987.15,23784,51,0.2,0,16920.94,14733.2,,15605.51,
2024-02-20T01:00:00-06:00,10.74,6.255,6.2,,,,41192.95,22910,50,0.3,0,17357.59,15259.7,,14846.37,
2024-02-20T02:00:00-06:00,10.27,4.785,4.09,,,,40855.06,22172,48,0.28,0,18065.5,15517.5,,14080.93,
2024-02-20T03:00:00-06:00,10.14,5.805,4.955,,,,41081.62,22606,47,0.42,0,18019.6,15498.4,,14621.55,
2024-02-20T04:00:00-06:00,10.86,7.19,6.307,,,,42196.06,23580,45,0.52,0,18366.04,15422.9,,15766.17,
2024-02-20T05:00:00-06:00,14.08,11.62,10.835,,,,44792.38,27272,45,0.47,0,17393.01,15152.4,,19387.43,
2024-02-20T06:00:00-06:00,23.68,27.527,27.465,,,,48849.45,32424,45,0.65,0,16291.03,14763.3,,22427.72,
2024-02-20T07:00:00-06:00,20.46,20.34,20.34,,,,50442.38,33699,47,1283.88,935.1,15160.98,14659.5,,22484.58,
2024-02-20T08:00:00-06:00,10.64,4.625,4.615,,,,49628.64,24975,55,9406.65,7863.7,13809.68,13781.1,,15736.13,
2024-02-20T09:00:00-06:00,9.66,4.145,4.12,,,,48360.45,20649,61,15570.96,13947,9618.59,10463.5,,12816.68,
2024-02-20T10:00:00-06:00,9.36,4.603,4.592,,,,47049.97,20384,67,16411.08,14900.3,7642.57,7305.6,,12719.75,
2024-02-20T11:00:00-06:00,10.29,5.29,5.205,,,,46157.47,19929,71,16168.05,15179.3,7374.29,6595.8,,12074.41,
2024-02-20T12:00:00-06:00,9.11,2.84,2.78,,,,45483.64,19084,75,15833.57,15081.4,8371.35,7318.5,,11139.54,
2024-02-20T13:00:00-06:00,7.59,0.425,0.032,,,,45267.46,18534,77,15206.92,15072.2,10201.04,8519,,10646.32,
2024-02-20T14:00:00-06:00,6.4,-0.01,-0.575,,,,45135.56,18910,79,12633.02,15241.8,12765.19,9718.7,,10995.63,
2024-02-20T15:00:00-06:00,7.09,-0.058,-0.652,,,,45098.07,19795,79,10716.44,15247,14362.81,10581.7,,11967.09,
2024-02-20T16:00:00-06:00,7.84,-0.13,-0.65,,,,45450.5,21202,78,9114.75,13656,15207.35,10939.4,,13294.55,
2024-02-20T17:00:00-06:00,24.56,8.07,7.842,,,,45540.41,24371,75,6282.67,6454.2,15314.39,10845.6,,16272.17,
2024-02-20T18:00:00-06:00,30.87,20.287,20.197,,,,46490.63,30828,70,433.44,322.2,15504.21,11849.8,,21483.13,
2024-02-20T19:00:00-06:00,14.53,12.615,12.612,,,,47195.67,28932,67,0.23,0,18293.12,16218.9,,20248.67,
2024-02-20T20:00:00-06:00,11.9,9.49,9.38,,,,46702.75,25174,65,0.61,0,21304.45,19846.9,,16865.28,
2024-02-20T21:00:00-06:00,9.53,5.373,4.945,,,,45513.15,21027,64,0.76,0,24083.99,22600.7,,12781.73,
2024-02-20T22:00:00-06:00,10.14,8.137,6.397,,,,43364.52,17668,62,0.46,0,25284.95,24573.9,,9677.3,
2024-02-20T23:00:00-06:00,9.38,3.015,1.467,,,,41119.53,15819,60,0.55,0,24328.05,25666.6,,7908.59,
2024-02-21T00:00:00-06:00,5.12,-2.625,-3.795,,,,39102.69,14682,60,0.43,0,23864.1,27607.2,,7042.44,
2024-02-21T01:00:00-06:00,4.51,-5.103,-5.558,,,,37946.83,14691,58,0.22,0,22665.1,27427.8,,7031.53,
2024-02-21T02:00:00-06:00,3.58,-3.655,-4.585,,,,37297.1,14661,56,0.16,0,21941.36,27001.5,,7111.79,
2024-02-21T03:00:00-06:00,3.54,-2.58,-3.123,,,,37244.35,14639,56,0.16,0,21911.09,26398.5,,7146.53,
2024-02-21T04:00:00-06:00,5.6,2.723,2.28,,,,38016.75,14759,57,0.47,0,22460.66,25639.3,,7420.92,
2024-02-21T05:00:00-06:00,11.9,11.447,10.698,,,,40083.63,17365,56,0.46,0,21623.69,24792.6,,9755.37,
2024-02-21T06:00:00-06:00,22.22,25.345,24.062,,,,43634.95,21185,56,0.58,0,20952.31,24233.6,,12274.08,
2024-02-21T07:00:00-06:00,21.21,19.137,18.035,,,,45158.16,22672,58,970.21,783.4,19765.18,23624.4,,12956.49,
2024-02-21T08:00:00-06:00,9.43,4.5,3.692,,,,45199.18,17601,62,8033.66,6908.4,17907.16,22151.1,,9472.19,
2024-02-21T09:00:00-06:00,8.47,8.04,7.215,,,,45257.82,15185,66,13534.6,12517.4,14716.06,19922.9,,7646.6,
2024-02-21T10:00:00-06:00,8.07,11.595,10.43,,,,45128.7,15870,70,14447.61,13614,13325.51,18303.3,,8499.25,
2024-02-21T11:00:00-06:00,8.23,7.413,6.513,,,,45259.22,15141,73,14838.47,14116,13894.03,18380,,7621.49,
2024-02-21T12:00:00-06:00,8.43,1.685,0.888,,,,45355.96,13846,75,14486.54,14355,16238.61,20154.3,,6507.41,
2024-02-21T13:00:00-06:00,8.65,0.007,-0.793,,,,45522.95,13750,77,11462.56,14398,20324.94,22695,,6581.83,
2024-02-21T14:00:00-06:00,8.23,0.01,-1.2,,,,45604.28,14090,78,8930.29,14444,23137.46,25384.9,,6784.01,
2024-02-21T15:00:00-06:00,7.95,0.1,-1.278,,,,45743.83,14635,78,7621.51,14246,24482.32,27457.7,,7180.03,
2024-02-21T16:00:00-06:00,9.4,2.248,0.703,,,,46173.11,15688,77,7062.91,12558.1,24587.64,28500.4,,7925.29,
2024-02-21T17:00:00-06:00,14.26,25.86,20.995,,,,46747.33,19851,74,2851.44,5921.1,24912.91,28605.7,,11354.11,
2024-02-21T18:00:00-06:00,19.45,29.815,25.398,,,,47356.56,22500,72,168.26,327.8,25344.52,29036.5,,12372.7,
2024-02-21T19:00:00-06:00,15.75,20.605,17.683,,,,47556.5,22526,69,1.11,0,25693.47,29739.5,,12352.32,
2024-02-21T20:00:00-06:00,13.87,16.94,14.42,,,,46694.8,21379,67,1.24,0,25863.74,30202.2,,12019.67,
2024-02-21T21:00:00-06:00,10.62,15.033,13.125,,,,45239.48,20056,66,1.31,0,25758.54,30110.7,,10976.53,
2024-02-21T22:00:00-06:00,8.86,13.763,11.76,,,,42998.24,18014,65,1.29,0,25363.31,29575.1,,9384.36,
2024-02-21T23:00:00-06:00,7.95,10.168,9.33,,,,40408.93,16242,64,1.31,0,24704.22,29057.4,,7753.18,
2024-02-22T00:00:00-06:00,4.85,10.74,13.562,,,,38319.68,15497,63,1.23,0,23395.71,27783.7,,7084.04,
2024-02-22T01:00:00-06:00,3.7,10.78,11.125,,,,37189.78,15661,63,1.1,0,22103.42,27219.4,,7361.05,
2024-02-22T02:00:00-06:00,3.53,18.255,17.31,,,,36663.08,17020,63,0.99,0,20056.92,26591.9,,8439.87,
2024-02-22T03:00:00-06:00,3.85,13.725,12.877,,,,36553.3,17123,62,0.97,0,19792.5,26024.8,,8459.05,
2024-02-22T04:00:00-06:00,5.27,11.053,10.672,,,,37174.27,16354,62,1.2,0,20926.87,25678,,7731.73,
2024-02-22T05:00:00-06:00,9.41,19.993,18.875,,,,39164.11,17899,61,1.39,0,21031.49,25339.7,,9121.9,
2024-02-22T06:00:00-06:00,18.15,34.223,32.815,,,,42584.69,21044,61,1.6,0,20719.88,24869,,11178.28,
2024-02-22T07:00:00-06:00,18.06,16.8,15.835,,,,44016.71,21404,61,881.7,796.8,20913.51,23971.1,,11388.93,
2024-02-22T08:00:00-06:00,10.59,95.37,69.34,,,,43970.35,18238,64,6348.72,6951.1,19108.37,22263.3,,9504.65,
2024-02-22T09:00:00-06:00,8.74,12.625,7.493,,,,44253.92,17413,68,9088.92,13017.3,18239.77,20675.6,,8790.08,
2024-02-22T10:00:00-06:00,8.79,11.855,7.833,,,,44589.96,17086,72,10817.29,14047.1,17528.81,20478.4,,8784.47,
2024-02-22T11:00:00-06:00,9.44,10.557,7.96,,,,45102.48,17497,74,11948.94,14446,16167.93,20061.7,,9382.32,
2024-02-22T12:00:00-06:00,10.3,9.638,8.095,,,,45788.65,17729,76,12309.39,14439.5,16176.88,19061.4,,9486.37,
2024-02-22T13:00:00-06:00,12.09,7.075,5.272,,,,46675.24,17906,79,11896.34,14412,16948.71,18043.2,,9603.62,
2024-02-22T14:00:00-06:00,13.2,8.168,5.805,,,,47143.02,18400,80,12164.72,14417.3,17174.37,17375.8,,10084.95,
2024-02-22T15:00:00-06:00,12.15,6.963,5.005,,,,47447.9,19578,80,12314.85,14802.4,16629.71,16733.4,,10760.64,
2024-02-22T16:00:00-06:00,12.86,6.91,5.01,,,,47261,20955,78,11417.2,13357.7,16743.78,16066,,12552.82,
2024-02-22T17:00:00-06:00,26.25,25.662,23.93,,,,46567.22,26811,75,6351.06,6455.7,15697.73,14825,,17702.86,
2024-02-22T18:00:00-06:00,49.57,64.123,64.135,,,,46778.32,34954,70,468.41,336,12849.26,13428.4,,23239.98,
2024-02-22T19:00:00-06:00,22.23,27.293,27.327,,,,46740.98,34866,67,0.39,0,13177.59,13752.5,,23128.06,
2024-02-22T20:00:00-06:00,16.8,23.527,23.42,,,,45873.64,32285,64,0.6,0,14461.52,14836.1,,21668.75,
2024-02-22T21:00:00-06:00,14.41,18.295,18.197,,,,44639.94,29557,63,0.75,0,15969.67,15830,,19712.68,
2024-02-22T22:00:00-06:00,12.61,11.16,11.135,,,,42439.82,25832,62,0.8,0,17435.41,16233.5,,16753.68,
2024-02-22T23:00:00-06:00,14.62,10.308,10.313,,,,40064.67,23821,60,0.76,0,16878.84,15771.5,,15001.27,
2024-02-23T00:00:00-06:00,10.41,10.005,10.003,,,,37438.48,23522,59,0.49,0,15453.6,15676.5,,14746.73,
2024-02-23T01:00:00-06:00,10.72,10.988,10.988,,,,36068.63,23603,57,0.38,0,13719.84,14535.3,,15002.45,
2024-02-23T02:00:00-06:00,10.25,10.487,10.487,,,,35369.11,23777,56,0.37,0,12724.81,13905.7,,15103.32,
2024-02-23T03:00:00-06:00,10.17,9.608,9.633,,,,35727.82,23362,55,0.39,0,12899.25,13645.2,,14705.17,
2024-02-23T04:00:00-06:00,11.19,9.592,9.935,,,,36885.37,23661,54,0.38,0,13176.71,13633.4,,15054.01,
2024-02-23T05:00:00-06:00,12.96,11.408,12.245,,,,39566.33,25966,52,0.41,0,12510.77,13589.2,,17261.52,
2024-02-23T06:00:00-06:00,23.83,20.39,20.91,,,,43640.33,30144,51,1.13,0.2,11544.11,13219.2,,20466.68,
2024-02-23T07:00:00-06:00,28.14,16.095,16.485,,,,45514.4,30462,54,1719.29,1267.9,10813.83,12135.8,,19866.36,
2024-02-23T08:00:00-06:00,13.2,3.667,3.673,,,,45352.63,23890,59,11074.55,9540,8338.69,9520.7,,14737.7,
2024-02-23T09:00:00-06:00,10.97,4.832,4.36,,,,44915.86,21799,64,16185.8,15174.9,5152.82,6513.2,,13631,
2024-02-23T10:00:00-06:00,10.32,5.972,5.325,,,,44701.72,22006,67,16692.97,15794.2,4526.11,5680.3,,14004.52,
2024-02-23T11:00:00-06:00,10.33,6.712,6.69,,,,44187.01,22169,70,16445.88,15894.6,4657.29,5416.4,,13993.95,
2024-02-23T12:00:00-06:00,10.36,8.708,8.708,,,,44069.47,23327,71,16072.37,15791.3,4106.21,5224.8,,14816.01,
2024-02-23T13:00:00-06:00,10.54,9.562,9.57,,,,44142.54,24448,72,15978.12,15944.3,3510.68,4830.2,,15638.3,
2024-02-23T14:00:00-06:00,11.2,9.787,9.79,,,,44109.44,24750,73,16004.79,15992.8,3602.01,4355,,15971.95,
2024-02-23T15:00:00-06:00,12.2,9.947,9.932,,,,43774.59,26287,73,15193,15867.1,3585.34,4025.4,,17412.12,
2024-02-23T16:00:00-06:00,14.2,16.195,15.68,,,,43730.38,30774,73,11560.21,14031.4,3089.72,3646.5,,21507.19,
2024-02-23T17:00:00-06:00,39.37,50.807,49.498,,,,43248.18,38529,69,4380.98,6437.5,2325.28,2870.9,,27256.72,
2024-02-23T18:00:00-06:00,56.73,47.975,48.698,,,,44167.63,43347,65,152.21,333.3,1927.72,2351.1,,30447.82,
2024-02-23T19:00:00-06:00,39.79,28.51,30.145,,,,44324.91,43122,62,0.09,0,2191.1,2753.7,,30468.95,
2024-02-23T20:00:00-06:00,30.9,27.605,30.327,,,,43889.12,41978,60,0.15,0,2354.13,3296.7,,30048.57,
2024-02-23T21:00:00-06:00,22.08,24.497,26.102,,,,43062.44,40132,58,0.22,0,2895.5,3964.3,,28611.04,
2024-02-23T22:00:00-06:00,14.87,22.715,23.795,,,,41572.44,37654,56,0.23,0,3811.02,4766.8,,26720.39,
2024-02-23T23:00:00-06:00,14.28,22.84,23.37,,,,40135.36,35457,55,0.22,0,4445.77,5529.2,,24569.66,
2024-02-24T00:00:00-06:00,17.59,42.122,43.297,,,,37898.67,33598,53,0.23,0,4822.87,5801.7,,22465,
2024-02-24T01:00:00-06:00,16.14,25.302,25.72,,,,36642.41,31774,52,0.22,0,5637.91,6295.8,,20843.46,
2024-02-24T02:00:00-06:00,15.5,23.698,23.698,,,,36171.39,30232,51,0.22,0,6397.97,7093.2,,19574.39,
2024-02-24T03:00:00-06:00,14.03,21.053,21.113,,,,36406.54,29170,49,0.23,0,7732.88,7885.3,,19205.38,
2024-02-24T04:00:00-06:00,14.43,17.827,17.83,,,,37232.6,27752,49,0.23,0,9245.71,8658.7,,18386.92,
2024-02-24T05:00:00-06:00,15.53,17.563,17.563,,,,38996.22,27112,48,0.28,0,10719.05,9367.3,,18072.42,
2024-02-24T06:00:00-06:00,19.95,18.618,18.618,,,,41590.3,27561,46,1.28,0.3,11650.69,10036.1,,18232.22,
2024-02-24T07:00:00-06:00,17.9,12.175,12.175,,,,43375.54,26632,50,1936.5,1468,12283.49,10790.9,,17175.09,
2024-02-24T08:00:00-06:00,11.33,2.36,2.353,,,,44237.4,19048,58,11824.61,10408.7,11155.58,10874.3,,10472.07,
2024-02-24T09:00:00-06:00,8.29,4.375,4.14,,,,43804.86,15912,65,16464.6,16516.5,9645.69,9791.3,,7652.68,
2024-02-24T10:00:00-06:00,7.39,0.002,0.002,,,,43334.69,14130,70,14857.21,16746.6,12992.7,10699.7,,6360.28,
2024-02-24T11:00:00-06:00,6.27,-0.002,-0.02,,,,42941.73,13950,73,11941.34,16522.7,16222.17,13590.3,,6282.58,
2024-02-24T12:00:00-06:00,6.19,0,0,,,,43081.39,13616,75,11901.96,16076.4,16972.9,15438.5,,6000.41,
2024-02-24T13:00:00-06:00,6.24,0,0,,,,43425.23,13743,76,11271.6,16117.7,17896.79,16655.7,,5927.52,
2024-02-24T14:00:00-06:00,7.58,0,-0.042,,,,43961.27,13508,77,10658.77,16321.5,19356.82,18031.3,,5662.84,
2024-02-24T15:00:00-06:00,6.89,0,-0.08,,,,44147.31,13578,77,10041.02,16497.4,20740.22,19198.7,,5590.11,
2024-02-24T16:00:00-06:00,6.43,-0.005,-0.115,,,,44533.72,14557,76,8859.21,14938.2,21771.72,20062,,6879.82,
2024-02-24T17:00:00-06:00,17.72,4.475,3.945,,,,44415.51,18084,73,5239.03,7059.4,21965.04,19863,,10042.91,
2024-02-24T18:00:00-06:00,21.17,17.06,16.922,,,,45563.53,23636,68,409.39,361.3,20904.31,19868.1,,14787.43,
2024-02-24T19:00:00-06:00,13.04,7.873,8.243,,,,45738.69,22016,66,0.73,0,21680.12,22078.8,,13385.66,
2024-02-24T20:00:00-06:00,9.74,6.215,3.94,,,,45024.48,18720,64,0.81,0,25122.3,24449.8,,10320.42,
2024-02-24T21:00:00-06:00,8.19,0.893,-0.745,,,,43912.73,17681,62,0.85,0,25062.64,25812.2,,9315.65,
2024-02-24T22:00:00-06:00,6.89,-8.265,-8.663,,,,41891.18,16579,61,0.79,0,25007.06,26808.1,,8336.78,
2024-02-24T23:00:00-06:00,8.17,7.115,4.705,,,,39948.07,14191,59,0.82,0,25671.98,27421.3,,6191.85,
2024-02-25T00:00:00-06:00,6.63,-1.785,-2.095,,,,37175.99,13243,59,0.89,0,25144.94,28677.5,,5317.42,
2024-02-25T01:00:00-06:00,4.13,-9.465,-9.088,,,,35806.16,12968,58,0.82,0,24291.01,28625.5,,5367.48,
2024-02-25T02:00:00-06:00,2.95,-12.758,-12.24,,,,35165.57,12845,56,0.73,0,23781.42,28470.3,,5377.86,
2024-02-25T03:00:00-06:00,2.41,-9.18,-8.665,,,,35156.98,12674,55,0.76,0,23566.58,28128.3,,5390.58,
2024-02-25T04:00:00-06:00,4.78,-3.88,-3.305,,,,35547.52,12843,54,0.97,0,23484.02,27545.2,,5393.6,
2024-02-25T05:00:00-06:00,6.54,0.795,1.665,,,,36639.6,13280,53,1.07,0,23481.28,26682.5,,5467.83,
2024-02-25T06:00:00-06:00,9.84,5.837,6.442,,,,38226.62,14156,53,2.31,0.3,23468.16,25592.5,,6012.39,
2024-02-25T07:00:00-06:00,8.88,5.933,6.142,,,,39372.56,14742,55,1876.47,1416.8,21813.68,24277.5,,6570.39,
2024-02-25T08:00:00-06:00,5.04,-0.007,-0.007,,,,40468.9,13339,62,7962.34,10004,18389.61,21972.9,,5339.38,
2024-02-25T09:00:00-06:00,3.03,-0.002,-0.03,,,,40927.87,12791,68,12700.04,15991.6,15390.62,19518.4,,5234.98,
2024-02-25T10:00:00-06:00,3.03,-0.022,-0.265,,,,41324.76,12398,72,14267.28,16723.1,14416.66,17991.2,,5112.49,
2024-02-25T11:00:00-06:00,3.52,-0.002,-0.072,,,,41893.67,12452,76,14790.72,16583.6,14415.36,17317.3,,5066.27,
2024-02-25T12:00:00-06:00,5.51,-0.015,-0.187,,,,43168.34,12410,79,14860.2,16191.8,15560.03,17198.6,,5072.64,
2024-02-25T13:00:00-06:00,6.99,1.083,1.008,,,,44360.7,12549,81,15998.37,16209.1,15282.55,17535.6,,5304.11,
2024-02-25T14:00:00-06:00,7.89,10.235,9.94,,,,45707.66,14937,82,16145.7,16309.6,14459.4,18382.3,,7399.07,
2024-02-25T15:00:00-06:00,8.22,11.195,10.875,,,,46631.3,17015,82,15475.77,15981.1,14042.4,18670.7,,9052.91,
2024-02-25T16:00:00-06:00,10.51,19.045,18.7,,,,47172,22254,81,12715.84,14058.7,12771.61,17974.4,,13881.48,
2024-02-25T17:00:00-06:00,32.89,53.465,52.885,,,,46976.03,31227,78,5522.98,6617.8,11369.72,15911.4,,21141.91,
2024-02-25T18:00:00-06:00,59.28,70.752,70.84,,,,47991.24,36510,74,293.73,321.6,11141.96,13897.2,,24493.12,
2024-02-25T19:00:00-06:00,30.76,37.97,38.965,,,,48190.76,36025,71,0.31,0,12002.46,13918.3,,24220.07,
2024-02-25T20:00:00-06:00,19.64,30.697,32.592,,,,47597.79,32959,69,0.14,0,13491.48,14812.4,,22573.64,
2024-02-25T21:00:00-06:00,16.41,26.043,26.875,,,,46524.12,30283,68,0.25,0,14672.09,16311.9,,20515.13,
2024-02-25T22:00:00-06:00,13.87,16.517,16.955,,,,44108.22,26809,66,0.23,0,15919.66,17784.2,,17312.43,
2024-02-25T23:00:00-06:00,10.7,9.79,10.26,,,,41337.43,23285,65,0.3,0,17345.46,18883.6,,14376.73,
2024-02-26T00:00:00-06:00,10.74,8.825,9.03,,,,39104.56,19716,63,0.81,0,19210.27,19876.8,,11200.96,
2024-02-26T01:00:00-06:00,7.96,8.5,8.358,,,,37833.38,18922,62,0.34,0,18435.94,20417.9,,10568.02,
2024-02-26T02:00:00-06:00,7.43,9.36,9.235,,,,37062.77,19023,61,0.22,0,17802.36,20766.5,,10586.52,
2024-02-26T03:00:00-06:00,6.37,8.927,8.255,,,,37128.86,19211,60,0.21,0,17503.07,21059.2,,10546.3,
2024-02-26T04:00:00-06:00,6.74,9.577,9.053,,,,37662.05,19754,60,0.26,0,17435.52,21061,,11100.6,
2024-02-26T05:00:00-06:00,9.73,11.043,10.73,,,,39495.23,20779,59,0.76,0,18047.57,20669.2,,12276.97,
2024-02-26T06:00:00-06:00,15.61,28.357,27.335,,,,42159,23830,59,1.13,0.4,17819.78,20545.9,,14044.25,
2024-02-26T07:00:00-06:00,13.88,12.668,12.52,,,,43640.99,22884,61,1075.17,1068.6,19073.96,20579.8,,13276.55,
2024-02-26T08:00:00-06:00,8.67,7.215,7.062,,,,44541.74,19446,66,7158.18,7189.4,17433.55,19896.9,,10837.03,
2024-02-26T09:00:00-06:00,7.7,8.202,8.03,,,,45404,18562,71,11522.16,11922.5,14506.25,16897.8,,10287.62,
2024-02-26T10:00:00-06:00,9.52,9.153,8.957,,,,46895.16,19558,75,12574.79,13093.9,13429.23,14000.7,,11566.84,
2024-02-26T11:00:00-06:00,10.28,6.468,6.33,,,,48666.77,18381,79,13437.72,13789.1,14927.9,13758.8,,10256.45,
2024-02-26T12:00:00-06:00,12.4,5.56,3.56,,,,51035.97,17766,82,13491.23,14384.3,17110.72,15453.6,,9738.35,
2024-02-26T13:00:00-06:00,14.96,7.777,4.655,,,,52994.97,18941,84,12463.83,14354.8,18764,18070,,10773.88,
2024-02-26T14:00:00-06:00,16.01,15.267,3.97,,,,54571.71,20387,85,11233.03,14071,20360.33,20524.1,,12272.38,
2024-02-26T15:00:00-06:00,20.47,12.115,6.86,,,,55589.17,22019,84,10614.33,13070.8,20806.97,22071.9,,14036.66,
2024-02-26T16:00:00-06:00,26.39,18.802,14.558,,,,55944.13,24700,83,8506.39,10674.7,20760.51,22733.6,,16548.27,
2024-02-26T17:00:00-06:00,48.35,29.903,29.603,,,,55015.79,29480,79,3608.68,4869,20723.5,22116.7,,19979.61,
2024-02-26T18:00:00-06:00,48.39,25.005,24.74,,,,53912.96,32899,76,337.66,290.5,20178.63,21962.7,,22210.82,
2024-02-26T19:00:00-06:00,23.7,19.845,19.82,,,,52792.71,32017,74,136.13,0,20971.62,22888.4,,21520.42,
2024-02-26T20:00:00-06:00,19.05,17.068,17.038,,,,51537.05,29233,72,0.82,0,22442.43,24032.1,,19491.77,
2024-02-26T21:00:00-06:00,16.9,12.868,12.725,,,,49611.31,26393,71,0.75,0,23448.6,25067.4,,17397.45,
2024-02-26T22:00:00-06:00,11.37,8.56,8.535,,,,47229.83,23257,70,0.76,0,23847.57,25740.6,,14785.3,
2024-02-26T23:00:00-06:00,11.25,10.862,10.967,,,,44317.67,20957,68,0.77,0,23129.27,26058.6,,12556.74,
2024-02-27T00:00:00-06:00,11.39,21.49,21.562,,,,40706.38,19751,68,0.77,0,21758.08,25994.7,,10971.69,
2024-02-27T01:00:00-06:00,8.2,17.35,17.417,,,,39466.81,19310,67,0.77,0,20483.72,26153.4,,10190.82,
2024-02-27T02:00:00-06:00,6.58,15.005,14.947,,,,38640.7,19070,67,0.78,0,19897.43,26478.3,,10107.67,
2024-02-27T03:00:00-06:00,4.79,12.91,12.715,,,,38317.18,18455,67,0.79,0,20400.22,26670,,9994.36,
2024-02-27T04:00:00-06:00,5.7,11.012,10.935,,,,38210.25,17985,67,0.79,0,21139.59,26639.2,,9598.74,
2024-02-27T05:00:00-06:00,9.93,15.973,15.92,,,,39459.64,19477,67,0.79,0,21140.5,26593.7,,11039.48,
2024-02-27T06:00:00-06:00,16.83,16.58,16.538,,,,41459.99,22022,67,0.94,0.6,21312.31,26426.8,,13044.46,
2024-02-27T07:00:00-06:00,14.41,14.493,14.193,,,,42585.56,23098,68,542.81,901,21068.76,26144.6,,13700.58,
2024-02-27T08:00:00-06:00,11.44,14.862,14.333,,,,43697.93,22413,69,2634.52,5255,20230.62,25233,,13240.47,
2024-02-27T09:00:00-06:00,9.64,53.565,51.653,,,,45120.67,23235,71,4016.87,8856.5,18779.45,24000.6,,14136.87,
2024-02-27T10:00:00-06:00,10.35,15.245,14.385,,,,47040.37,23472,73,6359.19,10339,17702.76,23933.4,,14866.2,
2024-02-27T11:00:00-06:00,12.02,23.415,18.508,,,,48983.62,22815,75,8810.46,11440.3,17034.52,24784.2,,14478.22,
2024-02-27T12:00:00-06:00,13.95,19.213,14.69,,,,51500.5,22244,77,9912.25,12318.5,17933.06,25140.9,,13928.36,
2024-02-27T13:00:00-06:00,19.67,24.582,16.377,,,,53381.82,22369,79,9130.73,12125.6,19303.85,25079.8,,14174.3,
2024-02-27T14:00:00-06:00,25.81,16.215,9.725,,,,54975.35,23540,79,7316.12,11150.7,20890.84,25137.2,,16039.08,
2024-02-27T15:00:00-06:00,27.76,13.142,9.637,,,,56038.02,24783,78,5855.39,8972,21894.64,25233.8,,17348.89,
2024-02-27T16:00:00-06:00,32,20.255,13.913,,,,56430.39,27487,77,3101.37,6685.3,21979.48,25509.8,,18994.86,
2024-02-27T17:00:00-06:00,39.65,20.54,15.185,,,,55468,28759,76,1042.45,3207.3,22528.07,25753.5,,19525.57,
2024-02-27T18:00:00-06:00,40.38,18.375,16.688,,,,54007.55,29592,74,71.48,212.9,22957.06,25854,,19994.22,
2024-02-27T19:00:00-06:00,22.42,15.447,15.695,,,,52592.03,29258,73,0.79,0,23279.85,26274.8,,20176.71,
2024-02-27T20:00:00-06:00,18.53,14.29,13.785,,,,51213.32,28133,72,1.02,0,23340,26736.2,,19432.31,
2024-02-27T21:00:00-06:00,15.94,13.64,12.948,,,,49403.05,26630,72,1.14,0,23126.14,27384.4,,18217.25,
2024-02-27T22:00:00-06:00,13.57,9.742,8.01,,,,46867.44,23523,70,1.14,0,23936.8,27949.9,,15374.51,
2024-02-27T23:00:00-06:00,11.01,13.86,15.257,,,,44048.33,21187,68,1.1,0,23505.82,28008.8,,12697.05,
2024-02-28T00:00:00-06:00,11.13,7.38,8.363,,,,41417.16,18821,65,1.13,0,23254.76,27554.1,,10686.18,
2024-02-28T01:00:00-06:00,8.31,-0.027,0.357,,,,39727.04,17521,62,1.04,0,22498.01,27263.9,,9486.9,
2024-02-28T02:00:00-06:00,7.79,-20.292,-20.292,,,,38567.76,17170,59,1.09,0,21675.87,26847.5,,9505.62,
2024-02-28T03:00:00-06:00,6.56,-25.228,-25.228,,,,38524.48,16890,56,1.04,0,21224.67,26175.9,,9715.84,
2024-02-28T04:00:00-06:00,8.32,-1.275,-2.367,,,,38903.35,17011,56,1.21,0,21597.28,25377.8,,9902.22,
2024-02-28T05:00:00-06:00,11.37,8.008,5.237,,,,40692.93,18600,54,1.24,0,21701.55,24279.4,,11516.79,
2024-02-28T06:00:00-06:00,19.08,15.425,12.78,,,,43428.93,23007,53,1.72,0.7,20469.83,23071.7,,15402.85,
2024-02-28T07:00:00-06:00,18.03,14.658,13.298,,,,45051.92,25144,51,357.28,796.4,19507.32,21783.5,,16769.83,
2024-02-28T08:00:00-06:00,15.42,14.447,14.025,,,,46012.07,25311,51,1950.81,3766.3,18752.43,20625.6,,17036.68,
2024-02-28T09:00:00-06:00,15.02,11.57,11.535,,,,46961.59,23536,51,4638.73,6540.5,17999.35,19623.1,,15754.94,
2024-02-28T10:00:00-06:00,12.98,10.023,10.035,,,,47967.88,21941,51,7225.4,8352.3,17279.74,18665.5,,14785.48,
2024-02-28T11:00:00-06:00,13.02,9.89,9.612,,,,48448.72,21521,52,8761.99,9930.2,16375.31,17825.4,,14580.3,
2024-02-28T12:00:00-06:00,13.86,10.45,9.735,,,,49014.97,21514,53,9426.76,10568.2,15770.94,17038.5,,14593.43,
2024-02-28T13:00:00-06:00,13.13,13.12,11.545,,,,49118.93,22636,54,9298.93,10219.1,14701.08,16605.6,,15777.68,
2024-02-28T14:00:00-06:00,14.26,18.215,17.745,,,,49023.88,25529,54,7973.17,9183.6,12805.82,16591.9,,18843.13,
2024-02-28T15:00:00-06:00,16.7,40.175,42.785,,,,48985.63,30991,53,5077.19,6899.4,10401.71,16074.5,,22881.03,
2024-02-28T16:00:00-06:00,18,32.19,26.778,,,,49337.52,35958,52,2723.19,4873.2,8567.94,15369.1,,27147.65,
2024-02-28T17:00:00-06:00,29.66,49.82,59.338,,,,49050.7,38952,51,1118.88,2267.1,8176.4,14600.7,,29353.3,
2024-02-28T18:00:00-06:00,34.72,77.485,91.967,,,,49129.11,41089,50,126.96,175.5,8318.8,13529,,31029.37,
2024-02-28T19:00:00-06:00,28.29,58.012,70.74,,,,49170.95,41511,48,0.69,0,8414.82,12982.5,,31472.52,
2024-02-28T20:00:00-06:00,24.56,45.708,54.17,,,,48715.37,40915,47,0.69,0,8779.03,12669.4,,31289.28,
2024-02-28T21:00:00-06:00,21.7,33.585,37.695,,,,47523.86,40412,46,0.68,0,8130.19,11976.1,,30901.7,
2024-02-28T22:00:00-06:00,20.02,22.267,23.087,,,,45668.63,38663,46,0.68,0,7786.78,10975.1,,29127.16,
2024-02-28T23:00:00-06:00,16.87,21.497,21.988,,,,43563.01,36754,45,0.71,0,7599.36,10217.1,,27724.03,
2024-02-29T00:00:00-06:00,15.46,21.028,21.24,,,,42400.98,35747,45,0.71,0,7222.78,9413.1,,26634.85,
2024-02-29T01:00:00-06:00,15.32,20.842,21.285,,,,41158.56,35188,44,0.69,0,6786.5,8794.3,,26168.11,
2024-02-29T02:00:00-06:00,16.09,16.508,16.345,,,,40531.89,33854,44,0.71,0,7599.67,8151.9,,25660.33,
2024-02-29T03:00:00-06:00,15.89,21.528,22.01,,,,40648.73,34601,44,0.73,0,7079.52,7485.2,,26427.62,
2024-02-29T04:00:00-06:00,17.68,30.702,31.22,,,,41519.56,36859,44,0.71,0,5614.85,6899.8,,27439.46,
2024-02-29T05:00:00-06:00,22.59,46.495,46.407,,,,43957.54,39266,44,0.94,0,5493.24,6704.9,,29245.48,
2024-02-29T06:00:00-06:00,44.36,44.585,49.345,,,,47901.68,43041,44,0.89,0.3,5565.65,6803.3,,32181.82,
2024-02-29T07:00:00-06:00,40.27,48.33,50.783,,,,49792.71,44735,44,290.51,476.8,5171.32,6864.8,,33190.77,
2024-02-29T08:00:00-06:00,29.32,31.015,32.09,,,,50282.93,43199,45,2528.57,2732,4723.35,6884.6,,31879.58,
2024-02-29T09:00:00-06:00,20.57,24.275,24.275,,,,50719.31,40318,46,5301.25,5115.9,4762.14,7006.2,,30112.42,
2024-02-29T10:00:00-06:00,17.2,29.195,29.195,,,,50713.64,38929,48,6950.17,6335.1,4168.54,7306.1,,29431.8,
2024-02-29T11:00:00-06:00,15.19,21.073,21.073,,,,50389.07,37533,49,7590.7,7548.1,4307.02,7535.6,,28775.36,
2024-02-29T12:00:00-06:00,12.35,17.235,17.185,,,,49935.36,35322,51,8188.57,8639.7,5294.81,7966,,27932.16,
2024-02-29T13:00:00-06:00,11.85,16.737,16.428,,,,49474.1,34110,51,8794.83,8709.9,5725.21,8183,,27270.64,
2024-02-29T14:00:00-06:00,11.43,16.082,15.685,,,,49001.32,33424,52,8722.33,8087.9,6293.65,8488.3,,26833.12,
2024-02-29T15:00:00-06:00,10.89,17.03,16.718,,,,48822.95,34060,50,7664.66,7789.8,6498.63,8895.1,,27320.91,
2024-02-29T16:00:00-06:00,13.17,17.327,17.197,,,,49277.85,35011,50,7144.82,6835.8,6583.48,9397.9,,28053.82,
2024-02-29T17:00:00-06:00,24.43,37.867,37.26,,,,49865.78,38701,49,4337,4320,6663.12,9635.4,,30191.76,
2024-02-29T18:00:00-06:00,41.11,62.4,61.225,,,,50907.73,44449,48,486.62,459.8,6152.19,8976.4,,34168.13,
2024-02-29T19:00:00-06:00,24.94,32.445,31.592,,,,51570.62,44388,47,6.01,0,7234.46,10291.7,,34482.21,
2024-02-29T20:00:00-06:00,19.91,20.63,20.47,,,,51084.9,40744,47,1.39,0,10362.06,12617.2,,32038.03,
2024-02-29T21:00:00-06:00,16.69,19.568,19.548,,,,49894.89,36693,47,0.74,0,13102.51,14641.4,,28333.25,
2024-02-29T22:00:00-06:00,15.25,16.537,16.537,,,,47902.94,32594,46,0.94,0,14887.46,15876.4,,25071.53,
2024-02-29T23:00:00-06:00,14.53,13.135,13.135,,,,45829.17,29821,46,0.94,0,15986.55,16666.9,,22533.55,
2024-03-01T00:00:00-06:00,14.34,10.045,10.045,,,,44610.94,27208,46,1.13,0,16522.88,17077.8,,20337.9,
2024-03-01T01:00:00-06:00,13.09,9.55,9.55,,,,43736.18,26235,46,1.18,0,17177.63,17623.9,,19440.98,
2024-03-01T02:00:00-06:00,11.98,8.943,8.628,,,,43280.1,25488,45,1.12,0,17414.55,18036.6,,18569.62,
2024-03-01T03:00:00-06:00,11.62,7.87,6.877,,,,43394.13,24806,45,1.15,0,18076.14,18175.9,,17754.24,
2024-03-01T04:00:00-06:00,13.41,8.093,6.928,,,,44210.79,25323,45,1.23,0,18505.04,18117.9,,18336.73,
2024-03-01T05:00:00-06:00,18.59,10.662,9.99,,,,46315.02,27148,45,1.18,0,18891.58,17858.6,,20296.63,
2024-03-01T06:00:00-06:00,38.71,15.928,14.263,,,,49605.74,30468,45,1.7,2,18796.29,17356.4,,23017.17,
2024-03-01T07:00:00-06:00,27.71,15.35,14.317,,,,50927.12,30990,46,1012.68,1249.4,18357.85,16858.8,,23151.97,
2024-03-01T08:00:00-06:00,17.3,11.265,9.23,,,,50414.28,27420,49,6822.45,8181.5,15621.51,15163.3,,20550.12,
2024-03-01T09:00:00-06:00,13.74,11.27,10.668,,,,49415.46,26571,52,11392.78,13831.9,10621.02,11594,,20202.43,
2024-03-01T10:00:00-06:00,12.42,9.38,9.295,,,,48171.65,24862,56,13976.29,14820.5,7879.86,8881.1,,18399.01,
2024-03-01T11:00:00-06:00,11.59,6.393,6.335,,,,47141.45,22948,60,15293.93,15262.3,6745.9,7863.2,,16518.14,
2024-03-01T12:00:00-06:00,11.25,3.655,3.627,,,,46276.21,21468,63,16023.61,15952,6433.56,7464,,15131.97,
2024-03-01T13:00:00-06:00,10.71,0.327,0.325,,,,45862.91,20655,66,16249.1,16143.3,6517.34,7416.1,,14430.15,
2024-03-01T14:00:00-06:00,9.64,0.007,0.007,,,,45533.97,20722,68,15118.74,16028.7,7518.14,7814.5,,14503.83,
2024-03-01T15:00:00-06:00,9.19,0,0,,,,45282.81,20761,69,13774.18,15903.1,9132.25,8368.4,,14663.24,
2024-03-01T16:00:00-06:00,10.37,2.135,1.687,,,,45294.77,21282,70,12528.7,14320.8,10723.06,8948.4,,15142.76,
2024-03-01T17:00:00-06:00,26.12,10.4,9.82,,,,45109.18,25875,67,7668.58,7719.4,11032.85,9166,,18718.3,
2024-03-01T18:00:00-06:00,48.7,22.543,22.545,,,,45499.4,32889,63,775.96,510.7,10854.87,10061.7,,24532.72,
2024-03-01T19:00:00-06:00,19.99,13.58,13.582,,,,45856.91,30542,60,0.68,0,14294.54,13630.9,,21756.52,
2024-03-01T20:00:00-06:00,16.62,11.372,11.285,,,,45335.86,27564,58,1.01,0,16920.22,16594,,19905.63,
2024-03-01T21:00:00-06:00,13.98,10.358,10.033,,,,44611.3,25155,57,0.64,0,18670.34,18560.2,,18443.48,
2024-03-01T22:00:00-06:00,13.49,9.413,8.878,,,,43180.96,22488,55,0.47,0,20076.92,19991.9,,16054.85,
2024-03-01T23:00:00-06:00,13.05,8.757,7.632,,,,41589.01,20432,54,0.48,0,21142.3,20948.8,,13993.02,
2024-03-02T00:00:00-06:00,11.41,12.223,11.975,,,,40462.69,18978,53,0.48,0,21144.42,21682.1,,12667.26,
2024-03-02T01:00:00-06:00,10.26,9.35,10.762,,,,38836.84,18268,52,0.47,0,20932.28,21824.1,,11942.68,
2024-03-02T02:00:00-06:00,9.97,8.685,10.19,,,,37866.08,18024,51,0.69,0,20847.36,21608.3,,11698.58,
2024-03-02T03:00:00-06:00,10.12,9.852,10.923,,,,37678.44,18144,50,0.48,0,20642.5,21148.3,,11936.91,
2024-03-02T04:00:00-06:00,12.14,13.877,14.378,,,,38136.5,19409,49,0.49,0,19462.35,20484.1,,13216.36,
2024-03-02T05:00:00-06:00,16.08,16.935,17.762,,,,39481.98,20963,49,0.5,0,18577.47,19706.9,,14455.54,
2024-03-02T06:00:00-06:00,20.46,22.332,21.223,,,,41821.59,22806,49,3.75,4.7,18093.62,19072.8,,15280.78,
2024-03-02T07:00:00-06:00,20.09,16.77,16.06,,,,43309.07,22791,52,1924.1,1688.5,17613.26,18744.6,,15155.44,
2024-03-02T08:00:00-06:00,15.34,8.13,5.382,,,,44427.75,18326,58,9224.4,9745.9,16368.42,17354.5,,12124.61,
2024-03-02T09:00:00-06:00,11.59,8.412,8.12,,,,44939.15,17872,64,13177.48,15447.4,12021.77,13604.3,,11941.23,
2024-03-02T10:00:00-06:00,11.44,7.855,7.735,,,,44905.35,17175,69,13994.88,16180.3,11210.88,10757.2,,11304.02,
2024-03-02T11:00:00-06:00,12.7,7.558,7.467,,,,45091.07,16489,73,14085.98,16369.5,11679.6,10866.9,,10580.62,
2024-03-02T12:00:00-06:00,11.11,7.592,5.375,,,,45338.25,15720,76,13457.04,16462.6,13402.09,12144.9,,9707.9,
2024-03-02T13:00:00-06:00,9.9,9.217,5.077,,,,45876.69,16463,78,12132.37,16465.4,14850.7,13674.8,,10431.79,
2024-03-02T14:00:00-06:00,10.38,9.695,4.878,,,,46621.46,17167,79,10686.31,16297.9,16084.75,15423.3,,10988.36,
2024-03-02T15:00:00-06:00,10.53,10.025,6.752,,,,47240.43,17801,78,9649.41,15645.9,17220.02,16870.9,,11662.42,
2024-03-02T16:00:00-06:00,14.87,9.232,7.44,,,,47637.5,18642,77,8239.95,13735.9,18449.57,17975.3,,12284.26,
2024-03-02T17:00:00-06:00,30.02,11.185,8.967,,,,47245.7,21522,74,5307.7,7225,18559.78,18384.5,,14510.45,
2024-03-02T18:00:00-06:00,48.58,19.812,19.348,,,,47590.28,26278,71,678.39,488.7,18256.54,19278.6,,18216.59,
2024-03-02T19:00:00-06:00,23.39,14.428,13.902,,,,47614.05,23894,69,0.84,0,21376.85,21670.4,,16587.11,
2024-03-02T20:00:00-06:00,15.17,12.207,8.27,,,,46238.76,21112,66,0.96,0,23763.49,24099.2,,14411.62,
2024-03-02T21:00:00-06:00,12.4,11.112,7.615,,,,44789.2,20210,65,1,0,23628.91,25605.4,,13501.46,
2024-03-02T22:00:00-06:00,12.65,9.55,5.918,,,,43028,19013,63,0.92,0,23388.68,26380.5,,12391.62,
2024-03-02T23:00:00-06:00,11.12,10.345,7.255,,,,40946.54,17490,63,0.93,0,23138.93,26735.3,,11010.14,
2024-03-03T00:00:00-06:00,9.65,12.227,10.14,,,,38782.53,15881,62,0.92,0,23256.71,26529.1,,9534.63,
2024-03-03T01:00:00-06:00,8.3,7.327,6.368,,,,37380.06,14656,62,0.97,0,23105.72,26366.9,,8378.13,
2024-03-03T02:00:00-06:00,6.42,1.212,0.995,,,,36486.34,14133,62,0.99,0,22875.72,25936.2,,8051.53,
2024-03-03T03:00:00-06:00,6.43,-0.763,-0.895,,,,35967.51,14041,62,0.99,0,22582.33,25321.1,,8025.29,
2024-03-03T04:00:00-06:00,7.57,1.05,0.835,,,,35825.37,14205,62,1,0,22330.77,24540.8,,8074.24,
2024-03-03T05:00:00-06:00,10.91,5.043,4.792,,,,36314.71,14620,62,0.98,0,22297.55,23611.5,,8376.78,
2024-03-03T06:00:00-06:00,13.46,7.713,7.465,,,,37368.93,15277,61,1.79,3.1,22378.48,22601.2,,8599.09,
2024-03-03T07:00:00-06:00,15.21,8.7,8.153,,,,38196.71,15596,62,868.52,1055.7,22029.85,21706.6,,8892.2,
2024-03-03T08:00:00-06:00,13.04,10.832,9.602,,,,39755.19,16093,65,4285.1,6606.3,19879.43,20154.5,,9629.96,
2024-03-03T09:00:00-06:00,11.43,11.085,9.65,,,,41519.76,16048,68,7909.09,11356,17809.19,18295.1,,9528.43,
2024-03-03T10:00:00-06:00,10.63,4.063,3.49,,,,42468.23,15083,71,9460.57,12534.7,18079.88,18073.6,,8411.5,
2024-03-03T11:00:00-06:00,8.76,4.973,3.137,,,,43408.41,14460,74,9985.55,13391.2,19088.5,18775.2,,8050.38,
2024-03-03T12:00:00-06:00,8.99,9.453,7.333,,,,44223.92,15130,76,10922.02,14276.7,18836.68,19586,,8741.76,
2024-03-03T13:00:00-06:00,10.64,11.128,8.46,,,,45112.99,15741,78,11405.08,14354.2,18568.87,19774.5,,9394.73,
2024-03-03T14:00:00-06:00,12.15,13.565,10.99,,,,46013.47,16999,79,11201.96,13920.4,18532.5,20029.9,,10709.14,
2024-03-03T15:00:00-06:00,12.51,14.565,12.217,,,,46731.66,18701,78,10809.35,13118.3,18101.96,20403,,12328.9,
2024-03-03T16:00:00-06:00,17.19,17.155,13.948,,,,47140.02,20133,77,9201.48,11346,18783.59,20690.8,,13679.27,
2024-03-03T17:00:00-06:00,35.75,79.235,45.007,,,,47300.2,24798,75,4988.56,6272.3,18818.06,19960.2,,17627.77,
2024-03-03T18:00:00-06:00,45.13,60.023,58.103,,,,47986.7,29697,72,709.92,510.8,18027.15,19822.3,,20558.24,
2024-03-03T19:00:00-06:00,26.85,22.025,21.523,,,,48308.49,29347,71,0.66,0,19617.73,21439.9,,20453.83,
2024-03-03T20:00:00-06:00,17.75,17.445,16.438,,,,47179.77,26070,70,0.46,0,22641.47,22961.6,,17787.49,
2024-03-03T21:00:00-06:00,15.95,14.935,14.078,,,,45861.64,23874,69,0.47,0,23563.93,23956.5,,16461.57,
2024-03-03T22:00:00-06:00,12.57,12.693,9.578,,,,43670.02,21740,68,0.46,0,23438.47,24695.5,,14821.54,
2024-03-03T23:00:00-06:00,11.73,12.707,9.78,,,,40953.04,19616,67,0.49,0,23220.88,24910.7,,12977.07,
2024-03-04T00:00:00-06:00,10.17,11.108,9.212,,,,39412.84,17660,67,0.48,0,23358.9,24831.9,,11293.49,
2024-03-04T01:00:00-06:00,8.24,8.7,6.44,,,,38097.48,16552,66,0.49,0,22968.13,24626.3,,10293.03,
2024-03-04T02:00:00-06:00,6.79,8.202,7.148,,,,37383.89,16532,65,0.49,0,22200.31,24294.9,,10350.87,
2024-03-04T03:00:00-06:00,6.95,6.805,5.915,,,,37213.7,16703,64,0.49,0,21853.73,23417.7,,10439.67,
2024-03-04T04:00:00-06:00,10.28,8.365,4.768,,,,37808.95,18215,64,0.49,0,20970.54,22186.8,,11957.64,
2024-03-04T05:00:00-06:00,12.58,12.81,6.743,,,,39636.08,21477,64,0.5,0,19120.43,20864.8,,15101.92,
2024-03-04T06:00:00-06:00,18.54,16.003,10.648,,,,42736.37,24267,64,1.67,2.6,19089.65,19405.9,,17604.27,
2024-03-04T07:00:00-06:00,17.76,17.328,10.7,,,,44077.41,25821,65,1110.4,844.6,17871.38,17546,,19031.42,
2024-03-04T08:00:00-06:00,17.09,15.748,8.705,,,,44645,24304,68,6523.1,5216.5,14783.42,15141.5,,17576.5,
2024-03-04T09:00:00-06:00,17.15,86.615,9.755,,,,45691.4,24525,71,9214.89,9203.2,12476.41,12500.9,,17915,
2024-03-04T10:00:00-06:00,17.8,35.575,13.382,,,,46635.06,25486,74,10380.03,10350.7,11369.9,10940.2,,19261.38,
2024-03-04T11:00:00-06:00,18.76,14.973,14.045,,,,47595.31,26603,76,11849.49,11254.9,9864.2,9678.1,,20436.08,
2024-03-04T12:00:00-06:00,24.15,18.51,18.505,,,,48401.91,29112,78,12711.21,11928.2,7725.85,8211.4,,22472.19,
2024-03-04T13:00:00-06:00,27.23,22.767,22.767,,,,49226.76,33012,79,12562.22,11878.1,5451.72,6990.6,,24688.09,
2024-03-04T14:00:00-06:00,29.79,35.082,35,,,,49856.4,35939,80,11775.72,11210.2,4458.68,6833.8,,26935.7,
2024-03-04T15:00:00-06:00,30.89,48.858,48.498,,,,50325.87,38485,80,10337.98,9935.3,4138.44,7289.7,,29166.25,
2024-03-04T16:00:00-06:00,37.7,63.448,63.423,,,,50664.79,40776,79,8029.41,8560,4161.25,7995.8,,30896.94,
2024-03-04T17:00:00-06:00,92.47,232.145,232.145,,,,50435.8,42917,77,4672.22,5264.7,4317.4,8105,,32696.28,
2024-03-04T18:00:00-06:00,142.15,721.31,721.31,,,,50587.68,45698,74,760.35,573,4066.61,7692.1,,34578.88,
2024-03-04T19:00:00-06:00,92.3,205.037,204.85,,,,50279.66,45399,72,0.5,0,5064.08,8769.7,,34491.51,
2024-03-04T20:00:00-06:00,38.52,67.08,66.618,,,,49142.74,43965,71,0.54,0,5603.21,10454.5,,33237.48,
2024-03-04T21:00:00-06:00,26.7,42.522,42.195,,,,47472.64,40689,69,0.51,0,7297.69,12073.4,,30621.72,
2024-03-04T22:00:00-06:00,19.09,34.08,34.26,,,,44999.39,36356,68,0.48,0,9312.65,13397.1,,27384.36,
2024-03-04T23:00:00-06:00,16.97,52.535,19.193,,,,42214.92,32635,66,0.5,0,10722.99,14168.8,,24343.34,
2024-03-05T00:00:00-06:00,13.19,125.772,20.072,,,,40982.22,30407,65,0.47,0,10550.91,13591.3,,22763.58,
2024-03-05T01:00:00-06:00,13.8,56.18,20.9,,,,39332.48,29983,63,0.47,0,9128.29,12902.2,,22030.38,
2024-03-05T02:00:00-06:00,13.6,20.755,23.177,,,,38378.48,31142,62,0.52,0,7090.86,11357.3,,22204.47,
2024-03-05T03:00:00-06:00,15.26,20.818,21.84,,,,38202.08,32561,61,0.48,0,5397.78,9846.2,,22794.15,
2024-03-05T04:00:00-06:00,15.65,30.022,17.785,,,,38982.92,33776,60,0.47,0,4547.75,9102.6,,23460.03,
2024-03-05T05:00:00-06:00,18.3,24.602,24.88,,,,41330.38,34788,59,0.47,0,5091.34,8915.3,,24087.92,
2024-03-05T06:00:00-06:00,31.65,37.985,38.05,,,,45251.86,36462,58,2.3,8.1,5988.37,9026.4,,25569.43,
2024-03-05T07:00:00-06:00,24.06,22.175,22.225,,,,46885.84,35313,61,1673.77,1694.2,6639.77,9125.2,,24894.58,
2024-03-05T08:00:00-06:00,17.25,35.265,13.955,,,,47172.89,29730,66,9525.8,9510.4,5705.01,7748,,21706.73,
2024-03-05T09:00:00-06:00,18.73,135.12,11.858,,,,48102.63,27638,72,14510.26,14343.4,3534.35,5427.4,,19947.11,
2024-03-05T10:00:00-06:00,20.48,130.847,10.98,,,,49312.89,27090,75,15760.45,15159.2,3835.28,4512.9,,19327.7,
2024-03-05T11:00:00-06:00,22.72,90.528,12.232,,,,51047.82,28066,78,16023.01,15615.8,4304.33,4313.9,,20435.82,
2024-03-05T12:00:00-06:00,28.01,16.57,16.435,,,,52891.28,30458,80,15857.41,16111,3919.82,4085.7,,22534.7,
2024-03-05T13:00:00-06:00,32.34,18.323,17.17,,,,54868.84,32948,82,15955.05,16191.2,3455.01,3891.8,,24439.22,
2024-03-05T14:00:00-06:00,36.64,20.055,15.725,,,,56259.27,34701,83,15553.49,16079.5,3734.68,3971.6,,25491.73,
2024-03-05T15:00:00-06:00,38.33,18.465,14.78,,,,56788.55,35066,82,14978.55,15895.3,4742.61,4176.6,,25521.82,
2024-03-05T16:00:00-06:00,51.84,19.14,16.623,,,,56716.66,36174,80,13508.23,14358,5579.98,4472.7,,26423.92,
2024-03-05T17:00:00-06:00,234.39,41.555,41.053,,,,55476.98,40561,77,7308.12,7939.4,6415.78,4750.4,,29631.12,
2024-03-05T18:00:00-06:00,252.46,34.82,34.762,,,,54931.55,44028,72,649.05,567.7,7403.56,5567.5,,31450.75,
2024-03-05T19:00:00-06:00,113.57,28.353,28.488,,,,54380.61,41668,69,0.42,0,9726.36,7592.3,,29801.52,
2024-03-05T20:00:00-06:00,49.49,27.1,27.365,,,,52842.16,38277,67,0.43,0,11201.33,9174.7,,27299.43,
2024-03-05T21:00:00-06:00,34.88,23.068,23.265,,,,50806.63,35003,63,0.45,0,12482.32,9956.8,,24299.38,
2024-03-05T22:00:00-06:00,22.16,20.95,21.078,,,,47479.81,32167,62,0.48,0,12326.99,9768.4,,22282.9,
2024-03-05T23:00:00-06:00,19.41,16.957,17.06,,,,44029.97,29647,61,0.46,0,12068.95,9302.5,,20046.97,
2024-03-06T00:00:00-06:00,17.45,14.157,14.225,,,,41076.1,27500,60,0.5,0,11757.21,12232.1,,17954.57,
2024-03-06T01:00:00-06:00,16.78,13.2,13.237,,,,39162.04,27129,59,0.52,0,11108.9,11054.1,,18106.36,
2024-03-06T02:00:00-06:00,16.44,14.505,14.76,,,,38068.54,27978,57,0.54,0,9677.6,9714,,18960.47,
2024-03-06T03:00:00-06:00,17.87,15.88,16.088,,,,37784.4,29677,57,0.54,0,7449.84,7796.3,,20513.14,
2024-03-06T04:00:00-06:00,19.5,17.117,18.327,,,,38394.3,31270,56,0.55,0,6149.03,6136.9,,22013.49,
2024-03-06T05:00:00-06:00,24.14,21.623,22.82,,,,40141.81,33713,55,0.78,0,5254.82,5178.9,,24138.38,
2024-03-06T06:00:00-06:00,47.81,29.525,30.74,,,,43287.4,37766,55,4.26,8.6,3951.92,4476.4,,26007.21,
2024-03-06T07:00:00-06:00,39.73,26.495,20.952,,,,44324.51,38284,57,1179.48,1407.9,3343.4,3850.7,,26050.3,
2024-03-06T08:00:00-06:00,27.14,19.078,19.078,,,,44632.91,34302,61,6535.06,7053,2403.96,2710.4,,24389.96,
2024-03-06T09:00:00-06:00,26.47,19.287,19.287,,,,44726.58,32960,64,9500.39,10635.3,1339.2,1812.6,,23761.14,
2024-03-06T10:00:00-06:00,24.93,17.117,17.117,,,,45178.43,31087,68,11617.07,12019.5,1999.07,2032.6,,22502.61,
2024-03-06T11:00:00-06:00,23.99,16.155,16.155,,,,45874.65,30086,72,12837.09,13126.8,2835.29,2719.8,,21858.76,
2024-03-06T12:00:00-06:00,24.62,15.293,15.293,,,,47072.06,29369,75,13831.77,13854.4,3835.3,3951.7,,21159.4,
2024-03-06T13:00:00-06:00,24.23,15.253,15.287,,,,48650.45,29061,77,14351.32,13771.3,5412.26,5423.9,,21003.04,
2024-03-06T14:00:00-06:00,27.56,16.555,16.713,,,,50063.34,29428,78,13669.17,13000.9,7274,6932.1,,21498.98,
2024-03-06T15:00:00-06:00,33.03,20.1,20.355,,,,51400.93,32227,78,11020.71,11197.4,8443.25,8567.6,,23108.93,
2024-03-06T16:00:00-06:00,40.67,28.17,28.418,,,,52217.78,34799,77,8638.33,8857.7,8897.92,9991.9,,25046.52,
2024-03-06T17:00:00-06:00,71.91,58.208,59.313,,,,52075.35,39332,75,3166.44,4329.4,9652.3,10748.2,,28018.31,
2024-03-06T18:00:00-06:00,74.59,41.39,42.902,,,,51743.96,41116,73,231.5,314.4,9776.54,10961.2,,29074.19,
2024-03-06T19:00:00-06:00,37.23,48.273,50.408,,,,51116.68,39735,71,0.46,0,10706.43,13297,,28066.45,
2024-03-06T20:00:00-06:00,26.88,26.88,28.317,,,,49676.61,35737,70,0.65,0,13662.04,15451,,25070.44,
2024-03-06T21:00:00-06:00,22.81,24.813,26.242,,,,47776.96,32810,68,0.82,0,14796.33,17031.9,,22829.7,
2024-03-06T22:00:00-06:00,17.35,18.987,19.877,,,,45392.49,28001,66,0.95,0,16943.36,18040.9,,18212.39,
2024-03-06T23:00:00-06:00,19.16,17.62,21.865,,,,42830.42,24809,66,1.1,0,17443.18,19046.6,,14919.85,
2024-03-07T00:00:00-06:00,12.06,20.748,21.63,,,,41026.48,24145,66,0.79,0,15881.81,19957.1,,14320.27,
2024-03-07T01:00:00-06:00,11.39,18.692,18.827,,,,39565.05,23316,66,0.8,0,15245.06,20036.8,,13712.83,
2024-03-07T02:00:00-06:00,11.44,23.733,24.692,,,,38859,23533,65,0.69,0,13800.59,19731.3,,14551.58,
2024-03-07T03:00:00-06:00,11.47,21.905,22.388,,,,38529.53,23173,64,0.66,0,13911.63,19196.7,,14621.55,
2024-03-07T04:00:00-06:00,11.29,19.14,19.077,,,,38806.57,22851,64,0.71,0,14626.3,18386.4,,14550.96,
2024-03-07T05:00:00-06:00,15.51,16.352,15.487,,,,40375.56,23587,65,0.81,0,16000.86,17514.9,,15778.95,
2024-03-07T06:00:00-06:00,23.77,17.46,18.85,,,,43232.77,25807,64,5.56,6.4,16577.95,16944.7,,17872.77,
2024-03-07T07:00:00-06:00,21.06,17.938,20.395,,,,44231.84,27093,65,472.9,722.3,16294.35,16581.7,,18435.76,
2024-03-07T08:00:00-06:00,22.92,70.393,71.468,,,,44590.32,27698,66,2183.39,3166.8,14716.59,15862.2,,18974.64,
2024-03-07T09:00:00-06:00,20.87,18.805,18.108,,,,45075.86,26812,68,4751,6389.5,14207.53,15170.8,,18678.34,
2024-03-07T10:00:00-06:00,21.96,20.797,19.727,,,,45654.6,27422,70,5893.27,8229.7,13637.03,15130.1,,18894.15,
2024-03-07T11:00:00-06:00,20.99,17.093,15.625,,,,46079.89,25899,71,7647.55,9661.5,14302.48,15096.7,,17746.69,
2024-03-07T12:00:00-06:00,17.65,18.285,16.745,,,,46451.53,27060,71,8387.62,10778.3,13054.05,15165.9,,18957.65,
2024-03-07T13:00:00-06:00,17.49,19.907,18.615,,,,47185.21,27829,71,8472.37,10792.3,12562.57,15061.8,,19399.11,
2024-03-07T14:00:00-06:00,17.86,20.262,19.773,,,,47625.11,28350,71,7467.88,10037.4,13423.15,15566.3,,19814.1,
2024-03-07T15:00:00-06:00,19.12,20.243,19.932,,,,47806.7,29669,71,6365,8612.1,13099.67,16346.4,,20721.49,
2024-03-07T16:00:00-06:00,22.43,26.142,25.785,,,,48265.86,30435,70,5035.78,7017.3,13220.73,17083.6,,21021.49,
2024-03-07T17:00:00-06:00,31.37,55.827,55.782,,,,48148.6,33894,69,2583.65,4308.4,12356.93,17287.3,,22994.24,
2024-03-07T18:00:00-06:00,40.37,51.533,51.893,,,,47979.48,36867,68,413.59,550.7,11477.59,17092.1,,24819.82,
2024-03-07T19:00:00-06:00,32.65,109.308,110.368,,,,47872.15,37122,66,0.68,0,10897.11,17438.7,,24967.37,
2024-03-07T20:00:00-06:00,24.33,139.102,134.273,,,,46857.81,37003,66,0.49,0,10027.64,17768.8,,25181.85,
2024-03-07T21:00:00-06:00,21.81,53.562,54.242,,,,45377.41,34852,65,0.51,0,10881.76,17590.1,,24168.06,
2024-03-07T22:00:00-06:00,19.7,34.517,34.807,,,,43387.89,32590,65,0.58,0,11707.54,16608.7,,22762.58,
2024-03-07T23:00:00-06:00,18.49,28.927,28.97,,,,41462.85,30296,65,0.48,0,12084.06,15431.5,,20807.38,
2024-03-08T00:00:00-06:00,22.86,29.435,29.62,,,,40099.37,28616,64,0.51,0,11825.44,13897.3,,19275.43,
2024-03-08T01:00:00-06:00,18.58,25.642,25.452,,,,38729.64,27539,64,0.51,0,12031.96,14119.5,,17903.77,
2024-03-08T02:00:00-06:00,17.39,21.398,21.28,,,,37957.9,26310,64,0.47,0,12530.4,15181.8,,16384.67,
2024-03-08T03:00:00-06:00,15.74,20.05,19.895,,,,37564.62,25374,64,0.47,0,13381.88,16019.6,,16149.88,
2024-03-08T04:00:00-06:00,16.18,20.99,20.77,,,,37984.18,25424,63,0.61,0,13960.37,16736.9,,16404.61,
2024-03-08T05:00:00-06:00,19.4,20.137,20.135,,,,39783.36,26480,62,0.7,0,14079.74,17149.4,,17431.87,
2024-03-08T06:00:00-06:00,28.35,25.412,25.412,,,,42904.97,29085,60,1.18,5.9,14028.78,17349.8,,19026.49,
2024-03-08T07:00:00-06:00,22.64,24.128,17.857,,,,44362.29,29782,59,762.65,1175.7,13890.83,17310.3,,19426.05,
2024-03-08T08:00:00-06:00,15.66,17.2,17.125,,,,44933.12,26819,61,5038.48,6852,13528.42,17192.9,,17955.42,
2024-03-08T09:00:00-06:00,14.21,11.478,10.89,,,,45887.17,22592,63,8676.87,10293.7,15006.24,18132.1,,14334.08,
2024-03-08T10:00:00-06:00,12.99,10.33,9.475,,,,46610.55,20914,66,9857.23,11274.6,15987.08,19318.5,,12869.17,
2024-03-08T11:00:00-06:00,13.67,8.093,6.195,,,,47129.4,18580,70,11450.74,12036.9,17194.94,19983.7,,10693.52,
2024-03-08T12:00:00-06:00,12.6,5.388,1.695,,,,47709.7,16868,71,12336.47,13014.7,19030.95,20615.7,,9299.91,
2024-03-08T13:00:00-06:00,13.48,34.277,8.74,,,,48687.4,17548,73,11511.42,13120.8,20572.64,21127.4,,10486.29,
2024-03-08T14:00:00-06:00,17.69,50.108,12.897,,,,49480.38,19396,73,10366.27,12571.9,21008.66,21630,,12169.15,
2024-03-08T15:00:00-06:00,21.74,24.37,13.133,,,,49729.13,20662,72,8621.64,11966.4,21951.91,22098.2,,13182.72,
2024-03-08T16:00:00-06:00,23.88,58.975,17.852,,,,50108.21,22388,70,6563.87,10394.4,22139.13,22399.2,,14371.13,
2024-03-08T17:00:00-06:00,26.96,29.895,15.288,,,,49305.56,24871,66,2650.14,5956.5,22708.13,22585.8,,16234.68,
2024-03-08T18:00:00-06:00,30.94,21.683,18.88,,,,48498.37,26356,62,334.34,623.1,22513.73,23028.1,,17034.61,
2024-03-08T19:00:00-06:00,24.78,17.373,16.632,,,,47979.06,25513,59,0.41,0,22774.26,23696.9,,16564.05,
2024-03-08T20:00:00-06:00,16.78,12.398,11.975,,,,46478.66,22735,56,0.5,0,24376.04,24162.4,,14442.2,
2024-03-08T21:00:00-06:00,14.09,10.992,10.133,,,,45081.8,21277,54,0.65,0,24762.38,24291.3,,12999.15,
2024-03-08T22:00:00-06:00,11.88,10.165,6.82,,,,43292.94,19297,52,0.67,0,25071.66,24144.3,,10794.72,
2024-03-08T23:00:00-06:00,12.41,28.147,6.325,,,,41568.09,17315,50,0.67,0,25281.61,24000.3,,9171,
2024-03-09T00:00:00-06:00,6.5,64.675,4.457,,,,40233.71,16231,49,0.66,0,24882.12,24129.2,,8344.98,
2024-03-09T01:00:00-06:00,5.1,4.42,-0.47,,,,38942.25,15797,48,0.66,0,24216.34,24548.8,,8152.96,
2024-03-09T02:00:00-06:00,3.72,3.675,-0.75,,,,38066.92,15996,48,0.67,0,23183.6,25079.6,,8423.33,
2024-03-09T03:00:00-06:00,4.96,6.667,3.353,,,,37899.16,16433,47,0.67,0,22395.45,25090.1,,9097.66,
2024-03-09T04:00:00-06:00,7.66,8.613,7.565,,,,38451.98,17403,46,0.67,0,21512.74,24533.6,,10059.29,
2024-03-09T05:00:00-06:00,11.17,12.657,12.922,,,,39827.59,19637,45,0.67,0,20082.61,23579.4,,12266.75,
2024-03-09T06:00:00-06:00,15.72,19.305,19.743,,,,42045.92,22928,45,1.79,15.4,18066.8,21992.5,,14192.88,
2024-03-09T07:00:00-06:00,16.15,19.73,20.64,,,,43751.44,25395,45,684.07,1626.6,16435.98,20508,,14981.65,
2024-03-09T08:00:00-06:00,10.23,20.048,19.59,,,,45199.54,24583,46,3836.46,7773.3,15855.73,19794,,14497.51,
2024-03-09T09:00:00-06:00,8.53,21.267,17.985,,,,45742.18,22883,48,7527.59,12249.4,14771.6,18605.2,,14372.21,
2024-03-09T10:00:00-06:00,9.35,12.658,12.748,,,,45316.36,21703,51,11021.98,14113.3,12193.37,16042,,13303,
2024-03-09T11:00:00-06:00,9.64,7.335,7.413,,,,44465.9,18780,54,14477.5,15277.5,10805.68,13659.6,,10746.99,
2024-03-09T12:00:00-06:00,9.28,4.365,4.285,,,,43165.34,17655,56,15303.8,16306.8,9950.01,11997.8,,9949.36,
2024-03-09T13:00:00-06:00,7.82,0.67,0.608,,,,42078.53,17028,58,15690.68,16422.1,9460.46,10641.6,,9462.4,
2024-03-09T14:00:00-06:00,8.51,-0.005,-0.343,,,,41237.34,17165,59,15465.9,16236.2,8806.17,9518.3,,9582.68,
2024-03-09T15:00:00-06:00,9.79,0,-0.04,,,,40907.58,18428,60,14882.78,15581.6,7883.33,8395.4,,10904.45,
2024-03-09T16:00:00-06:00,12.21,0.002,-0.565,,,,41180.31,20574,60,13963.44,14193.8,6862.48,7143.6,,13090.95,
2024-03-09T17:00:00-06:00,28.69,19.433,18.897,,,,41753.4,27383,59,8928.72,8370.1,5629.59,5835.1,,19014.8,
2024-03-09T18:00:00-06:00,92.62,50.86,51.465,,,,43219.54,38085,56,1112.09,792.6,3854.28,4409.5,,27080.88,
2024-03-09T19:00:00-06:00,73.99,26.762,29.325,,,,44538.34,40363,54,0.46,0,3401.94,3683.5,,28544.33,
2024-03-09T20:00:00-06:00,64.68,32.675,35.505,,,,44364.5,39954,52,0.52,0,3355.33,3479.7,,28616.5,
2024-03-09T21:00:00-06:00,48.8,35.767,39.663,,,,43796.81,39454,50,0.46,0,3164.2,3669.8,,28154.43,
2024-03-09T22:00:00-06:00,28.22,28.848,32.315,,,,42855.49,37982,49,0.37,0,3695.48,4217.7,,27081.76,
2024-03-09T23:00:00-06:00,21.8,29.35,33.362,,,,41716.67,36150,48,0.39,0,4421.3,4594.4,,25324.43,
2024-03-10T00:00:00-06:00,25.88,31.785,37.56,,,,41543.09,34610,47,0.37,0,4763.24,4892.9,,23849.18,
2024-03-10T01:00:00-06:00,23.05,33.79,38.658,,,,40779.53,33873,46,,,5220.44,5330.4,,22994.63,
2024-03-10T03:00:00-05:00,22.77,27.335,31.062,,,,40347.73,33078,44,0.41,0,5487.25,5759.5,,22926.35,
2024-03-10T04:00:00-05:00,21.92,27.775,31.61,,,,40567.59,33123,44,0.39,0,5674.01,5991.5,,23189.18,
2024-03-10T05:00:00-05:00,25.85,26.253,28.8,,,,41223.69,33889,42,0.4,0,5568.28,6158.2,,23736.9,
2024-03-10T06:00:00-05:00,42.46,27.967,29.058,,,,42360.5,34857,41,0.38,0,5741.36,6215.1,,24577.41,
2024-03-10T07:00:00-05:00,46.2,28.655,30.118,,,,43885.91,35654,41,33.2,33.1,6320.12,6114.5,,25107.1,
2024-03-10T08:00:00-05:00,48.18,21.01,21.21,,,,44942.06,33778,45,3432.01,2461.2,6021.84,5928.8,,23600.77,
2024-03-10T09:00:00-05:00,22.36,10.303,10.305,,,,44845.94,26636,51,12461.22,10345.7,4407.28,5006.8,,18221.24,
2024-03-10T10:00:00-05:00,14.95,6.418,6.418,,,,44176.42,23101,56,16197.15,13981.1,3025.05,3624.8,,15550.46,
2024-03-10T11:00:00-05:00,13.72,4.53,4.53,,,,43215.4,21809,59,16665.62,14931.9,3122.37,3179.8,,14506.92,
2024-03-10T12:00:00-05:00,12.63,1.168,1.168,,,,42613.02,21083,61,16677.14,15620.7,2995.53,3007.3,,13599.84,
2024-03-10T13:00:00-05:00,11.92,0.427,0.427,,,,42202.29,20994,63,16009.18,15599.5,3281.73,3012.8,,13387.63,
2024-03-10T14:00:00-05:00,11.57,0.01,0.01,,,,41891.13,21113,64,15403.06,15420.4,3459.05,3170.6,,13341.03,
2024-03-10T15:00:00-05:00,12.27,1.008,1.008,,,,41929.22,21026,65,15101.44,14698,3960.55,3500.9,,13591.56,
2024-03-10T16:00:00-05:00,14.11,4.06,4.06,,,,42200.01,22081,66,14044.13,12791.6,4285.07,4090.7,,14690.21,
2024-03-10T17:00:00-05:00,18.12,8.638,8.638,,,,42844,24525,65,12129.76,10717.9,4501.92,4962.5,,16921.64,
2024-03-10T18:00:00-05:00,33.19,17.478,17.478,,,,42893.83,29159,63,7172.53,6142.6,5122.97,5773.3,,21080.24,
2024-03-10T19:00:00-05:00,65.94,28.673,28.905,,,,43760.96,35164,60,899.24,729.5,6113.06,6920.3,,24633.44,
2024-03-10T20:00:00-05:00,43.7,18.72,18.915,,,,44987.95,33693,58,0.49,0,9157.91,9363.1,,23376.3,
2024-03-10T21:00:00-05:00,23.84,14.455,14.548,,,,44395.52,29581,56,0.49,0,12821.68,12427.6,,20034.2,
2024-03-10T22:00:00-05:00,16.99,13.36,13.387,,,,42757.89,25813,56,0.51,0,15242.79,14409.6,,17292.75,
2024-03-10T23:00:00-05:00,13.42,11.095,11.137,,,,40993.67,23640,54,0.51,0,15887.3,15597.9,,15495.05,
2024-03-11T00:00:00-05:00,11.12,9.967,10.067,,,,38841.7,22224,53,0.54,0,16034.23,16467.3,,14138.48,
2024-03-11T01:00:00-05:00,10.33,8.435,8.435,,,,37822.3,20358,53,0.51,0,16768.58,16845.7,,12359.22,
2024-03-11T02:00:00-05:00,9.41,1.708,1.708,,,,37464.21,18954,52,0.52,0,17669.98,16959.7,,11068.22,
2024-03-11T03:00:00-05:00,11.57,-0.497,-0.497,,,,37613.75,18589,52,0.51,0,18191.26,16861.6,,10781.88,
2024-03-11T04:00:00-05:00,12.49,0.52,0.52,,,,38517.73,19160,51,0.53,0,18141.93,16529.3,,11375.95,
2024-03-11T05:00:00-05:00,14.81,8.64,8.64,,,,40445.98,21415,50,0.67,0,17713.05,16095.3,,13626.11,
2024-03-11T06:00:00-05:00,27.44,12.695,12.695,,,,43458.81,25285,50,0.54,0,16071.17,15697.4,,17033.26,
2024-03-11T07:00:00-05:00,35.63,16.203,16.203,,,,45527.82,27571,50,7.85,24.3,15535.44,15124.9,,18786.57,
2024-03-11T08:00:00-05:00,27.24,13.885,13.857,,,,45651.06,26523,53,2270.16,1899.8,15286.77,14410.3,,17817.09,
2024-03-11T09:00:00-05:00,18.53,9.862,9.235,,,,45141.03,22863,57,9863.72,9428.1,12002.72,12321.7,,14640.31,
2024-03-11T10:00:00-05:00,13.22,1.25,1.185,,,,44519.57,19356,60,13524.28,14013.6,11508.73,10722.9,,11176.42,
2024-03-11T11:00:00-05:00,12.34,0.257,0.248,,,,43840.93,17812,64,14626.06,15344.9,11605.82,11099.9,,10121.4,
2024-03-11T12:00:00-05:00,11.54,0.01,0.01,,,,43273.76,17668,67,15378.26,16188.9,10610.05,11054.7,,10050.12,
2024-03-11T13:00:00-05:00,11.32,0.198,0.198,,,,43274.14,17658,69,15529.58,16350.1,10198.01,10978,,10000.83,
2024-03-11T14:00:00-05:00,10.74,0.122,0.12,,,,43398.65,17710,70,15010.57,16459.4,10779.04,11093.9,,9973.29,
2024-03-11T15:00:00-05:00,10.47,1.473,0.12,,,,43722.95,17831,71,13991.92,16219.6,11709.56,11898.4,,10127.08,
2024-03-11T16:00:00-05:00,11.81,1.592,0.13,,,,44153.03,18470,71,12136.79,15786,13308.38,12906.6,,10576.6,
2024-03-11T17:00:00-05:00,15.4,3.385,0.288,,,,44677.89,18622,70,10643.16,14301.6,15268.88,14197,,10691.73,
2024-03-11T18:00:00-05:00,23.12,11.927,11.233,,,,44037.22,21605,68,6925.66,8433.5,16251.17,15434.7,,13705.71,
2024-03-11T19:00:00-05:00,37.31,36.62,36.582,,,,43894.32,28649,65,810.64,763.5,15629.12,16688.5,,17880.62,
2024-03-11T20:00:00-05:00,20.91,16.91,16.908,,,,44753.9,27428,63,0.53,0,17853.66,19515.8,,17376.49,
2024-03-11T21:00:00-05:00,16.25,11.382,10.663,,,,43881.61,21988,62,0.93,0,22524.16,22404.9,,13497.52,
2024-03-11T22:00:00-05:00,11.47,11.53,9.532,,,,42332.15,19295,60,0.93,0,23749.21,24255.2,,11328.22,
2024-03-11T23:00:00-05:00,9.42,8.753,5.942,,,,40570.1,17228,59,0.9,0,23767.06,25030.9,,9335.91,
2024-03-12T00:00:00-05:00,8.39,5.165,0.773,,,,38927.24,15505,58,0.89,0,23648.88,25611.2,,7639.84,
2024-03-12T01:00:00-05:00,5.94,0.595,-7.028,,,,37732.99,15130,57,0.81,0,22912.39,25596.3,,7351.17,
2024-03-12T02:00:00-05:00,4.06,-8.937,-23.995,,,,37192.19,15264,56,0.72,0,22280.28,25399.7,,7365.64,
2024-03-12T03:00:00-05:00,4.83,-7.287,-26.143,,,,37084.79,15280,56,0.69,0,21740.9,25198.2,,7401.47,
2024-03-12T04:00:00-05:00,6.86,-1.118,-10.455,,,,37662.12,15362,56,0.9,0,21932.11,25015.8,,7474.11,
2024-03-12T05:00:00-05:00,10.18,7.157,3.945,,,,39144.86,16052,56,1.21,0,22773.42,24772.1,,8304.34,
2024-03-12T06:00:00-05:00,16.87,11.778,9.908,,,,41499.26,18387,56,1.09,0,22711.78,24378.4,,10376.46,
2024-03-12T07:00:00-05:00,17.7,16.08,13.785,,,,43135.01,19939,57,43.7,27.7,22779.42,23791.3,,11509.08,
2024-03-12T08:00:00-05:00,15.05,15.027,13.055,,,,43777.54,19078,59,1910.59,1754.1,22517.96,22576,,11393.92,
2024-03-12T09:00:00-05:00,13.76,11.04,10,,,,43858.22,17025,63,7148.44,7272.8,19793.44,20791.7,,10081.68,
2024-03-12T10:00:00-05:00,9.46,5.763,2.462,,,,43812.26,15066,67,9879.63,11184.3,19177.69,19588.6,,7998.68,
2024-03-12T11:00:00-05:00,8.52,9.168,0.775,,,,43720.59,14870,69,11836.28,13029.5,17639.77,18619.7,,7787.89,
2024-03-12T12:00:00-05:00,8.77,17.77,3.72,,,,43829.05,15294,72,13163.86,14273.2,16089.95,17002.1,,8187.58,
2024-03-12T13:00:00-05:00,10.84,57.43,14.873,,,,44381.41,17110,73,14016.97,14284.9,14114.44,15658.8,,9992.98,
2024-03-12T14:00:00-05:00,13.16,17.42,17.145,,,,45088.86,18729,74,13550.78,14234.4,13388.4,14474,,11345.01,
2024-03-12T15:00:00-05:00,15.35,29.575,16.107,,,,45692.94,19783,75,12657.21,13750.2,13525.52,13839.1,,12186.21,
2024-03-12T16:00:00-05:00,16.2,10.47,9.83,,,,46583.4,20117,76,12198.76,12888.3,14132.12,13704,,12847.53,
2024-03-12T17:00:00-05:00,15.92,7.79,6.997,,,,47323.7,19921,75,11760.5,11326.1,15310.36,14431.6,,12822.64,
2024-03-12T18:00:00-05:00,28.28,23.83,23.65,,,,46467.74,22842,73,7538.01,7138.3,16379.17,15143.4,,15420,
2024-03-12T19:00:00-05:00,52.37,34.772,34.58,,,,46193.98,28700,71,1067.04,874.7,16903.99,16037.6,,18644.73,
2024-03-12T20:00:00-05:00,28.34,18.017,18.125,,,,46600.21,27240,69,0.46,0,19610.26,18839.1,,18155.6,
2024-03-12T21:00:00-05:00,16.67,12.483,12.455,,,,45741.95,22959,68,0.74,0,23240.06,21464.5,,15705.83,
2024-03-12T22:00:00-05:00,12.05,9.662,8.63,,,,43793.66,19722,67,0.92,0,24867.46,23374,,13024.96,
2024-03-12T23:00:00-05:00,10.85,9.793,8.348,,,,41658.1,17489,66,0.81,0,24510.37,24516.6,,10751.27,
2024-03-13T00:00:00-05:00,7.68,30.118,7.75,,,,40109.37,15587,66,0.64,0,24961.49,25451.9,,8903.12,
2024-03-13T01:00:00-05:00,6.47,6.01,3.27,,,,38860.28,14145,65,0.6,0,25131.52,25548.3,,7786.86,
2024-03-13T02:00:00-05:00,4.75,4.135,0.285,,,,38058.2,13855,64,0.56,0,24725.98,25223.6,,7564.76,
2024-03-13T03:00:00-05:00,4.12,3.405,-1.42,,,,37556.43,14441,64,0.56,0,23543.94,24951.9,,8067.68,
2024-03-13T04:00:00-05:00,5.87,3.953,-0.242,,,,37857.81,14405,63,0.54,0,23419.02,24590.5,,8216.68,
2024-03-13T05:00:00-05:00,10.03,5.885,3.13,,,,39049.87,15409,63,0.73,0,23618.41,23985.8,,9162.48,
2024-03-13T06:00:00-05:00,15.89,8.8,6.902,,,,41450.18,17764,63,0.89,0,23187.49,23149.2,,11275.95,
2024-03-13T07:00:00-05:00,16.68,12.285,11.853,,,,43053.2,19491,63,7.08,26.1,23101.69,22222.6,,12580.55,
2024-03-13T08:00:00-05:00,18.02,13.723,14.132,,,,43751.08,20252,65,1664.29,1895.7,21544.51,21143,,13383.93,
2024-03-13T09:00:00-05:00,15.88,13.197,12.065,,,,44585,19308,67,7563.29,8542,17608.21,19515.8,,12901.56,
2024-03-13T10:00:00-05:00,13.84,31.11,11.947,,,,45518.72,18734,71,10274.13,11332.9,16360.15,17694.9,,12058.27,
2024-03-13T11:00:00-05:00,15.21,13.362,8.695,,,,46386.01,18772,74,11594.47,12413.9,16213.37,17008.7,,11635.19,
2024-03-13T12:00:00-05:00,15.42,44.437,9.235,,,,47443.33,18193,76,12554.18,13232.9,16874.93,17097.1,,11058.03,
2024-03-13T13:00:00-05:00,16.59,17.975,7.452,,,,48871.42,18228,78,12888.14,13864.9,17515.29,17996.3,,11255.82,
2024-03-13T14:00:00-05:00,24.16,16,7.312,,,,50277.62,19022,80,12841.1,13855.2,17872.41,19730.2,,12080.52,
2024-03-13T15:00:00-05:00,29.52,13.553,6.873,,,,51519.05,20260,80,11762.06,13431,19503.94,21241.1,,13239.54,
2024-03-13T16:00:00-05:00,30,13.767,6.562,,,,52505.03,21379,81,10604.47,12904.1,20700.74,22660.7,,14325.79,
2024-03-13T17:00:00-05:00,30.05,16.942,8.385,,,,53067.19,22704,80,8906.87,11601.2,21532.77,23895,,15682.62,
2024-03-13T18:00:00-05:00,30.06,26.57,17.73,,,,51578.03,25180,78,5586.04,7278.2,21969.5,23942.5,,17692.3,
2024-03-13T19:00:00-05:00,56.12,28.378,27.67,,,,50277.03,30220,75,833.23,842.2,21053.53,23047.5,,20377.39,
2024-03-13T20:00:00-05:00,42.68,26.41,25.01,,,,50383.89,30997,73,0.53,0,20967.21,22602.4,,20702.32,
2024-03-13T21:00:00-05:00,25.93,24.305,22.175,,,,49077.76,29780,72,0.53,0,20831.05,22765.7,,20232.17,
2024-03-13T22:00:00-05:00,19.46,23.673,23.243,,,,46707.45,27410,71,0.74,0,20708.96,23499.4,,18580.58,
2024-03-13T23:00:00-05:00,18.6,23.49,24.42,,,,43923.89,25494,70,0.7,0,20249.61,24044.6,,16018.64,
2024-03-14T00:00:00-05:00,16.09,23.383,24.722,,,,42172.85,24665,69,0.7,0,18951.15,24068,,15149.81,
2024-03-14T01:00:00-05:00,15.31,22.185,26.888,,,,40508.62,24711,69,0.75,0,16998.66,23095,,15264.76,
2024-03-14T02:00:00-05:00,14.67,22.343,25.325,,,,39372.9,23958,68,0.73,0,16345.01,22088.9,,15230.28,
2024-03-14T03:00:00-05:00,15.44,38.01,34.615,,,,38809.94,25101,68,0.81,0,14572.04,20933.9,,15703.17,
2024-03-14T04:00:00-05:00,15.61,20.677,24.87,,,,39033.18,26937,68,0.7,0,13141.76,19578.9,,16862.76,
2024-03-14T05:00:00-05:00,17.75,26.852,26.072,,,,40555.37,28561,68,0.72,0,12467.43,18423.8,,18840.22,
2024-03-14T06:00:00-05:00,28.78,33.837,32.84,,,,42917.89,30996,67,0.76,0,11980.29,17235.5,,20565.97,
2024-03-14T07:00:00-05:00,31.9,26.785,27.207,,,,44641.63,32485,67,12.05,24.7,11944.62,15645,,21559.49,
2024-03-14T08:00:00-05:00,28.75,20.018,19.08,,,,45477.85,30683,68,1787.5,1688.4,12622.27,14346.3,,20492.97,
2024-03-14T09:00:00-05:00,21.37,16.758,13.26,,,,46674.12,27191,70,7390.46,8122.6,11791.06,12939.3,,19031.14,
2024-03-14T10:00:00-05:00,20.38,19.045,14.18,,,,48103.58,26840,72,10023.27,11609.6,10994.1,11628,,19225.13,
2024-03-14T11:00:00-05:00,24.31,18.32,13.53,,,,49307.97,27237,74,11549.75,12568.1,10239.92,10817.4,,19602.46,
2024-03-14T12:00:00-05:00,31.08,29.392,18.443,,,,50412.65,29180,76,11768.96,13141.6,9116.34,10329.3,,21162.93,
2024-03-14T13:00:00-05:00,35.54,21.35,15.035,,,,51544.86,29826,77,12715.54,13389,8688.67,9523.4,,21786.73,
2024-03-14T14:00:00-05:00,36.4,17.593,13.678,,,,52522.45,30525,77,13522.31,13315.6,7788.25,8444.1,,22629.65,
2024-03-14T15:00:00-05:00,41.95,24.99,21.958,,,,52852.12,33258,78,11843.53,12722.4,6942.08,7631.9,,24753.35,
2024-03-14T16:00:00-05:00,51.07,22.668,20.713,,,,52780.62,35325,78,10163.22,11403.4,7222.57,7355.8,,25849.95,
2024-03-14T17:00:00-05:00,48.41,22.61,22.253,,,,52704.22,36050,77,8409.25,10010.6,8050.79,7781.5,,26196.72,
2024-03-14T18:00:00-05:00,79.32,21.672,21.713,,,,51412.24,36850,76,5353.83,6705.8,9742.21,8555.4,,26704.44,
2024-03-14T19:00:00-05:00,103.72,27.585,27.062,,,,50155.51,38260,74,980.58,686.4,12362.19,10191.2,,26844.16,
2024-03-14T20:00:00-05:00,53.21,18.44,18.753,,,,50306.22,35890,72,0.8,0,15438.99,13016.7,,25853.05,
2024-03-14T21:00:00-05:00,24.17,14.04,13.9,,,,49335.27,30976,71,0.67,0,19140.16,15729.6,,22885.08,
2024-03-14T22:00:00-05:00,18.97,13.088,12.817,,,,47522.58,27182,71,0.93,0,21206.38,18103,,20026.88,
2024-03-14T23:00:00-05:00,14.3,12.572,11.737,,,,45117.85,24042,70,1.11,0,22179.97,20646.3,,16972.1,
2024-03-15T00:00:00-05:00,12.33,21.873,18.32,,,,42310.76,21404,69,1.24,0,22613.26,24811,,13923.65,
2024-03-15T01:00:00-05:00,9.68,11.587,10.272,,,,40930.1,19118,68,1.32,0,23323.64,25186.5,,12180.25,
2024-03-15T02:00:00-05:00,7.59,9.74,8.713,,,,39878.04,17741,67,1.11,0,23605.2,25177.8,,10941.78,
2024-03-15T03:00:00-05:00,6.41,9.575,8.605,,,,39542.48,17890,66,1.06,0,22652.59,24965.2,,11135.28,
2024-03-15T04:00:00-05:00,8.71,10.76,9.24,,,,39792.3,18306,65,1.09,0,22137.81,24821.8,,11562.7,
2024-03-15T05:00:00-05:00,9.7,10.892,9.28,,,,40777.5,19046,65,1.14,0,22118.46,24923.6,,12261.16,
2024-03-15T06:00:00-05:00,18.05,12.108,10.065,,,,42838.56,19963,64,1.15,0,22811.6,24843.5,,13080.18,
2024-03-15T07:00:00-05:00,17.05,13.487,10.858,,,,44596.23,21140,63,5.61,18,23026.41,24647.8,,13788.84,
2024-03-15T08:00:00-05:00,14.93,11.628,9.36,,,,45442.73,21415,63,439.03,1035.2,23205.58,24699,,14298.72,
2024-03-15T09:00:00-05:00,15.48,11.048,7.127,,,,46404.04,20867,64,2631.83,4113.5,22745.97,24777.4,,13946.24,
2024-03-15T10:00:00-05:00,16.31,9.12,6.535,,,,47090.14,20204,65,4078.64,5701,23057.47,24598.8,,13304.58,
2024-03-15T11:00:00-05:00,15.99,12.888,5.617,,,,47714.06,20083,65,4691.23,7195.9,23445.82,23880.9,,13145.19,
2024-03-15T12:00:00-05:00,18.91,12.315,6.57,,,,48474.31,20939,66,4938.51,8393.4,23273.1,23227.9,,14066.72,
2024-03-15T13:00:00-05:00,18.92,10.365,7.36,,,,49112.09,21703,66,5994.76,9672.6,22179.67,22417.8,,15168.38,
2024-03-15T14:00:00-05:00,19.92,13.642,7.033,,,,49632.3,22162,66,6568.1,9710,21337.01,21270.4,,15712.62,
2024-03-15T15:00:00-05:00,21.65,11.45,7.428,,,,49859.57,23407,66,5897.09,8934.6,20292.43,20355.5,,16913.88,
2024-03-15T16:00:00-05:00,21.38,10.057,8.475,,,,49582.98,24804,66,4560.74,7503.3,19430.33,19478.7,,18069.46,
2024-03-15T17:00:00-05:00,22.46,8.98,7.985,,,,48984.98,25995,66,3973.73,5966.4,18063.06,18697.3,,18885.43,
2024-03-15T18:00:00-05:00,23.84,17.86,17.86,,,,47292.1,29529,64,1941.95,3159.6,15543.48,18002.4,,22284.38,
2024-03-15T19:00:00-05:00,35.25,39.122,39.558,,,,46107.3,33653,63,188.8,406.3,12482.34,16396.8,,24100.66,
2024-03-15T20:00:00-05:00,40.2,25.477,26.632,,,,46115.99,36084,62,0.22,0,10418.22,14816.6,,25490.32,
2024-03-15T21:00:00-05:00,33.27,20.818,22.495,,,,45268.34,36134,62,0.23,0,9501.75,13986.1,,25425.98,
2024-03-15T22:00:00-05:00,22.28,20.267,22.532,,,,43907.21,35006,61,0.24,0,9280.71,13433.3,,25028.13,
2024-03-15T23:00:00-05:00,19.13,21.742,24.592,,,,42389.86,32916,60,0.29,0,9367.64,12776,,23720.38,
2024-03-16T00:00:00-05:00,21.81,19.297,22.293,,,,41365.23,31933,60,0.23,0,8625.67,10321.2,,22556.76,
2024-03-16T01:00:00-05:00,19.64,18.235,20.653,,,,39791.97,30491,59,0.23,0,8401.53,9280.5,,22053.31,
2024-03-16T02:00:00-05:00,17.91,18.27,21.908,,,,38805.62,30174,59,0.25,0,7656.9,7842.4,,21684.44,
2024-03-16T03:00:00-05:00,19.5,17.995,22.08,,,,38152.81,30215,59,0.22,0,6982.98,6443.2,,21804.68,
2024-03-16T04:00:00-05:00,20.34,16.407,19.142,,,,37984.02,30022,59,0.23,0,6779.73,5620.3,,21868.57,
2024-03-16T05:00:00-05:00,19.95,22.102,23.843,,,,38422.66,30313,59,0.23,0,6689.85,5655.8,,21508.68,
2024-03-16T06:00:00-05:00,21.57,23.24,25.048,,,,39446.17,30863,58,0.25,0,6665.14,5920.3,,21690.21,
2024-03-16T07:00:00-05:00,23.6,29.405,30.385,,,,41029.48,32540,59,6.55,16.8,5955.37,5918,,22772.84,
2024-03-16T08:00:00-05:00,29.16,33.795,35.4,,,,42494.66,33540,59,327.59,569.5,5709.69,5933.1,,24016.59,
2024-03-16T09:00:00-05:00,33.14,63.463,64.048,,,,44094.47,35565,60,1186.46,1646.8,4350.99,5403.9,,25279.76,
2024-03-16T10:00:00-05:00,33.43,43.138,42.25,,,,45131.76,35945,61,2506.14,2493.7,4119.58,4658.7,,25470.58,
2024-03-16T11:00:00-05:00,27.79,39.037,40.685,,,,45723.69,36476,62,3752.32,3480.7,3684.56,4508.3,,26064.98,
2024-03-16T12:00:00-05:00,24.11,22.153,26.165,,,,45813.75,36047,64,4488.47,4304.3,4287.07,4705.1,,25459.29,
2024-03-16T13:00:00-05:00,20.65,20.543,23.367,,,,45722.75,35156,65,4913.72,5256.7,5120.9,5244.5,,24624.68,
2024-03-16T14:00:00-05:00,20.08,21.385,23.895,,,,45477.82,34131,66,5680.85,5209.3,5726,5814.1,,23883.69,
2024-03-16T15:00:00-05:00,22.67,25.872,25.945,,,,45206.71,33798,67,5598.4,4619,6346.64,6204.6,,23993.29,
2024-03-16T16:00:00-05:00,25.75,27.298,27.512,,,,45105.86,34472,67,4746.07,3878.8,7119.52,6420.9,,24653.28,
2024-03-16T17:00:00-05:00,39.91,26.467,28.035,,,,44740.03,34843,67,3824.52,2903.1,7422.07,6601.3,,24971.57,
2024-03-16T18:00:00-05:00,48.81,35.835,36.28,,,,44092.57,36787,66,1690.97,1646.1,6981.24,6488,,26251.25,
2024-03-16T19:00:00-05:00,59.02,50.493,51.208,,,,43911.5,39373,65,119.83,335.7,5833.83,6002.2,,27245.29,
2024-03-16T20:00:00-05:00,53.01,52.473,53.19,,,,44737.69,40077,64,0.51,0,4988.49,5748,,27760.58,
2024-03-16T21:00:00-05:00,41.99,73.9,74.42,,,,44087.03,40143,63,0.53,0,4287.53,5440.9,,28004.09,
2024-03-16T22:00:00-05:00,31.21,32.457,33.625,,,,42890.27,38786,62,0.85,0,4781.31,4952.2,,27045.32,
2024-03-16T23:00:00-05:00,23.34,29.687,30.602,,,,41305.78,36950,62,0.59,0,4840.75,4892.3,,26100.53,
2024-03-17T00:00:00-05:00,27.24,29.74,30.822,,,,39885.92,34575,62,0.64,0,5666.81,4542.8,,24498.88,
2024-03-17T01:00:00-05:00,20.38,28.902,29.888,,,,38398.45,33945,61,0.6,0,4611.61,4762.1,,23816.61,
2024-03-17T02:00:00-05:00,19.62,18.822,20.408,,,,37413.08,32363,60,0.57,0,5703.06,4930.5,,22657.86,
2024-03-17T03:00:00-05:00,19.08,16.528,19.35,,,,36831.56,31084,60,0.55,0,6177.3,4964.4,,22211.42,
2024-03-17T04:00:00-05:00,18.64,20.015,21.835,,,,36593.51,30420,59,0.54,0,6504.99,5325.6,,21470.92,
2024-03-17T05:00:00-05:00,19.02,16.215,17.588,,,,36878.61,29510,59,0.57,0,7535.28,6134.6,,20670.72,
2024-03-17T06:00:00-05:00,21.18,18.065,19.235,,,,37612.36,29967,58,0.59,0,7512.12,7044.5,,21105.98,
2024-03-17T07:00:00-05:00,21.41,19.325,20.432,,,,39093.62,30613,58,14.45,20.6,7755.97,7750.4,,21426.62,
2024-03-17T08:00:00-05:00,19.25,19.528,21.387,,,,40567.37,30515,59,896.4,730.4,8069.1,8502.7,,21426.71,
2024-03-17T09:00:00-05:00,16.75,21.61,22.61,,,,42229.11,30502,61,1937.59,2572.8,8562.09,8779.9,,21314.38,
2024-03-17T10:00:00-05:00,15.34,18.135,18.347,,,,43161.16,30033,62,2967,4173,9624.9,9320.7,,20971.61,
2024-03-17T11:00:00-05:00,13.5,18.38,18.918,,,,43755.09,29332,63,4067.47,5459.2,9886.31,10409.2,,19794.06,
2024-03-17T12:00:00-05:00,12.8,18.652,19.188,,,,44038.01,29154,64,5727.65,6469.9,9063.07,11305.7,,19662.43,
2024-03-17T13:00:00-05:00,12.83,16.498,17.05,,,,44235.43,28714,65,7377.98,7730.1,8057.76,11439.8,,19189.37,
2024-03-17T14:00:00-05:00,12.85,16.127,16.797,,,,44198.92,28006,65,7387.67,7750.6,8642.25,11099.8,,18377.34,
2024-03-17T15:00:00-05:00,14.01,21.377,22.05,,,,44246.13,29421,65,5522.96,7010.6,9109.56,11252,,20642.27,
2024-03-17T16:00:00-05:00,15.23,25.932,26.293,,,,44508.39,31578,64,4238.51,6358.1,8705.08,11394.1,,22612.78,
2024-03-17T17:00:00-05:00,20.5,28.045,28.075,,,,44742.67,33092,64,2887.27,4935.2,9019.34,11450.3,,23305.71,
2024-03-17T18:00:00-05:00,25.49,25.53,24.865,,,,44665.05,34084,63,1611.67,2687,9469.76,11078.3,,23928.7,
2024-03-17T19:00:00-05:00,51.73,35.463,34.652,,,,44694.47,35946,62,362.25,443.8,9238.87,9868.7,,25041.5,
2024-03-17T20:00:00-05:00,41.73,55.01,54.465,,,,45651.61,36734,60,0.89,0.1,9393.03,9216.4,,25481.68,
2024-03-17T21:00:00-05:00,26.58,21.42,21.213,,,,44836.8,35107,59,0.75,0,10054.69,9416.9,,24346.76,
2024-03-17T22:00:00-05:00,18.32,19.467,19.215,,,,42987.66,32611,57,0.76,0,10527.71,10201.1,,23313.1,
2024-03-17T23:00:00-05:00,15.53,16.757,16.5,,,,40657.35,30121,57,0.77,0,10576.77,11159.4,,22185.12,
2024-03-18T00:00:00-05:00,16.07,14.928,15.122,,,,39219.38,27705,56,0.78,0,11332.9,10233.2,,20694.93,
2024-03-18T01:00:00-05:00,14.74,14.25,14.865,,,,37961.55,27021,56,0.75,0,10845.51,10019.2,,20095.73,
2024-03-18T02:00:00-05:00,14.51,15.13,16.892,,,,37347.82,27133,56,0.75,0,10021.37,9873.6,,20276.38,
2024-03-18T03:00:00-05:00,14.05,17.418,18.925,,,,37372.29,27937,55,0.8,0,9085.71,9722.3,,20729.97,
2024-03-18T04:00:00-05:00,15.04,19.508,21.155,,,,38258.37,29255,54,0.78,0,8490.04,9581.1,,21107.78,
2024-03-18T05:00:00-05:00,21.31,25.332,29.2,,,,40593.76,31800,53,0.79,0,8004.7,9529.5,,22235.34,
2024-03-18T06:00:00-05:00,39.65,83.64,81.155,,,,44352.44,35517,52,0.96,0,7407.52,9624.5,,24267.47,
2024-03-18T07:00:00-05:00,46.83,83.04,85.65,,,,46852.57,36751,51,100.32,73.2,7827.8,9765,,24921.2,
2024-03-18T08:00:00-05:00,34.03,26.543,26.482,,,,47206.56,33893,53,2989.47,2554.9,8252.01,9882.2,,23213.27,
2024-03-18T09:00:00-05:00,19.82,16.06,15.275,,,,47344.54,28334,56,8893.03,8691.6,7846.51,9753.5,,21153.78,
2024-03-18T10:00:00-05:00,12.64,11.702,10.582,,,,47143.49,25892,58,11830.18,12138.8,7412.96,9539,,19241.57,
2024-03-18T11:00:00-05:00,11.86,9.532,8.645,,,,46640.19,24227,59,13803.56,13395.8,7132.07,9273.4,,17746.23,
2024-03-18T12:00:00-05:00,9.08,10.868,9.755,,,,45921.96,23922,60,13694.26,14235.8,6881.46,9020.4,,17547.67,
2024-03-18T13:00:00-05:00,8.7,9.925,8.638,,,,45381.89,23682,61,14112.45,14408.3,6536.98,8942.2,,17147.7,
2024-03-18T14:00:00-05:00,8.92,10.213,8.807,,,,44847.38,23356,62,14276,14451.5,6644.43,8744,,16889.75,
2024-03-18T15:00:00-05:00,8.96,12.435,10.575,,,,44674.07,23937,62,13716.86,13998.4,6245.38,8403,,17517.3,
2024-03-18T16:00:00-05:00,9.79,15.783,13.795,,,,44926.05,25980,62,12208.35,13128.6,5750,7896.2,,19463.9,
2024-03-18T17:00:00-05:00,14.11,14.305,13.352,,,,45305.36,27738,61,11478.46,11893.6,5230.02,7417.5,,20224.18,
2024-03-18T18:00:00-05:00,33.56,53.335,51.715,,,,45383.22,33599,60,6635.37,6803.3,4468.41,6863.8,,23818.52,
2024-03-18T19:00:00-05:00,95.38,196.14,193.53,,,,45523.35,39296,58,921.85,754.4,4212.11,6360.2,,26997.75,
2024-03-18T20:00:00-05:00,66.35,96.333,94.183,,,,46558.35,40588,56,0.73,0.1,5134.34,6740.5,,28221.56,
2024-03-18T21:00:00-05:00,45.24,43.168,42.823,,,,45562.39,38855,54,0.23,0,6686.5,7424.9,,26983.53,
2024-03-18T22:00:00-05:00,25.56,24.727,24.275,,,,43742.64,36131,52,0.2,0,7603.65,8230.2,,25332.32,
2024-03-18T23:00:00-05:00,17.99,22.422,22.09,,,,41704.45,33079,50,0.23,0,8336.17,9145,,23525.29,
2024-03-19T00:00:00-05:00,20,22.043,22.965,,,,41995.55,31862,49,0.22,0,8008.21,10516.2,,22480.64,
2024-03-19T01:00:00-05:00,18.2,19.65,20.982,,,,41451.5,30991,48,0.22,0,8041.12,10862.2,,22141.42,
2024-03-19T02:00:00-05:00,17.6,19.128,21.077,,,,41463.93,30359,47,0.2,0,8365.49,11387.1,,21822.93,
2024-03-19T03:00:00-05:00,16.59,19.57,21.132,,,,41534.97,29794,46,0.26,0,9106.06,12242.2,,21364.93,
2024-03-19T04:00:00-05:00,16.46,20.2,20.578,,,,42450.83,29842,46,0.22,0,10121.26,13114.4,,21480.37,
2024-03-19T05:00:00-05:00,20.31,28.242,28.003,,,,44722.76,31712,45,0.3,0,10760.26,13809.2,,22862.49,
2024-03-19T06:00:00-05:00,49.35,77.718,77.89,,,,48012.85,35527,45,0.32,0,10076.98,13991.8,,24946.63,
2024-03-19T07:00:00-05:00,49.92,101.605,100.653,,,,50069.2,37213,45,174.57,116.2,10184.83,13731.6,,25591.45,
2024-03-19T08:00:00-05:00,28.72,23.393,22.943,,,,49883.54,33736,48,4324.39,3536.9,9636.02,13135.7,,23330.47,
2024-03-19T09:00:00-05:00,18.21,13.17,12.722,,,,48977.73,28065,52,11043.6,11560.1,7745.06,11275.6,,19931.09,
2024-03-19T10:00:00-05:00,12.06,5.578,5.347,,,,47872.58,23258,56,13904.85,14216.9,8866.98,10518.4,,15933.85,
2024-03-19T11:00:00-05:00,10.77,2.482,2.165,,,,46560.67,20762,58,13868.12,14969.2,10360,11708.2,,13704.48,
2024-03-19T12:00:00-05:00,8.93,2.817,2.222,,,,45417.23,19905,60,14322.46,15446.4,10077.34,12285.3,,13038.35,
2024-03-19T13:00:00-05:00,7.41,2.073,1.527,,,,44799.23,19522,62,13366.53,15462.3,10784.58,12184.6,,12732.08,
2024-03-19T14:00:00-05:00,6.66,3.177,2.325,,,,44326.34,19451,64,12631.95,15530.8,10852.07,11481.8,,12799.17,
2024-03-19T15:00:00-05:00,8.07,3.3,2.49,,,,44204.97,19931,64,12324.22,14870.8,10792.9,11037.8,,13304.91,
2024-03-19T16:00:00-05:00,8.99,6.54,5.065,,,,44501.12,21211,64,11301.99,13613.2,10726.09,10800.2,,14650.7,
2024-03-19T17:00:00-05:00,11.84,7.662,6.122,,,,44970.64,22738,63,10197.21,12073.4,10728,10989.9,,15901.02,
2024-03-19T18:00:00-05:00,20.13,12.855,11.99,,,,45052.31,26283,62,7359.04,7253.2,10111.83,11263.8,,19007.22,
2024-03-19T19:00:00-05:00,45.35,53.605,53.378,,,,45486.98,33506,59,1306.14,958.5,9590.4,11484.1,,23171.86,
2024-03-19T20:00:00-05:00,22.71,24.315,23.618,,,,46375.49,34650,58,0.98,0.3,10725.98,13129.5,,23625.9,
2024-03-19T21:00:00-05:00,16.65,21.523,19.11,,,,45556.23,30151,56,0.51,0,14226.62,15576.4,,21026.32,
2024-03-19T22:00:00-05:00,12.38,29.883,37.342,,,,43584.5,25615,55,0.52,0,17025.97,17435.9,,17982.55,
2024-03-19T23:00:00-05:00,10.82,17.93,33.115,,,,41610.7,22188,55,0.52,0,17754.88,18578.3,,14831.53,
2024-03-20T00:00:00-05:00,9.82,14.592,21.68,,,,39437.32,20893,54,0.55,0,17490.49,20610,,13923.15,
2024-03-20T01:00:00-05:00,8.07,9.447,6.425,,,,38228.41,20374,54,0.49,0,17242.29,20406.3,,13469.78,
2024-03-20T02:00:00-05:00,8.5,8.125,6.415,,,,37606.02,20183,54,0.54,0,17017.07,19797.4,,13173.88,
2024-03-20T03:00:00-05:00,10.32,6.538,5.968,,,,37428.35,20239,53,0.51,0,16966.72,18765.2,,13309.43,
2024-03-20T04:00:00-05:00,12.69,10.087,10.642,,,,38172.4,23012,53,0.52,0,14704.74,17445.5,,16033.9,
2024-03-20T05:00:00-05:00,16.54,17.217,16.59,,,,40375.78,26969,52,0.81,0,12775.39,15715.7,,19457.55,
2024-03-20T06:00:00-05:00,32.31,32.595,31.385,,,,44013.55,32386,52,0.78,0,10759.65,14000.8,,22231.03,
2024-03-20T07:00:00-05:00,35.73,54.01,52.757,,,,46275,35352,52,52.25,74.6,9559.19,12373,,23131.18,
2024-03-20T08:00:00-05:00,30.94,54.263,52.985,,,,46487.2,34667,54,2174.31,2304,7942.39,10698.2,,23059.91,
2024-03-20T09:00:00-05:00,23.3,20.645,20.523,,,,46324.26,31928,58,7598.57,7567.3,5493.89,8311.4,,22360.37,
2024-03-20T10:00:00-05:00,17.92,18.365,18.377,,,,45915.74,30349,61,10403.67,10241.1,3893.2,6590.1,,21806.35,
2024-03-20T11:00:00-05:00,18.23,16.67,16.67,,,,45509.35,29331,64,11977.01,11501.2,2981.15,5890.7,,21177.01,
2024-03-20T12:00:00-05:00,17.1,15.952,15.952,,,,45161.36,28619,66,12888.7,12399.6,2532.28,5670.4,,20788.51,
2024-03-20T13:00:00-05:00,17.44,12.895,12.895,,,,45110.82,26844,67,13536.19,12352,3112.24,5944.9,,19298.47,
2024-03-20T14:00:00-05:00,17,15.275,15.275,,,,45132.23,27293,68,12624.36,12083.9,3854.5,6333.9,,19827.15,
2024-03-20T15:00:00-05:00,18.59,17.235,17.235,,,,45190.94,27969,68,10980.19,10945.1,4805.58,6971,,20528.78,
2024-03-20T16:00:00-05:00,22.49,15.775,15.775,,,,45630.76,27816,69,9723.05,8587.2,6658.24,7848.4,,20469.54,
2024-03-20T17:00:00-05:00,31.02,19.84,19.84,,,,46133.66,29476,67,7359.94,6880.2,7781.54,8949.6,,21565.99,
2024-03-20T18:00:00-05:00,34,25.285,25.19,,,,46191.19,32879,66,2685.6,4384.8,9001.61,9896.2,,23107.77,
2024-03-20T19:00:00-05:00,76.25,33.54,33.095,,,,46410.01,35605,64,240.61,709.7,9228.36,10774.3,,24338.52,
2024-03-20T20:00:00-05:00,40.71,27.202,26.73,,,,47248.61,35165,63,0.47,0.4,10620.65,12945.6,,24433.98,
2024-03-20T21:00:00-05:00,20.77,21.91,21.325,,,,46313.65,32634,61,0.5,0,12333.03,15196.2,,22917.8,
2024-03-20T22:00:00-05:00,17.05,15.59,16.013,,,,44248.14,28708,61,0.52,0,14223.29,16809.8,,20594.6,
2024-03-20T23:00:00-05:00,14.66,13.307,13.838,,,,41757.48,26405,60,0.53,0,14111.87,18003.3,,19167.78,
2024-03-21T00:00:00-05:00,12.75,10.71,10.59,,,,39325.72,24944,60,0.55,0,13686.67,16475,,17510.65,
2024-03-21T01:00:00-05:00,12.37,12.665,13.288,,,,37711.19,26023,60,0.59,0,11287.43,15622.8,,18389.56,
2024-03-21T02:00:00-05:00,12.63,16.475,16.607,,,,36649.41,27906,60,0.56,0,8877.9,14262.8,,19680.4,
2024-03-21T03:00:00-05:00,15.25,17.237,18.032,,,,36403.25,28947,60,0.55,0,7739.17,12828.8,,20615.19,
2024-03-21T04:00:00-05:00,16.53,21.08,23.163,,,,36982.2,30843,60,0.56,0,6307.23,11500.2,,21748.87,
2024-03-21T05:00:00-05:00,23.1,40.63,36.515,,,,38901.95,33679,59,0.57,0,5001.13,10065.3,,23226.41,
2024-03-21T06:00:00-05:00,43.83,80.205,81.555,,,,42135.58,37660,59,0.52,0,3941.79,8760,,25649.19,
2024-03-21T07:00:00-05:00,52.92,72.1,72.628,,,,44349.4,39294,59,12.35,39.6,3847.47,7501.1,,26466.5,
2024-03-21T08:00:00-05:00,51.68,47.207,40.77,,,,44993.2,38254,60,1414.58,1222.9,3952.24,6420.4,,25778.25,
2024-03-21T09:00:00-05:00,33.02,36.733,36.105,,,,45563.77,36029,61,5136.18,4375.9,3471.7,5514.7,,24546.08,
2024-03-21T10:00:00-05:00,28.16,22.173,21.972,,,,45871.22,34163,62,7760.96,6364.1,3358.52,5075.6,,24051.62,
2024-03-21T11:00:00-05:00,25.43,20.41,20.235,,,,45895.68,33524,63,9082.9,7445.8,3053.98,4861.5,,23857.8,
2024-03-21T12:00:00-05:00,21.63,21.523,21.358,,,,45879.1,33368,64,9093.11,8574,3204.03,4587,,23615.95,
2024-03-21T13:00:00-05:00,19.54,19.855,19.845,,,,45885.53,32826,64,9168.95,9157.1,3430.41,4500.8,,23476.68,
2024-03-21T14:00:00-05:00,17.7,19.24,19.26,,,,45601.26,32237,65,8599.68,9111.6,4211.64,4739.5,,23150.11,
2024-03-21T15:00:00-05:00,17.6,20.475,20.492,,,,45252.36,33315,65,7301.32,8427.9,5052.63,5312.1,,23709.68,
2024-03-21T16:00:00-05:00,17.07,17.09,17.073,,,,45401.93,32789,65,7034.1,7647.5,5899.59,5979.9,,23809.78,
2024-03-21T17:00:00-05:00,20.87,15.34,15.355,,,,45596.64,31791,65,7072.73,6529.8,7157.3,6365.1,,23209.35,
2024-03-21T18:00:00-05:00,40.91,30.943,30.943,,,,45498.33,34616,64,5031.77,4460.1,6561.17,6133.1,,25192.48,
2024-03-21T19:00:00-05:00,119.25,67.418,66.402,,,,45745.13,40532,63,1120.33,951,4978.61,5289.5,,28591.84,
2024-03-21T20:00:00-05:00,113.99,51.665,51.515,,,,46598.49,42245,62,0.9,0.5,4343.37,4406.6,,29436.78,
2024-03-21T21:00:00-05:00,69.4,48.762,49.267,,,,45808.24,41036,61,0.53,0,4131.75,3935.3,,28668.54,
2024-03-21T22:00:00-05:00,35.31,40.21,40.56,,,,43988.44,39196,59,0.52,0,3781.8,3907.2,,27861.77,
2024-03-21T23:00:00-05:00,28.04,31.742,33.032,,,,41630.45,37368,58,0.56,0,3912.33,4072.5,,26706.24,
2024-03-22T00:00:00-05:00,28.62,31.04,33.425,,,,39276.1,36126,56,0.57,0,3293,3763.9,,25077.3,
2024-03-22T01:00:00-05:00,24.5,30.863,35.242,,,,37699.33,35724,57,0.53,0,2535.67,3987.8,,24244.22,
2024-03-22T02:00:00-05:00,21.61,24.762,29.092,,,,36726.37,35146,56,0.53,0,2456.37,4362.3,,23858.82,
2024-03-22T03:00:00-05:00,19.43,22.178,25.855,,,,36452.95,35034,55,0.52,0,2317.56,4942.6,,23478.45,
2024-03-22T04:00:00-05:00,21.19,33.19,37.76,,,,36987.1,35720,55,0.5,0,2143.12,5428.4,,23755.78,
2024-03-22T05:00:00-05:00,23.52,26.075,29.942,,,,38806.89,36497,54,0.54,0,2867.08,5991,,24655.49,
2024-03-22T06:00:00-05:00,55.6,49.335,51.613,,,,41998.21,38924,54,1.12,0,3521.58,6583.3,,25664.72,
2024-03-22T07:00:00-05:00,45.59,112.607,116.62,,,,44124.79,39844,55,60.81,95.5,3783.39,6754.5,,26546.23,
2024-03-22T08:00:00-05:00,29.33,19.385,20.327,,,,44760.74,36085,57,3330.38,3024.9,4857.92,6646,,24258.16,
2024-03-22T09:00:00-05:00,17.56,14.645,14.2,,,,45415.33,30079,60,10117.89,10534.4,5005.44,5878.7,,20622,
2024-03-22T10:00:00-05:00,14.13,12.31,11.765,,,,45727.36,27287,63,13043.84,13710.1,5213.59,5514.2,,18631.69,
2024-03-22T11:00:00-05:00,12.48,10.268,9.707,,,,45876.15,25232,67,13739.09,15013.3,6736.81,6415.6,,16753.21,
2024-03-22T12:00:00-05:00,10.47,8.923,6.85,,,,46018.9,23593,70,14031.24,15697.4,9038.4,7712.6,,15225.23,
2024-03-22T13:00:00-05:00,9.28,0.425,0.27,,,,46305.94,20933,72,13223.49,16064.4,13210.41,9287.4,,12860.38,
2024-03-22T14:00:00-05:00,8.26,1.82,0.45,,,,46624.71,20033,74,12612.9,16257,15005.39,10575.2,,12488.78,
2024-03-22T15:00:00-05:00,8.8,3.65,1.1,,,,46965.79,19981,74,13124.18,15665.1,14708.39,11534.1,,12505,
2024-03-22T16:00:00-05:00,10.67,2.852,0.95,,,,47383.47,20353,74,13266.42,14900.3,14561.72,11857.7,,13051.52,
2024-03-22T17:00:00-05:00,13.17,3.06,1.785,,,,47494.67,20924,73,13358.63,13382.6,13838.57,11019.7,,13471.95,
2024-03-22T18:00:00-05:00,24.79,12.457,12.167,,,,46806.01,24233,71,10250.7,8702.8,12429.64,9395.3,,16444.73,
2024-03-22T19:00:00-05:00,70.61,27.375,27.145,,,,46051.07,32763,68,1736.65,1228.9,11793.19,8944.4,,22200.68,
2024-03-22T20:00:00-05:00,36.9,20.02,20.383,,,,46378.34,32074,65,0.17,0.6,14200.07,10520.3,,22302.52,
2024-03-22T21:00:00-05:00,22.49,14.89,14.907,,,,45443.12,28043,62,0.13,0,17114.21,12630.4,,20081.49,
2024-03-22T22:00:00-05:00,16.53,13.203,13.332,,,,43876.41,24923,60,0.13,0,18532.36,14567,,18118.27,
2024-03-22T23:00:00-05:00,15.24,12.253,12.062,,,,41708.81,22661,59,0.13,0,18828.25,15914.1,,15965.45,
2024-03-23T00:00:00-05:00,11.71,12.287,12.02,,,,40345.93,21404,57,0.14,0,18114.41,18516.6,,14725.38,
2024-03-23T01:00:00-05:00,10.37,8.945,8.955,,,,38777.53,19803,56,0.14,0,18208.05,18177.2,,13212.3,
2024-03-23T02:00:00-05:00,9.26,10.033,9.948,,,,37785.02,19731,55,15.06,0,17373.93,16571.4,,13290.05,
2024-03-23T03:00:00-05:00,12.92,13.442,13.21,,,,37144.37,21474,54,3.51,0,15165.1,14439.9,,15016.1,
2024-03-23T04:00:00-05:00,14.86,18.265,18.225,,,,37086.03,24251,53,49.15,0,12514.87,12373.5,,17093.98,
2024-03-23T05:00:00-05:00,17.6,21.745,21.935,,,,37696.05,27230,52,0.18,0,10332.45,10572.9,,18799.47,
2024-03-23T06:00:00-05:00,32.73,31.685,31.867,,,,39039.51,30099,51,0.3,0,8418.2,8902.4,,20099.44,
2024-03-23T07:00:00-05:00,40.06,45.4,45.473,,,,40750.44,32843,51,226.84,183.3,6925.23,7354.1,,21347.22,
2024-03-23T08:00:00-05:00,31.13,20.257,20.257,,,,42327.95,30355,54,5143.31,4083.2,5752.68,6088.3,,20291.43,
2024-03-23T09:00:00-05:00,17.28,17.767,17.767,,,,43599.62,26580,58,11224.13,11045.5,4205.41,5012.7,,18420.59,
2024-03-23T10:00:00-05:00,14.59,14.577,14.565,,,,44160.7,24017,60,13808.61,13862.6,4273.27,5013.2,,16812.53,
2024-03-23T11:00:00-05:00,14.59,12.187,12.17,,,,44206.3,21483,63,15533.18,15130.1,4968.02,5893,,14623.53,
2024-03-23T12:00:00-05:00,13.06,11.135,11.158,,,,44001.49,19804,66,15502.69,15999.1,6904.53,7132.1,,12790.84,
2024-03-23T13:00:00-05:00,9.32,9.455,9.155,,,,43939.25,17952,68,15788.07,16155,9016.25,8970.6,,10852.13,
2024-03-23T14:00:00-05:00,8.5,8.467,7.975,,,,44017.56,17048,70,15039.18,16357.2,11014.34,10995.5,,9956.49,
2024-03-23T15:00:00-05:00,9.23,6.983,6.662,,,,44338.94,16595,71,13760.2,15616.6,13415.62,13121.6,,9539.33,
2024-03-23T16:00:00-05:00,10.03,6.668,6.09,,,,44864.55,16595,71,12095.96,13847,15907.09,15771.9,,9799.11,
2024-03-23T17:00:00-05:00,11.35,10.643,9.903,,,,45141.52,18530,71,8632.41,11857.6,17975.3,18691.2,,11554.07,
2024-03-23T18:00:00-05:00,14.22,21.4,20.375,,,,44730.68,21868,69,3739.95,6875.1,19342.53,21268.5,,14001.64,
2024-03-23T19:00:00-05:00,25.1,22.133,21.118,,,,44433.12,24057,67,422.12,1024.5,20223.21,22899.5,,14807.3,
2024-03-23T20:00:00-05:00,17.31,17.31,15.682,,,,45137.34,22876,65,0.78,0.6,22311.1,24786.3,,14042.08,
2024-03-23T21:00:00-05:00,13.17,14.997,12.475,,,,44355.99,20958,63,1.01,0,23563.88,26311,,13093.32,
2024-03-23T22:00:00-05:00,10.44,15.505,12.158,,,,43014.75,19123,63,0.94,0,23575.67,27494.2,,11619.26,
2024-03-23T23:00:00-05:00,7.34,12.48,7.86,,,,41266,16847,62,0.8,0,23991.75,28249.9,,9591.36,
2024-03-24T00:00:00-05:00,3.45,9.815,5.398,,,,39980.06,14722,61,0.68,0,24412.22,29026.3,,7616.75,
2024-03-24T01:00:00-05:00,2.8,1.125,-2.275,,,,38718.25,13237,60,0.69,0,24570.9,29156.7,,6299.71,
2024-03-24T02:00:00-05:00,2.24,-14.477,-16.292,,,,37882.18,12759,60,0.68,0,24334.48,29311.8,,6126.65,
2024-03-24T03:00:00-05:00,1.7,-28.927,-29.07,,,,37333.1,12656,60,0.55,0,23898.28,29501.6,,6098.25,
2024-03-24T04:00:00-05:00,1.36,-30.345,-30.31,,,,37053.78,12515,60,0.54,0,23617.42,29649.6,,6092.4,
2024-03-24T05:00:00-05:00,1.23,-29.995,-29.96,,,,37224.8,12507,60,0.59,0,23915.83,29821.4,,6095.47,
2024-03-24T06:00:00-05:00,5.65,-17.99,-19.277,,,,37757.77,12773,59,0.69,0,24456.46,29886.7,,6054.06,
2024-03-24T07:00:00-05:00,8.12,3.15,1.005,,,,38844.71,13195,59,57.97,123.5,25036.31,29817.5,,6519.42,
2024-03-24T08:00:00-05:00,6.07,4.452,3.025,,,,40121.27,13074,60,1220.59,2600.8,25354.29,29839.5,,6288.13,
2024-03-24T09:00:00-05:00,5.78,6.46,3.59,,,,41452.57,12497,61,2821.72,7951,25724.12,30021.5,,5564.83,
2024-03-24T10:00:00-05:00,4.36,7.328,3.065,,,,42124.71,12609,63,3654.3,10308.3,25673.04,30210.4,,5657.87,
2024-03-24T11:00:00-05:00,4.64,7.397,3.09,,,,42482.65,12350,65,4490.98,11668.7,25717.76,30075.4,,5517.45,
2024-03-24T12:00:00-05:00,4.12,3.877,1.042,,,,42723.9,12128,67,5338.42,12581.9,25831.09,29824,,5414.42,
2024-03-24T13:00:00-05:00,3.6,0.307,-1.867,,,,42914.07,11814,68,5925.83,13112.7,25674.21,29361.3,,5213.32,
2024-03-24T14:00:00-05:00,4.65,5.958,4.18,,,,43227.34,12264,70,5746.86,13021.8,25638.6,28762.1,,5733.27,
2024-03-24T15:00:00-05:00,5.52,8.85,6.955,,,,43512.06,13093,70,6075.32,11939.3,24846.97,28340.8,,6543.52,
2024-03-24T16:00:00-05:00,4.65,13.09,10.393,,,,43939.84,14674,70,5522.34,10574.6,24150.36,28298.5,,7874.65,
2024-03-24T17:00:00-05:00,7.99,11.39,8.668,,,,44380.31,16158,69,4922.2,9191.9,23664.29,28417,,9168.31,
2024-03-24T18:00:00-05:00,12.01,13.37,10.26,,,,44454.04,17829,68,2743.7,6540.6,24491.41,28695.4,,10603.68,
2024-03-24T19:00:00-05:00,22,23.623,20.85,,,,44629.54,20143,67,574.28,1257.2,24761.29,28691.8,,11872.61,
2024-03-24T20:00:00-05:00,27.31,34.4,32.102,,,,45600.7,22620,66,0.82,0.9,23829.66,28432.4,,12637.34,
2024-03-24T21:00:00-05:00,21.69,37.743,36.843,,,,45007.19,23742,66,0.74,0,21986.17,27863.4,,12733.99,
2024-03-24T22:00:00-05:00,15.41,17.733,17.073,,,,43414.02,21788,66,0.7,0,21879.06,27020.4,,12322.74,
2024-03-24T23:00:00-05:00,12.93,14.965,14.42,,,,41269.56,19304,65,0.72,0,22091.55,26183.8,,11129.96,
2024-03-25T00:00:00-05:00,9.87,13.678,13.18,,,,39465.54,17700,64,0.73,0,21529.49,26346.2,,10243.32,
2024-03-25T01:00:00-05:00,8.53,13.05,12.57,,,,37933.91,17309,63,0.74,0,20755.37,25918.5,,10149.52,
2024-03-25T02:00:00-05:00,7.46,14.597,14.19,,,,37054.56,17771,62,0.77,0,19688.46,25460.5,,10367.53,
2024-03-25T03:00:00-05:00,6.83,13.865,13.517,,,,36786.4,17797,62,0.77,0,19684.33,25293.3,,10524.82,
2024-03-25T04:00:00-05:00,8.71,12.672,12.183,,,,37431.52,17677,61,0.76,0,20341.14,25221,,10693.77,
2024-03-25T05:00:00-05:00,10.33,13.315,12.83,,,,39360.28,18992,59,0.74,0,20572.68,25010,,11875.81,
2024-03-25T06:00:00-05:00,19.24,23.013,22.335,,,,42701.92,22279,58,0.72,0,19854.22,24554.5,,13801.37,
2024-03-25T07:00:00-05:00,24.43,17.442,16.493,,,,45031.03,23398,57,21.37,87.1,20518.06,24209.6,,14133.89,
2024-03-25T08:00:00-05:00,17.3,21.098,19.58,,,,45669.59,23377,58,2327.11,2715.6,18810.45,23650.9,,13852.65,
2024-03-25T09:00:00-05:00,11.52,20.755,16.78,,,,46501.5,22002,60,5510.03,8994.7,17796.71,23398.7,,13285.8,
2024-03-25T10:00:00-05:00,11.07,13.438,10.995,,,,47023.52,20334,62,6861.63,11180.9,18503.26,24222.1,,12425.95,
2024-03-25T11:00:00-05:00,10.44,15.307,12.4,,,,47564.86,18925,65,7911.74,12596.1,19308.79,25132.7,,11608.55,
2024-03-25T12:00:00-05:00,9.73,12.475,7.488,,,,47915.41,17872,68,9242.69,13829.5,19545.27,25635.6,,10643.77,
2024-03-25T13:00:00-05:00,9.47,5.375,3.865,,,,48356.27,15971,69,10222.24,15627.5,20677.04,25912.8,,8913.12,
2024-03-25T14:00:00-05:00,9.69,2.13,1.108,,,,48468.04,15219,70,10469.32,15719.4,21460.95,26226.8,,8453.74,
2024-03-25T15:00:00-05:00,10.58,1.138,0.122,,,,48417.86,15367,72,9997.71,15142,21878.55,26222,,8930.02,
2024-03-25T16:00:00-05:00,12.59,3.808,1.658,,,,48590.16,17126,72,9967.23,14271.7,20763.52,26131.7,,10773.62,
2024-03-25T17:00:00-05:00,13.35,3.485,1.727,,,,48424.49,18536,70,9685.03,12426.4,19878.95,25499.3,,12134.82,
2024-03-25T18:00:00-05:00,16.78,10.09,8.712,,,,47887.11,21340,68,6994.33,7626.4,19925.22,24082.4,,14737.26,
2024-03-25T19:00:00-05:00,35.93,43.207,42.967,,,,47239.42,29278,63,1050.01,1295.5,17243.4,21414.4,,20131.33,
2024-03-25T20:00:00-05:00,45.83,26.548,26.465,,,,47610.41,31488,60,1.25,0.7,15968.92,18802.2,,21526.08,
2024-03-25T21:00:00-05:00,37.76,24.057,24.465,,,,46245.43,30605,57,0.5,0,15599.17,16737.3,,21169.77,
2024-03-25T22:00:00-05:00,23.78,18.21,21.155,,,,43791.1,29052,54,0.52,0,14881.84,14999.7,,20311.18,
2024-03-25T23:00:00-05:00,18.56,16.282,17.01,,,,41031,27874,53,0.47,0,13542.05,13942.9,,19594.61,
2024-03-26T00:00:00-05:00,17.21,16.77,16.525,,,,39045.28,27366,52,0.49,0,12082.43,11403.2,,19316.93,
2024-03-26T01:00:00-05:00,16.77,17.78,17.595,,,,37881.51,27858,50,0.52,0,10264.23,10475.2,,19524.14,
2024-03-26T02:00:00-05:00,16.71,24.852,25.327,,,,37180.9,29025,50,0.46,0,8515.04,9384.2,,20080.27,
2024-03-26T03:00:00-05:00,18.9,36.253,38.8,,,,37194.91,31091,49,0.5,0,6346.27,8322.1,,21126.36,
2024-03-26T04:00:00-05:00,19.39,30.953,34.57,,,,38066.5,32814,48,0.51,0,5292.28,7347.7,,22196.93,
2024-03-26T05:00:00-05:00,31.21,27.277,32.735,,,,40249.3,35078,46,0.5,0,4968.5,6752.7,,24420.33,
2024-03-26T06:00:00-05:00,74.36,69.97,72.595,,,,43774.61,38139,45,0.48,0,5622.32,6416.2,,26709.44,
2024-03-26T07:00:00-05:00,81.56,42.247,44.403,,,,45976.17,39475,44,345.95,287.2,5912.92,6063.1,,27320.53,
2024-03-26T08:00:00-05:00,25.2,15.917,17.25,,,,46108.39,33105,47,7420.18,5775.5,5621.46,5545.7,,23310.9,
2024-03-26T09:00:00-05:00,11.69,6.965,7.245,,,,46050.71,25206,49,16012.45,15505.1,4907.93,4780.6,,17405.12,
2024-03-26T10:00:00-05:00,9.95,6.043,6.247,,,,45763.16,23082,52,17229.04,17400.4,5007.97,4749.3,,15723.76,
2024-03-26T11:00:00-05:00,9.59,5.242,5.308,,,,45152.66,22304,55,17726.43,17901.1,4383.69,4858.1,,14833.96,
2024-03-26T12:00:00-05:00,10.5,5.955,5.967,,,,44518.61,21776,58,18089.5,18011.4,3896.92,4218.1,,14528.99,
2024-03-26T13:00:00-05:00,10.7,6.125,6.112,,,,44283.23,21930,61,18092.96,17600.3,3480.09,3380.6,,14760.67,
2024-03-26T14:00:00-05:00,11.1,6.697,6.69,,,,44211.97,22235,63,17877.1,17639.3,3313.4,3004.6,,15085.82,
2024-03-26T15:00:00-05:00,11.37,7.36,7.357,,,,44549.85,22897,64,17376.51,17019.7,3319.39,3190.6,,15788.92,
2024-03-26T16:00:00-05:00,13.18,8.035,8.015,,,,45221.52,23710,64,17056.86,15794.9,3361.19,3671.7,,16729.66,
2024-03-26T17:00:00-05:00,14.88,11.912,11.713,,,,45756.24,25556,63,15875.41,14269,3451.32,4493.6,,18714.17,
2024-03-26T18:00:00-05:00,28.58,38.703,37.737,,,,45737.28,29895,62,10161.8,8756.1,4984.48,5548.5,,22167.96,
2024-03-26T19:00:00-05:00,85.77,88.275,86.915,,,,45662.04,37264,58,1472.35,1167.4,6416.2,6518.3,,26542.65,
2024-03-26T20:00:00-05:00,46.25,54.155,55.95,,,,46421.71,39067,56,1.25,1,7539.04,8253.1,,27394.72,
2024-03-26T21:00:00-05:00,25.98,33.408,29.95,,,,45397.26,36736,54,0.66,0,8884.67,10956,,25805.44,
2024-03-26T22:00:00-05:00,18.56,21.855,22.095,,,,43352.11,31832,53,0.66,0,11521.92,13476,,22602.21,
2024-03-26T23:00:00-05:00,16.07,14.525,14.737,,,,41241.75,28714,51,0.66,0,12342.74,14540.1,,20236.03,
2024-03-27T00:00:00-05:00,14.38,11.382,11.013,,,,40586.61,25645,49,0.66,0,13789.99,14858.4,,17958.21,
2024-03-27T01:00:00-05:00,13.01,8.235,8.655,,,,39590.5,23726,49,0.68,0,14882.08,15128.1,,16524.28,
2024-03-27T02:00:00-05:00,13.55,8.753,9.305,,,,39084.12,23169,48,0.68,0,14791.68,15096,,16277.77,
2024-03-27T03:00:00-05:00,13.18,11.48,12.307,,,,39080.51,24277,46,0.69,0,13847.98,14863.6,,17484.32,
2024-03-27T04:00:00-05:00,15.79,19.86,20.48,,,,39935.14,27733,46,0.7,0,11103.89,14419.1,,20417.17,
2024-03-27T05:00:00-05:00,19.27,23.15,24.148,,,,42173.88,30665,46,0.71,0,10427.89,14069.7,,21542.82,
2024-03-27T06:00:00-05:00,36.86,39.875,39.152,,,,45710.16,33585,46,0.75,0,11101.78,13926.9,,22831.9,
2024-03-27T07:00:00-05:00,43.01,42.975,42.1,,,,47975.09,34944,46,209.19,208.9,11427.64,13483,,23422.27,
2024-03-27T08:00:00-05:00,24.29,16.725,16.537,,,,48008.85,30959,50,4886.29,3907.2,10623.56,12347.1,,21010.08,
2024-03-27T09:00:00-05:00,13.51,10.145,9.745,,,,47494.4,25867,53,11813.25,10848.1,8697.84,10347.5,,17760.63,
2024-03-27T10:00:00-05:00,11.81,8.615,7.283,,,,46676.44,22049,56,13895.78,13494.9,9912.8,9496.5,,14474.34,
2024-03-27T11:00:00-05:00,10.52,8.408,7.02,,,,45824.82,21296,59,14310.54,14684.7,9402.04,9291.3,,13871.65,
2024-03-27T12:00:00-05:00,10.03,7.252,6.183,,,,45107.18,20586,62,15087.47,15488.8,8747.34,8932.9,,13346.42,
2024-03-27T13:00:00-05:00,8.81,6.148,5.15,,,,44646.75,19264,64,15866.57,15595.2,9060.41,9131.2,,12186.72,
2024-03-27T14:00:00-05:00,8.68,3.615,2.838,,,,44100.49,18062,66,15745.76,15811.2,9923.36,9708,,11203.42,
2024-03-27T15:00:00-05:00,8.68,5.25,4.325,,,,43747.44,18321,66,15037.85,15005.1,10462.38,10511.8,,11841.98,
2024-03-27T16:00:00-05:00,10.25,7.898,6.777,,,,44020.71,19789,66,13009.8,13746.2,11268.9,11346.2,,13447.27,
2024-03-27T17:00:00-05:00,12.73,8.328,6.81,,,,44466.2,21598,65,11199.75,12359.8,11846.18,11868.7,,14870.44,
2024-03-27T18:00:00-05:00,19.08,10.915,9.43,,,,44493.38,23681,63,8873.46,8188.9,12100.43,11742.6,,16760.45,
2024-03-27T19:00:00-05:00,47.41,52.778,51.475,,,,44679.3,31921,60,1976.18,1519.4,10910.43,10416.5,,22991.58,
2024-03-27T20:00:00-05:00,40.86,21.337,20.952,,,,45578.57,34916,57,3.25,1.9,10987.63,10448,,24949.56,
2024-03-27T21:00:00-05:00,21.84,18.872,19.36,,,,44675.11,32937,55,1.05,0,12090.28,11354.7,,23343.92,
2024-03-27T22:00:00-05:00,20.67,16.9,17.715,,,,42950.06,30729,53,4.36,0,12096.76,11279.7,,21916.18,
2024-03-27T23:00:00-05:00,18.38,13.303,13.95,,,,40920.1,29312,52,0.11,0,11334.36,10411.2,,20923.28,
2024-03-28T00:00:00-05:00,19.72,13.44,13.815,,,,39538.35,29208,50,0.14,0,9603.8,9604.6,,20901.43,
2024-03-28T01:00:00-05:00,20.3,14.952,14.895,,,,38440.39,30256,49,0.13,0,7830.54,8080,,21807.69,
2024-03-28T02:00:00-05:00,21.14,20.028,20.005,,,,37944.22,31284,48,0.12,0,6440.4,6728,,22588.36,
2024-03-28T03:00:00-05:00,21.55,24.495,24.165,,,,37774.14,32368,47,0.12,0,5534.23,5905.2,,23482.65,
2024-03-28T04:00:00-05:00,26.16,26.378,26.14,,,,38439.86,34120,46,0.13,0,4710.74,5361.7,,24861.61,
2024-03-28T05:00:00-05:00,32.43,31.897,32.238,,,,40549.03,37046,45,0.11,0,3878.84,5184.3,,26800.39,
2024-03-28T06:00:00-05:00,86.49,72.758,71.577,,,,44051.94,41219,44,0.62,0,3269.56,5127.4,,28818.39,
2024-03-28T07:00:00-05:00,77.24,65.98,64.715,,,,46066.25,42341,44,486.98,316.9,3390.61,5067.6,,29485.68,
2024-03-28T08:00:00-05:00,23.76,12.778,12.3,,,,46044.93,33563,51,8344.29,5592.9,4287.41,4962.6,,23796.71,
2024-03-28T09:00:00-05:00,15.9,5.12,4.925,,,,45850.45,23552,57,17308.31,13887,4418.86,4170.8,,16200.9,
2024-03-28T10:00:00-05:00,13.53,6.673,6.498,,,,45351.37,20988,63,18616.23,16562.9,4899.34,3980,,14057.27,
2024-03-28T11:00:00-05:00,12.26,4.928,4.63,,,,44763.17,17251,67,18716.11,17549.5,7915.87,5418.7,,10491.38,
2024-03-28T12:00:00-05:00,9.13,6.675,5.385,,,,44336.68,15874,70,18015.51,17911.6,10056.65,7207.6,,9331.41,
2024-03-28T13:00:00-05:00,7.67,6.895,4.863,,,,44346.49,15888,72,17220.21,17846.6,11296,9261.7,,9256.75,
2024-03-28T14:00:00-05:00,7.83,6.69,4.657,,,,44510.9,16436,74,15562.79,18019.7,12469.18,11066.2,,9587.9,
2024-03-28T15:00:00-05:00,7.45,5.42,3.388,,,,45127.24,16688,75,14454.15,17569.1,14174.94,13157.5,,9297.23,
2024-03-28T16:00:00-05:00,7.28,3.257,1.347,,,,45940.07,16726,76,12256.13,16836.5,17044.36,15584.6,,9655.26,
2024-03-28T17:00:00-05:00,8.17,2.525,0.837,,,,46538.5,16856,75,11489.98,15743.3,18302.46,18112.2,,9955.16,
2024-03-28T18:00:00-05:00,12.79,9.432,5.163,,,,46466.76,18849,73,8233.31,10298.6,19553.6,20086,,11714.85,
2024-03-28T19:00:00-05:00,30.63,14.837,13.445,,,,46269.99,22748,69,1900.74,1500.1,21629.28,21604.5,,14354.51,
2024-03-28T20:00:00-05:00,16.94,11.44,8.767,,,,46828.07,22390,66,1.72,2.4,24177.12,24340.4,,13950.13,
2024-03-28T21:00:00-05:00,11.98,7.325,2.303,,,,45773.68,19924,65,0.78,0,25462.76,26504.7,,11815.5,
2024-03-28T22:00:00-05:00,10.41,8.17,3.91,,,,43770.32,17980,63,1.08,0,25695.65,28370.4,,9839.03,
2024-03-28T23:00:00-05:00,8.1,14.363,8.877,,,,41523.28,15722,62,1.03,0,25686.01,29948.5,,8140.38,
2024-03-29T00:00:00-05:00,4.14,10.29,4.48,,,,39722.94,13719,61,0.91,0,25899.17,31141.2,,6251.4,
2024-03-29T01:00:00-05:00,0.85,3.745,1.49,,,,38620.23,12509,61,0.86,0,25847.23,31374.7,,5278.91,
2024-03-29T02:00:00-05:00,0.01,-6.485,-8.44,,,,37943.62,12303,60,0.89,0,25307.67,31454.7,,4985.78,
2024-03-29T03:00:00-05:00,-0.02,-3.783,-6.193,,,,37422.64,11919,59,0.92,0,25347.16,31502.5,,4927.49,
2024-03-29T04:00:00-05:00,0.1,4.817,0.955,,,,37575.36,11811,58,0.99,0,25491.88,31360,,5087.07,
2024-03-29T05:00:00-05:00,3.06,9.688,5.705,,,,38363.4,12617,58,1.02,0,25652.66,31196.5,,5534.02,
2024-03-29T06:00:00-05:00,9.96,13.755,9.863,,,,39943.21,13712,59,0.98,0,26134.37,31018.4,,6385.87,
2024-03-29T07:00:00-05:00,11.18,17.445,11.62,,,,41146.7,14873,59,426.84,307.4,26123.97,30668.2,,6918.05,
2024-03-29T08:00:00-05:00,11.81,1.27,-0.008,,,,42219.65,12847,62,4185.89,4724.6,25450.1,30156.8,,5588.83,
2024-03-29T09:00:00-05:00,7.02,-0.535,-1.537,,,,43711.32,11428,65,7004.82,10954,25026.72,29834.9,,5110.67,
2024-03-29T10:00:00-05:00,5.73,-0.668,-1.1,,,,44526.93,11105,68,8027.67,13547.9,25051.87,29931.3,,5096.14,
2024-03-29T11:00:00-05:00,5.92,-0.29,-0.985,,,,44981.33,11205,71,8229.2,14991.3,25238.5,29718.6,,5146.21,
2024-03-29T12:00:00-05:00,5.25,-0.348,-1.218,,,,45659.23,11251,74,8774.47,15708.8,24894.64,29421.3,,5205.53,
2024-03-29T13:00:00-05:00,7.4,-0.215,-0.945,,,,46028.01,11469,76,9810.63,15511.1,24273.2,28931.7,,5331.04,
2024-03-29T14:00:00-05:00,8.58,-0.117,-0.435,,,,46633.92,11704,77,10971.34,15342.2,23726.5,27988.9,,5620.17,
2024-03-29T15:00:00-05:00,8.42,-0.332,-0.38,,,,47310.74,12982,77,9888.48,14496.2,23786.76,26903.6,,6731.19,
2024-03-29T16:00:00-05:00,9.77,0.027,-0.358,,,,47694.62,14261,77,8708.37,12631.1,24423.97,26470,,7998.94,
2024-03-29T17:00:00-05:00,14.22,4.065,2.545,,,,47576.56,15301,76,8252.7,10639.5,24190.27,26555.5,,8598.48,
2024-03-29T18:00:00-05:00,16.76,8.36,5.828,,,,46467.43,17547,74,4911.82,6624.7,24728.45,26702.7,,10638.32,
2024-03-29T19:00:00-05:00,25.79,12.213,9.755,,,,45821.53,19987,71,1011.92,1201.7,25343.88,26629.1,,12560,
2024-03-29T20:00:00-05:00,17.29,11.408,9.095,,,,46000.3,20766,69,6.09,2.2,25782.82,26976.2,,13237.85,
2024-03-29T21:00:00-05:00,14.12,9.865,6.865,,,,45110.92,19577,67,0.54,0,25929.69,27450.1,,12144.14,
2024-03-29T22:00:00-05:00,10.94,7.845,5.475,,,,43989.26,18479,66,0.68,0,25454.57,27696.7,,11083.65,
2024-03-29T23:00:00-05:00,9.85,9.75,7.003,,,,42242,16455,65,0.95,0,25492.14,27941.4,,9564.98,
2024-03-30T00:00:00-05:00,8.71,12.217,7.778,,,,41056.52,14924,64,0.95,0,25147.34,27871.7,,8004.62,
2024-03-30T01:00:00-05:00,5.72,7.917,4.73,,,,39299.94,13380,64,0.77,0,25250.94,27540.2,,6616.17,
2024-03-30T02:00:00-05:00,3.85,3.265,1.515,,,,38122.4,12860,64,0.83,0,24830.66,27052.6,,5898.87,
2024-03-30T03:00:00-05:00,2.11,1.78,-0.54,,,,37333.16,12638,63,0.81,0,24577.86,26396.1,,5819.15,
2024-03-30T04:00:00-05:00,3.26,2.895,0.235,,,,37016.77,12509,63,0.77,0,24328.75,25709.5,,5823.37,
2024-03-30T05:00:00-05:00,6.13,7.058,4.735,,,,37347.84,12863,62,0.81,0,24357.04,24779.4,,6454.54,
2024-03-30T06:00:00-05:00,10.27,11.487,10.543,,,,38310.42,15131,62,0.74,0,22849.38,23221.2,,8484.41,
2024-03-30T07:00:00-05:00,12.16,13.275,12.94,,,,39692.55,17459,62,280.05,281,20902.7,20894.1,,10124.13,
2024-03-30T08:00:00-05:00,11.02,9.605,9.375,,,,41323.42,17711,65,5075.37,4142.9,17360.39,17896.4,,10481.93,
2024-03-30T09:00:00-05:00,10.19,7.69,7.447,,,,43102.64,16846,68,11423.68,9846.2,13784.95,15020.5,,9853.33,
2024-03-30T10:00:00-05:00,11.3,10.642,10.513,,,,44419.42,18521,71,12404.66,11506.1,12403.53,12939.7,,11648.73,
2024-03-30T11:00:00-05:00,12.88,18.728,18.65,,,,45492.52,22787,73,12162.06,12959.4,9502,10556.3,,15583.43,
2024-03-30T12:00:00-05:00,14.19,26.222,26.153,,,,46185.89,25593,74,12214.04,13958.8,7440.2,8773.2,,16578.5,
2024-03-30T13:00:00-05:00,16.03,28.115,28.085,,,,46821.72,27222,76,12442.67,13662.2,6101.96,8204,,17213.89,
2024-03-30T14:00:00-05:00,16.33,32.428,32.12,,,,47450.82,28649,77,11511.92,13181.5,5970.69,8758.9,,17791.05,
2024-03-30T15:00:00-05:00,20.29,33.33,32.917,,,,47972.46,29748,77,10396.17,11975.1,6621.84,10189.6,,18649.48,
2024-03-30T16:00:00-05:00,26.37,34.725,34.427,,,,48455.13,30536,77,8359.97,9952.9,8409.46,12032.3,,19554.49,
2024-03-30T17:00:00-05:00,33.27,65.645,65.562,,,,48390.44,31277,76,5667.4,7949.9,10545.98,14634.6,,20096.2,
2024-03-30T18:00:00-05:00,29.8,36.1,36.477,,,,47483.84,32098,75,2440.27,4934.8,12508.29,17271.3,,20543.2,
2024-03-30T19:00:00-05:00,31.2,22.705,23.16,,,,46749.27,30695,72,436.75,959.2,15790.72,19818.2,,20134.42,
2024-03-30T20:00:00-05:00,18.51,15.842,16.057,,,,47078.42,27283,71,0.72,2.2,19891.42,22836.2,,18005.36,
2024-03-30T21:00:00-05:00,16.01,13.25,12.605,,,,46116.75,22632,70,0.92,0,24047.48,24826.2,,14798.76,
2024-03-30T22:00:00-05:00,13.43,22.443,17.665,,,,44700.73,20101,69,0.7,0,25519.5,25918.5,,12127.68,
2024-03-30T23:00:00-05:00,10.81,17.22,14.107,,,,42748.29,19006,68,0.75,0,24618.21,26921.2,,10871.57,
2024-03-31T00:00:00-05:00,9.76,14.102,10.415,,,,40431.28,17342,67,0.69,0,24140.1,27434.8,,9649.13,
2024-03-31T01:00:00-05:00,7.22,11.87,8.613,,,,38956.57,15296,67,0.55,0,24456.25,27332.5,,8186.28,
2024-03-31T02:00:00-05:00,3.45,10.538,7.935,,,,38240.19,14805,67,0.76,0,24178.55,26910,,7713.49,
2024-03-31T03:00:00-05:00,2.14,9.54,6.737,,,,37545.28,14666,66,0.67,0,23262.35,26228.2,,7468.3,
2024-03-31T04:00:00-05:00,2.65,11.655,8.342,,,,36976.23,14975,66,0.54,0,22386.01,25481.8,,7780.49,
2024-03-31T05:00:00-05:00,4.97,13.175,10.463,,,,37043.49,15492,66,0.43,0,21887.8,24721,,8098.78,
2024-03-31T06:00:00-05:00,8.39,13.368,11.525,,,,37432.68,16448,66,0.44,0,21486.98,23846.5,,9021.38,
2024-03-31T07:00:00-05:00,10.04,23.255,20.925,,,,38199.35,18451,66,64.81,175.2,20227.03,22685.1,,9954.28,
2024-03-31T08:00:00-05:00,10.34,21.968,21.145,,,,39599.83,20114,67,1123.68,2026.3,18904.97,21614.7,,10444.53,
2024-03-31T09:00:00-05:00,10.34,19.557,19.212,,,,41543.87,20532,69,3240.19,5008,18206.33,20634.5,,10968.3,
2024-03-31T10:00:00-05:00,9.53,18.685,18.522,,,,43293.51,20127,72,5309.56,7329.7,17958.06,19629,,11065.73,
2024-03-31T11:00:00-05:00,10.14,19.265,19.25,,,,44995.69,20480,73,7523.74,9236.2,16632.69,18928.7,,11408.91,
2024-03-31T12:00:00-05:00,9.93,23.05,22.782,,,,46955.07,21328,74,8606.86,10681.8,15722.01,18698.3,,11695.69,
2024-03-31T13:00:00-05:00,10.06,18.497,18.22,,,,48457.68,21845,75,9716.83,11664.4,14905.72,19175.4,,12131.74,
2024-03-31T14:00:00-05:00,10.66,14.555,14.237,,,,49809.6,21716,76,9755.08,11431.7,15481.83,20051.7,,13365.33,
2024-03-31T15:00:00-05:00,12.4,15.058,14.78,,,,51113.42,22418,77,9277.97,10426.9,15589.55,21108.2,,14911.47,
2024-03-31T16:00:00-05:00,15.45,22.112,21.943,,,,52048.61,25303,77,7135.25,8661.7,15014.94,21919.6,,16881.64,
2024-03-31T17:00:00-05:00,20.43,21.58,21.415,,,,52315.1,27133,77,4575.91,6993.9,16167.92,22324.2,,17563.87,
2024-03-31T18:00:00-05:00,29.7,25.785,25.38,,,,51956.28,28376,76,2173.74,4232.7,17304.53,22459,,18079.99,
2024-03-31T19:00:00-05:00,39.94,21.307,21.072,,,,51314.59,28959,74,498.66,921.6,18738.96,23284.8,,18507.1,
2024-03-31T20:00:00-05:00,29.95,17.117,17.017,,,,51314.79,27544,73,0.93,2.9,21513.94,24577.6,,17960.32,
2024-03-31T21:00:00-05:00,19.06,14.51,14.215,,,,49937.09,24687,72,0.9,0,23982.09,25580.2,,16608.88,
2024-03-31T22:00:00-05:00,14.75,11.255,10.005,,,,47086.36,22048,72,1.11,0,25049.53,26747.2,,14588.75,
2024-03-31T23:00:00-05:00,12.85,13.288,9.847,,,,44068.59,19383,71,0.94,0,25113.86,27300.7,,11956.27,
2024-04-01T00:00:00-05:00,14.53,8.267,6.25,,,,42012.38,17763,71,0.67,0,24770.9,26439,,10489.86,
2024-04-01T01:00:00-05:00,11.57,6.915,5.07,,,,40345.73,16542,70,0.55,0,24717.6,26146.7,,9403.23,
2024-04-01T02:00:00-05:00,10.95,5.567,4.13,,,,39378.59,15848,71,0.54,0,24375.31,25645.4,,8715.68,
2024-04-01T03:00:00-05:00,9.02,5.158,4.167,,,,38940,15847,70,0.58,0,23876.54,24953.7,,8819.15,
2024-04-01T04:00:00-05:00,11.98,7.13,6.57,,,,39228.94,17569,70,0.58,0,22385.95,24239.6,,10734.2,
2024-04-01T05:00:00-05:00,15.76,11.862,11.517,,,,40595.2,20748,69,0.57,0,20587.15,23421.4,,13918.51,
2024-04-01T06:00:00-05:00,24.46,14.255,14.238,,,,43195.22,23696,69,0.69,0,19703.96,21874.5,,16896.96,
2024-04-01T07:00:00-05:00,33.12,16.74,16.845,,,,44534.56,25526,69,70.76,179,19383.86,19744.1,,18158.71,
2024-04-01T08:00:00-05:00,32.92,22.518,21.085,,,,45487.34,26628,70,1301.75,2322.9,17910.84,17754.6,,18445.01,
2024-04-01T09:00:00-05:00,34.43,21.387,20.115,,,,47108.18,27730,71,4089.05,5515.5,15093.86,15972.5,,19200.94,
2024-04-01T10:00:00-05:00,34.03,19.75,18.985,,,,48786.26,28693,73,6229.08,7992.4,13506.75,14798.3,,19642.28,
2024-04-01T11:00:00-05:00,38.17,17.635,17.5,,,,50564.79,27958,74,8442,9828.3,13313.83,13964,,19871.28,
2024-04-01T12:00:00-05:00,33.81,17.025,16.7,,,,52384.47,27961,77,10048.49,11040.7,12878.31,14075.2,,20329.56,
2024-04-01T13:00:00-05:00,32.4,15.267,15.177,,,,54151.8,28833,78,9925.26,11315.1,13301.54,15654.4,,20613.98,
2024-04-01T14:00:00-05:00,34.2,11.618,11.535,,,,55618.31,27533,79,10487.9,11345.5,15265.77,18089,,19457.74,
2024-04-01T15:00:00-05:00,35.27,11.082,8.515,,,,56698.3,26127,79,9846.18,10283.6,18185.92,20945.3,,18500.45,
2024-04-01T16:00:00-05:00,37.57,15.037,9.987,,,,57518.15,26644,78,8264.48,9237.7,19586.37,22900.7,,18783.75,
2024-04-01T17:00:00-05:00,41.49,15.458,10.268,,,,57640.11,27241,76,8144.4,7509.7,19388.82,23845.9,,19274.45,
2024-04-01T18:00:00-05:00,36.31,23.685,17.235,,,,56688.41,29350,75,5029.06,4932.2,19839.24,24541.6,,20820.62,
2024-04-01T19:00:00-05:00,49.43,19.487,16.205,,,,55019.54,31742,73,1259.01,1495.9,20965.74,25746.3,,22527.71,
2024-04-01T20:00:00-05:00,42.37,19.48,16.89,,,,54402.92,31178,70,6.14,4.6,22328.41,26066,,21917.29,
2024-04-01T21:00:00-05:00,27.59,18.03,17.85,,,,52887.09,31260,69,0.38,0,20735.45,25726.9,,21852.21,
2024-04-01T22:00:00-05:00,21.75,13.29,13.105,,,,49931.46,27367,68,0.59,0,21620.08,25340.2,,19988,
2024-04-01T23:00:00-05:00,17.72,13.753,12.36,,,,46508.94,24288,67,0.65,0,21430.19,25279.2,,17327.38,
2024-04-02T00:00:00-05:00,16.19,11.9,11.523,,,,43274.07,21644,65,0.61,0,21500.93,24715.9,,14607.09,
2024-04-02T01:00:00-05:00,14.72,7.972,7.817,,,,41116.11,19896,64,0.62,0,21378.32,24089.7,,12967.19,
2024-04-02T02:00:00-05:00,13.88,6.912,6.828,,,,39576.88,18794,62,0.71,0,21283.78,23325.4,,11923.82,
2024-04-02T03:00:00-05:00,13.62,2.022,1.825,,,,38886.2,16951,61,1.02,0,22235.53,22675.6,,10192.46,
2024-04-02T04:00:00-05:00,12.74,-2.35,-2.45,,,,39076.56,16808,60,1.06,0,22449.29,22864.7,,10145.22,
2024-04-02T05:00:00-05:00,12.92,5.565,3.87,,,,40741.39,17075,59,1.17,0,23672.49,23620.3,,10498.67,
2024-04-02T06:00:00-05:00,18.34,7.062,6.617,,,,43977.17,18538,58,1.05,0,24305.2,24077.2,,11943.72,
2024-04-02T07:00:00-05:00,16.5,8.133,6.24,,,,45427.15,19320,57,446.88,416.1,24132.31,24371.6,,12520.08,
2024-04-02T08:00:00-05:00,11.78,3.06,2.528,,,,45845.75,16347,60,6612.73,5746.3,21199.48,24680.7,,9886.02,
2024-04-02T09:00:00-05:00,9.8,-0.98,-1.665,,,,46870.9,15301,63,7382.35,12988.1,21973.97,25387.1,,9033.3,
2024-04-02T10:00:00-05:00,10.8,-2.775,-3.548,,,,47770.83,15491,64,6424.45,14958.3,23284.93,25937.8,,9092.33,
2024-04-02T11:00:00-05:00,12.85,-2.135,-2.83,,,,48620.61,15533,66,7719.93,15932.6,22560.17,25289.2,,9203.17,
2024-04-02T12:00:00-05:00,13.4,-0.503,-0.818,,,,49388.61,15312,68,9011.5,16389.6,21925.7,24647.6,,9082.63,
2024-04-02T13:00:00-05:00,14.13,0.02,-0.245,,,,50191.04,15251,69,10495.67,16595,21277.75,24301.4,,9005.55,
2024-04-02T14:00:00-05:00,14.68,1.545,0.072,,,,50662.78,15529,71,10673.2,16628.5,21336.72,24212,,9203.53,
2024-04-02T15:00:00-05:00,15.41,3.353,0.877,,,,51014.72,15991,71,10569.08,15999.7,21940.5,24437.6,,9548.72,
2024-04-02T16:00:00-05:00,17.48,0.103,-0.405,,,,51428.05,16931,70,9783.95,14653.5,22823.71,24602.1,,10094.8,
2024-04-02T17:00:00-05:00,16.06,0.765,-0.353,,,,51350.83,17918,68,9446.56,13180.5,22384.53,24577.8,,11486.8,
2024-04-02T18:00:00-05:00,16.29,4.08,3.017,,,,50750.28,20692,67,6547.58,8427.8,21774.26,23769.5,,14024.58,
2024-04-02T19:00:00-05:00,29.64,31.275,29.382,,,,49733.88,27682,64,2066.92,1526.4,18337.14,21085,,19986.78,
2024-04-02T20:00:00-05:00,52.61,62.752,62.18,,,,49875.24,35197,61,6.63,4.4,12491.68,16905.3,,24520.75,
2024-04-02T21:00:00-05:00,47.46,56.24,56.045,,,,48669.55,35987,58,0.43,0,10398.88,13807.5,,24996.79,
2024-04-02T22:00:00-05:00,29.03,29.19,29.455,,,,45894.02,34891,57,0.42,0,9011.47,12201.4,,24291.1,
2024-04-02T23:00:00-05:00,22.32,28.802,30.432,,,,42876.72,32954,55,0.41,0,8278.72,12041.2,,22299.08,
2024-04-03T00:00:00-05:00,18.68,27.725,31.258,,,,39370.64,31340,53,0.54,0,7509.84,10237.5,,20422.32,
2024-04-03T01:00:00-05:00,15.66,20.997,23.89,,,,37905.42,29024,52,0.54,0,8260.38,10352.2,,19267.73,
2024-04-03T02:00:00-05:00,14.02,16.107,17.79,,,,36779.76,27343,50,0.53,0,9432.2,11077.3,,18289.43,
2024-04-03T03:00:00-05:00,13.24,14.1,13.757,,,,36563.29,25746,49,0.53,0,11090.21,12388.3,,17083.6,
2024-04-03T04:00:00-05:00,12.35,13.845,13.178,,,,36993.64,25005,48,0.53,0,12244.5,13663.8,,16506.18,
2024-04-03T05:00:00-05:00,14.91,13.515,13.388,,,,38843.41,25306,47,0.53,0,13878.24,14809.9,,16929.11,
2024-04-03T06:00:00-05:00,28.85,14.845,15.01,,,,42078.96,26377,47,1.04,0,16052.06,15771.2,,18215.17,
2024-04-03T07:00:00-05:00,21.58,14.732,14.943,,,,43506.7,26469,48,863.24,631.8,16791.1,16214.9,,17997.18,
2024-04-03T08:00:00-05:00,10.86,1.18,1.208,,,,43782.93,20434,55,8501.56,8122.1,15277.98,15314.2,,13304.02,
2024-04-03T09:00:00-05:00,8.24,2.118,2.113,,,,44171.94,17713,61,17023.5,16972.2,9473.64,11903.5,,11218.69,
2024-04-03T10:00:00-05:00,8.46,0.692,0.69,,,,44248.1,17250,66,17982.36,17884.8,8639.66,9668.4,,11006.31,
2024-04-03T11:00:00-05:00,6.98,0.01,0.01,,,,44139.25,17353,69,17236.18,18183.8,8654.86,10202.5,,11183.49,
2024-04-03T12:00:00-05:00,7.16,0.01,0.01,,,,44280.97,17730,71,17396.95,18226.5,7991.59,10047.8,,11429.06,
2024-04-03T13:00:00-05:00,7.95,0.01,0.01,,,,44834.15,17723,73,17743.65,18069.5,8169.01,9379.4,,11579.28,
2024-04-03T14:00:00-05:00,8.62,0.01,0.01,,,,45404.91,17974,75,17676.36,18211.5,8487.21,8800.1,,11818.79,
2024-04-03T15:00:00-05:00,10.36,2.037,2.03,,,,46379.07,18638,76,18508.16,17872.8,7795.18,8503.2,,12482.74,
2024-04-03T16:00:00-05:00,12.15,4.795,4.783,,,,47218.58,20866,76,18344.93,17398.8,6956.11,7805.8,,14703.15,
2024-04-03T17:00:00-05:00,14.11,6.145,6.062,,,,47932.1,23854,76,17572.45,16670.3,5695.52,6820.4,,17221.87,
2024-04-03T18:00:00-05:00,27.98,21.385,21.085,,,,47799.66,30803,75,12434.07,11158.1,4184.06,5338.7,,22220.17,
2024-04-03T19:00:00-05:00,158.29,211.343,216.768,,,,47176.01,41671,69,2738.38,1884.5,2241.31,3575.1,,29735.75,
2024-04-03T20:00:00-05:00,147.33,102.673,107.945,,,,47432.52,44301,64,9.17,5.7,1767.08,3021.6,,31479.6,
2024-04-03T21:00:00-05:00,81.63,46.217,47.185,,,,46538.34,43003,62,0.5,0,2160.67,3053.4,,30954.68,
2024-04-03T22:00:00-05:00,33.72,29.797,30.563,,,,43963.92,40052,59,0.48,0,3203.1,3475.6,,29602.88,
2024-04-03T23:00:00-05:00,19.88,21.275,21.708,,,,41132.56,35878,56,0.39,0,4476.18,4568.7,,26192.72,
2024-04-04T00:00:00-05:00,22.61,15.705,15.805,,,,38457.74,30833,55,0.36,0,7538.95,6141.5,,22034.52,
2024-04-04T01:00:00-05:00,17.25,11.923,11.805,,,,37227.37,26390,53,0.36,0,10776.41,8478.6,,18939.72,
2024-04-04T02:00:00-05:00,13.4,6.858,6.587,,,,36337.01,23502,52,0.43,0,13203.33,10741.2,,16171.28,
2024-04-04T03:00:00-05:00,11.6,4.203,4.235,,,,36148.05,21799,51,0.47,0,14748.87,12117.9,,14883.92,
2024-04-04T04:00:00-05:00,12.33,6.635,7.135,,,,36641.41,22498,50,0.43,0,14402.93,12801.6,,15742.96,
2024-04-04T05:00:00-05:00,14.53,11.76,12.53,,,,38156.83,25353,49,0.43,0,13236.03,12594.2,,18738.98,
2024-04-04T06:00:00-05:00,20.97,27.305,28.195,,,,40963.8,29346,48,0.47,0,12411.4,11883.3,,21375.25,
2024-04-04T07:00:00-05:00,19.08,17.938,18.388,,,,42250.49,31525,50,1054.98,676.8,10827.87,10783.9,,22269.88,
2024-04-04T08:00:00-05:00,12.05,6.033,6.1,,,,42675.02,24165,58,10231.76,8365.8,8962.58,9085.4,,16860.51,
2024-04-04T09:00:00-05:00,9.29,6.988,6.98,,,,42927.36,21491,66,17540.4,16951.7,4265.21,5903,,15014.09,
2024-04-04T10:00:00-05:00,10.14,9.635,9.615,,,,43161.43,22340,72,18377.9,17878.7,2783.4,3449.7,,15895.85,
2024-04-04T11:00:00-05:00,10.51,10.235,10.215,,,,43670.88,22696,76,18512.41,18180,2737.16,3261.4,,16265.05,
2024-04-04T12:00:00-05:00,11.04,12.267,12.242,,,,44630.82,23593,79,18588.95,18334.2,2238.29,3195,,17123.48,
2024-04-04T13:00:00-05:00,12.19,14.83,14.797,,,,45907.16,24928,81,18624.26,18207.2,2120.75,3135.7,,18291.45,
2024-04-04T14:00:00-05:00,12.75,16.332,16.275,,,,46887.85,26484,82,18384.78,18342.3,2491.63,3354.9,,19386.14,
2024-04-04T15:00:00-05:00,15.13,17.045,16.728,,,,48115.78,27529,84,18492.12,18051.5,3274.03,4004.7,,20263.9,
2024-04-04T16:00:00-05:00,17.57,17.337,16.94,,,,49189.03,28373,84,18520.93,17546.6,4299.69,4920.8,,20867.68,
2024-04-04T17:00:00-05:00,19.56,18.13,17.8,,,,49595.28,29282,83,17817.72,16786.1,5517.56,6252.5,,21212.29,
2024-04-04T18:00:00-05:00,32.74,45.252,44.49,,,,49056.14,33853,81,12517.8,11573.5,6304.32,7828.4,,23828.95,
2024-04-04T19:00:00-05:00,67.79,192.467,192.04,,,,47949.13,39459,75,2912.32,1925.8,8521.01,10015,,27036.16,
2024-04-04T20:00:00-05:00,24.17,57.457,57.772,,,,47497.85,37383,70,13.79,7.2,12779.37,14511.1,,25662.98,
2024-04-04T21:00:00-05:00,16.17,20.215,20.22,,,,46590.88,30631,68,0.42,0,18199.54,19049,,20864.34,
2024-04-04T22:00:00-05:00,14.28,16.705,16.438,,,,44415.36,23468,65,0.86,0,22620.81,22190.9,,15641.81,
2024-04-04T23:00:00-05:00,11.65,15.625,14.02,,,,41756.56,18641,64,0.88,0,24193,24038.2,,11358.33,
2024-04-05T00:00:00-05:00,7.13,11.315,10.12,,,,39321.53,15510,62,0.75,0,24969.41,24439.1,,8475.22,
2024-04-05T01:00:00-05:00,2.92,7.778,7.02,,,,37568.1,13857,60,0.57,0,24893.47,24579.1,,6943.15,
2024-04-05T02:00:00-05:00,1.2,1.71,1.612,,,,36412.33,12836,59,0.72,0,24651.78,24473.2,,6042.95,
2024-04-05T03:00:00-05:00,0.77,0.327,0.292,,,,35959.53,12377,57,0.6,0,24703.13,24300.4,,5892.39,
2024-04-05T04:00:00-05:00,1.61,3.922,3.457,,,,36265.39,12371,57,0.72,0,24891.32,24059.8,,5949.05,
2024-04-05T05:00:00-05:00,7.3,8.773,7.623,,,,37818.06,13444,55,0.86,0,25153.86,23823.2,,6992.83,
2024-04-05T06:00:00-05:00,12.79,17.028,14.785,,,,40626.41,16115,54,0.81,0,25243.97,23642.9,,9129.76,
2024-04-05T07:00:00-05:00,12.31,13.61,11.78,,,,42221.48,16888,56,1024.12,764.5,24961.88,23180.7,,9044.15,
2024-04-05T08:00:00-05:00,7.08,0,-0.137,,,,43093.66,13834,63,7424.75,8660.6,22201.83,22115.5,,6502.79,
2024-04-05T09:00:00-05:00,3.39,0,-0.035,,,,44281.88,12643,69,12419.46,16716.5,19134.95,20079.3,,5554.92,
2024-04-05T10:00:00-05:00,3.08,0,-0.107,,,,45237.04,12540,74,12308.99,17747.6,20330.09,19744,,5414.74,
2024-04-05T11:00:00-05:00,3.55,0.01,-0.278,,,,46332.09,12508,78,12071.74,18046.9,21540.85,21897.1,,5375.11,
2024-04-05T12:00:00-05:00,5.18,1.635,0.095,,,,47705.28,12423,81,12134.58,18064.8,22935.3,23917.9,,5391.55,
2024-04-05T13:00:00-05:00,7.37,8.16,3.065,,,,49456.21,13067,83,11751.87,17860,24540.44,25532.3,,5910.28,
2024-04-05T14:00:00-05:00,8.42,44.988,12.06,,,,50955.96,14752,85,11970.46,18012.7,24658.78,26837.5,,7451.33,
2024-04-05T15:00:00-05:00,9.52,31.69,15.155,,,,52069.02,16150,85,11880.49,17671.3,25092.72,28098.8,,8714.87,
2024-04-05T16:00:00-05:00,11.99,15.877,13.068,,,,52830.57,17525,84,11650.21,17035.9,25361.9,29128.9,,9930.57,
2024-04-05T17:00:00-05:00,11.32,15.113,12.412,,,,52644.03,18887,83,11016.81,16312.3,25339.5,29791.5,,11634.57,
2024-04-05T18:00:00-05:00,16.48,49.79,39.815,,,,51238.11,21429,80,7188.36,11136.8,25387.88,29969.1,,12631.68,
2024-04-05T19:00:00-05:00,28.82,73.755,59.41,,,,49505.45,25025,76,1433.61,1814.8,25517.43,29618.2,,14292.61,
2024-04-05T20:00:00-05:00,20.2,23.885,21.333,,,,48728.78,24669,72,6.08,8.5,26027.12,29709,,14066.92,
2024-04-05T21:00:00-05:00,14.3,19.83,17.732,,,,47660.26,22698,71,0.45,0,26282.3,30242.6,,12878.22,
2024-04-05T22:00:00-05:00,11.4,15.32,13.535,,,,45807.83,20169,68,0.72,0,26300.5,30842.3,,11484,
2024-04-05T23:00:00-05:00,9.39,17.062,15.048,,,,43364.79,17729,66,0.66,0,26246.36,31345.3,,9749.29,
2024-04-06T00:00:00-05:00,7.55,14.408,12.398,,,,41255.85,15681,65,0.68,0,25872.11,31774.4,,8224.65,
2024-04-06T01:00:00-05:00,2.69,10.635,8.497,,,,39561.26,14066,64,0.7,0,25704.39,31947.8,,7230.37,
2024-04-06T02:00:00-05:00,0.34,6.875,5.608,,,,38408.93,12945,63,0.79,0,25673.92,31967.6,,6153.08,
2024-04-06T03:00:00-05:00,0.21,5.52,4.523,,,,37852.18,12278,63,0.78,0,25564.73,31879.6,,5547.47,
2024-04-06T04:00:00-05:00,0.26,4.795,4.078,,,,37446.58,11951,63,0.79,0,25727.54,31653.3,,5222.21,
2024-04-06T05:00:00-05:00,1.87,5.035,3.942,,,,37831.65,12155,63,0.81,0,25823.07,31384.8,,5437.88,
2024-04-06T06:00:00-05:00,2.8,8.132,5.84,,,,38788.31,13104,63,0.79,0,25705.54,31090.9,,6352.08,
2024-04-06T07:00:00-05:00,3.72,7.73,6.48,,,,39335.31,13372,63,515.07,642.9,25857.4,30588,,6571.84,
2024-04-06T08:00:00-05:00,1.36,6.367,5.325,,,,40712.6,12374,65,3679.84,6688.9,25470.06,29826.1,,5933.74,
2024-04-06T09:00:00-05:00,1.13,5.812,4.692,,,,42541.34,12600,67,5452.87,13650.3,25430.59,28801.3,,6052.99,
2024-04-06T10:00:00-05:00,1.68,8.98,7.655,,,,44076.81,12926,69,6976.37,15302.9,25019.49,27616.7,,6409.48,
2024-04-06T11:00:00-05:00,2.5,6.182,4.138,,,,45601.15,13038,71,9009.83,16174.3,24178.15,26323.6,,6180.27,
2024-04-06T12:00:00-05:00,3.49,6.442,5.27,,,,46836.08,12940,73,11202.44,16584.2,23041.48,25665.8,,6117.43,
2024-04-06T13:00:00-05:00,5.49,12.112,10.32,,,,47963.9,14012,74,12002.95,16392.7,21580.08,25387.9,,7120.88,
2024-04-06T14:00:00-05:00,7.93,21.638,18.3,,,,48881.33,16422,75,11328.46,16064.4,20219.98,25170.2,,8161.57,
2024-04-06T15:00:00-05:00,9.85,19.257,15.975,,,,49801.32,17808,76,11152.7,15211.8,19396.24,25105.7,,9850.45,
2024-04-06T16:00:00-05:00,11.75,15.708,12.815,,,,50435.48,19701,75,9867.82,13218.2,19406.5,25320.7,,11850.63,
2024-04-06T17:00:00-05:00,12.57,10.43,7.603,,,,50577.51,20449,75,8148.77,11853.6,20356.47,25835.4,,13482.4,
2024-04-06T18:00:00-05:00,15.24,13.417,9.798,,,,49932.87,21207,73,5822.29,8567.4,21627.32,26269.1,,14186.49,
2024-04-06T19:00:00-05:00,31.18,23.495,22.48,,,,49020.53,24341,71,1408.42,1800.7,22513.27,26314.5,,15744.51,
2024-04-06T20:00:00-05:00,32.02,20.37,20.552,,,,48786.78,26055,70,23.93,11.1,22423.97,26119.2,,15972.5,
2024-04-06T21:00:00-05:00,20.21,18.94,18.8,,,,48200.25,24410,69,0.48,0,23227.44,25730.9,,15606.47,
2024-04-06T22:00:00-05:00,17.67,16.558,16.67,,,,46322.4,23334,68,0.6,0,22599.42,25221.2,,15207.7,
2024-04-06T23:00:00-05:00,12.91,14.467,14.565,,,,43643.53,22012,67,0.68,0,21942.73,24882.7,,14454.41,
2024-04-07T00:00:00-05:00,13.48,19.025,19.02,,,,40834.06,20189,67,0.66,0,21832.97,24369.5,,12222.28,
2024-04-07T01:00:00-05:00,13.08,24.503,24.45,,,,38953.93,19915,66,0.58,0,20586.08,23752.1,,10849.67,
2024-04-07T02:00:00-05:00,11.4,18.132,18.35,,,,37693.42,19327,66,0.66,0,19981.29,22656.7,,10696.91,
2024-04-07T03:00:00-05:00,11.06,20.982,21.03,,,,37032.06,19812,64,0.71,0,19088.09,21479.5,,10944.43,
2024-04-07T04:00:00-05:00,13.38,30.327,30.142,,,,36562.08,21183,64,0.74,0,17259.73,20486.6,,11283.62,
2024-04-07T05:00:00-05:00,15,25.247,24.552,,,,36682.19,22143,62,0.68,0,16056.73,19176.8,,12235.02,
2024-04-07T06:00:00-05:00,16.37,24.985,24.397,,,,37284.99,22765,60,0.7,0,15823.41,17660.8,,12767.04,
2024-04-07T07:00:00-05:00,17.04,25.38,24.8,,,,37952.62,23217,60,651.59,620.8,15176.44,16434.5,,13110.64,
2024-04-07T08:00:00-05:00,11.6,9.873,9.795,,,,39522.33,19482,63,7458.5,6541.6,13774.42,15089.4,,11102.38,
2024-04-07T09:00:00-05:00,6.77,13.872,13.76,,,,41634.8,18036,66,12811.13,12717.7,11886.85,13843.2,,10617.11,
2024-04-07T10:00:00-05:00,6.22,11.465,8.11,,,,43297.18,16184,70,15036.79,14338.9,13257.05,14124.9,,9184.82,
2024-04-07T11:00:00-05:00,7.51,25.027,17.267,,,,44894.37,17667,73,15629.79,15221.3,12626.35,14003.4,,10118.69,
2024-04-07T12:00:00-05:00,10.9,35.15,21.072,,,,46487.52,19487,75,16082.83,15846,11818.94,12948.9,,11410.19,
2024-04-07T13:00:00-05:00,14.03,18.735,11.622,,,,47979.11,19819,76,16263.06,16258.4,13060.18,12397.4,,11778.45,
2024-04-07T14:00:00-05:00,15.91,29.407,12.392,,,,49331.84,20406,77,15786.46,16481.9,13864.94,12347.3,,12277.3,
2024-04-07T15:00:00-05:00,15.49,45.818,20.138,,,,50315.99,22413,78,14908.51,15943.2,13368.47,12571.2,,14020.18,
2024-04-07T16:00:00-05:00,15.38,20.352,12.418,,,,50871.14,24404,79,14694.74,15239.6,12367.97,12525.9,,15880.15,
2024-04-07T17:00:00-05:00,17.77,19.963,13.39,,,,50918.35,26786,78,13800.93,14328.9,11465.67,12195.9,,18328.56,
2024-04-07T18:00:00-05:00,25.94,25.253,24.915,,,,50210.75,30843,76,9840.5,10730.1,11007.11,11399.6,,21402.82,
2024-04-07T19:00:00-05:00,138.87,189.178,186.415,,,,49290.41,38484,72,2030.09,2057.8,9430.54,9943.3,,25902.12,
2024-04-07T20:00:00-05:00,92.38,188.198,185.26,,,,49254.83,39607,68,6.06,12.7,9186.77,10122.9,,26380.48,
2024-04-07T21:00:00-05:00,34.41,59.708,58.767,,,,48399.93,37570,66,0.34,0,10673.35,11526.3,,25741.43,
2024-04-07T22:00:00-05:00,22.87,30.49,29.712,,,,46250.16,34273,64,0.4,0,11876.65,13183.8,,24221.1,
2024-04-07T23:00:00-05:00,16.5,19.16,18.262,,,,43301.04,30254,63,0.4,0,13347.28,14985.2,,21352.02,
2024-04-08T00:00:00-05:00,12.19,13.53,12.627,,,,40979.87,25796,63,0.54,0,15603.82,16802.7,,17973.92,
2024-04-08T01:00:00-05:00,8.99,10.448,9.625,,,,39161.1,23172,61,0.86,0,16813.08,17685.4,,15889.8,
2024-04-08T02:00:00-05:00,8.47,9.527,8.648,,,,38016.92,22542,61,0.68,0,16458.33,17666.5,,15334.14,
2024-04-08T03:00:00-05:00,8.84,10.49,9.812,,,,37608.02,23080,61,0.51,0,15480.84,16944,,15907.78,
2024-04-08T04:00:00-05:00,11.34,12.247,11.85,,,,38095.98,24444,61,0.52,0,14453.08,15939.1,,17382.67,
2024-04-08T05:00:00-05:00,14.98,18.115,17.24,,,,39743.68,27176,61,0.51,0,13124.36,14868.7,,19534.21,
2024-04-08T06:00:00-05:00,29.49,25.582,24.555,,,,42712,30505,61,0.59,0,12455.95,13858.9,,20943.49,
2024-04-08T07:00:00-05:00,29.08,35.828,34.608,,,,44301.77,32962,62,384.48,567.2,11158.78,12769.5,,22165.75,
2024-04-08T08:00:00-05:00,21.78,21.912,21.275,,,,45188.97,31294,66,4551.03,5072.9,9709.01,11491.9,,21638.93,
2024-04-08T09:00:00-05:00,17.64,19.802,19.792,,,,46385.83,29402,70,9578.53,9930.8,8251.07,9808.5,,20740.5,
2024-04-08T10:00:00-05:00,17.1,16.398,15.69,,,,47414.04,28312,72,11578.41,10824.3,8921.45,9702.1,,20366.44,
2024-04-08T11:00:00-05:00,15.9,15.763,11.597,,,,48578.91,28756,75,12666.52,12004.2,8123.9,10929.9,,19820.29,
2024-04-08T12:00:00-05:00,42.33,43.687,43.113,,,,49865.31,31218,76,12293.52,6739.9,6418.51,12297.4,,20446.84,
2024-04-08T13:00:00-05:00,100.09,265.603,265.603,,,,51261.75,39179,75,3395.72,654.6,6291.38,14041.3,,26517.82,
2024-04-08T14:00:00-05:00,30.46,16.447,15.435,,,,52404.29,30993,77,10873.62,6062.3,8149.31,15246.3,,20255.12,
2024-04-08T15:00:00-05:00,16.64,22.392,20.087,,,,53193.26,29342,78,12099.85,11084.3,10614.76,16583.1,,20672.97,
2024-04-08T16:00:00-05:00,20.94,27.855,24.53,,,,53936.63,31373,78,9964.61,10392.1,11674.56,16736.5,,22193.17,
2024-04-08T17:00:00-05:00,25.32,31.38,27.237,,,,54142.01,32949,78,7667,8850.1,12508.95,17044.5,,23275.38,
2024-04-08T18:00:00-05:00,25.56,22.787,22.412,,,,53480.78,34540,75,4988.91,6398.7,13635.14,17629.6,,24131.5,
2024-04-08T19:00:00-05:00,60.83,64.265,64.265,,,,52405.07,36271,73,1553.63,1465.2,14995.7,17520.1,,24484.93,
2024-04-08T20:00:00-05:00,50.21,65.875,65.508,,,,52241.63,37598,72,9.84,13.5,15148.18,18049.1,,25359.1,
2024-04-08T21:00:00-05:00,26.68,22.7,21.818,,,,51081.73,35125,70,0.34,0,16437.77,18975.2,,24007.9,
2024-04-08T22:00:00-05:00,20.15,22.685,21.865,,,,48741.06,31021,69,0.48,0,18056.31,19850.7,,21032.02,
2024-04-08T23:00:00-05:00,17.28,19.94,19.837,,,,45732.12,28159,69,0.51,0,18080.75,20013.4,,18458.42,
2024-04-09T00:00:00-05:00,14.26,15.868,16.05,,,,43744.16,24963,69,0.51,0,19128.29,19984.8,,16630.32,
2024-04-09T01:00:00-05:00,11.84,14.782,14.895,,,,41874.19,23740,68,0.51,0,18855.19,20577.5,,16218.83,
2024-04-09T02:00:00-05:00,9.45,16.428,16.463,,,,40587.69,23460,67,0.5,0,17874.4,20914.9,,16053.97,
2024-04-09T03:00:00-05:00,9.68,16.47,16.56,,,,39868.25,24020,67,0.5,0,16477.27,20642.7,,16382.87,
2024-04-09T04:00:00-05:00,11.42,17.838,17.707,,,,39947.87,24805,66,0.5,0,15950.87,20503.4,,17192.25,
2024-04-09T05:00:00-05:00,15.1,20.63,20.008,,,,41435.43,26621,66,0.51,0,15468.93,20380.5,,17984.09,
2024-04-09T06:00:00-05:00,23.93,51.035,50.33,,,,44238.34,29529,66,0.54,0,15104.39,19851,,18910.49,
2024-04-09T07:00:00-05:00,22.99,34.405,33.232,,,,45589.44,30751,65,147.06,290.8,14869.14,19363.2,,19683.76,
2024-04-09T08:00:00-05:00,16.36,20.122,19.568,,,,46425.82,28129,65,2002.62,2540.6,16203.08,19713.8,,18475.86,
2024-04-09T09:00:00-05:00,13.73,19.372,17.065,,,,47897.58,26220,66,4233.61,5567.3,17075.14,20310.2,,17554.89,
2024-04-09T10:00:00-05:00,14.36,22.697,14.998,,,,49232.8,25196,67,5014.05,6840.1,18788.72,20624,,16591.91,
2024-04-09T11:00:00-05:00,15.92,30.242,15.51,,,,50393.61,25959,67,4357.74,7947.3,19577.14,20076.8,,16898.87,
2024-04-09T12:00:00-05:00,17.75,25.185,14.668,,,,51467.42,26145,69,4389.8,8759.9,19537.89,19315.4,,17147.22,
2024-04-09T13:00:00-05:00,20.99,34.073,18.472,,,,52511.91,27654,69,4310.73,8703.7,18665.98,18532,,18194.39,
2024-04-09T14:00:00-05:00,25.19,33.555,21.555,,,,53248.64,28350,71,5304.12,8584.1,17660.91,17599.6,,18676.95,
2024-04-09T15:00:00-05:00,28.49,51.232,28.09,,,,53724.27,30231,72,5448.76,7920.7,15784.29,16740,,20255.85,
2024-04-09T16:00:00-05:00,31,37.878,26.043,,,,54139.4,31051,72,6216.45,7314.2,14709.38,15978.4,,21399.98,
2024-04-09T17:00:00-05:00,34.5,24.26,17.392,,,,54014.39,32085,70,5271.61,6068.9,15026.91,15550.1,,22542.6,
2024-04-09T18:00:00-05:00,37.76,20.758,14.793,,,,53141.98,32137,69,3220.13,4067.3,16847.06,15480.4,,22665.76,
2024-04-09T19:00:00-05:00,64.8,26.37,20.193,,,,51947.39,33704,67,669.79,1274.4,17390.02,15575.5,,23879.84,
2024-04-09T20:00:00-05:00,55.17,23.703,17.68,,,,51891.16,33475,66,7.62,10.4,18290.33,15856.2,,23668.98,
2024-04-09T21:00:00-05:00,30,21.578,15.745,,,,50691.37,31572,64,0.44,0,18847.52,16433.4,,22120.63,
2024-04-09T22:00:00-05:00,22.76,18.082,13.01,,,,48014.51,28915,63,0.66,0,18468.71,16837.2,,19976.55,
2024-04-09T23:00:00-05:00,21.71,13.892,9.305,,,,45067.34,25853,63,0.69,0,18667.92,16799.7,,17760.18,
2024-04-10T00:00:00-05:00,32.92,15.378,12.055,,,,42975.7,24492,63,0.72,0,17492.59,15476.6,,16619.04,
2024-04-10T01:00:00-05:00,21.61,15.225,15.355,,,,40837.4,23967,62,0.73,0,16578.86,15800.3,,16514.17,
2024-04-10T02:00:00-05:00,17.26,15.938,16.493,,,,39409.75,23262,62,0.78,0,16016.78,16463.5,,15872.87,
2024-04-10T03:00:00-05:00,14.36,25.738,25.837,,,,38684.81,24231,60,0.71,0,14131.56,17533.9,,15423.88,
2024-04-10T04:00:00-05:00,11.09,17.147,17.498,,,,38854.62,22583,59,0.7,0,15565.17,19600.4,,14165.32,
2024-04-10T05:00:00-05:00,13.91,15.55,13.548,,,,40619.77,20903,59,0.75,0,18167.45,21808.3,,13523.92,
2024-04-10T06:00:00-05:00,17.33,34.913,21.912,,,,43931.42,22756,59,0.76,0,18951.2,23250.2,,14325.11,
2024-04-10T07:00:00-05:00,16.6,25.368,13.213,,,,45392.73,23353,59,252.45,636.6,19592.19,23917.3,,14202.08,
2024-04-10T08:00:00-05:00,13.11,33.45,16.507,,,,45963.77,21662,60,2487.6,5964.9,19524.98,24637.1,,12455.72,
2024-04-10T09:00:00-05:00,11.56,24.34,11.345,,,,47024.33,19471,61,4968.95,11085.1,19881.37,25354.6,,10651.9,
2024-04-10T10:00:00-05:00,10.12,23.148,10.503,,,,47891.28,18890,63,5498.1,13192.6,20648.77,25903.1,,10350.74,
2024-04-10T11:00:00-05:00,10.85,15.185,6.8,,,,48546.69,18557,65,6552.89,14163.6,20791.75,26222.8,,9980.78,
2024-04-10T12:00:00-05:00,11.03,11.217,3.435,,,,49075.39,17275,65,7410.47,14921.5,21501.69,26672.4,,9472.07,
2024-04-10T13:00:00-05:00,11.54,12.082,2.243,,,,49641.74,16618,66,7412.55,15897.8,22321.44,26964.3,,9383.72,
2024-04-10T14:00:00-05:00,11.68,17.525,4.23,,,,49928.95,16975,66,7494.62,16194.2,22419.45,26845.6,,9806.76,
2024-04-10T15:00:00-05:00,11.47,10.643,2.322,,,,50104.39,16525,68,7391.96,15538.9,22794.34,26642.1,,9127.38,
2024-04-10T16:00:00-05:00,15.37,10.242,2.48,,,,50539.26,16639,69,7563.74,14980,23019.08,26222.5,,9478.32,
2024-04-10T17:00:00-05:00,16.95,7.433,2.657,,,,50543.41,17807,68,7383.52,13709,22248.28,25335.5,,10678.24,
2024-04-10T18:00:00-05:00,16.51,11.105,5.23,,,,49975.76,21170,67,4948.6,9894.1,21033.48,23700.1,,13842.83,
2024-04-10T19:00:00-05:00,48.84,27.342,21.193,,,,49043.75,26204,65,2036.2,2186.5,18376.1,20400.5,,17678.76,
2024-04-10T20:00:00-05:00,85.8,28.332,27.647,,,,49147.46,32483,63,21.17,14.8,14437.23,16077.1,,21838.73,
2024-04-10T21:00:00-05:00,43.95,21.402,21.05,,,,48053.03,32145,60,0.78,0,13713,13696.1,,21864.83,
2024-04-10T22:00:00-05:00,27.08,18.015,17.635,,,,45432.86,29945,58,0.65,0,13711.35,13197.9,,20240.67,
2024-04-10T23:00:00-05:00,24.25,17.243,17.572,,,,42381.07,27495,57,0.76,0,13452.62,13423.1,,17575.85,
2024-04-11T00:00:00-05:00,17.23,16.552,16.755,,,,39707.35,24923,55,0.77,0,13857.73,16928.8,,15297.52,
2024-04-11T01:00:00-05:00,14.98,13.138,13.467,,,,38144.27,23469,54,0.78,0,14099.44,17078.3,,14456.17,
2024-04-11T02:00:00-05:00,14.39,12.272,12.788,,,,37131.26,22799,53,0.77,0,14132.21,16597.2,,14138.49,
2024-04-11T03:00:00-05:00,14.99,16.153,16.97,,,,36694.46,24010,52,0.78,0,12565.87,15519.6,,15193.91,
2024-04-11T04:00:00-05:00,15.18,15.848,16.59,,,,37044.71,24549,51,0.78,0,12501.26,14714.1,,15785.26,
2024-04-11T05:00:00-05:00,17.66,20.92,21.82,,,,38694.36,25750,51,0.8,0,12874.87,14538.8,,16831.38,
2024-04-11T06:00:00-05:00,27.43,32.315,32.415,,,,41788.7,27937,51,1.16,0,13229.86,14685.8,,18769.17,
2024-04-11T07:00:00-05:00,21.91,42.247,38.997,,,,43265.68,28234,53,1337.07,1230.1,13225.31,14175.2,,18935.67,
2024-04-11T08:00:00-05:00,10.81,6.72,6.903,,,,43744.61,21364,59,10626.74,10540.5,12011.37,12061.3,,13324.3,
2024-04-11T09:00:00-05:00,7.97,0.705,0.705,,,,44343.46,18360,65,16456.34,17831.4,9606.13,9155.6,,11806.07,
2024-04-11T10:00:00-05:00,8.79,0.917,0.917,,,,44702.61,18393,69,17425.54,18274.7,8434.04,7776.8,,11615.75,
2024-04-11T11:00:00-05:00,10.11,2.97,2.97,,,,44990.95,19325,72,18446.94,18328.1,6287.43,6753.9,,12093.59,
2024-04-11T12:00:00-05:00,12.06,5.908,5.908,,,,45439.56,20788,74,18652.04,18284.3,4704.99,5229.2,,13527.52,
2024-04-11T13:00:00-05:00,14.33,8.608,8.608,,,,46155.55,22942,76,18577.26,18232.2,3470.42,4051.1,,15555.42,
2024-04-11T14:00:00-05:00,15.71,12.028,12.028,,,,46956.71,25010,77,18596.15,18384.1,2467.68,3238.6,,17672.85,
2024-04-11T15:00:00-05:00,16.75,12.962,12.962,,,,47949.83,26527,78,18543.6,17949.8,2037.6,2777.7,,19094.26,
2024-04-11T16:00:00-05:00,18.29,14.178,14.178,,,,49012.39,28151,78,18395.01,17463.1,2004.3,2530.4,,20385.03,
2024-04-11T17:00:00-05:00,22.53,14.285,14.285,,,,49485.18,29465,77,17970.61,16820.8,2093.72,2572.8,,21083.94,
2024-04-11T18:00:00-05:00,54.03,52.895,52.755,,,,49031.45,33826,76,13175.68,12141.9,2420.47,2835.4,,24222.13,
2024-04-11T19:00:00-05:00,230.85,276.693,276.312,,,,48014.94,40749,71,3227.17,2294.4,3524.72,3816.8,,28514.19,
2024-04-11T20:00:00-05:00,120.54,76.575,79.195,,,,48016.56,40498,66,23.12,16.1,6724.06,6596,,28063.72,
2024-04-11T21:00:00-05:00,31.23,22.902,29.12,,,,47054.37,35784,63,0.35,0,10544.27,10022.4,,24833.08,
2024-04-11T22:00:00-05:00,16.92,17.642,18.278,,,,44736.37,30379,61,0.49,0,13397.29,12986.9,,20849.88,
2024-04-11T23:00:00-05:00,13.54,14.737,14.743,,,,41899.6,25290,59,0.53,0,15744.17,15545,,17195.68,
2024-04-12T00:00:00-05:00,12,17.16,17.16,,,,39837.84,21377,57,0.51,0,17503.02,18993.2,,13731.08,
2024-04-12T01:00:00-05:00,9.9,10.35,9.44,,,,38167.46,17996,56,0.62,0,19514,20456.6,,10899.28,
2024-04-12T02:00:00-05:00,7.04,9.337,7.278,,,,37065.8,16700,54,0.63,0,20138.22,21426.2,,9785.5,
2024-04-12T03:00:00-05:00,6.86,8.925,6.383,,,,36578.7,16390,53,0.64,0,19969.64,21772.4,,9478.17,
2024-04-12T04:00:00-05:00,7.83,9.655,5.915,,,,36991.57,16537,52,0.64,0,19962.9,21792.9,,9808.13,
2024-04-12T05:00:00-05:00,10.89,12.827,8.617,,,,38312.02,17747,52,0.67,0,20346.82,21429.5,,11301.27,
2024-04-12T06:00:00-05:00,20.07,20.513,14.665,,,,41062.68,20096,52,1.91,0,20759.97,20937.5,,12889.46,
2024-04-12T07:00:00-05:00,18.21,16.56,11.86,,,,42628.97,20404,55,1475.81,1219.5,20459.65,20455,,12867.53,
2024-04-12T08:00:00-05:00,11,5.235,3.095,,,,43397.19,15998,61,8297.83,9465.1,18668.92,19543.3,,9083.82,
2024-04-12T09:00:00-05:00,9.05,1.93,0.685,,,,44226.93,14096,68,12694.89,16276.1,16988.69,18487,,7578.32,
2024-04-12T10:00:00-05:00,7.6,3.603,-0.333,,,,44802.31,14159,72,11024.69,17134.5,19118.05,19576.6,,7582.12,
2024-04-12T11:00:00-05:00,8.17,4.603,-1.118,,,,45423.37,14297,75,9699.12,17498.9,20746.02,22003.2,,7698.44,
2024-04-12T12:00:00-05:00,9.54,4.653,-1.285,,,,46080.29,14486,78,9926.53,17738,21050.47,23336.5,,7881.5,
2024-04-12T13:00:00-05:00,11.99,6.595,0.557,,,,47117.55,14617,79,11052.04,17711.9,20846.2,23885.8,,7922.88,
2024-04-12T14:00:00-05:00,14.17,7.317,1.21,,,,48325.05,15086,80,11646.98,17831.8,21112.35,24083.2,,8209.36,
2024-04-12T15:00:00-05:00,16.56,8.837,2.438,,,,49400.96,15707,81,12062.49,17225.4,21528.23,24327.6,,8912.1,
2024-04-12T16:00:00-05:00,19.28,11.252,3.777,,,,50334.86,16942,80,11746.74,16490.4,21921.96,24658.6,,10004.52,
2024-04-12T17:00:00-05:00,19.39,14.13,5.19,,,,50544.61,17866,79,10837.03,15385.8,22652.22,25292.3,,10702.75,
2024-04-12T18:00:00-05:00,19.91,25.052,15.28,,,,49532.87,21440,77,6158.01,10772.5,22449.07,25588.7,,13400.82,
2024-04-12T19:00:00-05:00,32.51,19.58,13.11,,,,48100.57,24667,73,1054.31,2027.3,22808.77,25933.8,,15522.06,
2024-04-12T20:00:00-05:00,27.45,17.7,15.475,,,,47599.96,23464,70,9.22,20.5,24802.02,26663.6,,14746.18,
2024-04-12T21:00:00-05:00,19.08,15.483,13.21,,,,46700.62,22053,69,0.76,0,25040.46,27419.1,,14103.95,
2024-04-12T22:00:00-05:00,15.77,15.483,12.622,,,,44871.52,20605,67,0.86,0,24480.18,28024.8,,12632.61,
2024-04-12T23:00:00-05:00,11.62,12.945,9.25,,,,42644.62,18894,65,0.77,0,23656.51,28675.6,,11186.8,
2024-04-13T00:00:00-05:00,11.36,7.585,3.805,,,,40454.71,16454,64,0.83,0,23845.36,27694.8,,8869.35,
2024-04-13T01:00:00-05:00,8.68,3.293,0.593,,,,38615.29,14741,64,0.96,0,23900.4,27660.5,,7244.7,
2024-04-13T02:00:00-05:00,7.27,-15.275,-15.777,,,,37434.58,14207,62,0.8,0,23416.1,27488.7,,6808.55,
2024-04-13T03:00:00-05:00,6.56,-27.872,-27.872,,,,36758.64,14237,61,0.67,0,22810.84,27416.4,,6811.34,
2024-04-13T04:00:00-05:00,6.39,-30.15,-30.15,,,,36530.01,14062,60,0.66,0,22279.26,27040.6,,6826.68,
2024-04-13T05:00:00-05:00,6.78,-18.845,-18.845,,,,36754.28,14163,60,0.77,0,22534.07,26552.4,,6897.08,
2024-04-13T06:00:00-05:00,8.57,-3.357,-3.438,,,,37701.9,14437,59,1.63,0.1,23226.86,26108.3,,6949.57,
2024-04-13T07:00:00-05:00,8.8,-3.497,-3.543,,,,38659.63,14524,61,503.84,1068.2,23530.91,25645.2,,6979.52,
2024-04-13T08:00:00-05:00,7.64,-4.06,-4.07,,,,40281,14340,65,3864.97,8554.5,21777.53,24902.3,,6958.25,
2024-04-13T09:00:00-05:00,5.73,-4.01,-4.225,,,,42141.69,14078,69,6212.99,15720.7,21505.41,24915.9,,7112.39,
2024-04-13T10:00:00-05:00,6.04,-4.055,-4.375,,,,43579.46,13908,73,6547.9,16838.4,22792.15,25953,,7090.12,
2024-04-13T11:00:00-05:00,6.85,-1.605,-2.54,,,,44848.95,14007,76,8010.01,17495,22502.82,25978.2,,7147.76,
2024-04-13T12:00:00-05:00,8.4,1.885,-0.87,,,,46177.1,14359,79,9874.82,17807,21709.33,25648,,7208,
2024-04-13T13:00:00-05:00,9.83,2.532,-0.163,,,,47562.11,14544,81,11692.49,17997.6,20989.84,25350.7,,7443.54,
2024-04-13T14:00:00-05:00,11.26,2.815,0.027,,,,48938.03,15091,82,12880.93,18156.3,20457.09,25027.8,,7579.73,
2024-04-13T15:00:00-05:00,14.13,3.265,0.108,,,,50225.57,15627,82,13707.14,17689.9,20391.25,24932.1,,8034.91,
2024-04-13T16:00:00-05:00,16.94,3.71,1.125,,,,51168.26,16764,82,13710.57,17200.1,20628.6,25122,,9125.89,
2024-04-13T17:00:00-05:00,20.05,2.975,0.978,,,,51513.44,17347,81,12686.09,16171.9,21524.93,25593.9,,9742.39,
2024-04-13T18:00:00-05:00,21.2,6.048,4.443,,,,50640.63,19291,79,8998.64,11280.2,22653.01,26003.1,,12133.74,
2024-04-13T19:00:00-05:00,31.34,17.23,16.365,,,,49047.45,23495,75,2255.67,2212.3,24033.53,26704.5,,15329.3,
2024-04-13T20:00:00-05:00,24.67,12.978,15.683,,,,48340.72,24227,73,19.44,25.4,24788.46,27579.9,,15575.89,
2024-04-13T21:00:00-05:00,16.33,6.713,7.935,,,,47194.49,22378,71,0.79,0,25513.95,28233.5,,14557.4,
2024-04-13T22:00:00-05:00,13.26,6.495,4.97,,,,45315.04,20166,70,0.85,0,25766.59,28419.9,,13188.28,
2024-04-13T23:00:00-05:00,12.26,5.568,4.653,,,,43090.88,18341,69,0.94,0,25621.86,28607.6,,11284.17,
2024-04-14T00:00:00-05:00,7.26,6.295,5.342,,,,41481.27,16743,68,0.75,0,24967.81,28738.5,,9530.27,
2024-04-14T01:00:00-05:00,5.45,6.22,5.155,,,,40075.37,15418,67,0.7,0,24418.25,28238.2,,8397.35,
2024-04-14T02:00:00-05:00,3.12,3.143,2.59,,,,39051.91,14180,66,0.66,0,24267.82,27182.2,,7108.09,
2024-04-14T03:00:00-05:00,2.57,-1.18,-1.142,,,,38516.33,13936,65,0.88,0,23698.91,25956.3,,6744,
2024-04-14T04:00:00-05:00,2.18,0.095,0.08,,,,38113.44,13855,64,0.72,0,23216.92,24590.6,,6836.38,
2024-04-14T05:00:00-05:00,4.11,1.61,1.605,,,,37914.51,14007,65,0.8,0,23246.23,23288.7,,7047.33,
2024-04-14T06:00:00-05:00,7.83,5.162,5.153,,,,38291.19,15535,65,1.45,0.1,22099.19,21729.7,,8317.15,
2024-04-14T07:00:00-05:00,8.67,4.77,4.783,,,,38720.87,16277,66,1031.65,791.6,20866,19944.1,,8995.11,
2024-04-14T08:00:00-05:00,6.45,0.007,0.007,,,,40274.87,14876,68,7172.47,6602.5,18003.02,17897.5,,7826.7,
2024-04-14T09:00:00-05:00,5.6,0.613,0.503,,,,42328.6,14809,71,11404.86,12428.1,15729.86,15745.6,,7880.72,
2024-04-14T10:00:00-05:00,7.91,8.808,8.608,,,,44193.67,17128,74,13356.55,13620.7,13209.92,13657.6,,10058.76,
2024-04-14T11:00:00-05:00,11.44,9.587,9.568,,,,45907.47,20525,77,14213.2,14661,10558.16,11211.4,,12662.28,
2024-04-14T12:00:00-05:00,15.31,8.365,8.36,,,,47650.34,22710,79,15432.31,15408.1,9060.74,9647.1,,14497.49,
2024-04-14T13:00:00-05:00,13.34,10.5,10.263,,,,49573,25186,81,15752,16046.9,8495.08,9228.7,,16739.23,
2024-04-14T14:00:00-05:00,15.02,13.23,12.807,,,,51066.48,26803,83,15745.81,16127.9,9049.63,9709.3,,18127.86,
2024-04-14T15:00:00-05:00,17.27,11.57,11.625,,,,52526.91,27751,83,15359.58,15410.7,10098.11,10889,,18974.88,
2024-04-14T16:00:00-05:00,16.91,12.655,12.847,,,,54130.06,29275,83,14536.42,14320.8,11148.39,12037.5,,20103.42,
2024-04-14T17:00:00-05:00,27.49,24.655,24.813,,,,55034.33,31110,82,12468.45,12844.7,12187.01,13107,,21580.24,
2024-04-14T18:00:00-05:00,44.1,49.185,49.895,,,,54805.05,35321,80,7201.04,8807.4,12600.47,13974.5,,24001.42,
2024-04-14T19:00:00-05:00,84.39,98.868,99.853,,,,53097.99,38584,77,1531.73,1794.1,13322.29,15287.8,,25524.87,
2024-04-14T20:00:00-05:00,40.32,30.535,30.265,,,,51776.96,37501,75,17.12,24.5,16038.35,17694.8,,24897.27,
2024-04-14T21:00:00-05:00,20.03,14.29,14.067,,,,50767.75,33095,74,0.35,0,18964.13,19957,,22230.6,
2024-04-14T22:00:00-05:00,13.58,7.58,7.608,,,,48138.96,28712,73,0.52,0,20473.58,21828.5,,19412.91,
2024-04-14T23:00:00-05:00,9.29,5.647,5.783,,,,45270.95,24854,72,0.71,0,21151.88,23504.4,,15962.62,
2024-04-15T00:00:00-05:00,8.31,5.53,5.67,,,,42989.16,21565,72,0.72,0,21819.47,24418.6,,12954.71,
2024-04-15T01:00:00-05:00,5.65,4.7,4.745,,,,41221.02,19653,71,0.71,0,22073.31,24559,,11494.28,
2024-04-15T02:00:00-05:00,4,3.045,3.185,,,,40033.38,18453,70,0.89,0,22066.33,24471.2,,10570.82,
2024-04-15T03:00:00-05:00,4.43,2.747,2.875,,,,39408.06,18036,70,0.94,0,21802.79,24179.8,,10442.46,
2024-04-15T04:00:00-05:00,5.8,5.023,5.158,,,,39569.47,18895,70,0.78,0,21124.72,23602.9,,11300.96,
2024-04-15T05:00:00-05:00,9.78,5.78,5.86,,,,40712.46,20321,70,1.05,0,21339.72,22688.3,,12471.4,
2024-04-15T06:00:00-05:00,17.74,9.858,9.885,,,,42997.62,23932,70,0.9,0.1,20272.84,21354.8,,15767.79,
2024-04-15T07:00:00-05:00,16.85,13.275,13.275,,,,44232.05,25767,70,270.87,618.4,19516.54,20467,,17477.96,
2024-04-15T08:00:00-05:00,12.55,10.438,10.345,,,,45316.62,25179,71,2098.12,3948.3,19023.58,20533.8,,16933.15,
2024-04-15T09:00:00-05:00,10.96,7.898,7.75,,,,46980.45,23988,73,5145.59,7195.4,18554.47,20495,,15808.64,
2024-04-15T10:00:00-05:00,11.35,8.865,8.8,,,,48704.45,23815,74,6524.18,8489.1,18676.31,19878.9,,16073.7,
2024-04-15T11:00:00-05:00,13.26,7.595,7.525,,,,50439.08,23272,76,8259.62,9907.8,18835.34,19556.9,,15647.29,
2024-04-15T12:00:00-05:00,14.13,6.73,5.942,,,,51952.26,22829,78,9963.66,10908.2,18937.85,20189.5,,15171.07,
2024-04-15T13:00:00-05:00,16.39,7.163,6.067,,,,53193.48,22882,80,10887.37,11869.6,19024.34,21404.4,,15199.72,
2024-04-15T14:00:00-05:00,16.72,6.875,5.935,,,,54322.55,23644,81,10803.18,11375.3,19497.75,22609,,16013.79,
2024-04-15T15:00:00-05:00,16.18,8.827,6.652,,,,55400.64,25114,81,9314.25,10271.4,20481.61,23694.1,,17126.48,
2024-04-15T16:00:00-05:00,22.38,13.75,11.427,,,,56319.25,27654,81,7533.7,8589.1,20505.15,24578.3,,19166.4,
2024-04-15T17:00:00-05:00,20.12,10.827,8.737,,,,56568.59,28193,80,6299.08,6897.7,21096.53,25509.1,,19415.98,
2024-04-15T18:00:00-05:00,19.6,11.745,9.25,,,,55800.05,28269,79,4127.98,4586.1,22609.08,26336.2,,19403.84,
2024-04-15T19:00:00-05:00,21.56,13.623,11.035,,,,54560.23,28701,77,1363.09,1819.3,24359.53,27140,,19615.65,
2024-04-15T20:00:00-05:00,18.66,13.593,11.502,,,,54089.3,29260,75,19.4,32.6,25086.8,27971.4,,20067.41,
2024-04-15T21:00:00-05:00,14.08,11.225,9.308,,,,52572.88,28183,74,0.8,0,24912.24,28926.1,,19273.65,
2024-04-15T22:00:00-05:00,10.4,6.255,5.115,,,,49862.29,25938,73,0.96,0,24691.99,29270.8,,16983.06,
2024-04-15T23:00:00-05:00,8.61,4.37,3.783,,,,46873.76,23145,72,0.91,0,24033.19,28950.3,,14203.58,
2024-04-16T00:00:00-05:00,8.32,7.715,8.418,,,,44274.97,21950,71,0.62,0,22465.15,27381.4,,13093.82,
2024-04-16T01:00:00-05:00,7.25,7.118,8.005,,,,42353.04,21633,71,0.61,0,21080.58,26297.7,,12876.48,
2024-04-16T02:00:00-05:00,7.19,7.892,8.14,,,,41099.39,22026,69,0.62,0,19429.7,25420.8,,13368.52,
2024-04-16T03:00:00-05:00,6.99,6.415,6.788,,,,40384.91,21343,69,0.63,0,19643.48,24430.3,,12782.26,
2024-04-16T04:00:00-05:00,9.28,6.432,6.76,,,,40533.32,20863,69,0.64,0,20346.17,23464.4,,12377.74,
2024-04-16T05:00:00-05:00,12.75,8.062,8.428,,,,41851.29,23026,69,0.63,0,19384.18,22240.2,,14564.54,
2024-04-16T06:00:00-05:00,15.65,13.178,13.302,,,,44448.1,26018,68,0.69,0.1,19274.14,20620.6,,17286.22,
2024-04-16T07:00:00-05:00,15.46,14.783,14.265,,,,45755.11,27568,69,687.32,696.8,18077.82,19313.9,,18198.64,
2024-04-16T08:00:00-05:00,11.2,14.938,14.44,,,,46710.36,26977,70,5051.15,5845.6,15133.06,18520.2,,17890.07,
2024-04-16T09:00:00-05:00,9.14,12.797,12.173,,,,48375.75,26044,72,8633.61,10662.5,13812.81,18099.4,,17018.2,
2024-04-16T10:00:00-05:00,8.97,11.873,10.268,,,,50183.25,25419,74,9459.07,12075.8,14954.52,18263,,16424.27,
2024-04-16T11:00:00-05:00,11.12,11.777,10.82,,,,52265.4,26296,75,10959.64,13371.1,13975.73,17864.7,,17351.15,
2024-04-16T12:00:00-05:00,14.01,13.292,13.068,,,,54385.93,27518,77,12218.24,14251.8,12633.71,17032.8,,18529.9,
2024-04-16T13:00:00-05:00,18.79,14.762,14.188,,,,56449.52,29016,79,12932.3,15756.6,11530.05,16490,,20159.76,
2024-04-16T14:00:00-05:00,18.02,14.26,12.827,,,,58036.17,30881,80,13444.8,15743.7,10433.24,16101.5,,21906.32,
2024-04-16T15:00:00-05:00,20.18,11.993,10.85,,,,59168.36,31535,82,13619.79,14981.9,10561.5,16062,,22409.22,
2024-04-16T16:00:00-05:00,27.78,14.905,14.7,,,,59990.99,33879,82,13014.19,13928.6,9871.96,15399.5,,24491.36,
2024-04-16T17:00:00-05:00,38.33,24.8,24.72,,,,59986.99,38397,81,10090.22,12073,8478.46,14056.1,,27505.81,
2024-04-16T18:00:00-05:00,82.03,74.517,73.922,,,,58764.41,42735,79,6656.31,8400.5,6856.31,12322.5,,30542.92,
2024-04-16T19:00:00-05:00,272.99,958.355,959.597,,,,57036.28,46426,76,1876.96,1635.4,5488.32,11306.3,,32847.22,
2024-04-16T20:00:00-05:00,211.92,694.185,694.185,,,,56318.97,47625,75,38.58,31.4,5177.43,11447.6,,33817.81,
2024-04-16T21:00:00-05:00,88.41,124.875,124.745,,,,54756.11,46857,74,0.34,0,5584.89,12186.1,,33529.41,
2024-04-16T22:00:00-05:00,33.41,83.905,79.157,,,,51885.5,44620,73,0.49,0,5981.7,13276.1,,31638.39,
2024-04-16T23:00:00-05:00,23.23,34.37,31.718,,,,48857.37,41405,72,0.55,0,6980.87,14456.9,,28327.51,
2024-04-17T00:00:00-05:00,18.43,21.568,20.895,,,,46215.81,36802,72,0.61,0,8656.88,12238.2,,24569.93,
2024-04-17T01:00:00-05:00,15.95,15.088,15.118,,,,44013.88,33072,71,0.61,0,10633.94,13198.4,,22816.21,
2024-04-17T02:00:00-05:00,14.41,13.567,13.398,,,,42562.66,31189,71,1.77,0,11446.89,13862.3,,21751.89,
2024-04-17T03:00:00-05:00,13.65,12.013,12.3,,,,41618.85,30093,70,0.63,0,11701.28,13738.3,,20603.23,
2024-04-17T04:00:00-05:00,14.21,11.898,12.652,,,,41194.33,30327,70,0.63,0,11433.13,13421.4,,20886.33,
2024-04-17T05:00:00-05:00,15.46,12.29,13.257,,,,42523.49,31152,69,0.64,0,11976.69,12872.2,,21654.4,
2024-04-17T06:00:00-05:00,21.3,18.695,19.092,,,,45011.04,34487,69,0.86,0.2,11349.4,12043.5,,24403.01,
2024-04-17T07:00:00-05:00,22.65,17.385,17.347,,,,46171.72,35601,70,361.1,608.2,10983.71,10749.1,,25124.77,
2024-04-17T08:00:00-05:00,22.83,16.417,16.417,,,,47541.21,34818,71,3157.91,3699,9516.97,9045.7,,24877.68,
2024-04-17T09:00:00-05:00,25.09,17.655,17.483,,,,49597.47,34600,74,7326.13,6790.9,6852.34,6935.6,,24596.56,
2024-04-17T10:00:00-05:00,28.05,17.22,17.29,,,,51606.34,34830,76,9367.11,9010.6,6125.7,5240.6,,24704.35,
2024-04-17T11:00:00-05:00,30.03,18.372,18.383,,,,53708.06,35201,80,11308.52,10720.5,5641.98,4463.2,,24909.68,
2024-04-17T12:00:00-05:00,33.16,19.075,19.085,,,,55860.95,35621,81,12791.63,11908.8,5397.26,4257.2,,24835.83,
2024-04-17T13:00:00-05:00,49.65,18.735,18.677,,,,57771.05,36375,83,13345.09,12649.2,6179.53,4830.5,,25210.43,
2024-04-17T14:00:00-05:00,52.41,16.965,16.732,,,,59300.87,36301,83,13779.66,12596.8,7396.14,5927.7,,25177.69,
2024-04-17T15:00:00-05:00,62.76,16.498,16.147,,,,60260.3,37058,83,12789.66,11476.2,8849.57,7385,,25646.97,
2024-04-17T16:00:00-05:00,110.37,15.525,15.145,,,,60828.65,37034,83,10961.3,9922,11005.52,8792.9,,25434.98,
2024-04-17T17:00:00-05:00,130.33,15.152,15.28,,,,60519.56,37193,82,8572.51,8215.7,12880.26,10088.7,,25463.18,
2024-04-17T18:00:00-05:00,131.53,14.56,8.533,,,,58951.02,37097,80,6672.17,5762.6,13853.37,10880.1,,25339.08,
2024-04-17T19:00:00-05:00,246.56,25.11,25.45,,,,57117.95,39701,79,2420.04,1960.1,14115.53,11438.3,,26615.05,
2024-04-17T20:00:00-05:00,151.96,33.305,33.885,,,,56446.78,41191,77,60.22,38.6,14655.66,13434,,27344.82,
2024-04-17T21:00:00-05:00,29.44,18.31,18.565,,,,54878.2,37724,75,9.82,0,17037.37,16373.1,,24978.41,
2024-04-17T22:00:00-05:00,18.24,13.868,14.035,,,,52261.32,32979,74,0.94,0,18876.58,19271.5,,21736.42,
2024-04-17T23:00:00-05:00,13.19,7.737,7.69,,,,49341.67,28017,74,1.35,0,20975.02,21661.6,,17922.76,
2024-04-18T00:00:00-05:00,10.36,8.84,8.652,,,,46158.23,23796,73,1.17,0,22739,22526.9,,14276.24,
2024-04-18T01:00:00-05:00,6.75,6.435,6.26,,,,44412.35,21929,72,1.27,0,22838.82,23039.1,,12698.78,
2024-04-18T02:00:00-05:00,3.47,7.477,7.308,,,,43122.77,21996,72,1.19,0,21555.86,23024.1,,12975.96,
2024-04-18T03:00:00-05:00,4.71,7.345,7.303,,,,42318.88,22150,71,1.18,0,20552.47,22458,,13136.63,
2024-04-18T04:00:00-05:00,7.9,5.545,5.507,,,,42234.01,21920,70,1.05,0,20496.35,21367.8,,13012.49,
2024-04-18T05:00:00-05:00,10.99,6.623,6.58,,,,43340.04,23660,70,1.44,0,20024.07,19906.7,,15073.18,
2024-04-18T06:00:00-05:00,17.39,12.872,12.817,,,,45558.45,26980,70,2.3,0.5,19294.56,18704.5,,18265.99,
2024-04-18T07:00:00-05:00,17.13,13.682,12.177,,,,46704.61,27984,71,713.75,785.9,18688.18,17659.7,,18968.63,
2024-04-18T08:00:00-05:00,15.13,12.59,8.095,,,,48097.79,27193,72,4811.63,5929.2,16116.29,16199.8,,18299.42,
2024-04-18T09:00:00-05:00,13.04,13.027,8.43,,,,49984.65,26167,75,7995.35,10851,15235.06,15165.9,,17137.57,
2024-04-18T10:00:00-05:00,14,11.983,7.992,,,,51826.58,26565,78,10516.76,12620,14466.29,14183.1,,17652.87,
2024-04-18T11:00:00-05:00,16.75,12.95,8.678,,,,53848.97,26943,80,12235.87,13938.1,14346.33,12762.6,,18202.87,
2024-04-18T12:00:00-05:00,19.07,14.812,8.905,,,,55843.72,27613,81,12913.53,14995.2,14962.77,11932.4,,18610.44,
2024-04-18T13:00:00-05:00,23.28,21.195,12.328,,,,58013.63,29818,82,13204.76,16033.2,14563,11862.8,,19748.49,
2024-04-18T14:00:00-05:00,27.78,26.947,16.253,,,,59724.27,31776,84,13240.61,16103.8,14696.6,12630.2,,20935.87,
2024-04-18T15:00:00-05:00,33.85,15.475,10.59,,,,60638.54,32155,84,13754.23,15527.8,15173.97,13778.8,,22088.06,
2024-04-18T16:00:00-05:00,35.82,19.75,13.095,,,,61460.9,33127,84,13451.28,14553.1,15755.09,14751.4,,22777.94,
2024-04-18T17:00:00-05:00,29.68,20.97,13.875,,,,61296.88,33739,83,11718.45,13246.2,17160.54,15834.8,,23055.47,
2024-04-18T18:00:00-05:00,31.81,22.79,15.207,,,,59814.14,35100,81,7409.6,9792.6,18560.4,17185.5,,23966.81,
2024-04-18T19:00:00-05:00,52.85,21.86,14.975,,,,57187.59,36371,78,2201.43,2059.9,20031.02,18565.9,,24605.73,
2024-04-18T20:00:00-05:00,39,21.985,17.332,,,,56137.16,36399,76,41.38,40.5,21094.61,20009,,24946.1,
2024-04-18T21:00:00-05:00,24.97,18.52,13.41,,,,54521,34354,73,0.67,0,21095.24,21107,,23643.38,
2024-04-18T22:00:00-05:00,19.83,15.542,10.43,,,,51594.72,31666,71,0.97,0,20251.48,21733,,22158.82,
2024-04-18T23:00:00-05:00,14.67,15.095,11.263,,,,48518.08,29214,69,0.88,0,18607.37,21426.9,,20378.1,
2024-04-19T00:00:00-05:00,11.43,15.245,15.138,,,,44122.96,27753,68,0.89,0,16944.73,21593.6,,19005.59,
2024-04-19T01:00:00-05:00,9.53,12.095,11.808,,,,42205.67,25831,67,0.98,0,16718.34,20047.6,,17208.58,
2024-04-19T02:00:00-05:00,8.53,11.085,10.963,,,,41023.01,24725,66,1.05,0,16539.54,18095.2,,16236.82,
2024-04-19T03:00:00-05:00,8.88,9.557,7.635,,,,40273.41,23759,65,1.04,0,16669.5,16571.4,,15271.12,
2024-04-19T04:00:00-05:00,10.02,9.085,6.355,,,,40256.42,23332,65,1.05,0,16937.46,15660.1,,14907.45,
2024-04-19T05:00:00-05:00,12.04,11.145,8.33,,,,41717.86,25144,64,1.04,0,16443.29,14962,,16673.77,
2024-04-19T06:00:00-05:00,20.1,13.93,13.555,,,,44570.96,27820,64,1.42,0.8,16072.65,14253.3,,19101.18,
2024-04-19T07:00:00-05:00,17.78,14.453,14.453,,,,46019.43,29479,64,360.42,591.5,15054.84,13576.5,,20143.03,
2024-04-19T08:00:00-05:00,15.85,15.09,15.09,,,,47056.14,30140,64,2404.75,3290.5,13060.57,13083,,20783.91,
2024-04-19T09:00:00-05:00,16.8,15.128,15.13,,,,48539.57,30021,66,4214.53,5358.3,12751.63,12535.8,,20617.32,
2024-04-19T10:00:00-05:00,19.16,16.62,16.628,,,,49551.75,31432,67,5502.05,6650.1,11486.19,11425,,21890.18,
2024-04-19T11:00:00-05:00,19.56,24.807,24.82,,,,50330.08,33696,68,7278.16,8064.2,8450.13,9824.9,,23217.66,
2024-04-19T12:00:00-05:00,21.67,30.387,30.39,,,,51025.93,36001,70,8679.09,9117.6,5841.49,8394.6,,24226.17,
2024-04-19T13:00:00-05:00,23.75,24.205,24.207,,,,51742.58,36373,71,10156.3,10022.4,5037.36,7569.7,,24756.43,
2024-04-19T14:00:00-05:00,27.6,15.67,15.683,,,,52117.91,34391,72,11933.94,10035.3,5249.62,7275.8,,24161.84,
2024-04-19T15:00:00-05:00,33.66,19.865,19.87,,,,52326.36,35213,73,10927.65,9324.7,5884.35,7609.4,,25002.76,
2024-04-19T16:00:00-05:00,38.56,21.565,21.582,,,,52701.1,36801,74,9503.66,8406.5,6386,8031.5,,25610.78,
2024-04-19T17:00:00-05:00,41.35,25.158,25.16,,,,52741.8,38795,73,7118.32,6891.1,6954.93,8955.7,,26679.22,
2024-04-19T18:00:00-05:00,38.64,23.495,23.567,,,,51588.89,39807,72,3973.95,4434.2,8162.32,10119.2,,27170.13,
2024-04-19T19:00:00-05:00,61.35,31.308,31.48,,,,50255.18,41000,70,1026.82,1146.2,9076.33,11043.5,,27637.53,
2024-04-19T20:00:00-05:00,55.22,43.405,43.64,,,,50024.04,42117,69,36.07,25.3,8939.34,11496.3,,28367.84,
2024-04-19T21:00:00-05:00,33.32,35.95,36.17,,,,48991.28,41220,68,0.42,0,8848.67,11546.2,,27655.26,
2024-04-19T22:00:00-05:00,32.78,30.49,30.647,,,,47199.81,39240,68,0.58,0,8885,11414.6,,26057.57,
2024-04-19T23:00:00-05:00,22.45,21.625,21.662,,,,45025.11,36292,67,0.64,0,9248.97,11054.2,,23528.59,
2024-04-20T00:00:00-05:00,29.66,22.238,22.13,,,,44162.48,32244,66,0.71,0,10897.95,10247.6,,20006.91,
2024-04-20T01:00:00-05:00,20.68,22.358,22.162,,,,42384.05,30459,66,0.71,0,11193.01,10749.9,,19007.73,
2024-04-20T02:00:00-05:00,18.22,21.59,21.557,,,,41132.16,29634,65,0.71,0,10766.01,11395.1,,18570.08,
2024-04-20T03:00:00-05:00,17.44,19.87,19.945,,,,40194.84,28691,64,0.7,0,11129.2,11924.3,,17832.62,
2024-04-20T04:00:00-05:00,15,16.765,16.81,,,,39733.71,26959,64,0.71,0,12632.27,12652.7,,17185.72,
2024-04-20T05:00:00-05:00,15.62,14.332,14.337,,,,39899.73,25556,63,0.77,0,14379.63,13733.7,,16788.99,
2024-04-20T06:00:00-05:00,14.92,9.132,8.74,,,,40596.78,23483,63,1.05,0.2,17235.36,15194.7,,15044.11,
2024-04-20T07:00:00-05:00,13.38,8.765,5.918,,,,41533.78,22229,63,180.05,320.8,19153.52,16754.4,,14108.05,
2024-04-20T08:00:00-05:00,13.03,9.068,5.887,,,,43468.69,21989,63,965.05,1473.5,20250.53,18115.6,,14209.62,
2024-04-20T09:00:00-05:00,13.73,8.375,5.092,,,,46023.84,21815,64,2214.9,2414.3,20868.93,19325,,13921.87,
2024-04-20T10:00:00-05:00,14.35,9.45,6.212,,,,48067.85,22436,64,3266.22,3255.8,20946.42,19934.2,,14468.62,
2024-04-20T11:00:00-05:00,14.93,11.105,9.583,,,,49656.4,22968,64,3972.09,4058.4,20906.87,19574.1,,15111.89,
2024-04-20T12:00:00-05:00,15.42,11.457,8.352,,,,50851.49,23482,64,4647.75,4705.6,20325.73,19141.1,,15840.86,
2024-04-20T13:00:00-05:00,15.97,17.288,16.002,,,,51782.57,25755,65,5597.94,5214.3,17108.13,18698.4,,17487.68,
2024-04-20T14:00:00-05:00,16.3,16.44,13.762,,,,52438.96,26826,64,5138.76,5065.6,16781.21,18284.6,,18125.06,
2024-04-20T15:00:00-05:00,17.2,28.545,28.135,,,,52736.22,29395,63,4369.92,4599.5,15186.44,18047.7,,19866.83,
2024-04-20T16:00:00-05:00,18.92,21.04,20.77,,,,52764.82,31219,62,3605.16,3584.6,14249.73,17874.4,,20822.22,
2024-04-20T17:00:00-05:00,22.54,16.74,16.525,,,,52086.02,30019,60,3522.78,2727.5,15013.6,17934.2,,20629.92,
2024-04-20T18:00:00-05:00,20.76,20.085,19.868,,,,50757.21,30305,59,2199.9,1679.2,15403.08,17777.1,,20669.01,
2024-04-20T19:00:00-05:00,24.77,22.825,22.805,,,,49501.21,31834,57,367.34,564.4,15201.69,17144.6,,21177,
2024-04-20T20:00:00-05:00,29.73,22.455,22.455,,,,49449.73,32700,56,2.35,17.3,14328.54,16570.4,,21483.46,
2024-04-20T21:00:00-05:00,23.92,23.088,23.088,,,,48549.42,32771,56,0.44,0,13132.22,15947.5,,21548.23,
2024-04-20T22:00:00-05:00,25.92,16.422,16.422,,,,46773.77,30288,55,0.48,0,13869.55,15222.4,,20146.89,
2024-04-20T23:00:00-05:00,19.47,12.79,12.805,,,,44590.48,27424,55,0.37,0,14581.5,14222.8,,18460.09,
2024-04-21T00:00:00-05:00,22.12,10.835,10.85,,,,41233.64,25530,54,0.24,0,14806.27,10137.9,,17033.87,
2024-04-21T01:00:00-05:00,19.77,10.382,10.382,,,,39355.53,24881,54,0.25,0,14256.21,9885.6,,16494.56,
2024-04-21T02:00:00-05:00,17.98,12.405,12.405,,,,37923.62,25352,54,0.24,0,12677.04,9675.1,,17010.93,
2024-04-21T03:00:00-05:00,16.71,14.36,14.36,,,,37257.35,26083,53,0.26,0,11483.31,9598.6,,17728.85,
2024-04-21T04:00:00-05:00,16.45,16.6,16.665,,,,37005.47,27109,53,0.27,0,10445.54,9991.4,,18457.33,
2024-04-21T05:00:00-05:00,16.02,16.26,16.327,,,,37330.2,27290,52,0.25,0,10150.5,10554.9,,18672.5,
2024-04-21T06:00:00-05:00,17.31,14.947,15.217,,,,37925.46,27513,52,2.91,0.9,10509.52,11077.7,,18577.82,
2024-04-21T07:00:00-05:00,20.95,14.33,14.475,,,,38772.43,27275,52,793.22,440.1,10542.99,11470.3,,18448.26,
2024-04-21T08:00:00-05:00,18.64,8.395,8.51,,,,40555.07,25469,54,4463.85,2212.9,10145.41,11627.3,,16820.21,
2024-04-21T09:00:00-05:00,16.15,4.685,4.82,,,,42429.58,23294,55,7555.79,3980.9,10189.82,11580.7,,14814.26,
2024-04-21T10:00:00-05:00,13.89,0.905,1.427,,,,43130.63,21575,58,9673.8,6037.2,10003.63,11070.6,,13037.29,
2024-04-21T11:00:00-05:00,13.58,0.2,0.93,,,,43662.33,20753,61,11688.39,7495.2,8691.55,10045.6,,12757.55,
2024-04-21T12:00:00-05:00,12.46,-0.285,-0.065,,,,43963.9,20104,63,12500.47,8863.8,8385.28,9360,,12609.31,
2024-04-21T13:00:00-05:00,10.03,-0.142,-0.063,,,,44016.9,19359,65,13654.94,11257.1,8054.89,8846.2,,12486.26,
2024-04-21T14:00:00-05:00,10.13,0,0,,,,44033.14,19466,66,13865.31,11512.4,7705.18,8391.5,,12516.8,
2024-04-21T15:00:00-05:00,10.84,0,0,,,,44043.41,19591,67,14467.53,10652.1,7446.76,8374.7,,12505.76,
2024-04-21T16:00:00-05:00,12.57,0.007,0.007,,,,44234.46,20004,67,15267.38,10427.4,6927.03,8340.2,,12817.72,
2024-04-21T17:00:00-05:00,15.63,3.33,3.33,,,,44057.05,21080,67,15462.52,9015.2,6487.88,8444.7,,13832.82,
2024-04-21T18:00:00-05:00,21.87,15.77,15.778,,,,43588.8,26867,65,10905.91,6189.4,5973.19,8407.5,,18652.96,
2024-04-21T19:00:00-05:00,59.38,84.977,84.977,,,,43485.12,35739,63,2766.48,2307.8,5291.1,7966,,24459.82,
2024-04-21T20:00:00-05:00,75.4,66.5,66.5,,,,44115.3,38805,60,24.51,49,5797.49,7632.4,,26278.03,
2024-04-21T21:00:00-05:00,45.3,29.033,29.033,,,,43298.92,37426,58,0.13,0,7148.62,7649.2,,25452.16,
2024-04-21T22:00:00-05:00,27.23,20.315,20.315,,,,41604.47,34917,56,0.19,0,7743.83,7827.7,,23650.97,
2024-04-21T23:00:00-05:00,24.8,18.157,18.157,,,,39297.22,31867,55,0.27,0,8315.62,7802.7,,21180.48,
2024-04-22T00:00:00-05:00,25.2,17.675,17.675,,,,38366.55,29977,53,0.25,0,8262.83,7594.1,,19868.01,
2024-04-22T01:00:00-05:00,19.33,15.655,15.495,,,,37234.22,29056,53,0.25,0,8081.19,7736.2,,19473.54,
2024-04-22T02:00:00-05:00,18.98,14.75,14.483,,,,36572.13,27905,52,0.27,0,8589.31,7855.2,,18780.12,
2024-04-22T03:00:00-05:00,19.03,14.965,14.675,,,,36322.83,27470,51,0.25,0,9055.57,7860.8,,18690.96,
2024-04-22T04:00:00-05:00,18.89,15.245,14.965,,,,36976.12,27675,51,0.26,0,9369.49,7996.1,,18927.09,
2024-04-22T05:00:00-05:00,26.41,17.305,17.01,,,,39133.15,28814,50,0.27,0,10131.77,8332.3,,19801.84,
2024-04-22T06:00:00-05:00,46.48,18.432,18.37,,,,42574.92,30868,50,11.15,7.6,11195.56,9093,,20758.49,
2024-04-22T07:00:00-05:00,31.22,12.39,12.39,,,,44338.09,29233,53,2008.85,1897.8,12177.16,9736.5,,19263.63,
2024-04-22T08:00:00-05:00,13.07,3.75,3.76,,,,44614.96,23016,57,8705.37,10315.7,11899.67,9357.3,,13681.46,
2024-04-22T09:00:00-05:00,8.73,5.19,3.7,,,,44514.19,18717,61,12788.64,15666.9,12169.05,9679.6,,9665.88,
2024-04-22T10:00:00-05:00,6.88,4.218,0.132,,,,44241.03,17630,64,12055.57,16642.5,14095.15,11621.3,,8720.74,
2024-04-22T11:00:00-05:00,7.44,3.9,0.105,,,,43818.04,17056,66,12668.97,17183.7,14120.04,12461.2,,8240.35,
2024-04-22T12:00:00-05:00,7.75,4.378,1.085,,,,43568.99,16381,68,13071.86,17929.5,14546.49,12926.1,,8204.06,
2024-04-22T13:00:00-05:00,7.92,5.4,1.297,,,,43625.96,16375,69,13042.68,18192.1,14805.38,13451,,8271.56,
2024-04-22T14:00:00-05:00,8.44,5.228,0.618,,,,43979.78,16464,71,13025.86,18361.8,15267.53,14168.5,,8385.94,
2024-04-22T15:00:00-05:00,8.61,5.667,0.615,,,,44685.4,16593,72,13139.99,18253.6,15491.02,15077.7,,8541.16,
2024-04-22T16:00:00-05:00,9.19,8.985,2.185,,,,45856.93,17674,73,12706.59,17739.7,15840.78,15784.7,,9610.47,
2024-04-22T17:00:00-05:00,9.75,8.733,1.087,,,,46610.46,18744,72,11246.82,16883,17001.16,17163.1,,10796.89,
2024-04-22T18:00:00-05:00,15.61,13.932,3.87,,,,46860.22,20851,71,8048.3,12712.1,18294.94,18459.1,,12687.18,
2024-04-22T19:00:00-05:00,28.54,25.037,17.58,,,,46657.13,25224,68,2698.25,3325.7,18880.83,19118.8,,15432.37,
2024-04-22T20:00:00-05:00,33.36,19.273,16.62,,,,47086.11,26891,65,62.28,63.1,20293.71,20135.4,,16166.47,
2024-04-22T21:00:00-05:00,17.64,14.72,9.805,,,,46137,25184,64,0.47,0,21123.8,21866.3,,15770.37,
2024-04-22T22:00:00-05:00,12.7,12.445,6.957,,,,43866.05,22778,63,0.55,0,20987.11,23028.8,,13691.97,
2024-04-22T23:00:00-05:00,10.94,12.1,5.012,,,,40856.49,20297,61,0.56,0,20649.18,23755.8,,11348.36,
2024-04-23T00:00:00-05:00,9.08,11.95,3.97,,,,39301.25,18443,60,0.59,0,20549.64,23830.8,,10049.33,
2024-04-23T01:00:00-05:00,6.56,10.907,3.392,,,,37904.01,17163,59,0.56,0,20532.06,23787.6,,9186.12,
2024-04-23T02:00:00-05:00,3.28,10.423,2.988,,,,37016.97,16652,59,0.57,0,20326.5,23543,,8746.53,
2024-04-23T03:00:00-05:00,1.74,10.797,3.31,,,,36546.35,16896,58,0.57,0,20167.16,23274.8,,8995.69,
2024-04-23T04:00:00-05:00,3.7,12.205,4.797,,,,36924.22,17442,58,0.58,0,19832.4,22889.9,,9456.77,
2024-04-23T05:00:00-05:00,9.97,17.335,10.513,,,,38537.62,18905,58,0.62,0,20077.33,22360.4,,10391.38,
2024-04-23T06:00:00-05:00,13.42,18.852,12.505,,,,41498.39,21191,58,9.39,8.6,20680.9,21760.2,,11437.03,
2024-04-23T07:00:00-05:00,13.27,12.597,7.597,,,,42994.36,20825,60,2073.08,1928.2,20241.53,20644.9,,10877.39,
2024-04-23T08:00:00-05:00,6.79,11.432,5.415,,,,43844.11,18544,64,6802.94,10574.1,17999.28,19273.4,,9468.93,
2024-04-23T09:00:00-05:00,6.01,12.238,5.163,,,,44734.14,18196,68,8019.5,16018.1,17721.21,17946.4,,9145.85,
2024-04-23T10:00:00-05:00,5.64,11.913,4.435,,,,45274.2,17772,70,9344.48,16498.6,17537.22,16768.2,,8472.68,
2024-04-23T11:00:00-05:00,6.75,14.282,6.288,,,,45874.35,18119,73,10951.01,16904.6,16474.75,15494.8,,8928.11,
2024-04-23T12:00:00-05:00,8.16,17.597,8.415,,,,46611.46,18903,76,12464.49,17333.4,15134.59,14690,,9785.82,
2024-04-23T13:00:00-05:00,9.93,19.86,10.402,,,,47552.34,20483,77,13078.46,15863.4,14000,14192.5,,10928.53,
2024-04-23T14:00:00-05:00,11.26,16.995,12.77,,,,48332.51,21116,76,13850.08,15512.1,13092.79,13513.1,,11664.3,
2024-04-23T15:00:00-05:00,13.25,18.923,19.472,,,,48888.74,23697,77,12827.39,14835.7,12105.51,13150.8,,14166.29,
2024-04-23T16:00:00-05:00,13.99,12.235,12.438,,,,49643.79,25729,77,11003.67,13290.4,12646,13012.8,,16145.47,
2024-04-23T17:00:00-05:00,15.9,20.602,22.068,,,,50066.7,27917,77,9069.82,11555.4,12894.37,13446.9,,17966.08,
2024-04-23T18:00:00-05:00,23.55,16.29,15.993,,,,49721.71,28024,76,7492.61,8490.3,14365.18,13969.2,,18101.26,
2024-04-23T19:00:00-05:00,55.84,31.398,31.237,,,,49147.13,31509,74,2479.8,2515.9,15572.5,14718.8,,20079.87,
2024-04-23T20:00:00-05:00,37.16,31.49,31.49,,,,49275.17,33082,73,67.65,60.1,16985.39,16995.5,,20851.17,
2024-04-23T21:00:00-05:00,22.27,18.788,18.788,,,,48379.87,30560,72,0.52,0,18773.42,19512.9,,19646.57,
2024-04-23T22:00:00-05:00,16.21,17.935,17.745,,,,46029.24,27865,71,0.63,0,19111.02,21131.4,,17797.81,
2024-04-23T23:00:00-05:00,14.54,13.775,13.695,,,,43378.96,24959,70,0.71,0,19664.28,21513.4,,15739.05,
2024-04-24T00:00:00-05:00,13.46,11.775,11.705,,,,41695.84,22274,70,0.72,0,19934.87,19853.7,,13840.25,
2024-04-24T01:00:00-05:00,12.6,12.905,12.69,,,,39846.12,21939,69,0.71,0,18623.67,18759.7,,13717.47,
2024-04-24T02:00:00-05:00,11.92,15.992,15.852,,,,38712.25,22714,68,0.73,0,16628.15,17541.8,,14464.55,
2024-04-24T03:00:00-05:00,14.69,14.895,14.782,,,,38116.25,23429,68,0.71,0,15515.33,16058,,15059.09,
2024-04-24T04:00:00-05:00,15.75,16.34,16.24,,,,38404.88,25122,68,0.73,0,13882.22,14218.6,,16612.95,
2024-04-24T05:00:00-05:00,23.76,48.785,48.955,,,,39911.6,29410,67,0.72,0,11123.58,12545.1,,19329.38,
2024-04-24T06:00:00-05:00,38.72,179.532,180.313,,,,42716.9,33076,67,2.51,4.2,9144.56,11030.8,,21417.49,
2024-04-24T07:00:00-05:00,32.1,121.23,121.538,,,,44114.46,34110,68,794.36,862.5,7836.32,9873,,22479.4,
2024-04-24T08:00:00-05:00,23.16,143.535,143.535,,,,45086.85,33228,70,4151.23,4928.4,6319.41,9174.6,,22457.33,
2024-04-24T09:00:00-05:00,19.1,40.43,40.398,,,,46560.88,33002,72,7541.15,8177.8,5688.36,8614.5,,22296.12,
2024-04-24T10:00:00-05:00,22.38,30.268,30.268,,,,47975.83,32639,74,9267.94,9623.8,6208.68,7828.9,,21935.07,
2024-04-24T11:00:00-05:00,22.82,22.495,22.495,,,,49496.04,31766,76,10908.38,10902.3,7174.33,7200,,21672.3,
2024-04-24T12:00:00-05:00,22.82,17.48,17.48,,,,51104.76,30095,78,12747.04,12107.8,8656.55,7227.7,,20807.53,
2024-04-24T13:00:00-05:00,23.96,16.255,16.108,,,,52804.99,29251,80,13914.75,13337.1,10112.27,7922.4,,20374.68,
2024-04-24T14:00:00-05:00,23.33,20.533,18.285,,,,54244.59,29775,81,13735.6,13330.7,11387.23,9107.4,,20848.74,
2024-04-24T15:00:00-05:00,26.46,26.45,22.883,,,,55269.18,30793,82,12278.13,12759.8,13326.3,10584.3,,21350.68,
2024-04-24T16:00:00-05:00,30.87,18.638,17.32,,,,56102.06,31359,82,12230.85,11526.1,14011.23,12008.7,,21794.12,
2024-04-24T17:00:00-05:00,39.24,19.447,17.938,,,,56226.18,31313,82,11945.23,9892.3,15082.42,13789,,21651.61,
2024-04-24T18:00:00-05:00,47.67,65.712,62.29,,,,55238.93,33624,80,8450.71,6757.6,15508.83,15489.2,,23035.31,
2024-04-24T19:00:00-05:00,96.63,228.385,218.105,,,,53937.43,37711,78,1632.74,1557.2,15714.57,16742.9,,25901.98,
2024-04-24T20:00:00-05:00,58.24,241.688,240.947,,,,53460.14,37886,75,17.63,46.8,15979.41,18298,,26360.68,
2024-04-24T21:00:00-05:00,26.7,30.082,29.897,,,,52044.95,35223,74,0.36,0,17119.7,20065.7,,24933.16,
2024-04-24T22:00:00-05:00,22.08,21.425,20.025,,,,49395.98,30818,73,0.58,0,19595.91,21427.3,,21096.72,
2024-04-24T23:00:00-05:00,16.88,15.445,15.035,,,,46387.6,26309,73,0.85,0,21063.2,22339.3,,17493.93,
2024-04-25T00:00:00-05:00,11.96,18.128,17.23,,,,43990.81,23035,72,0.79,0,21621.01,23715.6,,14529.84,
2024-04-25T01:00:00-05:00,8.84,13.462,12.942,,,,42068.8,20855,72,0.9,0,22060.02,24244.5,,12802.06,
2024-04-25T02:00:00-05:00,7.08,10.965,10.13,,,,40891.12,19608,71,1.01,0,22336.89,24440.8,,11707.12,
2024-04-25T03:00:00-05:00,6.97,12.857,11.607,,,,40188.03,19516,70,0.98,0,22009.64,24533.8,,11667.07,
2024-04-25T04:00:00-05:00,8.34,11.673,10.472,,,,40232.7,19530,70,1.05,0,21868.19,24341.8,,11634.57,
2024-04-25T05:00:00-05:00,11.09,16.372,15.408,,,,41472.59,20523,70,15.19,0,21889.58,24101.6,,12394.35,
2024-04-25T06:00:00-05:00,19.58,27.91,27.375,,,,43967.25,23429,70,14.86,6,21680.14,23818.8,,13890.37,
2024-04-25T07:00:00-05:00,18.12,21.795,20.8,,,,45066.32,24425,71,436.19,760.6,21232.78,23569.5,,14509.92,
2024-04-25T08:00:00-05:00,13.72,24.135,22.238,,,,46074.86,24037,72,2133.99,3384.6,20653.49,24035.9,,14392.49,
2024-04-25T09:00:00-05:00,12.2,35.152,33.47,,,,47746.56,23853,73,3734.47,5833.2,20728.76,25219.6,,13804.52,
2024-04-25T10:00:00-05:00,10.84,19.045,17.097,,,,49485.35,22903,75,5713.47,7515.5,21399.87,26179.1,,13486.72,
2024-04-25T11:00:00-05:00,13.93,17.793,14.892,,,,51325.12,22020,76,6721.18,8967.4,22408.4,26568.3,,12984.81,
2024-04-25T12:00:00-05:00,14.65,19.483,15.788,,,,53090.14,21827,77,7134.87,10167.8,22991.8,26859.8,,13007.92,
2024-04-25T13:00:00-05:00,16.55,26.258,18.135,,,,54772.72,22787,78,7313.19,11257.2,23225.62,27256.7,,13238.12,
2024-04-25T14:00:00-05:00,17.89,23.05,14.918,,,,55998.11,23083,80,7813.89,11413.4,23039.7,27520.4,,13345.48,
2024-04-25T15:00:00-05:00,24.16,45.155,31.628,,,,56723.58,24482,81,7474.5,10542.2,22873.16,27703.4,,14624.78,
2024-04-25T16:00:00-05:00,22.64,28.608,16.688,,,,57306.75,26223,81,5785.07,9876.2,23397.73,28193.5,,16515.83,
2024-04-25T17:00:00-05:00,24.59,28.148,14.99,,,,57241.52,27219,80,4312.82,8362.1,23917.39,28776.4,,17671.57,
2024-04-25T18:00:00-05:00,24.35,21.817,11.995,,,,56126.67,27075,79,3385.97,5829,24291.66,29537.6,,17535.74,
2024-04-25T19:00:00-05:00,31.51,21.57,17.115,,,,54805.48,27758,77,1278.01,2208.4,25332.59,29758.6,,18168.6,
2024-04-25T20:00:00-05:00,30.77,26.945,22.75,,,,54337.9,28867,76,108.82,67.7,25605.15,30067.1,,18833.03,
2024-04-25T21:00:00-05:00,21.97,19.747,16.803,,,,53015.84,27834,75,80.11,0,25858.88,30367.7,,18073.27,
2024-04-25T22:00:00-05:00,16.41,18.765,15.615,,,,50530.03,25498,74,47.9,0,25716.13,30551.5,,16116.94,
2024-04-25T23:00:00-05:00,16.99,26.443,22.365,,,,47645.57,22765,74,0.77,0,25546.81,30624,,13203.01,
2024-04-26T00:00:00-05:00,13.79,16.722,15.148,,,,44930.52,21156,73,0.8,0,25155.66,30186.7,,12318.29,
2024-04-26T01:00:00-05:00,11.12,14.113,13.745,,,,43026.95,19783,72,0.71,0,24780.96,28966.9,,11745.42,
2024-04-26T02:00:00-05:00,11.22,15.815,16.382,,,,41898.48,20112,72,0.65,0,23035.65,27262.4,,11979.4,
2024-04-26T03:00:00-05:00,12.31,17.802,18.39,,,,41147.89,20971,72,0.74,0,21563.59,25952.3,,12473.66,
2024-04-26T04:00:00-05:00,14.42,15.038,16.445,,,,40797.06,21878,71,0.75,0,20757.81,25171.2,,13674.83,
2024-04-26T05:00:00-05:00,18.52,20.092,20.14,,,,41761.13,23015,70,0.8,0,20787.89,24455,,14281.16,
2024-04-26T06:00:00-05:00,33.41,22.207,22.33,,,,43664.26,25346,71,1.23,3.7,21116.9,23648,,14966.76,
2024-04-26T07:00:00-05:00,24.66,19.788,19.703,,,,44310.64,25429,71,957.4,1052.1,21164.67,22850.9,,14866.7,
2024-04-26T08:00:00-05:00,17.81,17.653,17.008,,,,45044.26,23922,73,6074.55,6681.7,18900.85,21723.6,,14632.87,
2024-04-26T09:00:00-05:00,12.27,19.082,15.56,,,,47001.15,23821,75,9361.19,10814,17003.11,20941.9,,15018.15,
2024-04-26T10:00:00-05:00,14.15,19.062,15.263,,,,48852.07,24006,75,10138.14,11864.8,17744.82,21151.2,,15109.23,
2024-04-26T11:00:00-05:00,15.9,19.355,16.385,,,,50472.71,24590,76,10174.48,12860.9,17991.8,21733,,15487.01,
2024-04-26T12:00:00-05:00,18.7,19.943,17.192,,,,52061.76,24542,77,9712.79,13714.9,18868.91,22442.2,,15657.57,
2024-04-26T13:00:00-05:00,21.12,26.825,21.718,,,,53627.06,25027,78,9176.15,14779.6,19512.07,23139,,15921.96,
2024-04-26T14:00:00-05:00,22.46,18.69,11.21,,,,54639.28,23963,78,9905.86,15067.1,20208.37,23463,,15594.98,
2024-04-26T15:00:00-05:00,23.51,16.95,10.78,,,,55659.49,24036,79,10529.97,14445,19879.11,23627.6,,16195.53,
2024-04-26T16:00:00-05:00,23.87,15.42,8.793,,,,56493.9,25021,79,9642.1,13807.8,20340.96,23605,,17209.24,
2024-04-26T17:00:00-05:00,23.23,21.283,12.008,,,,56581.67,26749,80,8704.08,12811.1,19973.02,23421.3,,18557.85,
2024-04-26T18:00:00-05:00,27.54,19.165,12.113,,,,55242.86,28297,79,7984.98,10386.2,18760.32,22479.1,,19397.38,
2024-04-26T19:00:00-05:00,83.9,90.095,88.825,,,,53531.77,33177,78,3430.27,3362.5,17003.56,21500.8,,22704.46,
2024-04-26T20:00:00-05:00,83.1,336.09,341.843,,,,52940.61,35868,76,92.82,97.9,16148.05,20827.7,,24565.89,
2024-04-26T21:00:00-05:00,34.36,50.9,51.71,,,,51945.06,34235,74,0.12,0,17797.75,21489.9,,23774.02,
2024-04-26T22:00:00-05:00,22.69,17.298,17.35,,,,50134.53,30301,73,0.15,0,20324.06,22868.4,,20580.07,
2024-04-26T23:00:00-05:00,16.78,13.957,12.163,,,,47798.53,26357,72,0.2,0,22236.68,24717.8,,17422.2,
2024-04-27T00:00:00-05:00,14.05,12.662,11.377,,,,44979.19,22344,72,0.44,0,24199.65,26265.9,,14198.78,
2024-04-27T01:00:00-05:00,10.45,11.867,9.837,,,,43743.29,20049,72,0.45,0,24925.13,28238.8,,12114.28,
2024-04-27T02:00:00-05:00,8.39,9.45,7.723,,,,42786.03,18835,72,0.46,0,25078.72,29015,,10945.93,
2024-04-27T03:00:00-05:00,9.14,8.262,6.515,,,,42109.54,18205,72,0.52,0,24779.73,29343.1,,10374.51,
2024-04-27T04:00:00-05:00,8.79,7.825,6.287,,,,41846.61,18019,72,0.48,0,24805.32,29007,,10219.5,
2024-04-27T05:00:00-05:00,10.96,8.15,6.475,,,,41760.35,18169,72,0.5,0,24869.63,28079.1,,10431.47,
2024-04-27T06:00:00-05:00,16.51,10.988,9.22,,,,42289.82,19184,72,3.98,7.1,24669.24,26999.7,,11512.76,
2024-04-27T07:00:00-05:00,14.63,11.457,10.688,,,,42540.23,20450,73,728.67,1189.1,23419.82,26338.6,,12629.97,
2024-04-27T08:00:00-05:00,13.71,11.22,10.358,,,,44166.35,20398,74,4145.69,6827,21924.5,25503.8,,12765.67,
2024-04-27T09:00:00-05:00,13.17,13.895,10.83,,,,46211.94,20316,76,6965.82,11143.1,21488.84,24633.8,,12720.68,
2024-04-27T10:00:00-05:00,16.11,19.668,12.38,,,,48289.99,21811,77,7332.31,12617.1,21688.28,24052,,13835.3,
2024-04-27T11:00:00-05:00,18.77,16.01,8.81,,,,49973.92,21872,79,9427.6,13774,20973.25,23310.1,,13958.32,
2024-04-27T12:00:00-05:00,19.15,12.398,6.222,,,,51410.99,22354,80,10708.79,14792.2,20666.07,22993.6,,14506.68,
2024-04-27T13:00:00-05:00,19.69,14.213,7.63,,,,52502.74,22754,81,11500.52,15402.5,20660.39,23238.9,,14989.12,
2024-04-27T14:00:00-05:00,20.66,14.825,8.092,,,,53786.29,23496,81,10987.65,15349.5,21110.51,23505.4,,15697.07,
2024-04-27T15:00:00-05:00,21.53,14.345,6.992,,,,54914.82,23871,82,10720.58,14735.8,21452.78,23817.5,,16223.49,
2024-04-27T16:00:00-05:00,23.16,17.08,8.84,,,,55672.4,25492,82,9147.1,13532.3,21799.6,24224,,17820.73,
2024-04-27T17:00:00-05:00,22.46,20.133,11.372,,,,55522.78,27214,81,7021.45,12088.6,22169.85,24638.1,,19029.18,
2024-04-27T18:00:00-05:00,23.96,19.355,11.895,,,,54500.66,27795,80,4889.76,9214.8,22723.81,24815.2,,19203.24,
2024-04-27T19:00:00-05:00,41.59,20.76,17.322,,,,53014.73,28600,78,2118.73,2757.7,23834.96,24783.2,,19774.14,
2024-04-27T20:00:00-05:00,42.81,20.725,20.095,,,,51959.06,29358,77,47.21,91.3,25178.51,24920.2,,20271.78,
2024-04-27T21:00:00-05:00,25.9,17.823,15.843,,,,50597.38,28325,76,0.36,0,25359.5,25172.5,,19563.79,
2024-04-27T22:00:00-05:00,20.08,20.543,19.638,,,,48624.12,28493,75,0.59,0,23267.9,24567.5,,19741.82,
2024-04-27T23:00:00-05:00,19.03,39.26,39.45,,,,46222.62,30181,74,0.59,0,19073.97,23301,,20356.89,
2024-04-28T00:00:00-05:00,17.06,49.315,49.873,,,,44696.36,30593,74,0.63,0,16078.76,21192.6,,20713.99,
2024-04-28T01:00:00-05:00,16.29,54.858,56.155,,,,43169.27,32222,73,0.73,0,12683.61,19449.2,,21663.28,
2024-04-28T02:00:00-05:00,16.48,45.345,46.738,,,,42072.67,31821,72,0.74,0,11661.38,17608.2,,21136.8,
2024-04-28T03:00:00-05:00,16.34,20.27,20.948,,,,41216.02,29912,70,0.74,0,12452.11,15885.6,,20004.58,
2024-04-28T04:00:00-05:00,15.9,19.09,19.688,,,,40644.86,29368,69,0.73,0,11916.98,15354.7,,19947.97,
2024-04-28T05:00:00-05:00,17.07,13.91,14.24,,,,40367.11,27659,68,0.72,0,13311.71,15121.9,,18995.09,
2024-04-28T06:00:00-05:00,25.84,13.623,13.73,,,,40547.26,27237,67,2.71,6.4,13790.15,14847.7,,19113.61,
2024-04-28T07:00:00-05:00,21.05,13.26,13.31,,,,40823.53,27101,66,1088.82,1254.6,13369.41,14272.9,,19035.99,
2024-04-28T08:00:00-05:00,13.94,10.82,10.55,,,,42556.72,25591,66,6259.52,7504.5,11314.74,12600.3,,17725.95,
2024-04-28T09:00:00-05:00,13.14,12.065,11.87,,,,44927.16,26152,68,9127.42,11726.6,9164.03,10647.8,,18377.7,
2024-04-28T10:00:00-05:00,13.45,16.337,16.312,,,,46594.25,28203,70,10577.77,12315.8,7024.65,9053.6,,20307.95,
2024-04-28T11:00:00-05:00,16.02,16.703,16.69,,,,48032.38,29374,72,12453.16,12900.9,5369.56,7499.9,,21338.9,
2024-04-28T12:00:00-05:00,19.02,14.07,13.997,,,,49308.99,30254,73,13697.28,13397.9,4720.16,6546.5,,22257.48,
2024-04-28T13:00:00-05:00,19.73,19.967,19.872,,,,50417.5,32181,75,13226.77,13785.9,4753.65,6111.9,,23792.7,
2024-04-28T14:00:00-05:00,20.05,27.303,27.172,,,,51484.39,34199,76,12879.18,13781.9,4514.16,5845,,25082.87,
2024-04-28T15:00:00-05:00,27.04,22.898,22.79,,,,52342.75,36918,77,11741.86,13191.7,4206.23,5716.4,,26914.4,
2024-04-28T16:00:00-05:00,30.74,35.785,35.483,,,,52927.65,38021,78,11517.56,12361.4,4116.56,5366.5,,27792.77,
2024-04-28T17:00:00-05:00,36.72,46.102,45.33,,,,53137.91,39303,78,11125.99,11504.3,3689.78,5018,,28865.04,
2024-04-28T18:00:00-05:00,100.03,63.213,62.38,,,,52486.88,41713,78,9400.77,9518.6,3065.37,4748.9,,31004.74,
2024-04-28T19:00:00-05:00,597.53,912.372,912.108,,,,51620.32,44932,75,3835.34,3415.1,3372.28,4870,,32784.5,
2024-04-28T20:00:00-05:00,589.53,1259.205,1261.725,,,,51567.98,46550,73,116.12,115.9,4068.02,5694.6,,33959.63,
2024-04-28T21:00:00-05:00,219.26,237.895,238.445,,,,50702.89,45180,71,0.18,0,5040.51,6967.5,,33389.99,
2024-04-28T22:00:00-05:00,42.59,81.47,81.485,,,,48569.78,42721,70,0.3,0,6071.59,8535.9,,32404.72,
2024-04-28T23:00:00-05:00,20.88,38.463,38.463,,,,45822.08,40060,69,0.44,0,6640.88,9859.9,,30060.02,
2024-04-29T00:00:00-05:00,24.42,28.058,28.058,,,,44259.23,37427,69,0.48,0,7007.86,8783.8,,27680.82,
2024-04-29T01:00:00-05:00,18.71,22.97,22.97,,,,42648.64,36086,69,0.47,0,6780.26,8822.4,,26358.27,
2024-04-29T02:00:00-05:00,17.07,18.533,18.533,,,,41571.26,34950,68,0.46,0,6804.79,8535.5,,25829.13,
2024-04-29T03:00:00-05:00,16.74,20.323,20.312,,,,41271.03,34834,67,0.47,0,6577.03,7981.9,,25866.93,
2024-04-29T04:00:00-05:00,19.55,23.698,23.683,,,,41496.56,35648,66,0.45,0,5700.56,7640.2,,26447.96,
2024-04-29T05:00:00-05:00,23.59,34.615,34.973,,,,42910.28,37576,66,0.45,0,4752.7,7404.5,,28014.07,
2024-04-29T06:00:00-05:00,41.04,38.023,38.75,,,,45336.41,39949,66,2.49,14.1,4659.17,7384.2,,29659.18,
2024-04-29T07:00:00-05:00,32.71,28.405,28.935,,,,46274.45,39352,68,1590.51,1555.3,4749.26,7403.1,,29267.25,
2024-04-29T08:00:00-05:00,17.61,14.363,14.707,,,,47145.5,34913,70,7974.63,8278.4,4128.13,6262.9,,26562.96,
2024-04-29T09:00:00-05:00,14.56,14.185,14.717,,,,48817.54,33535,72,11397.78,12637.6,3697.91,4469.5,,26146.09,
2024-04-29T10:00:00-05:00,15.03,14.523,15.252,,,,50865.3,33440,75,12889.48,14482.7,4073.06,3939.2,,26111.46,
2024-04-29T11:00:00-05:00,16.59,14.88,14.9,,,,53090.05,32828,78,14599.03,15467.7,4595.23,4679,,25542.91,
2024-04-29T12:00:00-05:00,17.9,18.438,18.102,,,,55078.99,33512,81,16154.56,16548,4551.51,5237.5,,25772,
2024-04-29T13:00:00-05:00,22.71,32.095,30.073,,,,57074.14,35688,82,16371.67,17583.5,4396.92,5774.8,,27202.07,
2024-04-29T14:00:00-05:00,24.59,28.897,26.79,,,,58727.11,14749,84,34332.72,17836.5,4874.58,6605.8,,27794,
2024-04-29T15:00:00-05:00,28.74,36.017,31.947,,,,59697.39,37895,85,16977.42,17570.4,5706.16,7912.2,,28600.66,
2024-04-29T16:00:00-05:00,32.2,33.52,29.7,,,,60616.54,38754,85,16728.99,17186.4,7144.44,9228.5,,29508.27,
2024-04-29T17:00:00-05:00,33.4,16.435,15.007,,,,60831.05,37660,84,16711.39,16160.2,8859.49,10672.1,,28475.59,
2024-04-29T18:00:00-05:00,52.2,20.063,21.178,,,,59943.66,39085,82,12989.34,12661.6,10176.34,12436.8,,29790.7,
2024-04-29T19:00:00-05:00,217.6,110.505,119.595,,,,58303.37,44160,79,4242.36,3643.4,11063.47,14548.8,,32762.04,
2024-04-29T20:00:00-05:00,128.17,64.485,65.872,,,,57467.53,44222,76,127.97,115.7,13075.38,17152.2,,32873.02,
2024-04-29T21:00:00-05:00,26.07,21.03,20.36,,,,56098.33,40367,73,0.07,0,15960.68,19970.8,,30084.5,
2024-04-29T22:00:00-05:00,16.46,13.273,12.835,,,,52877.45,34180,72,0.28,0,19075.6,22366.4,,24731.19,
2024-04-29T23:00:00-05:00,12.14,7.415,6.985,,,,49393.21,27783,71,0.69,0,21371.82,23618,,18907.19,
2024-04-30T00:00:00-05:00,11.34,4.94,4.588,,,,44907.14,23300,69,0.75,0,22661.84,22085.7,,14741.95,
2024-04-30T01:00:00-05:00,8.78,1.715,1.5,,,,42786.96,21815,68,0.74,0,22103.54,22389.1,,13456.13,
2024-04-30T02:00:00-05:00,7.07,1.025,0.373,,,,41271.99,21441,68,0.75,0,21005.68,22136.7,,13219.52,
2024-04-30T03:00:00-05:00,6.45,0.813,-0.692,,,,40511.1,21611,68,0.74,0,19909.72,21823.8,,13331.61,
2024-04-30T04:00:00-05:00,7.4,1.465,-0.268,,,,40648.48,21782,68,0.58,0,19660.3,21372.2,,13475.84,
2024-04-30T05:00:00-05:00,9.7,5.86,3.723,,,,42197.37,22909,68,0.68,0,19803.92,20809.7,,14965.58,
2024-04-30T06:00:00-05:00,15.05,10.59,7.633,,,,44969.99,25710,68,9.7,20.5,19681.39,20403.3,,17559.27,
2024-04-30T07:00:00-05:00,14.63,8.642,6.978,,,,46168.92,25990,70,1300.92,1974,19217.93,19987.5,,17679.48,
2024-04-30T08:00:00-05:00,13.22,7.735,5.882,,,,47085.26,24848,72,5757.57,9398.2,17045.53,18928.3,,16786.52,
2024-04-30T09:00:00-05:00,12.51,7.695,5.437,,,,48938.89,23692,75,7889.52,13724,17752.73,18550,,15868.36,
2024-04-30T10:00:00-05:00,13.89,8.658,5.692,,,,51092.72,23860,77,9262.22,15145.2,18412.37,18808.6,,16088.83,
2024-04-30T11:00:00-05:00,18.17,10.783,6.268,,,,53508.21,24435,79,11138.73,16077.2,17878.91,18688.2,,16865.98,
2024-04-30T12:00:00-05:00,20.77,13.327,5.793,,,,56064.6,25596,81,12706.68,17054.9,17245.32,18513.2,,18102.26,
2024-04-30T13:00:00-05:00,22.92,15.877,7.275,,,,58698.43,27967,84,13128.53,17318.8,16870.19,18291,,20407.75,
2024-04-30T14:00:00-05:00,26.17,15.428,7.415,,,,60839.54,29402,85,13290.41,17587.7,17339.21,17939.6,,21733.29,
2024-04-30T15:00:00-05:00,29.27,17.418,8.48,,,,62243.83,30082,85,14251.32,17193.3,17796.62,17890.9,,21951.9,
2024-04-30T16:00:00-05:00,32.84,19.258,10.415,,,,63072.03,31923,85,13804.35,15958.3,18038.66,18388,,23138.94,
2024-04-30T17:00:00-05:00,36.62,20.062,11.37,,,,62726.62,32882,84,11989.95,14609.7,19221.95,18990.9,,23409.68,
2024-04-30T18:00:00-05:00,37.87,19.59,12.167,,,,60950.67,34526,83,7794.47,10964.6,20494.17,19359.6,,24647.61,
2024-04-30T19:00:00-05:00,137.56,18.602,14.173,,,,58832.24,37007,81,2351.54,2965.7,21576.82,19888.4,,26446.32,
2024-04-30T20:00:00-05:00,97.48,16.53,16.38,,,,57889.84,37394,78,88.5,102.5,22541.88,21243.5,,27329.11,
2024-04-30T21:00:00-05:00,24.85,15.71,14.06,,,,55877.86,35265,77,0.25,0,23089.6,22786.6,,25721.07,
2024-04-30T22:00:00-05:00,19.34,13.46,8.415,,,,52729.16,30845,76,0.35,0,24102.29,23614.5,,21951.38,
2024-04-30T23:00:00-05:00,15.87,11.732,7.497,,,,49392.3,27464,75,1.65,0,23499.44,24237.6,,19103.33,
2024-05-01T00:00:00-05:00,11.78,11.745,6.775,,,,46374.9,24896,74,0.81,0,22802.01,23080.1,,16804.19,
2024-05-01T01:00:00-05:00,10.03,11.428,5.905,,,,44247.78,23640,73,4.72,0,21986.22,22470.7,,15735.95,
2024-05-01T02:00:00-05:00,9.48,8.588,6.997,,,,42859.33,23066,73,0.62,0,21037.9,21808,,15316.71,
2024-05-01T03:00:00-05:00,9.13,8.893,8.837,,,,42417.43,23130,71,0.31,0,19808.68,21182.1,,15442.36,
2024-05-01T04:00:00-05:00,9.92,7.37,7.033,,,,42418.15,22474,71,0.64,0,20418.42,20490.7,,14793.75,
2024-05-01T05:00:00-05:00,12.68,9.147,8.635,,,,43711.85,23901,70,0.64,0,20176.38,19730.9,,16298.12,
2024-05-01T06:00:00-05:00,17.26,11.95,11.848,,,,45534.46,26934,70,7.97,15.5,19470.82,19059.2,,18924.78,
2024-05-01T07:00:00-05:00,15.51,13.382,13.375,,,,46322.19,28092,72,1013.76,1233.5,18323.9,18696.2,,19860.55,
2024-05-01T08:00:00-05:00,12.3,11.87,10.36,,,,47270.88,26525,73,4673.85,5178.7,17231.22,19038.4,,18366.38,
2024-05-01T09:00:00-05:00,13.33,11.24,6.022,,,,49083.95,24603,75,6904.2,7924.2,18507.3,19826.2,,16504.54,
2024-05-01T10:00:00-05:00,14.09,14.592,6.065,,,,50946.8,24620,77,7964.16,9980.1,19169.3,20099,,16702.72,
2024-05-01T11:00:00-05:00,15.38,16.73,7.377,,,,52621.91,24997,78,9438.27,11553.1,19189.35,19646.9,,17024.57,
2024-05-01T12:00:00-05:00,16.6,17.923,7.845,,,,54463.83,25587,79,10561.83,12973.1,19088.31,19942,,17382.88,
2024-05-01T13:00:00-05:00,17.23,17.778,8.695,,,,56520.69,26629,81,10385.32,14027.5,19642.13,21105.6,,18322.93,
2024-05-01T14:00:00-05:00,18.21,15.145,9.148,,,,58158.87,27354,82,9506.98,14238.4,20488.06,22298.1,,19146.58,
2024-05-01T15:00:00-05:00,19.55,17.88,8.92,,,,59242.67,27933,82,8487.92,13562.9,21533.83,23257,,19832.39,
2024-05-01T16:00:00-05:00,22.21,16.4,8.9,,,,59915.11,28673,81,7116.21,11473.6,22896.91,24150.6,,20668.66,
2024-05-01T17:00:00-05:00,20.99,19.947,10.243,,,,60030.11,29913,81,5138.53,9706,23706.77,24593.9,,21842.25,
2024-05-01T18:00:00-05:00,21.11,21.882,11.675,,,,59149.01,31349,78,2905.89,6855.8,23907.22,24670,,22533.58,
2024-05-01T19:00:00-05:00,34.26,20.757,11.955,,,,57297.85,32251,76,1176.89,2265.2,23535.84,24430.9,,22756.69,
2024-05-01T20:00:00-05:00,39.26,25.445,23.948,,,,56322.22,35143,75,97.37,96.8,21264.26,24015.5,,25135.48,
2024-05-01T21:00:00-05:00,28.25,22.787,22.92,,,,55991.19,35081,74,0.31,0,19990.1,23756.9,,24943.15,
2024-05-01T22:00:00-05:00,23.92,21.818,21.727,,,,53235.63,34426,73,0.47,0,17953.41,23485.5,,24172.36,
2024-05-01T23:00:00-05:00,16.39,13.68,13.687,,,,49590.94,30768,73,0.48,0,18447.7,23174,,22002.42,
2024-05-02T00:00:00-05:00,15.74,11.747,11.84,,,,46622.46,28238,72,0.5,0,18240.18,20610.7,,20314.02,
2024-05-02T01:00:00-05:00,15.42,13.825,13.955,,,,44715.22,28060,72,0.53,0,16533.01,19689.6,,20261.64,
2024-05-02T02:00:00-05:00,14.67,16.712,17.007,,,,43446.88,29032,71,0.6,0,14277.45,19031.8,,21003.16,
2024-05-02T03:00:00-05:00,12.78,14.272,14.55,,,,42979.23,28467,70,0.6,0,14235.48,18674,,20638.07,
2024-05-02T04:00:00-05:00,13.16,17.36,17.37,,,,42973.11,29365,70,0.63,0,13501.37,17851.8,,21456.05,
2024-05-02T05:00:00-05:00,16.44,20.92,20.91,,,,44096.03,31689,70,0.63,0,12745.86,16866.2,,22640.45,
2024-05-02T06:00:00-05:00,26.46,29.613,29.468,,,,46568.22,33260,70,1.38,9.9,13565.44,15967.1,,23128.19,
2024-05-02T07:00:00-05:00,22.01,35.38,34.68,,,,47731.9,34213,70,526.23,976.1,13161.23,15364.9,,23543.48,
2024-05-02T08:00:00-05:00,15.7,23.127,20.282,,,,48790.07,32567,71,3801.43,5434.6,12456.44,15681.5,,22862.32,
2024-05-02T09:00:00-05:00,15.24,10.945,10.647,,,,50222.6,29133,73,8302.93,8867.7,12817.82,16326.2,,21042.78,
2024-05-02T10:00:00-05:00,16.72,10.307,10.237,,,,52089.13,28662,75,11496.13,10868.9,11047.3,15384.7,,20936.73,
2024-05-02T11:00:00-05:00,16.79,12.82,12.795,,,,53437.13,30577,75,12409.58,12033,8318.99,13060.5,,22906.67,
2024-05-02T12:00:00-05:00,20.24,17.948,17.948,,,,54734.06,33464,76,12327.53,13099.6,6137.29,11110.9,,25240.86,
2024-05-02T13:00:00-05:00,24.75,17.27,17.27,,,,56501.69,34042,77,13606.83,14107.7,5224.87,9357.8,,25401.13,
2024-05-02T14:00:00-05:00,23.77,16.75,16.655,,,,57627.3,34338,78,14101.65,14337.3,5099.23,7693.6,,26172.36,
2024-05-02T15:00:00-05:00,29.72,18.255,18.182,,,,58859.32,35633,79,13805.9,13865.7,4995.65,6704.6,,26921.01,
2024-05-02T16:00:00-05:00,44.5,19.227,19.153,,,,59773.32,35593,79,14185.66,13129.6,6205.5,6289,,26873.77,
2024-05-02T17:00:00-05:00,59.03,21.532,21.41,,,,60007.92,36680,79,12136.91,12074.8,7857.91,6649.8,,27244.96,
2024-05-02T18:00:00-05:00,75.43,25.395,25.325,,,,59346.45,37749,79,8624.79,9725,10065.65,7483.1,,27969,
2024-05-02T19:00:00-05:00,498.68,46.69,46.69,,,,58201.34,41458,77,3037.17,3111,11091.92,9144.1,,30423.82,
2024-05-02T20:00:00-05:00,384.08,57.262,58.08,,,,57361.69,43047,76,131.33,135.4,11897.68,11606.6,,31059.68,
2024-05-02T21:00:00-05:00,79.84,36.463,40.163,,,,56727.81,41241,75,0.22,0,12842.49,14159.7,,30123.52,
2024-05-02T22:00:00-05:00,31.58,20.025,23.105,,,,53954.84,38374,74,0.46,0,13410.28,15536.2,,27424.42,
2024-05-02T23:00:00-05:00,20.29,15.602,16.69,,,,50537.52,35218,73,0.48,0,13572.81,15711.3,,25467.78,
2024-05-03T00:00:00-05:00,17.95,16.533,17.178,,,,46952.37,34171,72,0.48,0,12307.11,15945.5,,25427.76,
2024-05-03T01:00:00-05:00,16.37,15.427,15.76,,,,44910.9,33126,72,0.49,0,11451.95,14828.3,,24726.94,
2024-05-03T02:00:00-05:00,16.4,17.735,17.568,,,,43410.88,33909,71,0.51,0,9448.71,12935.6,,25214,
2024-05-03T03:00:00-05:00,18.46,17.517,17.502,,,,42673.7,34433,70,0.59,0,8104.79,10886.5,,25492.11,
2024-05-03T04:00:00-05:00,26.48,19.71,20.23,,,,42746.14,35186,69,0.59,0,7100.73,8947.4,,26108.8,
2024-05-03T05:00:00-05:00,36.85,32.938,33.445,,,,43917.29,38070,69,0.6,0,5045.81,7326.8,,27713.23,
2024-05-03T06:00:00-05:00,78.21,64.128,64.248,,,,46487.3,40810,69,6.99,15.6,4165.53,6530.9,,29240.82,
2024-05-03T07:00:00-05:00,64.56,47.117,47.332,,,,47789.31,40867,70,904.47,1068.7,4313.18,6100.3,,29537.01,
2024-05-03T08:00:00-05:00,55.13,25.088,25.088,,,,49425.48,38652,72,4779.96,4980,3962.4,5793.2,,27976.43,
2024-05-03T09:00:00-05:00,35.58,18.492,18.257,,,,50802.87,36861,73,7942.88,8211.9,4110.55,5539.7,,26776.04,
2024-05-03T10:00:00-05:00,34.54,19.363,19.06,,,,52668.03,37187,75,9311.45,10175,4154.18,5406,,27178.17,
2024-05-03T11:00:00-05:00,24.89,18.17,17.945,,,,53953.85,36930,77,11097.81,11414.8,4415.84,5529.2,,27221.45,
2024-05-03T12:00:00-05:00,22.15,15.3,15.12,,,,55110.47,35340,78,12633.01,12775.6,5880.74,6039.8,,26342.85,
2024-05-03T13:00:00-05:00,22.34,13.972,13.94,,,,56480.06,33494,79,13639.93,13784.1,8295.19,6714.8,,25108.28,
2024-05-03T14:00:00-05:00,19.63,11.355,9.863,,,,57436.05,30894,79,13637.3,14158.7,11986.72,7706.1,,22685.94,
2024-05-03T15:00:00-05:00,18.37,11.862,6.46,,,,58305.08,28524,80,11325.88,13548.8,16386.86,9333.6,,20110.12,
2024-05-03T16:00:00-05:00,21.82,11.087,6.675,,,,59121.17,28421,80,9628.82,12768.7,18908.65,10920,,20138.33,
2024-05-03T17:00:00-05:00,20.09,10.537,6.955,,,,59072.91,28394,79,7678.2,11284.5,21569.54,12535.6,,20124.28,
2024-05-03T18:00:00-05:00,26.84,10.425,7.927,,,,58467.31,28654,78,5038.51,8335.7,22866.69,13873,,20295.36,
2024-05-03T19:00:00-05:00,70.97,10.912,9.34,,,,56462.54,29562,76,1663.2,2654.2,23529.76,14259.3,,20926.66,
2024-05-03T20:00:00-05:00,88.96,10.607,9.805,,,,54671.58,30009,74,106.99,108.9,24202.02,14727.7,,21529.02,
2024-05-03T21:00:00-05:00,47.07,10.328,7.94,,,,54367.83,29066,73,0.52,0,23935.37,15176.8,,21006.48,
2024-05-03T22:00:00-05:00,27.98,9.875,6.933,,,,52307.88,27588,72,0.71,0,23196.58,15466.2,,19561.18,
2024-05-03T23:00:00-05:00,19.78,9.03,5.862,,,,49628.76,24912,71,0.58,0,23285.72,15681.6,,16963,
2024-05-04T00:00:00-05:00,13.63,6.145,4.588,,,,46648.23,22175,71,0.63,0,23655.25,20336.1,,14484.92,
2024-05-04T01:00:00-05:00,10.44,2.947,2.003,,,,44836.78,21113,71,0.44,0,22849.93,19328.9,,13605.28,
2024-05-04T02:00:00-05:00,10.17,4.365,3.768,,,,43451.02,20796,69,0.38,0,21414.54,18432.6,,13651.24,
2024-05-04T03:00:00-05:00,10.61,6.403,5.77,,,,42409.22,21787,69,0.36,0,19465.62,17802.3,,14564.31,
2024-05-04T04:00:00-05:00,11,6.762,6.55,,,,42040.43,22686,69,0.36,0,18080.32,16872.1,,15427.22,
2024-05-04T05:00:00-05:00,12.77,8.115,8.107,,,,42329.6,24010,69,0.37,0,16833.86,15736.4,,16590.05,
2024-05-04T06:00:00-05:00,13.59,11.08,11.072,,,,43289.11,26949,69,14.17,20.5,14771.35,14995.7,,19066.11,
2024-05-04T07:00:00-05:00,13.94,12.105,12.1,,,,44282.22,27972,70,1106.34,1221.3,13455.74,14506.3,,19986.83,
2024-05-04T08:00:00-05:00,11.5,10.945,10.945,,,,46114.11,27338,72,4570.8,4889.3,12548.19,14292.2,,19417.94,
2024-05-04T09:00:00-05:00,10.43,11.585,11.578,,,,47789.54,28076,73,7195.92,7635.4,11562.76,14305.3,,20086.91,
2024-05-04T10:00:00-05:00,10.73,9.29,9.29,,,,49667.35,26549,75,9750.67,9549.8,12688.54,13676.9,,18490.55,
2024-05-04T11:00:00-05:00,11.95,10.928,10.928,,,,51394.62,27087,76,11137.1,10835.7,12597.56,12845.4,,19305.31,
2024-05-04T12:00:00-05:00,12.73,10.615,10.4,,,,53176.86,27531,77,11777.62,11885,13060.56,12598.9,,19669.11,
2024-05-04T13:00:00-05:00,14.78,10.95,10.753,,,,54738.8,27664,78,12130.12,12642,14204.62,12937.4,,19872.82,
2024-05-04T14:00:00-05:00,14.91,13.72,13.515,,,,55829.1,29161,78,10920.57,12663,14976.33,13740.1,,21401.65,
2024-05-04T15:00:00-05:00,15.8,17.75,17.615,,,,56525.53,31308,79,8785.35,11873.7,15624.8,15037.6,,23228.18,
2024-05-04T16:00:00-05:00,19.87,16.105,16.068,,,,56949.2,31886,78,7059.12,9800.9,16769.65,16136.2,,23748.78,
2024-05-04T17:00:00-05:00,23.86,21.318,21.238,,,,56916.73,33364,78,5398.9,8136.9,16372.21,16923,,25080.62,
2024-05-04T18:00:00-05:00,27.41,20.672,20.205,,,,56225.24,34359,77,3015.73,5596.4,16568.33,17324.3,,25657.39,
2024-05-04T19:00:00-05:00,50.94,34.665,34.665,,,,54516.75,35831,76,868.97,1767.6,15729.3,16983.6,,26209.87,
2024-05-04T20:00:00-05:00,59.95,30.982,30.982,,,,53646.53,37371,75,44.25,82.4,14706.91,16850.4,,27062.86,
2024-05-04T21:00:00-05:00,41.51,24.602,24.602,,,,53095.56,36821,74,0.03,0,14553.26,17108,,26649.58,
2024-05-04T22:00:00-05:00,31.55,17.507,17.507,,,,51538.58,35189,72,0.3,0,14610.65,17158.3,,25919.48,
2024-05-04T23:00:00-05:00,20.38,14.553,14.553,,,,49246.1,32030,72,0.39,0,15434.25,16816.6,,23820.09,
2024-05-05T00:00:00-05:00,17.09,14.362,14.393,,,,45686.13,29755,70,0.4,0,15613.53,15177.3,,22006.12,
2024-05-05T01:00:00-05:00,16.47,16.262,16.297,,,,43733.96,31044,70,0.39,0,12671.46,14429.9,,23201.95,
2024-05-05T02:00:00-05:00,16.41,17.84,18.232,,,,42259.42,31540,68,0.39,0,10655.35,13058.1,,23341.32,
2024-05-05T03:00:00-05:00,17.54,28.197,28.76,,,,41135.26,33305,67,0.41,0,7670.8,11076.2,,23786.69,
2024-05-05T04:00:00-05:00,19.88,40.795,41.212,,,,40372.09,35139,67,0.42,0,4998.63,8781.4,,24739.77,
2024-05-05T05:00:00-05:00,21.41,30.73,37.43,,,,40275.59,35739,66,0.42,0,4271.85,7235.9,,25092.57,
2024-05-05T06:00:00-05:00,24.72,38.53,52.058,,,,40590.7,36118,66,1.73,14.9,3499.7,6325.5,,25141.16,
2024-05-05T07:00:00-05:00,22.97,35.423,47.42,,,,41120.45,35255,67,749.26,856.6,3917.11,6079.1,,24861.69,
2024-05-05T08:00:00-05:00,17.45,27.492,32.793,,,,42695.43,34226,68,3703.2,3225.1,4048.6,6304.7,,24304.79,
2024-05-05T09:00:00-05:00,18.8,30.595,41.36,,,,44375.81,34025,70,5445.73,5128.4,4318.12,6278.7,,24286.78,
2024-05-05T10:00:00-05:00,18.54,34.62,44.253,,,,46038.38,33880,72,6707.89,6583.7,4582.47,5694.5,,24131.58,
2024-05-05T11:00:00-05:00,17.49,24.842,25.93,,,,47697.14,34299,74,8314.7,8082.2,5110.36,5092.8,,24558.29,
2024-05-05T12:00:00-05:00,17.01,32.355,33.94,,,,49582.08,34538,75,9798.2,9226.6,5559.25,4814.9,,24907.94,
2024-05-05T13:00:00-05:00,17.98,20.645,21.582,,,,51273.13,34364,77,11074.78,10020.8,5560.7,4780.8,,25023.42,
2024-05-05T14:00:00-05:00,17.16,23.03,24.55,,,,52700.61,34915,79,10730.08,10472.8,5726,5015.7,,25492.15,
2024-05-05T15:00:00-05:00,20.58,20.815,21.023,,,,53608.06,35339,79,10635.5,9828.5,6161.95,5399.6,,25685.36,
2024-05-05T16:00:00-05:00,22.36,19.927,20.608,,,,54167.18,35585,79,10384.04,9934.1,7130.68,5917.3,,26323.7,
2024-05-05T17:00:00-05:00,27.01,17.847,18.375,,,,54360,35400,79,8495.55,8633.3,9726.98,6750,,26119.8,
2024-05-05T18:00:00-05:00,36.55,14.795,14.91,,,,54254.98,34306,78,6567.24,6520.4,12615.3,7996.4,,24993.91,
2024-05-05T19:00:00-05:00,57.14,18.155,18.175,,,,52764.39,35319,76,2667.23,2578.6,14999.86,9816,,25711.78,
2024-05-05T20:00:00-05:00,58.83,18.575,18.48,,,,51971.57,36067,75,96.85,120.8,16879.91,11635.4,,26062.88,
2024-05-05T21:00:00-05:00,25.87,13.163,13.163,,,,51416.34,32443,75,0.4,0,20254.23,13502,,23529.05,
2024-05-05T22:00:00-05:00,15.81,9.983,9.15,,,,49453.14,27873,74,0.62,0,22753.25,15084.1,,19748.96,
2024-05-05T23:00:00-05:00,12.48,7.667,6.76,,,,46835.47,24040,73,0.62,0,23556.53,16450.3,,16058.54,
2024-05-06T00:00:00-05:00,9.74,10.088,9.2,,,,43796.32,22297,73,0.46,0,22686.11,19202.8,,14548.11,
2024-05-06T01:00:00-05:00,8.55,7.965,6.96,,,,42197.28,21383,73,0.5,0,21904.09,19786.5,,13702.14,
2024-05-06T02:00:00-05:00,7.49,6.237,4.393,,,,41353.13,20368,72,0.56,0,21953.45,20162.2,,12815.4,
2024-05-06T03:00:00-05:00,6.58,7.642,5.475,,,,41069,20511,72,0.58,0,21419.28,20395.4,,13224.15,
2024-05-06T04:00:00-05:00,7.26,8.98,7.195,,,,41223.85,21028,72,0.67,0,21356.9,20399,,13696.82,
2024-05-06T05:00:00-05:00,10.22,10.67,9.297,,,,42390.87,22519,72,0.61,0,21655.87,20228.4,,14886.99,
2024-05-06T06:00:00-05:00,13.52,12.765,11.793,,,,44650,25077,72,14.19,21,21900.72,19778.3,,17135.38,
2024-05-06T07:00:00-05:00,15.88,13.55,13.55,,,,45872.69,26512,73,1078.98,1116.1,20782.01,18940.9,,18054.99,
2024-05-06T08:00:00-05:00,10.26,11.81,10.41,,,,47144.97,25198,74,5075.77,5016.7,19321.73,19073.5,,16634.06,
2024-05-06T09:00:00-05:00,9.96,10.973,9.505,,,,48692.15,24633,76,7132.54,8089.2,19763.71,20185.7,,16128.14,
2024-05-06T10:00:00-05:00,11.62,12.303,9.495,,,,50713.89,25029,78,8005.5,10738.6,20395.29,20836.4,,16491.84,
2024-05-06T11:00:00-05:00,14.46,16.427,9.467,,,,52651,25939,80,9219.08,12176.7,20248.98,20699.6,,17621.68,
2024-05-06T12:00:00-05:00,16.95,17.105,9.883,,,,55256.09,27174,82,10137.91,13435.4,19802.84,20803.4,,18930.75,
2024-05-06T13:00:00-05:00,18.75,18.77,10.08,,,,57780.57,28041,83,11187.65,14701.1,19893.05,21139.6,,19593.92,
2024-05-06T14:00:00-05:00,18.43,20.483,11.893,,,,59925.29,29289,85,11526.42,14932.2,20057.38,21376.4,,20408.88,
2024-05-06T15:00:00-05:00,20.69,17.915,9.777,,,,61393.75,30369,84,11490.02,14270.8,19959.81,21407.7,,21331.66,
2024-05-06T16:00:00-05:00,25.2,18.833,10.037,,,,62966.28,32059,84,10627.72,13510.5,20187.92,21734.1,,23012.44,
2024-05-06T17:00:00-05:00,29.77,23.205,12.543,,,,63363.93,33525,84,9040.82,12367,20103.05,21867.8,,24275.23,
2024-05-06T18:00:00-05:00,31.89,20.69,11.43,,,,62498.75,34108,83,6697.45,10290.3,20931.78,21562.7,,24797.89,
2024-05-06T19:00:00-05:00,50.72,29.005,18.518,,,,60502.59,36020,81,2858.63,4064.8,21712.95,21340.6,,25404.33,
2024-05-06T20:00:00-05:00,68.27,32.328,31.055,,,,59124.86,38251,79,121.32,188.7,21564.74,21354.9,,26895.89,
2024-05-06T21:00:00-05:00,36.72,21.24,20.357,,,,57887,37373,77,0.04,0,21162.77,21397.6,,26466.77,
2024-05-06T22:00:00-05:00,29.54,15.45,15.787,,,,54634.46,34604,76,0.21,0,20431.48,21196.6,,24918.99,
2024-05-06T23:00:00-05:00,16.55,13.095,11.912,,,,50611.61,31135,75,0.29,0,20446.84,20910.1,,22986,
2024-05-07T00:00:00-05:00,13.06,12.128,10.072,,,,47578.18,28506,74,0.37,0,20336.54,21109.1,,20853.45,
2024-05-07T01:00:00-05:00,11.57,10.357,9.24,,,,45369.38,27221,74,0.25,0,19453.96,20506.2,,19695.47,
2024-05-07T02:00:00-05:00,10.9,9.7,9.837,,,,43702.16,27096,73,0.2,0,18268.12,19551,,19682.79,
2024-05-07T03:00:00-05:00,11.59,11.305,11.487,,,,42801.53,28281,73,0.2,0,16264.58,18243.4,,20902.49,
2024-05-07T04:00:00-05:00,14.82,14.975,14.947,,,,42837.94,30601,73,0.2,0,13912.16,16343.5,,22830.19,
2024-05-07T05:00:00-05:00,21.71,30.458,30.363,,,,44176.44,34739,72,0.21,0,11160.9,14052.5,,25454.71,
2024-05-07T06:00:00-05:00,34.58,76.132,75.075,,,,46655.45,39645,71,20.18,22.4,8363.09,11458.5,,28368.08,
2024-05-07T07:00:00-05:00,32.52,60.947,60.002,,,,47916.52,40320,73,2364.84,1544.9,6366.48,8780.2,,28931.24,
2024-05-07T08:00:00-05:00,21.8,21.86,21.74,,,,49381.94,37289,76,9435.53,7575.3,4957.89,6148.6,,26885.46,
2024-05-07T09:00:00-05:00,19.84,25.015,25.367,,,,51746.88,37456,79,12770.03,11631.8,3375.66,4209.5,,26895.46,
2024-05-07T10:00:00-05:00,21.96,49.11,51.422,,,,54651.22,38305,81,14111.67,14034.2,2676.11,3236.1,,27388.66,
2024-05-07T11:00:00-05:00,26.27,60.1,62.87,,,,57527.09,39442,82,15429.49,15546.1,1990.56,2902.2,,28276.06,
2024-05-07T12:00:00-05:00,30.99,56.458,58.04,,,,60464.65,40315,84,16617.17,16823.2,2438.13,3108.8,,29246.85,
2024-05-07T13:00:00-05:00,40.78,61.275,58.302,,,,63338.34,40666,86,16825.88,17832.4,4401.2,4265.6,,30158.73,
2024-05-07T14:00:00-05:00,40.18,47.658,43.565,,,,65415.51,41307,87,16064.46,18121.1,7383.01,6181.2,,30700.46,
2024-05-07T15:00:00-05:00,44.44,61.2,47.248,,,,66944.13,42144,88,14951.44,17635,10091.01,9099.4,,31315.78,
2024-05-07T16:00:00-05:00,45.4,54.635,35.01,,,,67905,42672,88,14449.05,17365.4,11838.3,11748.8,,32147.76,
2024-05-07T17:00:00-05:00,48.96,46.535,29.315,,,,67675.76,43006,88,12489.71,16346.4,13219.15,13964.2,,32261.44,
2024-05-07T18:00:00-05:00,44.17,38.775,28.702,,,,65652.97,43882,86,9472.51,13015.9,14155.06,15269.7,,32581.92,
2024-05-07T19:00:00-05:00,123.72,54.113,49.573,,,,63137.55,46013,84,3886.1,4426.7,15302.54,16260.2,,34093.47,
2024-05-07T20:00:00-05:00,79.32,37.035,36.375,,,,61519,45433,82,181.19,200.8,18062.02,18696.2,,33412.88,
2024-05-07T21:00:00-05:00,23.06,20.087,15.203,,,,59721.01,40447,80,0.27,0,21624.02,21370.3,,29227.44,
2024-05-07T22:00:00-05:00,16.23,17.85,13.455,,,,56179.13,36208,79,97.35,0,22517.36,23035.7,,26188.56,
2024-05-07T23:00:00-05:00,16.29,17.972,12.96,,,,52497.35,32619,78,125.79,0,22442.58,23581.8,,23287.13,
2024-05-08T00:00:00-05:00,12.74,16.31,9.97,,,,50414.98,29778,77,57.12,0,21441.95,24726.2,,21307.14,
2024-05-08T01:00:00-05:00,10.97,15.842,9.04,,,,47977.33,28503,77,0.52,0,21319.79,24485.7,,20202.59,
2024-05-08T02:00:00-05:00,9.21,13.05,7.54,,,,46192.86,27258,76,0.51,0,21338.54,23955.8,,19052.46,
2024-05-08T03:00:00-05:00,8.19,10.68,7.458,,,,45191.91,26240,76,0.5,0,21610.33,23457.6,,18064.15,
2024-05-08T04:00:00-05:00,9.12,10.155,10.333,,,,45158.58,27009,75,0.37,0,20848.1,22696.6,,18888.02,
2024-05-08T05:00:00-05:00,12.15,13.658,13.865,,,,46401.67,29333,74,0.21,0,19607.11,21674.6,,21052.19,
2024-05-08T06:00:00-05:00,15,18.475,18.585,,,,48598.76,32460,74,10.88,31.6,18746.63,20528,,23175.66,
2024-05-08T07:00:00-05:00,14.97,17.53,17.547,,,,49764.39,32954,75,1803.97,1864.7,17745.08,19261.6,,23329.56,
2024-05-08T08:00:00-05:00,12.18,17.475,17.475,,,,51314.86,32441,77,7741.32,8500.6,13875.09,17443.3,,23180.36,
2024-05-08T09:00:00-05:00,13.21,14.962,14.887,,,,53762.8,31844,79,11063.48,12823.9,12486.57,15657.7,,23057.83,
2024-05-08T10:00:00-05:00,15.99,16.693,15.203,,,,56655.88,32682,81,12556.64,14811.7,12418.53,14022.6,,23891.81,
2024-05-08T11:00:00-05:00,18.6,28.385,27.857,,,,59674.87,36653,83,13916.84,16147.5,9239.4,11397.7,,26535.71,
2024-05-08T12:00:00-05:00,25.4,28.322,28.095,,,,62701.51,39889,85,15755.13,17220.6,6600.31,8883.6,,28441.27,
2024-05-08T13:00:00-05:00,38.23,56.94,57.625,,,,65684.94,42637,87,16042.67,17540,5582.7,7204.8,,31226.43,
2024-05-08T14:00:00-05:00,48.57,58.212,61.693,,,,67867.03,45587,88,15926.92,17515.4,5029.66,6547.3,,34030.34,
2024-05-08T15:00:00-05:00,80.58,104.507,108.26,,,,69406.34,47527,88,15816.82,16854.6,4927.85,6530.4,,35685.29,
2024-05-08T16:00:00-05:00,242.04,258.46,260.027,,,,70427.24,49312,88,14540.19,16346.5,5013.69,6549.1,,37277.81,
2024-05-08T17:00:00-05:00,705.53,975.567,983.085,,,,70329.5,50269,88,12776.33,15069.7,5488.03,6664,,38065.21,
2024-05-08T18:00:00-05:00,899.49,1007.48,1008.683,,,,68593.79,50866,87,10041.21,12148.2,5957.01,6779.4,,38371.1,
2024-05-08T19:00:00-05:00,2215.15,2461.295,2450.955,,,,66207.81,53621,84,4121.74,4429.1,6384.99,7580.3,,39545.69,
2024-05-08T20:00:00-05:00,1897.93,3049.425,3049.448,,,,64356.77,54331,81,187.84,209.2,7460.08,9107.6,,39838.62,
2024-05-08T21:00:00-05:00,209.75,107.95,108.405,,,,62201.31,50490,79,0.04,0,9965.26,11207.3,,38031.94,
2024-05-08T22:00:00-05:00,64.27,24.42,25.202,,,,58438.08,45750,78,0.12,0,11611.33,13296.2,,34165.19,
2024-05-08T23:00:00-05:00,25.62,17.22,17.907,,,,54332.37,40191,77,0.13,0,13110.65,14868.9,,28828.63,
2024-05-09T00:00:00-05:00,18.88,14.655,15.065,,,,51015.81,35675,76,0.15,0,14315.33,15763.5,,25316.55,
2024-05-09T01:00:00-05:00,16.13,14.975,15.423,,,,48375.15,33350,75,0.14,0,14636.66,15948.6,,23852.54,
2024-05-09T02:00:00-05:00,15.64,15.103,15.555,,,,46323.32,33000,74,0.19,0,13530.18,15403.4,,23404.91,
2024-05-09T03:00:00-05:00,15.19,16.538,16.973,,,,45282.62,33492,74,0.19,0,12128.2,14383.6,,23707,
2024-05-09T04:00:00-05:00,16.34,18.29,18.795,,,,45126.49,34320,74,0.19,0,11357.33,13414.2,,24239.38,
2024-05-09T05:00:00-05:00,18.98,33.638,33.88,,,,46350.91,36325,74,0.2,0,10620.44,12651.5,,25576.35,
2024-05-09T06:00:00-05:00,25.46,57.673,57.842,,,,48589.57,38704,74,27.33,33.4,10354.78,12507.2,,26713.19,
2024-05-09T07:00:00-05:00,19.49,41.8,41.87,,,,49686.86,38291,74,1978.01,1834.5,10356.69,12854.4,,26597.21,
2024-05-09T08:00:00-05:00,15.6,23.19,23.488,,,,51295.1,35961,76,7837.59,7953.8,8678.88,12351.2,,24990.79,
2024-05-09T09:00:00-05:00,13.97,21.35,21.428,,,,53793.48,34727,78,10487.3,12039,9304.08,11993.2,,24149.9,
2024-05-09T10:00:00-05:00,17.27,22.317,22.46,,,,56475.97,34624,81,12760.43,13689.6,9416.53,12256.3,,23917.22,
2024-05-09T11:00:00-05:00,21.47,28.585,29.278,,,,59142.42,35526,83,14617.79,14974.8,9214.62,11993.9,,24462.25,
2024-05-09T12:00:00-05:00,27.06,247.585,176.335,,,,61740.95,37687,85,14931.97,16029.2,8791.41,11522.4,,26062.2,
2024-05-09T13:00:00-05:00,40.17,313.562,224.025,,,,64231.71,39514,86,14890.97,15893.3,9018.59,11274.2,,27782.79,
2024-05-09T14:00:00-05:00,42.28,216.73,158.025,,,,65965.23,40969,86,14318.41,15933.5,10243.25,11282.3,,29491.39,
2024-05-09T15:00:00-05:00,57.59,114.645,88.085,,,,66946.61,41434,85,13277.13,14985.6,11837.75,11868.8,,29753.92,
2024-05-09T16:00:00-05:00,56.81,130.767,97.74,,,,67410.06,41757,84,12008.9,14500.4,13014.05,12857.3,,29863.07,
2024-05-09T17:00:00-05:00,53.1,66.585,52.75,,,,66769.34,41154,83,10055.07,13044,15014.72,14481.6,,29264.29,
2024-05-09T18:00:00-05:00,41.57,28.438,20.53,,,,64729.97,39953,82,7394.01,10454.6,16957.11,16745.8,,28144.19,
2024-05-09T19:00:00-05:00,48.43,26.477,21.372,,,,62397.05,40955,80,3362.78,3935.5,18093.49,18713.2,,29031.68,
2024-05-09T20:00:00-05:00,41.83,35.368,29.765,,,,60986.61,42360,77,228.79,199.9,18283.23,20773.9,,30067.5,
2024-05-09T21:00:00-05:00,24.69,30.488,22.128,,,,59382.44,39296,74,0.09,0,19258.25,22134.9,,27143.13,
2024-05-09T22:00:00-05:00,18.06,20.197,15.092,,,,56023.05,36680,72,0.28,0,18550.9,22520.4,,24991.64,
2024-05-09T23:00:00-05:00,15.36,19.215,14.66,,,,52090.62,34067,71,0.35,0,17454.38,22233,,22954.47,
2024-05-10T00:00:00-05:00,13.91,16.69,14.508,,,,49085.71,32104,71,0.36,0,16062.14,18733.3,,21685.98,
2024-05-10T01:00:00-05:00,13.04,18.143,18.11,,,,46444.53,31845,70,0.36,0,13917.97,17263.4,,22027.45,
2024-05-10T02:00:00-05:00,12.78,18.845,18.845,,,,44454.38,32763,69,0.36,0,11270.31,15222.6,,22628.27,
2024-05-10T03:00:00-05:00,16.31,19.017,19.017,,,,43478.15,33566,68,0.38,0,9590.13,13008.5,,23236.88,
2024-05-10T04:00:00-05:00,18.23,19.18,19.18,,,,43310.93,34174,67,0.38,0,8737.88,11629.8,,23699.51,
2024-05-10T05:00:00-05:00,19.95,19.168,19.168,,,,44364.79,34573,67,0.38,0,9314.7,11291.2,,24127.03,
2024-05-10T06:00:00-05:00,20.96,21.575,22.243,,,,46498.68,35881,67,45.38,56.7,10119.46,11947.2,,24668.41,
2024-05-10T07:00:00-05:00,16.07,18.343,18.383,,,,47494.1,34988,69,1596.36,2071,10463.69,13361.9,,24083.51,
2024-05-10T08:00:00-05:00,11.74,17.768,17.768,,,,48929.71,32084,71,6113.67,7578.1,9999.36,14291.1,,21716.32,
2024-05-10T09:00:00-05:00,10.63,10.702,10.682,,,,50953.94,26552,74,9956.18,10909.5,12964.02,15221.8,,17962.89,
2024-05-10T10:00:00-05:00,10.45,9.473,4.905,,,,52972.5,24232,77,10907.4,12794.5,15910.16,16276.6,,16021.97,
2024-05-10T11:00:00-05:00,12.66,10.438,5.895,,,,54751.94,24287,79,11448.17,14221.9,16587.39,16854.2,,16169.78,
2024-05-10T12:00:00-05:00,14.76,10.775,7.49,,,,56208.67,24699,81,13188.86,15392,16968.46,16839.1,,16647.2,
2024-05-10T13:00:00-05:00,16.34,10.44,9.005,,,,57713.4,26277,82,14661.23,16003.6,15883.66,16009.3,,18218.08,
2024-05-10T14:00:00-05:00,18.09,14.2,12.29,,,,58954.88,29568,82,14927.29,15934.9,14231.57,14659,,21439.72,
2024-05-10T15:00:00-05:00,21.28,20.18,19.983,,,,59880.18,34038,83,13870.65,15127.1,12093.93,13438.5,,25566.74,
2024-05-10T16:00:00-05:00,32.92,47.438,47.438,,,,60600.86,38640,82,11399.03,13179.7,10536.72,12415.4,,28794.38,
2024-05-10T17:00:00-05:00,34,50.56,50.56,,,,60437.58,41885,81,8256.29,11391.3,10095.2,11912.2,,31441.39,
2024-05-10T18:00:00-05:00,43.65,96.86,96.86,,,,58754,43499,79,4771.98,7888.2,9912.7,11470,,32666.7,
2024-05-10T19:00:00-05:00,91.25,98.665,98.675,,,,56492.43,45048,77,1316.87,2364.4,9343.55,10738,,33821.3,
2024-05-10T20:00:00-05:00,86.46,182.042,182.042,,,,55269.65,45867,74,60.88,110.9,8002,10283.3,,34072.87,
2024-05-10T21:00:00-05:00,56.4,93.462,93.462,,,,54263.75,45087,74,0.01,0,7500.73,10341.5,,34053.86,
2024-05-10T22:00:00-05:00,33.47,53.608,53.608,,,,51953.65,43498,73,0.06,0,7387.4,10625.3,,33241.46,
2024-05-10T23:00:00-05:00,26.03,40.9,40.9,,,,49123.2,41074,71,0.17,0,7447.41,10696.5,,30849.68,
2024-05-11T00:00:00-05:00,29.73,54.728,54.728,,,,47329.36,38079,71,0.2,0,7514.45,10127.6,,28007.89,
2024-05-11T01:00:00-05:00,24.19,26.308,26.308,,,,45023.95,36355,70,0.18,0,7592.79,9346.8,,26676.91,
2024-05-11T02:00:00-05:00,24.62,28.512,28.815,,,,43279.09,35266,69,0.18,0,7124.68,8243.2,,25484.42,
2024-05-11T03:00:00-05:00,23.54,35.41,35.412,,,,42077.09,35297,68,0.19,0,6151.25,7185.5,,25473.52,
2024-05-11T04:00:00-05:00,23.71,23.215,23.867,,,,41409.38,34935,67,0.17,0,5987.12,6866.9,,24937.24,
2024-05-11T05:00:00-05:00,25.65,19.888,20.047,,,,41409.39,34050,67,0.19,0,6874.84,6904.4,,24585.61,
2024-05-11T06:00:00-05:00,23.25,19.525,19.61,,,,41869.72,34014,67,62.5,62.6,7062.69,7154.8,,24769.38,
2024-05-11T07:00:00-05:00,19.04,18.088,18.125,,,,42297.48,32916,68,1578.44,1816.1,7327.99,7663.7,,24141.2,
2024-05-11T08:00:00-05:00,16.47,18.808,18.855,,,,44103.52,32625,71,4313.49,5641,6647.28,7882.3,,23875.34,
2024-05-11T09:00:00-05:00,14.54,16.4,16.4,,,,46211.95,30928,73,6734.72,8177,8076.53,8622.1,,22896.35,
2024-05-11T10:00:00-05:00,14.47,15.268,15.268,,,,47855.38,30242,75,8192.01,9188.6,9514.37,9893.1,,22632.4,
2024-05-11T11:00:00-05:00,14.65,12.782,12.813,,,,49450.71,28328,77,10021.98,10251.8,11339.03,10536,,21186.38,
2024-05-11T12:00:00-05:00,15.02,14.483,14.873,,,,50844.04,28647,79,10223.5,11023.6,12040.67,10918.8,,21280.78,
2024-05-11T13:00:00-05:00,16.2,15.22,15.32,,,,52154.67,29031,79,10362.54,9676.8,12307.91,11519.1,,21810.02,
2024-05-11T14:00:00-05:00,17.37,21.345,21.347,,,,53554.46,31579,79,9270.49,9288.6,11783.8,12184,,23733.62,
2024-05-11T15:00:00-05:00,18.83,23.585,23.58,,,,54704.77,33890,78,7355.07,8416.7,11528.87,12940.5,,24824.94,
2024-05-11T16:00:00-05:00,22.28,18.39,18.31,,,,55508.22,33537,77,5746.75,6458.3,13327.41,13428,,24543.03,
2024-05-11T17:00:00-05:00,24.91,42.52,42.482,,,,55291.92,35518,76,3559.7,4988.2,12965.65,14059,,25948.42,
2024-05-11T18:00:00-05:00,22.53,24.14,24.14,,,,54217.98,36924,74,2083.68,3193.7,12120.11,14314.8,,26833.85,
2024-05-11T19:00:00-05:00,28.61,39.33,39.33,,,,52394.88,37697,72,1059.79,1255.2,11522.15,13783.2,,27159.29,
2024-05-11T20:00:00-05:00,32.55,45.703,45.705,,,,51832.25,38770,71,74.18,77.7,10668.1,13450.6,,28150.48,
2024-05-11T21:00:00-05:00,23.71,28.575,28.575,,,,50914.39,37661,70,0.01,0,11413.02,13255.7,,27227.49,
2024-05-11T22:00:00-05:00,19.59,20.092,20.092,,,,48948.33,35142,70,0.15,0,12729.88,13356.2,,25290.43,
2024-05-11T23:00:00-05:00,16.91,17.148,17.148,,,,46631.31,32469,69,0.18,0,13403.92,13495.6,,23507.48,
2024-05-12T00:00:00-05:00,15.73,18.2,18.2,,,,44113.62,30270,68,0.21,0,13476.34,14541.9,,21636.72,
2024-05-12T01:00:00-05:00,13.12,17.958,17.958,,,,42282.71,29581,68,0.2,0,12517.93,14363.3,,21224.87,
2024-05-12T02:00:00-05:00,13.24,18.065,18.065,,,,40936.66,29206,68,0.21,0,11699.36,13266.6,,21184.28,
2024-05-12T03:00:00-05:00,15.05,18.22,18.22,,,,39855.1,29362,67,0.2,0,11079.13,11546.7,,21532.97,
2024-05-12T04:00:00-05:00,17.13,21.887,21.887,,,,39185.44,30694,67,0.2,0,9247.83,10144.6,,22191.69,
2024-05-12T05:00:00-05:00,17.3,29.927,30.013,,,,39116.69,32394,67,0.2,0,7412.27,9225,,22907.91,
2024-05-12T06:00:00-05:00,16.84,44.943,44.945,,,,39343.29,33605,67,30.02,25.4,6291.94,8749.1,,23389.12,
2024-05-12T07:00:00-05:00,14.33,56.227,56.322,,,,39797.92,33825,68,622.24,905.3,6002.74,9110.2,,23902.78,
2024-05-12T08:00:00-05:00,13.2,67.042,67.042,,,,41398.55,34025,69,1569.77,3287.7,6546.63,9699.8,,24207.5,
2024-05-12T09:00:00-05:00,12.76,45.13,45.13,,,,43319.17,34235,70,2866.06,5257,7050.92,10154.9,,24606.35,
2024-05-12T10:00:00-05:00,12.59,56.508,56.508,,,,44940.35,34355,71,4161.95,7080.2,7445.14,10184.9,,24664.78,
2024-05-12T11:00:00-05:00,12.64,62.328,62.328,,,,46541.33,34534,72,5332.39,8495.7,6879.86,10046.5,,24743.32,
2024-05-12T12:00:00-05:00,13.15,64.715,64.715,,,,48154.41,34558,73,6737.98,9666.8,6251.92,10125.7,,24887.84,
2024-05-12T13:00:00-05:00,12.94,33.635,33.583,,,,49391.62,34346,74,8491.82,10886.8,6248.85,10120,,24885.52,
2024-05-12T14:00:00-05:00,15.19,22.27,22.085,,,,50510.76,34305,76,9472.99,11155.5,6697.79,10043.6,,24650.55,
2024-05-12T15:00:00-05:00,16.29,21.318,21.098,,,,51597.53,34975,76,9109.14,10482.7,7221.18,10214.2,,25504.34,
2024-05-12T16:00:00-05:00,17.66,38.32,37.94,,,,52549.32,36118,76,8458.7,10056.9,7278.53,10511.8,,26338.66,
2024-05-12T17:00:00-05:00,17.67,38.438,38.045,,,,53263.99,37245,76,7493.31,8878,7155.53,10903.8,,27289.51,
2024-05-12T18:00:00-05:00,18.58,27.13,26.865,,,,53105.1,37755,75,5482.62,7236,8629.12,11208.8,,27732.53,
2024-05-12T19:00:00-05:00,38.57,38.198,38.032,,,,52408.09,37971,74,2813.49,3545.7,10635.93,11423.2,,27787.95,
2024-05-12T20:00:00-05:00,59.3,54.175,54.175,,,,52309.53,39895,72,182.02,227.2,11608.46,12154.5,,29287.51,
2024-05-12T21:00:00-05:00,30.46,55.558,55.395,,,,51652.02,39550,71,0.12,0,11588.87,12735,,29355.75,
2024-05-12T22:00:00-05:00,24.93,56.878,56.818,,,,49669.42,38883,70,0.2,0,10358.25,12756.7,,29085.96,
2024-05-12T23:00:00-05:00,22.81,74.577,74.577,,,,46836.35,38746,70,0.2,0,7411.28,12307.9,,28967.11,
2024-05-13T00:00:00-05:00,25.18,58.99,58.99,,,,43611.35,37768,69,0.21,0,6079.88,9614.9,,28418.28,
2024-05-13T01:00:00-05:00,22.01,39.7,39.7,,,,41941.06,37404,69,0.2,0,5612.79,8783.6,,28225.96,
2024-05-13T02:00:00-05:00,20.14,52.927,52.927,,,,40893.13,37170,68,0.19,0,4774.89,8375.1,,27961.73,
2024-05-13T03:00:00-05:00,19.07,85.248,85.248,,,,40406.84,37171,68,0.19,0,4149.77,8650.4,,27651.54,
2024-05-13T04:00:00-05:00,19.04,178.93,178.93,,,,40771.97,37256,68,0.18,0,4109.99,9112,,27253.8,
2024-05-13T05:00:00-05:00,24.52,128.485,128.485,,,,42227.62,38050,68,0.2,0,4685.09,9115.7,,27843.93,
2024-05-13T06:00:00-05:00,33.57,113.585,113.585,,,,44700.18,39141,68,13.24,31.8,5671.17,9517.3,,28954.43,
2024-05-13T07:00:00-05:00,28.07,59.57,59.398,,,,45991.07,38770,69,1687.78,1663.3,5902.92,10079.3,,28937.46,
2024-05-13T08:00:00-05:00,17.53,23.98,23.938,,,,47218.6,36323,71,6610.13,7311.1,5615.09,9903.8,,26896.97,
2024-05-13T09:00:00-05:00,15.48,19.155,19.067,,,,48881.28,33895,73,9252.21,10801.7,7346.35,10014.1,,25203.12,
2024-05-13T10:00:00-05:00,17.35,16.577,15.63,,,,50625.14,30879,76,11678.55,12558.5,10148.58,10742.9,,23300.42,
2024-05-13T11:00:00-05:00,17.84,17.9,15.273,,,,52432.41,30559,77,11848.43,13864.3,12239.04,10827.7,,23617.58,
2024-05-13T12:00:00-05:00,21.8,33.95,22.715,,,,54512.21,33044,78,9970.21,14899.5,13322.35,10601.4,,25983.77,
2024-05-13T13:00:00-05:00,28.07,34.29,23.755,,,,56608.24,35010,78,9784.23,15628.8,12466.43,10317.7,,26890.13,
2024-05-13T14:00:00-05:00,28.06,19.44,17.2,,,,58095.46,34392,78,10612.79,15648.5,11317.56,10117.1,,26262.17,
2024-05-13T15:00:00-05:00,31.26,18.132,15.568,,,,58897.48,33408,78,10097.27,15176.4,12322.44,10292.1,,25447.48,
2024-05-13T16:00:00-05:00,35.82,16.225,13.715,,,,59377.77,32861,79,9241.06,15200.3,13997.23,10317.4,,24956.56,
2024-05-13T17:00:00-05:00,35.7,14.202,12.475,,,,59116.03,32584,79,9811.93,13776.5,13764.13,10062.9,,24690.82,
2024-05-13T18:00:00-05:00,42.34,15.255,15.187,,,,57888.09,33752,79,9355.99,11102.8,12814.39,8997.7,,25778.89,
2024-05-13T19:00:00-05:00,248.61,42.93,43.235,,,,56479.14,40835,77,4420.3,4428.8,9829.45,7419.7,,31451.07,
2024-05-13T20:00:00-05:00,371.21,74.81,76.768,,,,55868.05,45869,73,213.08,228.6,7320.95,6454,,35222.67,
2024-05-13T21:00:00-05:00,152.73,75.035,75.035,,,,54547.88,45808,71,0.1,0,6227.66,6334.4,,35420.27,
2024-05-13T22:00:00-05:00,50.63,42.927,42.98,,,,51603.46,44054,70,0.12,0,5190.14,6341.8,,34258.25,
2024-05-13T23:00:00-05:00,28.23,28.635,28.692,,,,48177.49,41166,68,0.22,0,4932.06,6392.1,,31537.61,
2024-05-14T00:00:00-05:00,32.1,21.918,22.113,,,,44781.36,38375,67,0.24,0,5189.34,5844.2,,28894.14,
2024-05-14T01:00:00-05:00,30.16,20.165,20.213,,,,42545.62,37001,66,0.25,0,4507.41,5643.8,,28284.43,
2024-05-14T02:00:00-05:00,29.17,19.773,20.137,,,,40863.81,35775,64,0.25,0,3995.87,5137.2,,27392.02,
2024-05-14T03:00:00-05:00,29.46,20.715,20.845,,,,39985.24,35710,63,0.24,0,3402.01,4421.1,,26973.38,
2024-05-14T04:00:00-05:00,31.01,20.757,20.873,,,,39929.19,35927,63,0.24,0,3329.74,4230.4,,27263.29,
2024-05-14T05:00:00-05:00,33.94,21.78,21.898,,,,41180.77,37235,62,0.25,0,3396.84,4344.7,,28154.98,
2024-05-14T06:00:00-05:00,37.99,25.545,25.57,,,,43479.63,39519,62,102.4,94.2,3308.98,4499.4,,29598.83,
2024-05-14T07:00:00-05:00,28.47,16.945,16.985,,,,44620.04,36322,66,4294.97,3206.6,3528.05,4484.7,,27121.48,
2024-05-14T08:00:00-05:00,17.4,9.995,9.608,,,,46346.39,29639,71,13443.24,11807.1,2321.23,3643.2,,22186.62,
2024-05-14T09:00:00-05:00,16.76,10.79,10.22,,,,48521.18,28056,76,17183.18,16181.6,1751.21,2847.1,,21352.28,
2024-05-14T10:00:00-05:00,18.93,11.425,11.305,,,,50810.74,28068,79,18319.74,17498.6,3045.84,3176.5,,21295.02,
2024-05-14T11:00:00-05:00,20.67,11.975,12.182,,,,53506.68,28707,82,18827.3,18399.3,4513.72,3873.8,,21885.52,
2024-05-14T12:00:00-05:00,25.29,14.107,14.227,,,,55795.85,29996,84,18942.66,19096.5,5487.02,4402.8,,23270.72,
2024-05-14T13:00:00-05:00,34.6,16.895,16.71,,,,58225.64,31891,86,19019.5,18840.6,6071.7,4724.1,,25175.22,
2024-05-14T14:00:00-05:00,42.92,18.392,18.335,,,,60611.17,34712,88,18596.04,19064.6,6157.39,4918.9,,27247.72,
2024-05-14T15:00:00-05:00,56.78,20.57,20.585,,,,62928.57,37363,89,18172.13,18753.4,6168.72,5417.4,,28815.68,
2024-05-14T16:00:00-05:00,83.54,35.793,35.45,,,,64837.03,39710,89,17279.03,18097.9,6533.8,6101.3,,30732.73,
2024-05-14T17:00:00-05:00,100.44,29.387,29.225,,,,65306.73,40764,88,15913.8,17084.1,7677.33,7544.8,,31704.12,
2024-05-14T18:00:00-05:00,106.66,45.705,46.148,,,,64049.22,42319,87,12251.87,13495.5,8914.31,9580.7,,32745.04,
2024-05-14T19:00:00-05:00,500.37,86.442,86.453,,,,61390.93,45806,83,4639.97,4548.3,10331.97,11411.3,,34939.23,
2024-05-14T20:00:00-05:00,137.59,43.082,43.17,,,,59440.03,44844,78,222.83,230.3,13362.48,14790.3,,34318.31,
2024-05-14T21:00:00-05:00,31.13,18.407,18.283,,,,57562.53,38624,76,0.07,0,18135.61,18366.4,,29121.6,
2024-05-14T22:00:00-05:00,20.47,17.768,15.452,,,,54111.41,32942,73,0.28,0,20659.04,20545.9,,24689.78,
2024-05-14T23:00:00-05:00,17.14,16.058,13.322,,,,50327.88,28939,72,0.37,0,20373.21,21688.1,,21241.62,
2024-05-15T00:00:00-05:00,12.46,16.57,14.13,,,,46548.62,24448,70,0.21,0,21295.49,22590.3,,17488.69,
2024-05-15T01:00:00-05:00,10.26,14.207,11.753,,,,44151.93,22010,69,0.18,0,21296.74,22754,,15669.29,
2024-05-15T02:00:00-05:00,9.03,11.507,9.56,,,,42378.92,20221,68,0.17,0,21369.86,22510.4,,13944.67,
2024-05-15T03:00:00-05:00,8.31,10.155,8.557,,,,41307.95,19174,67,0.19,0,21434.02,22190.1,,12921.76,
2024-05-15T04:00:00-05:00,8.8,10.428,8.88,,,,41101.16,19149,66,0.19,0,21471.26,21746.7,,13002.51,
2024-05-15T05:00:00-05:00,10.8,11.97,10.36,,,,42201.56,20336,66,0.22,0,21379.18,21370.4,,14343.17,
2024-05-15T06:00:00-05:00,14.89,14.51,12.775,,,,44336.45,22466,66,107.59,110.4,21315.11,20826.7,,16155.75,
2024-05-15T07:00:00-05:00,14.53,9.463,8.82,,,,45432.33,21271,70,3716.59,3360.6,20020.79,19826,,14811.42,
2024-05-15T08:00:00-05:00,11.17,4.873,3.663,,,,47442.81,19328,75,10270.94,11194.7,17454.15,18035.8,,13096.46,
2024-05-15T09:00:00-05:00,11.12,5.565,4.213,,,,50204.37,18962,80,12839.33,14931.7,17810.34,17236.4,,12812.36,
2024-05-15T10:00:00-05:00,13.39,10.67,8.182,,,,53197.16,19789,83,13827.27,15635.7,18948.31,18247.5,,13547.58,
2024-05-15T11:00:00-05:00,14.56,14.005,11.125,,,,56077.8,22033,85,14518.26,16540.6,19301.92,19699.7,,15701.33,
2024-05-15T12:00:00-05:00,17.22,18.432,15.265,,,,58867.35,24855,87,14543.76,17407.2,19481.56,21219.5,,17821.87,
2024-05-15T13:00:00-05:00,21.37,20.602,17.345,,,,61594.29,27752,89,14537.51,16550.7,19715.28,22259.9,,19669.71,
2024-05-15T14:00:00-05:00,24.23,21.207,18.787,,,,64071.66,30392,89,14800.97,16484.8,19460.07,22902.5,,21793.02,
2024-05-15T15:00:00-05:00,31.75,31.352,25.943,,,,66187.09,33664,90,13750.59,15804.6,19535.58,23527.2,,24596.45,
2024-05-15T16:00:00-05:00,31.68,37.707,31.845,,,,67388.01,35442,89,12538.84,14312.6,20401.8,24098.9,,26165.03,
2024-05-15T17:00:00-05:00,33.62,57.9,47.622,,,,67182.92,37477,88,9020.18,12878.4,22003.43,24270.3,,27942.22,
2024-05-15T18:00:00-05:00,29.94,22.952,18.812,,,,65346.87,36675,86,6536.54,9502.9,23301.62,24331.3,,27642.62,
2024-05-15T19:00:00-05:00,45.69,27.503,23.158,,,,62290.38,37407,82,2666.41,3691.3,23718.22,23974.1,,28164.25,
2024-05-15T20:00:00-05:00,44.86,29.24,28.242,,,,60135.36,38320,79,204.03,202.8,23596.54,24116.2,,28551.98,
2024-05-15T21:00:00-05:00,29.78,21.86,21.865,,,,58182.84,36375,78,0.02,0,23627.05,24211.2,,27152.73,
2024-05-15T22:00:00-05:00,19.37,18.67,18.577,,,,54760.76,32912,77,0.05,0,23492.99,23759.9,,24500.38,
2024-05-15T23:00:00-05:00,17.57,19.03,19.035,,,,51095.66,31192,76,0.06,0,21139.26,22931.7,,22722.65,
2024-05-16T00:00:00-05:00,16.05,18.138,18.16,,,,47579.78,29401,75,0.08,0,19529.87,21946.8,,21352.58,
2024-05-16T01:00:00-05:00,13.94,18.44,18.54,,,,45666.98,28946,74,0.17,0,17432.18,21087.3,,21339.87,
2024-05-16T02:00:00-05:00,13.02,18.227,18.402,,,,44201.69,28652,73,0.18,0,15990.58,20163.9,,21163.17,
2024-05-16T03:00:00-05:00,14.25,18.095,18.217,,,,43254.26,28390,72,0.18,0,15510.25,19174.4,,21063.22,
2024-05-16T04:00:00-05:00,17.9,16.613,16.613,,,,43119.27,27939,72,0.18,0,15895.67,17693.5,,21396.02,
2024-05-16T05:00:00-05:00,22.78,18.37,18.37,,,,43991.07,30244,71,0.18,0,14741.87,15577.6,,23365.36,
2024-05-16T06:00:00-05:00,30.26,21.03,21.03,,,,45927.69,33581,72,20.18,66.7,13681.58,13211.8,,25345.44,
2024-05-16T07:00:00-05:00,28.3,19.572,19.572,,,,46875.49,33922,73,1158.52,2034.7,13187.69,12060,,25130,
2024-05-16T08:00:00-05:00,19.97,19.453,19.453,,,,48425.16,33158,74,4440.54,6764,12211.6,11583.4,,24500.21,
2024-05-16T09:00:00-05:00,18.76,18.595,18.595,,,,49887.38,32278,75,6530.07,9738.4,12854.74,11570.7,,23918.92,
2024-05-16T10:00:00-05:00,19.32,20.14,20.14,,,,51350.45,33082,76,7445.28,10280.3,12888.32,12047.9,,24495.68,
2024-05-16T11:00:00-05:00,19.32,21.73,21.73,,,,52636.89,34318,76,6812.03,11139.7,13267.65,12176.9,,25625.52,
2024-05-16T12:00:00-05:00,20.4,44.605,44.605,,,,53739.96,35786,75,6848.08,11725.8,12237.46,11800.1,,26373.25,
2024-05-16T13:00:00-05:00,25.35,64.595,63.505,,,,54852.64,38111,75,6257.79,10754.6,10154.64,11236.7,,28152.42,
2024-05-16T14:00:00-05:00,28.22,36.717,36.338,,,,56075.4,39072,75,6185.17,10742.9,9409.95,10600,,29255.99,
2024-05-16T15:00:00-05:00,29.98,26.58,26.165,,,,56763.77,39354,74,6078.94,9980.7,9157.05,10594.5,,29776.6,
2024-05-16T16:00:00-05:00,33.6,21.418,21.155,,,,57025.07,39012,73,5201.73,8890.9,9567.75,10503.9,,29427.87,
2024-05-16T17:00:00-05:00,34.28,23.787,23.6,,,,56699.02,39839,71,4147.98,7638.2,9185.18,10487.5,,29925.33,
2024-05-16T18:00:00-05:00,37.35,21.46,21.453,,,,55540.9,38948,69,2811.79,5967.5,8117.39,11058.3,,28798.36,
2024-05-16T19:00:00-05:00,78.77,17.542,17.542,,,,54317.39,34931,68,1410.48,2667.9,10048.3,10645.1,,26117.3,
2024-05-16T20:00:00-05:00,118.89,16.882,16.882,,,,53675.39,32952,68,147.48,182.5,13164.1,9881,,25119.41,
2024-05-16T21:00:00-05:00,102.14,18.435,18.435,,,,52595.31,33669,67,5.59,0,12476.63,8702.5,,25369.98,
2024-05-16T22:00:00-05:00,46.45,18.448,18.448,,,,50158.84,33842,66,0.46,0,10800.99,8097.8,,25089.93,
2024-05-16T23:00:00-05:00,28.96,21.032,21.055,,,,47271.34,35638,66,0.12,0,6752.74,7276.4,,26491.22,
2024-05-17T00:00:00-05:00,30.93,20.06,20.19,,,,46230.01,34873,66,0.2,0,5185.49,5056.2,,25655.62,
2024-05-17T01:00:00-05:00,27.78,20.835,21.057,,,,44064.43,35470,65,0.22,0,3382.48,4312,,26421.27,
2024-05-17T02:00:00-05:00,25.38,19.775,20.125,,,,42573.4,34663,64,0.2,0,3187.14,4045.6,,25683.58,
2024-05-17T03:00:00-05:00,24.81,18.848,19.193,,,,41705.27,33822,63,0.19,0,3520.96,3710.9,,25023.22,
2024-05-17T04:00:00-05:00,24.59,18.655,18.665,,,,41720.61,33506,63,0.2,0,4050.02,3519,,24915.84,
2024-05-17T05:00:00-05:00,29.78,19.765,19.765,,,,42880.07,34865,63,0.21,0,3895.5,3507.8,,25860.47,
2024-05-17T06:00:00-05:00,48.44,19.202,19.202,,,,45145.45,35555,63,60.07,56.8,5133.43,3545.5,,26176.37,
2024-05-17T07:00:00-05:00,37.19,15.807,15.807,,,,46260.03,33647,65,2706.97,1859,5766.13,3162.6,,24396.24,
2024-05-17T08:00:00-05:00,28.25,13.385,13.385,,,,47615.75,30489,67,8476.8,6364.9,3902.56,2464.9,,22227.33,
2024-05-17T09:00:00-05:00,30.06,11.518,11.518,,,,49515.6,28597,71,12202.11,9511.2,3339.73,2132.7,,20713.65,
2024-05-17T10:00:00-05:00,28.17,12.082,12.082,,,,51307.17,28823,73,13373.8,11103.8,3696.88,2203.1,,21028.93,
2024-05-17T11:00:00-05:00,23.83,13.57,13.57,,,,52913.02,30012,75,13819.49,12720.2,3225.15,2147.2,,22105.48,
2024-05-17T12:00:00-05:00,24.84,13.902,13.902,,,,54673.14,30568,77,14755.42,13862.7,2728.99,2220.7,,22599.02,
2024-05-17T13:00:00-05:00,31.61,16.805,16.805,,,,56506.89,32914,79,14858.28,14261.2,2152.33,2412.3,,24563.77,
2024-05-17T14:00:00-05:00,31.48,17.96,17.96,,,,58109.83,34869,81,14670.59,14368.4,2341.99,2685.2,,25739.24,
2024-05-17T15:00:00-05:00,35.34,18.23,18.23,,,,59505.22,36618,82,13977.68,13775.9,2562.92,3170.8,,27136.95,
2024-05-17T16:00:00-05:00,61.07,26.6,26.6,,,,60682.63,38874,83,13308.86,12754.5,2523.15,3409.6,,28496.13,
2024-05-17T17:00:00-05:00,79.71,22.69,22.69,,,,60784.8,40235,83,12825.39,11305.9,2583.6,3561.7,,29172.4,
2024-05-17T18:00:00-05:00,122.19,28.91,28.91,,,,59404,41643,82,11193,8851.4,2498.75,3627.9,,30347.78,
2024-05-17T19:00:00-05:00,422.14,69.348,69.348,,,,57205.8,46044,79,4939.37,4143,2772,3500,,34065.73,
2024-05-17T20:00:00-05:00,690.25,101.73,101.247,,,,55884.33,47791,76,324.4,254.4,3652.04,3637.7,,35239.24,
2024-05-17T21:00:00-05:00,249.99,65.423,64.375,,,,54835.26,45878,75,16.77,0,4407.37,4355.1,,33960.32,
2024-05-17T22:00:00-05:00,46.67,25.665,25.057,,,,52672.9,42442,73,2.6,0,6026.92,5747.3,,31232.98,
2024-05-17T23:00:00-05:00,27.98,19.54,19.33,,,,49885.86,37384,72,0.26,0,8525.89,6949.9,,26738.77,
2024-05-18T00:00:00-05:00,15.61,16.24,16.118,,,,45588.06,31281,71,0.34,0,12375.01,12289.8,,22117.08,
2024-05-18T01:00:00-05:00,12.56,15.023,15.023,,,,43668.66,27066,70,0.49,0,14756.94,13706.1,,18969.19,
2024-05-18T02:00:00-05:00,11.5,11.905,11.655,,,,42112.36,25092,70,0.65,0,15682.78,14212.1,,17225.84,
2024-05-18T03:00:00-05:00,11.42,9.86,9.453,,,,40960.61,23993,69,0.77,0,15999.93,14242.3,,16204.95,
2024-05-18T04:00:00-05:00,10.09,9.16,8.757,,,,40301.22,23734,69,0.62,0,15447.72,14056.3,,15910.97,
2024-05-18T05:00:00-05:00,13.98,10.692,10.42,,,,40396.01,24207,68,0.57,0,14788.36,13778.9,,16413.23,
2024-05-18T06:00:00-05:00,14.11,11.71,11.71,,,,40854.09,25434,67,92.14,111.6,13691.3,13347.2,,17392.87,
2024-05-18T07:00:00-05:00,11.58,5.807,5.807,,,,41604.46,24331,70,3817.07,3527.4,12407.03,12291.3,,16038.33,
2024-05-18T08:00:00-05:00,9.96,0.005,0.005,,,,44245.57,22696,73,11310.56,12106.6,8983.16,9130,,14497.34,
2024-05-18T09:00:00-05:00,12.82,1.985,1.975,,,,47567.28,22666,77,17043.33,16398.2,6280.24,5783.9,,14859.47,
2024-05-18T10:00:00-05:00,15.55,8.098,8.02,,,,51044.98,24504,81,19036.13,17840.5,5441.35,4423.3,,16647.88,
2024-05-18T11:00:00-05:00,18.93,12.64,12.535,,,,54185.27,28441,85,19317.94,18492.7,4599.75,3527.8,,20318.17,
2024-05-18T12:00:00-05:00,25.52,17.908,17.908,,,,57032.82,33076,88,18964.36,19071.6,3910.58,2881.3,,24365.65,
2024-05-18T13:00:00-05:00,38.99,21.475,21.475,,,,59613.36,37071,90,18676.62,18651.8,3656.07,2629,,26688.54,
2024-05-18T14:00:00-05:00,41.14,28.56,28.56,,,,61922.34,40078,91,18309.88,18775.9,3982.29,2709.9,,28831.11,
2024-05-18T15:00:00-05:00,49.87,29.09,28.975,,,,63954.97,42395,92,17954.27,18523.8,4322.25,3279.7,,30823.52,
2024-05-18T16:00:00-05:00,69.02,31.17,31.105,,,,65449.6,43792,93,17469.71,17860.7,5134.56,3870.9,,31900.78,
2024-05-18T17:00:00-05:00,70.64,35.41,35.41,,,,65799.13,44307,92,16863.88,16966.4,5911.33,4780.9,,32618.8,
2024-05-18T18:00:00-05:00,71.12,33.362,33.362,,,,64444.01,45510,90,13890.7,13855.1,6977.31,6166.8,,33638.59,
2024-05-18T19:00:00-05:00,109.98,109.52,110.262,,,,61788.33,49340,87,5788.04,5504.3,8457.87,8724,,35977.83,
2024-05-18T20:00:00-05:00,48.41,56.365,56.217,,,,59535.05,48273,84,341.38,321.8,12137.18,13191.3,,35460.27,
2024-05-18T21:00:00-05:00,28.65,21.06,20.927,,,,57729.87,41560,81,0.19,0,17525.82,17840.9,,29793.57,
2024-05-18T22:00:00-05:00,20.31,19.898,19.193,,,,54993.09,35572,79,0.51,0,21091.07,20688.8,,24719.81,
2024-05-18T23:00:00-05:00,17.18,18.95,16.545,,,,51899.24,31525,78,0.67,0,21807.12,21636,,21440.97,
2024-05-19T00:00:00-05:00,13.97,17.795,15.445,,,,46723.23,28271,76,0.71,0,21794.35,21871.9,,19022.87,
2024-05-19T01:00:00-05:00,13.19,15.707,13.582,,,,44482.81,25698,75,0.76,0,21772.63,21541.2,,17297.88,
2024-05-19T02:00:00-05:00,11.48,13.085,11.135,,,,42812.3,23960,74,0.79,0,21398.7,21143,,15627.52,
2024-05-19T03:00:00-05:00,10.32,11.812,9.838,,,,41631.85,23034,73,0.81,0,20737.65,20850.7,,14737.75,
2024-05-19T04:00:00-05:00,10.46,10.017,7.635,,,,40709.78,22505,73,0.72,0,20379.82,20201.4,,14107.68,
2024-05-19T05:00:00-05:00,10.93,9.892,7.892,,,,40519.07,22274,73,0.74,0,20079.54,19521.6,,14123.08,
2024-05-19T06:00:00-05:00,12.53,7.312,5.383,,,,40562.08,22141,73,112.6,118.4,19943.09,18929,,13749.33,
2024-05-19T07:00:00-05:00,11.03,1.207,0.395,,,,41128.93,21329,75,2882.54,3533.4,18893.88,18280.9,,13115.6,
2024-05-19T08:00:00-05:00,7.27,2,0.945,,,,43723.98,20998,79,8719.11,11661.7,16653.88,17007.2,,12991.55,
2024-05-19T09:00:00-05:00,10.96,5.65,1.945,,,,47389.58,21007,82,12210.93,15696.7,16776.87,16384.8,,13009.08,
2024-05-19T10:00:00-05:00,13.45,12.242,9.842,,,,51164.7,22489,85,14007.25,17139.7,17064.1,17018.5,,14475.55,
2024-05-19T11:00:00-05:00,16.25,16.75,14.138,,,,54551.07,25611,88,14284.67,18000.2,17349.85,17809.1,,17375.74,
2024-05-19T12:00:00-05:00,20.77,18.81,15.798,,,,57500.31,28590,89,13901.11,18705.5,18137.93,18993.8,,19330.62,
2024-05-19T13:00:00-05:00,28.11,19.182,16.298,,,,60420.34,30675,91,13434.03,18719.8,19025.23,20402.5,,20813.49,
2024-05-19T14:00:00-05:00,32.06,19.307,13.755,,,,62789.89,32504,92,13395.58,18792.4,19519.16,21648.9,,22289.38,
2024-05-19T15:00:00-05:00,33.35,19.578,14.01,,,,64623.81,33842,92,13181.1,18598.2,20140.71,22768.1,,23218.99,
2024-05-19T16:00:00-05:00,39.35,20.18,15.515,,,,65767.68,35127,92,12670.23,17943.6,20959.38,23794.3,,24114.02,
2024-05-19T17:00:00-05:00,38.58,20.517,16.943,,,,65847.52,36537,92,11719.9,17041,21282.65,24589.6,,24845.82,
2024-05-19T18:00:00-05:00,37.74,21.928,18.652,,,,64420.56,37554,90,8990.73,13873.3,22179.99,25093.5,,25636.55,
2024-05-19T19:00:00-05:00,47.63,25.54,22.095,,,,61758.69,39881,87,3376.73,5242.9,23449.58,24865.6,,27324.52,
2024-05-19T20:00:00-05:00,42.47,21.945,19.17,,,,59765.99,39675,84,207.24,319,24526.96,25295.3,,27313.48,
2024-05-19T21:00:00-05:00,28.86,20.065,17.323,,,,58025.35,37550,82,0.32,0,24626.2,25746.2,,25778.06,
2024-05-19T22:00:00-05:00,19.57,18.707,14.335,,,,54852.97,34084,80,0.33,0,24410.8,25673.1,,23356.44,
2024-05-19T23:00:00-05:00,16.51,15.915,13.775,,,,51042.15,29683,79,0.41,0,24558.31,25267.3,,20316.08,
2024-05-20T00:00:00-05:00,14.4,14.175,13.675,,,,49690.13,26736,77,0.31,0,23649.72,24976.4,,17684.32,
2024-05-20T01:00:00-05:00,12.77,11.54,11.305,,,,47077.71,24455,76,0.43,0,23220.34,24582.1,,15570.36,
2024-05-20T02:00:00-05:00,11.99,10.38,10.275,,,,45106.88,23082,74,0.35,0,22739.92,24010.1,,14388.56,
2024-05-20T03:00:00-05:00,11.67,5.405,5.365,,,,43978.45,22376,73,0.39,0,22465.13,23650.5,,13655.54,
2024-05-20T04:00:00-05:00,11.83,5.388,4.955,,,,43741.3,22393,72,0.41,0,22214.04,23038.7,,13667.17,
2024-05-20T05:00:00-05:00,13.42,11.098,9.855,,,,44766.92,23700,72,0.52,0,22025.96,22307.6,,14916.49,
2024-05-20T06:00:00-05:00,17.86,12.727,11.76,,,,46606.03,25885,72,99.36,115.3,21651.69,21660,,16693.72,
2024-05-20T07:00:00-05:00,15.53,12.478,10.95,,,,47725.53,25401,75,3648.11,3361,19837.06,21163.8,,16297.94,
2024-05-20T08:00:00-05:00,13.94,11.503,7.073,,,,49881.69,23949,78,10048.78,11109.3,17095.59,19866.2,,15237.66,
2024-05-20T09:00:00-05:00,14.53,13.918,5.74,,,,52933.51,24770,81,12822.45,14861.2,16234.34,18058.9,,16258.93,
2024-05-20T10:00:00-05:00,17.77,18.89,8.527,,,,56222.43,27030,85,15538.6,16126.7,14229.04,16221.4,,17930,
2024-05-20T11:00:00-05:00,25.46,20.575,11.713,,,,59558.69,30914,87,17733.14,17078.4,11418.29,13812.5,,21207.17,
2024-05-20T12:00:00-05:00,41.26,22.825,15.267,,,,62691.59,35810,89,17862.24,17780.2,9155.09,11677,,24943.54,
2024-05-20T13:00:00-05:00,53.3,23.127,19.038,,,,65643.06,39642,90,18003.38,17901.5,7922.21,10535,,27105.88,
2024-05-20T14:00:00-05:00,48.79,23.505,21.055,,,,67865.69,41575,92,17867.48,18057,8874.85,10788.9,,28665.96,
2024-05-20T15:00:00-05:00,53.96,30.03,26.27,,,,69593.18,42986,92,17585.04,17776.9,9996.79,12072.3,,29659.82,
2024-05-20T16:00:00-05:00,57.01,22.398,22.762,,,,70809.8,43140,92,17032.29,17081.7,11916.5,13806.3,,29573.66,
2024-05-20T17:00:00-05:00,50.69,22.733,23.048,,,,70822.17,42714,92,15150.37,16026.4,14385.47,15804.9,,29367.72,
2024-05-20T18:00:00-05:00,41.93,22.115,21.923,,,,69234.91,43946,90,10645.49,13036.6,16703.16,17551.8,,30465.21,
2024-05-20T19:00:00-05:00,47.41,24.428,24.765,,,,66438.79,46175,87,3334.96,4857.7,19219.48,18761.6,,31957.87,
2024-05-20T20:00:00-05:00,39.28,20.795,21.108,,,,64453.71,44850,85,185.12,319.9,21416.97,21155.1,,30842.44,
2024-05-20T21:00:00-05:00,26.91,21.613,15.372,,,,62407.5,40338,83,0.83,0,24695,23413.8,,27142.97,
2024-05-20T22:00:00-05:00,19.45,20.008,13.197,,,,58764.85,35953,81,0.63,0,25365.11,25017.2,,23632.82,
2024-05-20T23:00:00-05:00,16.38,19.28,12.27,,,,54915.28,31756,80,0.43,0,25330.84,26232.3,,20665.82,
2024-05-21T00:00:00-05:00,13.53,18.165,15.55,,,,51801.06,28983,79,0.39,0,24480.77,28158.8,,17954.08,
2024-05-21T01:00:00-05:00,12.64,16.438,14.025,,,,49272.03,27111,79,0.43,0,24036.2,27802.2,,16860.83,
2024-05-21T02:00:00-05:00,12.29,15.525,12.595,,,,47548.56,25546,78,0.42,0,24091.13,27028.6,,15709.51,
2024-05-21T03:00:00-05:00,10.86,16.43,12.663,,,,46584.74,25565,77,0.33,0,23186.24,26541.3,,15829.37,
2024-05-21T04:00:00-05:00,11.92,16.077,13.067,,,,46551.02,25777,77,0.26,0,22987.43,25684.2,,16063,
2024-05-21T05:00:00-05:00,13.51,18.055,15.55,,,,47706.89,27188,76,0.38,0,22938.78,24569.9,,17116.77,
2024-05-21T06:00:00-05:00,16.22,19.108,19.075,,,,49789.72,30499,76,55.74,79.8,21509.92,23090.2,,18783.21,
2024-05-21T07:00:00-05:00,15.72,20.718,20.71,,,,50803.85,32075,78,1914.35,2387.1,19059.79,21803,,19517.47,
2024-05-21T08:00:00-05:00,13.99,20.585,20.578,,,,52283.52,32065,80,6530.22,8060.8,16376.69,20332.8,,19510.88,
2024-05-21T09:00:00-05:00,15.44,18.975,19.04,,,,54656.88,31374,82,9569.31,11427.2,16335.4,19191.2,,18919.14,
2024-05-21T10:00:00-05:00,21.33,17.058,16.875,,,,57378.54,31108,84,12157.18,13144,16396.01,17361.2,,19874.39,
2024-05-21T11:00:00-05:00,27.58,25.497,17.765,,,,60256.62,34585,86,14269.14,14362.6,13291.8,14421,,23195.72,
2024-05-21T12:00:00-05:00,32.67,25.403,24.7,,,,63240.39,39858,87,14998.71,15331.9,9333.4,12258.7,,27051.73,
2024-05-21T13:00:00-05:00,44.01,47.257,46.605,,,,66124.75,43494,88,15554.34,15564.6,7529.66,11260.4,,30251.61,
2024-05-21T14:00:00-05:00,46.8,50.71,50.04,,,,68162.1,46121,90,14836.82,15575.8,7438.19,11357.5,,32596.03,
2024-05-21T15:00:00-05:00,59.21,42.43,41.743,,,,69284.55,48007,91,14522.34,14933,7765.93,12323.2,,34413.08,
2024-05-21T16:00:00-05:00,69.44,87.48,86.295,,,,69859.1,50004,90,12708.07,13579.9,8225.42,13417.5,,36129.95,
2024-05-21T17:00:00-05:00,51.47,86.525,86.227,,,,69340.41,51054,89,10934.23,12069.2,8799.44,14640.7,,37051.2,
2024-05-21T18:00:00-05:00,46.34,96.663,96.495,,,,67587.48,52389,89,7432.44,9384.9,9813.21,15721.8,,37848.13,
2024-05-21T19:00:00-05:00,85.57,153.293,153.403,,,,65468.43,53400,86,3108.63,3349.5,10728.45,15816.7,,38609.83,
2024-05-21T20:00:00-05:00,83.03,271.497,275.3,,,,64184.6,53954,84,343.26,247.2,11292.32,16613.4,,39339.61,
2024-05-21T21:00:00-05:00,36.36,109.96,112.582,,,,62378.41,51799,82,0.08,0,12273.27,17541.9,,37644.84,
2024-05-21T22:00:00-05:00,27.89,34.633,34.747,,,,58835.21,46914,82,0.05,0,13963.68,18689.8,,33159.69,
2024-05-21T23:00:00-05:00,21.25,22.997,22.943,,,,55150.54,42201,81,0.07,0,15454.12,19750.9,,28617.37,
2024-05-22T00:00:00-05:00,21.45,20.523,20.295,,,,54351.22,36983,80,0.07,0,17494.82,19719.4,,24227.19,
2024-05-22T01:00:00-05:00,19.51,18.688,18.602,,,,51763.3,33480,79,0.17,0,19139.21,20733.7,,21326.51,
2024-05-22T02:00:00-05:00,16.79,15.798,13.985,,,,49957.02,30007,78,0.19,0,21143.94,21370.5,,18817.67,
2024-05-22T03:00:00-05:00,15.08,15.162,12.023,,,,48842.46,27985,78,0.2,0,22203.71,22216,,17654.83,
2024-05-22T04:00:00-05:00,14.78,15.043,13.703,,,,48643.93,28032,77,0.19,0,21916.41,22743,,18230.62,
2024-05-22T05:00:00-05:00,16.94,16.353,15.413,,,,49736.92,29737,76,0.19,0,21228.19,22882.2,,19415.92,
2024-05-22T06:00:00-05:00,19.04,18.415,17.512,,,,51741.89,32813,77,50.11,70.9,20063.06,22463.7,,21245.08,
2024-05-22T07:00:00-05:00,17.86,20.207,20.207,,,,52676.32,34260,78,1882.83,2295,17689.98,21928.6,,22040.02,
2024-05-22T08:00:00-05:00,16.23,21.763,21.783,,,,54354.38,35165,80,5387.57,7694.1,14838.61,21036.9,,22782.86,
2024-05-22T09:00:00-05:00,16.09,17.333,17.36,,,,56894.14,32628,81,8802.58,10996.3,16483.36,20055.5,,21088.09,
2024-05-22T10:00:00-05:00,18.9,19.503,18.09,,,,59679.85,33036,83,11473.44,12515.3,15549.84,18902.9,,21594.85,
2024-05-22T11:00:00-05:00,24.87,22.955,19.118,,,,62384.32,34954,85,12870.5,13837.9,15034.9,17768.8,,23135.44,
2024-05-22T12:00:00-05:00,27.58,27.833,16.155,,,,65083.21,36028,86,13725.58,14865.1,15029.39,16921.8,,24355.07,
2024-05-22T13:00:00-05:00,37.96,43.895,20.247,,,,67639.93,37471,87,14259.54,15504.6,14334.91,16366.5,,25641.85,
2024-05-22T14:00:00-05:00,41.17,24.18,15.95,,,,69354.94,40001,87,14029.85,15622.9,13348.7,16535.8,,27448.67,
2024-05-22T15:00:00-05:00,46.78,35.095,21.4,,,,70313.19,42457,87,11954.85,15276.5,13490.08,17014.5,,29401.28,
2024-05-22T16:00:00-05:00,50.86,33.38,30.695,,,,70817.43,45150,86,10122.95,14415.6,12714.8,17036.3,,31766.87,
2024-05-22T17:00:00-05:00,48.08,23.29,22.262,,,,70379.3,45259,85,8958.04,13192,13072.59,16769.2,,31840.48,
2024-05-22T18:00:00-05:00,45,22.553,20.608,,,,68595.69,44132,83,7661.86,10726.7,13310.62,16832.5,,30723.69,
2024-05-22T19:00:00-05:00,73.08,47.072,46.557,,,,66132.34,46451,81,3974.11,4678.2,12306.9,16404.7,,32140.48,
2024-05-22T20:00:00-05:00,88.33,76.612,75.772,,,,64487.94,49327,79,363.12,337.6,10985.05,16474.1,,34245.93,
2024-05-22T21:00:00-05:00,32.82,46.163,46.02,,,,62589.1,48189,78,0.18,0,10780.87,16994.6,,32912.24,
2024-05-22T22:00:00-05:00,26.05,27.44,27.162,,,,59133.14,45562,78,0.04,0,10918.86,17733.9,,31252.78,
2024-05-22T23:00:00-05:00,20.51,22.072,21.52,,,,55267.77,41560,77,0.04,0,12172.17,17510.3,,27868.12,
2024-05-23T00:00:00-05:00,20.17,21.41,21.098,,,,51713.74,37996,76,0.05,0,13052.37,15630.7,,24973.02,
2024-05-23T01:00:00-05:00,20.06,23.453,23.162,,,,49426.28,36467,75,0.04,0,12618.47,15113.1,,23225.2,
2024-05-23T02:00:00-05:00,19.05,21.14,21.203,,,,47789.97,35041,75,0.05,0,12952.62,14900.8,,22445.64,
2024-05-23T03:00:00-05:00,18,18.92,18.943,,,,46776.9,33484,75,0.14,0,13711.94,14675.9,,21913.3,
2024-05-23T04:00:00-05:00,17.98,19.24,19.125,,,,46620.62,33757,75,0.15,0,13545.18,14543.5,,21829.82,
2024-05-23T05:00:00-05:00,21.16,28.89,28.338,,,,47699.15,35896,75,0.15,0,12768.5,14459,,23027.84,
2024-05-23T06:00:00-05:00,22.72,39.298,39.023,,,,49665.57,39189,75,31.27,74.1,11605.74,14199.7,,25848.48,
2024-05-23T07:00:00-05:00,20.19,25.967,25.81,,,,50685.05,39047,76,1221.77,2060.6,11568.02,14781.3,,26158.31,
2024-05-23T08:00:00-05:00,16.41,21.403,21.435,,,,52498.04,36353,78,4498.33,7031.4,13014.01,16238.1,,24012.95,
2024-05-23T09:00:00-05:00,14.79,18.82,18.455,,,,55141.89,33400,80,7745.88,10126,14594.03,17591.9,,21772.86,
2024-05-23T10:00:00-05:00,15.37,19.06,17.778,,,,57974.13,32152,83,10147.01,12132,16155.91,18051.6,,21071.86,
2024-05-23T11:00:00-05:00,19.39,22.752,19.745,,,,60746.11,32797,85,12279.09,13593.5,15741.23,17449.3,,21532.36,
2024-05-23T12:00:00-05:00,24.62,66.493,35.483,,,,63469.95,34204,86,13235.44,14672.8,15947.02,16961.7,,22928.9,
2024-05-23T13:00:00-05:00,33.09,66.035,37.38,,,,66182.98,36552,88,13598.32,15516.7,16314.53,17181.1,,24796.73,
2024-05-23T14:00:00-05:00,41.72,35.693,20.717,,,,68196.59,37082,89,13863.85,15722.9,17833.5,17895.9,,25008.62,
2024-05-23T15:00:00-05:00,46.93,37.408,15.645,,,,69679.17,37591,89,13080.94,15301.8,19517.78,19082.9,,25895.28,
2024-05-23T16:00:00-05:00,56.2,28.885,17.577,,,,70703.3,38941,88,11863.18,14783.4,20091.18,20166.4,,26837.6,
2024-05-23T17:00:00-05:00,54.06,21.713,13.492,,,,70698.18,38114,87,11148.89,13720.9,20820.41,21411.9,,26191.33,
2024-05-23T18:00:00-05:00,39.63,20.835,13.188,,,,69134.3,38411,85,9402.09,11510.2,20409.02,22127.3,,25859.34,
2024-05-23T19:00:00-05:00,45.52,23.83,16.51,,,,66772.15,39981,83,4532.15,5436.9,21174.62,21761.9,,26785.92,
2024-05-23T20:00:00-05:00,58.52,25.272,25.695,,,,65011.95,43009,82,385.1,405.9,20203.09,21761.1,,29192.54,
2024-05-23T21:00:00-05:00,28.33,23.57,23.74,,,,63128.06,41678,80,0.51,0,20468.65,22297.7,,28032.69,
2024-05-23T22:00:00-05:00,23.86,21.04,18.96,,,,59881.62,37937,79,0.2,0,21749.16,22848.2,,25069.23,
2024-05-23T23:00:00-05:00,18.62,19.095,15.67,,,,56286.06,33307,79,0.36,0,23424.71,23233.7,,21798.68,
2024-05-24T00:00:00-05:00,15.57,15.867,16.097,,,,53117.29,30505,78,0.47,0,23217.27,23012.2,,19883.11,
2024-05-24T01:00:00-05:00,14.34,15.053,14.22,,,,50621.06,28569,78,0.51,0,23070.16,23083.6,,19016.79,
2024-05-24T02:00:00-05:00,13.12,14.045,13.35,,,,48768.13,27410,77,0.33,0,22785.49,23002.5,,18189.18,
2024-05-24T03:00:00-05:00,12.95,13.935,13.26,,,,47564.78,27092,76,0.32,0,22486.61,22612.1,,17907.1,
2024-05-24T04:00:00-05:00,12.68,15.332,12.332,,,,47286.17,27177,76,0.53,0,22423.32,22294.5,,18147,
2024-05-24T05:00:00-05:00,15.49,19.105,13.727,,,,48262.9,28640,76,0.71,0,21867.1,22315.6,,19210.08,
2024-05-24T06:00:00-05:00,15.7,19.4,14.793,,,,50064.76,30732,76,74.74,97.1,21243.79,22086.5,,20362.29,
2024-05-24T07:00:00-05:00,16.12,18.625,14.913,,,,51116.79,30753,77,2948.51,2888.2,19636.8,21719.4,,20398.28,
2024-05-24T08:00:00-05:00,15.96,18.775,15.432,,,,53532.61,30019,79,8668.7,9102.9,16778.63,20231.8,,20200.03,
2024-05-24T09:00:00-05:00,17.23,19.49,15.54,,,,56985.45,30554,81,11326.73,12808.8,16452.29,18444,,20549.94,
2024-05-24T10:00:00-05:00,20.15,21.74,12.415,,,,60544.34,31073,83,13634.03,14866,16114.21,16917,,20814.39,
2024-05-24T11:00:00-05:00,31.89,30.668,12.922,,,,64029.82,33383,85,15602.85,16229.6,14845.67,14593.9,,22757.75,
2024-05-24T12:00:00-05:00,33.41,48.662,18.127,,,,67441.75,37591,88,16638.69,17272,12263.52,12162,,26586.47,
2024-05-24T13:00:00-05:00,48.25,54.255,26.445,,,,70698.17,43071,89,16699.94,18020.1,9554.13,9909.6,,30888.23,
2024-05-24T14:00:00-05:00,59.84,62.625,42.92,,,,73041.26,47717,91,16193.36,18105,7438.93,8152.3,,34118.13,
2024-05-24T15:00:00-05:00,101.49,78.45,71.492,,,,74542.57,52139,91,14575.14,17719.2,5832.62,7216,,38105.7,
2024-05-24T16:00:00-05:00,213.19,98.478,87.73,,,,75294.96,53409,90,14186.84,16820.3,5097.54,6638,,38951.9,
2024-05-24T17:00:00-05:00,245.52,73.035,68.312,,,,74707.43,53303,89,13283.13,15751.1,5082.83,6468.7,,39089.37,
2024-05-24T18:00:00-05:00,332.49,46.892,45.798,,,,72384.6,53507,87,10476.12,12959.3,5511.96,6760.7,,39265.38,
2024-05-24T19:00:00-05:00,653.74,70.19,69.155,,,,69219.11,55605,86,4786.9,5566.5,6308.11,7958.3,,40648.38,
2024-05-24T20:00:00-05:00,485.04,61.463,62.143,,,,66765.27,56076,83,398.48,432.7,7807.16,10467.5,,40485.52,
2024-05-24T21:00:00-05:00,82.21,25.38,25.37,,,,64668.61,51548,79,0.05,0,10935.61,13304,,36889.93,
2024-05-24T22:00:00-05:00,32.09,21.142,21.17,,,,61655.18,45062,78,0.12,0,15062.91,15545.5,,31973.81,
2024-05-24T23:00:00-05:00,29.45,17.592,13.493,,,,58225.15,39004,78,0.26,0,18137.91,16775.5,,27082.68,
2024-05-25T00:00:00-05:00,21.18,16.095,11.795,,,,55237.3,33825,76,0.34,0,19897.63,18139.7,,23433.72,
2024-05-25T01:00:00-05:00,19.69,15.985,11.33,,,,52708.66,30914,76,0.32,0,20014.06,18025.3,,21256.48,
2024-05-25T02:00:00-05:00,17.94,13.465,10.785,,,,50837.01,29769,75,0.31,0,19332.83,17362.4,,20527.94,
2024-05-25T03:00:00-05:00,17.05,12.15,10.1,,,,49246.72,29011,75,0.32,0,18837.96,16381.9,,19975.19,
2024-05-25T04:00:00-05:00,17.9,11.765,10.665,,,,48270.36,29523,74,0.33,0,17547.78,15217.6,,20746.31,
2024-05-25T05:00:00-05:00,18.49,14.382,14.225,,,,47936.39,31086,74,0.31,0,15693.43,13970.2,,22233.65,
2024-05-25T06:00:00-05:00,19.11,17.253,17.173,,,,47706.66,32819,74,53.93,108.4,14090.85,12947,,23580.98,
2024-05-25T07:00:00-05:00,17.14,17.015,16.85,,,,48446.03,33037,76,2524.44,2968.5,12410.86,12307.5,,23602.38,
2024-05-25T08:00:00-05:00,14.28,15.247,14.573,,,,51428.96,31904,79,8005.5,9472.2,10598.87,11668.1,,22715.36,
2024-05-25T09:00:00-05:00,14.12,11.862,9.342,,,,55399.4,30095,81,11870.51,13132.2,11627.11,12194.7,,20987.11,
2024-05-25T10:00:00-05:00,17.22,13.04,7.195,,,,59436.61,29975,84,14387.36,15085.3,12968.48,13397.1,,20501.72,
2024-05-25T11:00:00-05:00,25.43,20.852,4.493,,,,63280.89,31240,87,15361.99,16366.7,14330.19,14407.5,,21294.55,
2024-05-25T12:00:00-05:00,33.88,25.142,5.363,,,,66712.25,32129,90,16028.02,17218.7,16365.96,16069.9,,22336.6,
2024-05-25T13:00:00-05:00,39.13,39.855,9.565,,,,69586.11,32755,93,16068.01,17880.5,18786.53,18548.2,,22863.35,
2024-05-25T14:00:00-05:00,51.11,43.973,13.51,,,,71809.62,35363,94,15773.17,17870.9,19575.59,21120.2,,24746.69,
2024-05-25T15:00:00-05:00,56.14,42.087,16.003,,,,73343.86,37350,95,15214.2,17426.1,20314.13,23080.2,,26299.45,
2024-05-25T16:00:00-05:00,58.67,42.67,18.498,,,,74129.67,39872,94,13091.58,16408,20783.7,24373.4,,28566.4,
2024-05-25T17:00:00-05:00,52.15,31.385,18.47,,,,73830.75,40980,93,11624,15147.2,20633.69,25088.5,,29463.88,
2024-05-25T18:00:00-05:00,42.01,26.238,15.848,,,,72243.5,41586,91,9445.68,12178.4,20573.87,25303.4,,29837.27,
2024-05-25T19:00:00-05:00,37.9,37.015,24.723,,,,69536.78,44030,89,4007.94,5400.5,21192.04,24241.1,,31641.44,
2024-05-25T20:00:00-05:00,44.63,29.31,26.892,,,,66923.55,45652,86,278.05,431.7,20515.66,23771.2,,32881.22,
2024-05-25T21:00:00-05:00,23.74,20.72,20.3,,,,64927.18,43340,84,0.21,0,21420.97,24203.5,,31296.1,
2024-05-25T22:00:00-05:00,19.88,19.137,19.517,,,,62330.37,40606,83,0.25,0,21566.56,25078.6,,29100.53,
2024-05-25T23:00:00-05:00,16.86,19.255,17.13,,,,59296.1,37673,82,0.39,0,21543.55,25812.6,,26946.76,
2024-05-26T00:00:00-05:00,14.81,14.7,10.982,,,,56237.25,33840,80,0.42,0,22685.09,25505,,23942.41,
2024-05-26T01:00:00-05:00,13.4,13.305,5.95,,,,53746.78,30693,80,0.41,0,23608.11,25186.7,,21552.23,
2024-05-26T02:00:00-05:00,11.12,11.878,3.782,,,,51904.5,29093,79,0.47,0,23337.01,24703.5,,20155.89,
2024-05-26T03:00:00-05:00,10.96,11.252,3.74,,,,50344.56,28723,78,0.45,0,21883.33,24156.3,,19818.71,
2024-05-26T04:00:00-05:00,8.48,11.035,5.368,,,,49250.33,28726,77,0.44,0,21150.4,23298.1,,19895.2,
2024-05-26T05:00:00-05:00,9.19,11.495,7.797,,,,48683.78,29300,77,0.45,0,20105.2,22404.1,,20505.75,
2024-05-26T06:00:00-05:00,8.72,11.388,7.06,,,,48077.33,29285,78,32.15,107.9,19611.62,21587.2,,20434.28,
2024-05-26T07:00:00-05:00,7.34,8.895,3.775,,,,48608.68,28096,78,2628.75,3026,18235.18,21100.9,,19291.19,
2024-05-26T08:00:00-05:00,7.21,10.822,3.473,,,,51478.4,27118,80,8133.8,10029,15670.7,19448.7,,18808.58,
2024-05-26T09:00:00-05:00,10.11,12.615,4.2,,,,55535.96,27733,83,11846.33,13806.7,14043.2,18154.2,,19740.98,
2024-05-26T10:00:00-05:00,13.01,16.575,5.313,,,,59560.42,29660,85,14440.24,15611.9,12999.62,17753,,21041.08,
2024-05-26T11:00:00-05:00,24.08,18.553,9.302,,,,63470.22,32928,88,16580.65,16784.4,11044.02,16083.9,,23488.65,
2024-05-26T12:00:00-05:00,31.12,27.692,11.85,,,,67085.15,36051,89,17493.75,17432.8,10601.09,14222.3,,25161.86,
2024-05-26T13:00:00-05:00,37.92,20.492,12.653,,,,70179.2,39114,91,17371.12,17691.6,10313.3,12974.7,,27483.32,
2024-05-26T14:00:00-05:00,44.78,22.458,13.662,,,,72579.97,41180,92,17709.5,17695.3,10395.78,12323.7,,29114.6,
2024-05-26T15:00:00-05:00,61.58,33.972,21.725,,,,74137.53,43909,93,16956.9,17362.4,10610.46,12198.9,,31580.05,
2024-05-26T16:00:00-05:00,84.73,39.638,25.427,,,,75003.21,46224,94,16326.26,16894.7,10625.79,12047.3,,33868.71,
2024-05-26T17:00:00-05:00,112.28,42.38,27.66,,,,75155.97,47885,94,15402.71,16082,10394.3,11693.7,,35043.49,
2024-05-26T18:00:00-05:00,215.26,49.977,37.023,,,,74136.05,51009,92,12262.94,13371,9564.34,10952.3,,37546.33,
2024-05-26T19:00:00-05:00,1015.37,83.385,80.332,,,,71895.56,55136,90,5936.46,6202.3,9229.19,9608.6,,40746.57,
2024-05-26T20:00:00-05:00,1519.59,100.845,101.472,,,,69253.44,57826,86,596.58,502.6,8527.46,9430,,42098.45,
2024-05-26T21:00:00-05:00,349.29,55.875,53.818,,,,67159.61,55541,84,0.11,0,9212,9949.7,,40134.97,
2024-05-26T22:00:00-05:00,70.52,35.672,35.595,,,,63566.01,52536,82,0.19,0,8863.27,10297.3,,38136.11,
2024-05-26T23:00:00-05:00,39.36,35.25,34.88,,,,59486.47,50059,80,0.37,0,7812.22,10370.8,,36634.62,
2024-05-27T00:00:00-05:00,32.5,26.758,26.727,,,,55955.89,46470,79,0.4,0,8025.75,9445.6,,33721.62,
2024-05-27T01:00:00-05:00,28.78,21.8,22.055,,,,53018.01,42995,77,0.4,0,9059.2,9445,,31005.28,
2024-05-27T02:00:00-05:00,22.84,17.932,18.055,,,,50938.12,39467,76,0.41,0,10741.23,9594.7,,28368.1,
2024-05-27T03:00:00-05:00,22.04,18.315,18.607,,,,49772.4,38425,75,0.45,0,10710.64,9382.5,,27956.58,
2024-05-27T04:00:00-05:00,20.63,19.135,19.865,,,,49118.38,39152,75,0.43,0,9454.55,8924.8,,28341.53,
2024-05-27T05:00:00-05:00,20.99,20.675,21.582,,,,49299.27,40415,76,0.44,0,8158.57,8328.3,,29056.9,
2024-05-27T06:00:00-05:00,18.62,21.162,22.2,,,,49284.84,41910,75,84.86,158.2,6537.6,7785.1,,29738.92,
2024-05-27T07:00:00-05:00,15.84,19.985,19.988,,,,49573.76,41239,78,3231.07,3912,5151,7151.4,,29517.22,
2024-05-27T08:00:00-05:00,14.21,19.427,19.368,,,,52217.85,39519,81,9295.08,11926.4,3246.26,5648.1,,28698.7,
2024-05-27T09:00:00-05:00,14.74,22.107,21.963,,,,56112.76,41063,84,12724.14,15722.8,2336.8,4548.3,,29760.37,
2024-05-27T10:00:00-05:00,20.52,30.968,26.293,,,,60258.6,42827,87,14617.62,16893.3,3415.52,4779.2,,30594.57,
2024-05-27T11:00:00-05:00,35.64,49.405,35.038,,,,64287.46,44529,90,16310.12,17769.2,4607.43,5369,,31680.49,
2024-05-27T12:00:00-05:00,45,76.837,53.52,,,,67490.02,47221,93,17222.4,18447.7,4568.6,5937.7,,33905.15,
2024-05-27T13:00:00-05:00,62.51,74.83,54.062,,,,70411.79,49818,94,17768.96,18281,4877.36,6469.8,,36262.88,
2024-05-27T14:00:00-05:00,85.11,92.377,64.455,,,,73167.44,51619,95,17590.59,18219.1,5788.38,7078.8,,37293.2,
2024-05-27T15:00:00-05:00,109.92,122.05,77.755,,,,75335.86,53014,96,17011.04,17831,6743.36,7857.4,,38500.58,
2024-05-27T16:00:00-05:00,166.13,197.045,123.17,,,,76076.15,53891,95,15699.58,16301.5,7503.77,8703.4,,39288.61,
2024-05-27T17:00:00-05:00,148.63,222.232,130.752,,,,75270.7,54045,94,13825,15182.2,8432.12,9854.9,,39515.49,
2024-05-27T18:00:00-05:00,139.51,153.018,97.198,,,,73300.56,54176,90,10253.13,12260.3,10066.07,11068.3,,39583.82,
2024-05-27T19:00:00-05:00,277.93,151.47,108.532,,,,70774.87,55799,89,4722.73,5317.4,10626.04,11821.3,,40528.87,
2024-05-27T20:00:00-05:00,144.88,129.208,101.76,,,,68196.19,56092,86,506.32,450,12038.13,14633.7,,40376.9,
2024-05-27T21:00:00-05:00,32.24,65.06,43.668,,,,66704.66,51056,84,0.09,0,15364.27,18299.1,,36715.52,
2024-05-27T22:00:00-05:00,23.67,21.457,21.61,,,,63072.93,44830,83,0.23,0,18555.26,20142.7,,31845.06,
2024-05-27T23:00:00-05:00,21.23,19.257,16.13,,,,58744.45,39704,82,0.4,0,20528.7,20597.7,,27579.22,
2024-05-28T00:00:00-05:00,19.17,18.048,15.652,,,,55002.96,34292,81,0.39,0,22774.92,19378.4,,24100.4,
2024-05-28T01:00:00-05:00,16.53,17.915,15.43,,,,52222.04,32415,80,0.91,0,22083.18,18807.1,,23007.58,
2024-05-28T02:00:00-05:00,13.87,15.46,14.987,,,,50072.08,31686,79,0.4,0,20650.36,17840.1,,22525.13,
2024-05-28T03:00:00-05:00,14.77,15.928,15.912,,,,49137.44,32411,78,0.41,0,18430.55,16732.1,,23103.12,
2024-05-28T04:00:00-05:00,14.69,16.933,16.933,,,,48861.47,33092,78,0.4,0,17434.95,15759.1,,23735.67,
2024-05-28T05:00:00-05:00,17.3,18.38,18.38,,,,49758.59,35389,75,0.4,0,15736.72,15050.5,,25200.58,
2024-05-28T06:00:00-05:00,22.43,17.95,16.898,,,,51236.04,34588,74,31.25,117.2,15761.88,15029.2,,24252.47,
2024-05-28T07:00:00-05:00,21.08,17.695,13.342,,,,52405.69,32212,75,2346.12,3082.3,16159.66,14989.6,,22699.98,
2024-05-28T08:00:00-05:00,17.44,17.827,6.498,,,,54697.69,30328,77,7692.57,9616.5,14834.88,14154.4,,20985.05,
2024-05-28T09:00:00-05:00,19.6,17.77,4.435,,,,57657.91,29660,79,9339.07,13295.2,15808.62,14314.9,,20400.38,
2024-05-28T10:00:00-05:00,23.31,22.885,4.28,,,,60968.44,29798,81,10069.56,14839.8,17383.46,15078.5,,20609.22,
2024-05-28T11:00:00-05:00,26.08,31.592,4.69,,,,64107.25,31412,82,10248.91,15809.3,17401.3,15640.2,,21529.93,
2024-05-28T12:00:00-05:00,31.37,58.828,8.35,,,,66798.53,32517,84,10955.28,16480.5,17260.2,16818.8,,22238.53,
2024-05-28T13:00:00-05:00,41.1,18.962,4.993,,,,69148.51,32210,84,11150.05,15526,16913.86,17962,,22205.15,
2024-05-28T14:00:00-05:00,46.48,14.783,5.897,,,,70673.46,31403,84,10726.66,15175.7,17484.59,18510.9,,21608.69,
2024-05-28T15:00:00-05:00,50.15,12.8,4.447,,,,71449.23,30949,84,9414.42,14087.1,19533.3,19336.9,,21097.32,
2024-05-28T16:00:00-05:00,55.33,9.777,3.555,,,,71327.69,29500,84,9611.83,11874.2,21095.09,20604,,19966.47,
2024-05-28T17:00:00-05:00,45.12,9.76,4.782,,,,70189.13,28816,83,9782.81,10149.9,21903.6,21485.2,,19549.62,
2024-05-28T18:00:00-05:00,38.8,13.602,9.835,,,,68521.52,30306,81,7176.3,7550.6,22907.15,21832.9,,20813.89,
2024-05-28T19:00:00-05:00,50.46,17.312,16.395,,,,66263.87,34801,80,2520.43,3347,21532.46,21756.5,,24953.81,
2024-05-28T20:00:00-05:00,41.17,18.95,18.587,,,,64481.98,36273,78,243.14,307.9,21058.92,21586.1,,26050.73,
2024-05-28T21:00:00-05:00,28.52,15.68,15.355,,,,62877.62,34508,76,0.29,0,21721.53,21250.1,,24592.54,
2024-05-28T22:00:00-05:00,22.2,12.433,11.34,,,,59562.97,31850,75,0.57,0,21597.36,21432.4,,22534.24,
2024-05-28T23:00:00-05:00,17.59,12.42,12.368,,,,55658.13,30619,74,0.26,0,19543.34,20606.8,,21596.58,
2024-05-29T00:00:00-05:00,15.8,11.155,10.815,,,,51484,27970,73,0.77,0,19238.58,17932.8,,18912.71,
2024-05-29T01:00:00-05:00,15.67,12.872,12.872,,,,48974.84,28933,72,0.29,0,15883.22,15728.6,,19900.53,
2024-05-29T02:00:00-05:00,15.88,13.985,13.985,,,,47253.19,29767,71,0.29,0,13350.84,14034.8,,20679.79,
2024-05-29T03:00:00-05:00,15.23,13.435,13.435,,,,46240.11,30170,71,0.28,0,12257.39,12431,,21043.92,
2024-05-29T04:00:00-05:00,16.55,14.72,14.72,,,,46130.64,31080,70,0.46,0,11345.88,11281.6,,22052.47,
2024-05-29T05:00:00-05:00,18.33,14.455,14.455,,,,47142.15,31369,70,0.31,0,12025.54,11108.8,,22460.29,
2024-05-29T06:00:00-05:00,22.23,13.058,13.018,,,,48852.32,31067,69,40.44,98.1,13784.22,10630.5,,22169.43,
2024-05-29T07:00:00-05:00,20.07,13.632,13.632,,,,50217.66,32276,71,1802.7,2031.7,11881.02,9805.9,,22920.14,
2024-05-29T08:00:00-05:00,20.01,14.93,14.93,,,,52035.77,32016,74,6644.62,5989.7,9033.09,8885.5,,22842.49,
2024-05-29T09:00:00-05:00,18.67,17.257,17.257,,,,54485.15,33475,77,9717.85,8781.9,6716.87,8626.6,,24008.2,
2024-05-29T10:00:00-05:00,18.55,17.877,17.877,,,,57233.38,34348,80,13048.45,10912.4,5280.11,8562.1,,24262.15,
2024-05-29T11:00:00-05:00,21.39,22.322,22.275,,,,60029.45,37250,82,14948.28,12340.1,3767.61,8072.5,,26150.21,
2024-05-29T12:00:00-05:00,24.61,40.802,40.752,,,,62546.75,40698,84,15708.46,13330.7,3142.16,7660.2,,28160.12,
2024-05-29T13:00:00-05:00,29.58,59.43,59.35,,,,64793.15,43545,86,16725.88,13290.4,2941.76,7656.3,,29997.24,
2024-05-29T14:00:00-05:00,30.45,148.475,144.005,,,,66414.7,45904,87,16616.15,13077.4,3126.59,7934,,31893,
2024-05-29T15:00:00-05:00,30.02,99.663,99.663,,,,67191.24,48087,88,15968.26,12212.9,3937.82,8669.4,,33909.41,
2024-05-29T16:00:00-05:00,37.16,150.545,150.38,,,,67510.36,48490,88,14568.72,10457.6,5594.85,10011.4,,34483.1,
2024-05-29T17:00:00-05:00,34.09,42.603,42.145,,,,67032.76,47363,87,13445.78,9125.4,8048.88,11775.8,,33561.14,
2024-05-29T18:00:00-05:00,27.61,33.733,33.345,,,,65764.33,46325,86,10615.84,7115.8,11111.02,13214.9,,32988.12,
2024-05-29T19:00:00-05:00,32.88,42.698,42.7,,,,63732.06,46455,84,4698.42,3773.3,14722.12,13369.5,,33078.28,
2024-05-29T20:00:00-05:00,36.54,61.313,60.912,,,,61909.84,46496,82,385.87,330.4,16538.7,14017,,33099.77,
2024-05-29T21:00:00-05:00,27.83,43.265,43.22,,,,60366.36,44621,81,0.18,0,17512.4,14722.5,,31635.92,
2024-05-29T22:00:00-05:00,22.61,21.548,21.515,,,,57235.38,39932,80,0.42,0,19587.93,15245,,27726.02,
2024-05-29T23:00:00-05:00,18.39,19.38,19.343,,,,53637.94,35333,79,0.71,0,20494.76,15035.6,,24340.78,
2024-05-30T00:00:00-05:00,14.34,19.252,19.252,,,,47948.54,32826,78,0.65,0,19801.04,17021.5,,22536.42,
2024-05-30T01:00:00-05:00,13.21,18.198,18.19,,,,46022.71,31148,77,0.63,0,19280.94,16194.9,,21442.58,
2024-05-30T02:00:00-05:00,12.63,15.858,15.842,,,,44910.58,29234,76,0.8,0,19794.25,15175.6,,20467.24,
2024-05-30T03:00:00-05:00,13.3,14.592,14.592,,,,44143.07,27911,75,0.83,0,20120.71,14023.1,,19402.21,
2024-05-30T04:00:00-05:00,15.41,15.795,15.795,,,,44204.92,28781,75,0.48,0,18503.36,12998.7,,20251.22,
2024-05-30T05:00:00-05:00,18.04,21.41,21.41,,,,45278.47,31999,75,0.45,0,16087.88,11940.4,,22169.77,
2024-05-30T06:00:00-05:00,22.69,35.39,35.39,,,,46893.48,35446,76,54.67,68.9,14311.61,10954.8,,23879.5,
2024-05-30T07:00:00-05:00,22.43,27.782,27.782,,,,48392.38,35712,77,2101.28,1568.4,13100.78,10164.9,,24352.3,
2024-05-30T08:00:00-05:00,20.56,25.31,25.635,,,,50513.53,34826,79,6471.87,4839.7,12012.9,9948.6,,23928.07,
2024-05-30T09:00:00-05:00,16.14,23.255,23.27,,,,52657.45,34364,81,8700.56,7218.9,12965.86,10556.2,,23503.6,
2024-05-30T10:00:00-05:00,19.27,21.055,20.81,,,,55190.33,34233,82,9792.64,9169.1,14772.72,10625.3,,23398.37,
2024-05-30T11:00:00-05:00,22.61,25.258,20.365,,,,57689.2,34610,83,10907.1,10644.4,15593.82,10436.8,,23405.22,
2024-05-30T12:00:00-05:00,24.58,45.408,19.327,,,,59905.19,34832,84,11662.23,11760.7,17149.67,10982.1,,23502.47,
2024-05-30T13:00:00-05:00,25.47,439.318,78.757,,,,61986.53,35758,85,12309.77,12634.6,16999.76,12021.1,,24596.49,
2024-05-30T14:00:00-05:00,25.45,29.157,24.947,,,,63344.36,38252,85,12545.67,12533.8,15233.65,13061,,26182.22,
2024-05-30T15:00:00-05:00,26.17,170.95,159.49,,,,63822.68,40344,84,10659.6,11909.2,14151,14828.8,,28326.46,
2024-05-30T16:00:00-05:00,25.46,86.802,75.292,,,,63674.97,42550,82,9215.94,10382,13178.16,16938.8,,29657.3,
2024-05-30T17:00:00-05:00,21.46,58.028,55.977,,,,62418.83,42488,81,8301.81,9153.5,13376.87,19342.1,,29620.18,
2024-05-30T18:00:00-05:00,19.57,44.28,43.225,,,,60830.1,42904,81,5310.07,7089.9,14017.51,21252.8,,29966.86,
2024-05-30T19:00:00-05:00,26.17,37.457,37.02,,,,59009.12,42799,79,2291.36,3775,15153.36,21697.5,,29867.85,
2024-05-30T20:00:00-05:00,25.99,66.102,65.505,,,,57407.25,43313,77,208.37,344.5,15675.28,22071.6,,29827.67,
2024-05-30T21:00:00-05:00,20.12,33.435,33.022,,,,56298.31,40967,76,0.37,0,16283.2,22282.5,,28304.16,
2024-05-30T22:00:00-05:00,16.7,38.525,38.115,,,,54081.11,38718,75,0.16,0,16057.66,22435.5,,26028.42,
2024-05-30T23:00:00-05:00,14.58,20.51,20.26,,,,51342.5,35121,74,0.16,0,16769.72,22339.3,,23683.94,
2024-05-31T00:00:00-05:00,16.62,17.045,16.972,,,,51490.92,31876,73,0.21,0,17568.44,21037.7,,22306.82,
2024-05-31T01:00:00-05:00,16.19,19.527,19.635,,,,48933.38,32291,73,0.45,0,15015.01,19613.4,,22785.86,
2024-05-31T02:00:00-05:00,15.51,19.115,19.905,,,,47252.54,32094,73,0.17,0,13982.21,18633.2,,22506.56,
2024-05-31T03:00:00-05:00,15.87,19.07,19.565,,,,46265.33,32663,72,0.25,0,12604.9,17566.2,,22827.05,
2024-05-31T04:00:00-05:00,17.7,17.138,17.473,,,,46175.69,32576,71,0.28,0,12407.86,16103.2,,23263.62,
2024-05-31T05:00:00-05:00,20.21,18.922,19.268,,,,47055.7,33577,70,0.28,0,11972.39,14679.3,,24092.93,
2024-05-31T06:00:00-05:00,28.02,27.978,27.983,,,,48585.85,37182,69,4.27,68.2,9481.92,13163.3,,26224.62,
2024-05-31T07:00:00-05:00,24.51,21.697,21.697,,,,50044.5,37304,68,682.5,1552.3,8783.05,11883.5,,26029.62,
2024-05-31T08:00:00-05:00,21.22,15.585,15.545,,,,52102.93,34054,69,3202.92,4678.4,9944.84,11201.6,,23873.53,
2024-05-31T09:00:00-05:00,19.21,13.28,13.248,,,,54690.83,32130,71,5615.34,7019.6,10654.24,11154.5,,22857.44,
2024-05-31T10:00:00-05:00,20.38,12.495,12.418,,,,57334.4,31679,73,8378.36,9029.5,9614.91,11022.2,,22543.93,
2024-05-31T11:00:00-05:00,24.52,9.005,8.675,,,,59750.32,29661,76,12342.2,10407.4,8905.41,10783,,20759.53,
2024-05-31T12:00:00-05:00,28.29,8.253,8.423,,,,61825.44,29532,80,14316.49,11597,9144.61,10793,,20760.21,
2024-05-31T13:00:00-05:00,30.4,14.35,14.1,,,,63790.63,33096,83,14609.73,12384.2,8437.6,10996.3,,24439.99,
2024-05-31T14:00:00-05:00,31.38,20.392,20.05,,,,65121.4,36235,85,14931.48,12127.3,7533.36,10413.2,,26855.18,
2024-05-31T15:00:00-05:00,37.74,21.987,21.71,,,,65663.51,39002,86,15129.43,11652.9,7033.18,10195.5,,28276.22,
2024-05-31T16:00:00-05:00,51.36,34.592,34.372,,,,65749.43,41014,87,14751.86,11201.3,7509.78,10381.9,,29542.22,
2024-05-31T17:00:00-05:00,51.5,25.3,25.088,,,,65133.73,42422,87,12497.87,10137,9120.62,10817.1,,30394.81,
2024-05-31T18:00:00-05:00,39.25,34.313,34.115,,,,63600.07,42672,85,9392.17,8056.2,11092.32,11727,,30498.27,
2024-05-31T19:00:00-05:00,56.9,31.067,30.797,,,,61489.84,43641,83,4121.1,4317.9,13376.05,12125,,31109.32,
2024-05-31T20:00:00-05:00,67.92,37.217,37.032,,,,59571.83,44178,80,310.35,403.1,14709.4,12352.3,,31499.4,
2024-05-31T21:00:00-05:00,51.72,22.81,22.765,,,,58409.34,42433,78,0.22,0,15081.26,12592.7,,30613.88,
2024-05-31T22:00:00-05:00,29.81,19.885,19.885,,,,56355.85,40000,75,0.33,0,15041.66,12846.5,,28742.61,
2024-05-31T23:00:00-05:00,24.97,17.825,17.825,,,,53675.32,37554,75,0.35,0,14272.47,12624.6,,26940.02,
2024-06-01T00:00:00-05:00,24.8,17.97,17.97,,,,50766.75,35270,74,0.38,0,13885.01,12112.3,,25335.32,
2024-06-01T01:00:00-05:00,20.71,14.345,14.345,,,,48691.98,32660,72,0.41,0,13962.03,10983,,23265.13,
2024-06-01T02:00:00-05:00,21.86,8.095,7.982,,,,47257.39,27844,72,0.78,0,17043.46,9619.7,,18745.05,
2024-06-01T03:00:00-05:00,22.16,5.615,4.86,,,,45927.38,25412,72,0.91,0,18720.7,8197.7,,16707.32,
2024-06-01T04:00:00-05:00,23.37,8.74,8.288,,,,45225.09,27352,72,0.6,0,16184.52,7016.3,,18799.02,
2024-06-01T05:00:00-05:00,25.1,15.65,15.65,,,,45123.12,32446,72,0.47,0,11097.23,6246.9,,23609.38,
2024-06-01T06:00:00-05:00,24.4,16.335,16.335,,,,45231.17,34206,72,123.41,113,9165.72,5860.5,,24993.91,
2024-06-01T07:00:00-05:00,20.27,14.243,14.243,,,,46211.15,33161,73,2582.17,2132.2,8667.93,5770.7,,24231.51,
2024-06-01T08:00:00-05:00,19.56,14.615,14.615,,,,48756.44,32894,75,7352.48,6127.5,6771.92,5838.4,,24095.08,
2024-06-01T09:00:00-05:00,20.05,14.062,14.062,,,,51880.48,32340,79,10962.86,8865.1,6822.74,6185.9,,23846.28,
2024-06-01T10:00:00-05:00,21.55,20.08,20.08,,,,54994.66,35884,82,11554.29,11058.3,5933.85,6575.3,,26522.09,
2024-06-01T11:00:00-05:00,23.73,27.24,27.138,,,,57969.14,38657,84,12854.73,12623.3,5299.81,6991.5,,28170.68,
2024-06-01T12:00:00-05:00,30.23,19.895,19.875,,,,60463.74,39501,83,14166.44,13880.9,5206.9,7478.3,,28729.19,
2024-06-01T13:00:00-05:00,30.4,17.177,16.897,,,,62565.42,38051,83,14252.42,15250.2,6362.18,8221.6,,28051.11,
2024-06-01T14:00:00-05:00,27.98,17.385,17.01,,,,64345.23,37555,84,14499.09,14928.7,7136.51,9471.3,,28009.09,
2024-06-01T15:00:00-05:00,28.41,21.112,20.633,,,,65683.04,40187,87,14333.15,14186.6,6725.01,11476.1,,29585.68,
2024-06-01T16:00:00-05:00,32.65,30.073,29.49,,,,66538.43,42390,88,13572.34,13108.5,7173.61,13431,,30521.88,
2024-06-01T17:00:00-05:00,31.56,23.993,20.595,,,,66567.7,43066,87,12035.37,11588.3,8989.11,15475.6,,30887.61,
2024-06-01T18:00:00-05:00,30.92,23.405,22.747,,,,65524.12,43039,85,8680.41,8489.7,11599.58,17255.3,,30968.49,
2024-06-01T19:00:00-05:00,49.56,33.778,32.83,,,,63615.24,45001,83,2867.11,3124.2,13942.18,16576.3,,32020.95,
2024-06-01T20:00:00-05:00,45.48,23.67,23.66,,,,61585.24,45004,81,174.91,283.7,14771.1,15933.3,,32152.55,
2024-06-01T21:00:00-05:00,27.26,18.625,18.45,,,,60096.37,42352,79,1.35,0,16422.93,15815,,30479.65,
2024-06-01T22:00:00-05:00,23.58,18.758,18.727,,,,57932.77,39937,78,0.18,0,16658.99,16239.9,,28385.48,
2024-06-01T23:00:00-05:00,19.87,18.653,18.59,,,,55309.01,37392,77,0.2,0,16235.48,16809.9,,26203.16,
2024-06-02T00:00:00-05:00,16.02,15.875,15.755,,,,52248.64,33748,76,0.32,0,17366.26,19873.6,,23478.69,
2024-06-02T01:00:00-05:00,13.89,13.07,12.803,,,,50265.79,30579,76,0.33,0,18560.21,19363,,21288.26,
2024-06-02T02:00:00-05:00,13.25,11.247,10.783,,,,48747.24,29774,75,0.3,0,17790.5,18359.2,,20554.43,
2024-06-02T03:00:00-05:00,12.76,14.097,13.992,,,,47147.44,31031,75,0.3,0,15380,17304.4,,21840.23,
2024-06-02T04:00:00-05:00,13.49,15.06,15.007,,,,46213.76,31983,75,0.3,0,13548.33,16084.1,,22584.32,
2024-06-02T05:00:00-05:00,14.95,14.97,14.953,,,,45842.55,31731,75,0.31,0,13659.68,14747.8,,22421.91,
2024-06-02T06:00:00-05:00,15.17,14.037,14.04,,,,45599,31489,75,71.61,103.9,13847.4,13811.8,,22056.03,
2024-06-02T07:00:00-05:00,12.55,12.893,12.862,,,,46404.36,31221,76,1729.17,2047.6,13213.25,14107.9,,21563.93,
2024-06-02T08:00:00-05:00,10.03,8.653,8.653,,,,49027.58,28479,78,5539.89,6244.7,14324.28,15263.4,,18897.41,
2024-06-02T09:00:00-05:00,10.35,9.225,4.18,,,,52593.12,25494,80,8519.08,9203.8,17665.98,16786.5,,16819.92,
2024-06-02T10:00:00-05:00,13.17,5.005,1.448,,,,56350.73,24841,83,10777.03,11913.2,18574.19,17647,,16651.1,
2024-06-02T11:00:00-05:00,16.08,8.085,1.838,,,,60261.59,25582,86,12440.07,13585.6,19481.11,18072.9,,17335.72,
2024-06-02T12:00:00-05:00,23.13,13.247,6.028,,,,63599.74,28349,89,13865.09,14724.7,19201.09,18377.4,,19971.98,
2024-06-02T13:00:00-05:00,28.62,18.82,9.75,,,,66162.7,31764,90,14703.78,15593.1,18146.78,18479.6,,23184.57,
2024-06-02T14:00:00-05:00,30.35,35.45,16.64,,,,67949.77,35252,91,14764.09,15494.7,17236.17,18441.2,,25994.47,
2024-06-02T15:00:00-05:00,34.53,55.218,29.607,,,,68866.89,39670,91,13982.15,14819.1,15212.78,18423.1,,29013.86,
2024-06-02T16:00:00-05:00,37.21,62.32,46.35,,,,68801.71,43842,91,11631.68,13417.4,13541.4,19084.4,,31492.27,
2024-06-02T17:00:00-05:00,33.43,19.958,18.517,,,,67912.19,42833,88,10201.06,12001.1,15273.63,20655,,31255.23,
2024-06-02T18:00:00-05:00,32.82,17.165,15.553,,,,66105.68,41622,86,6976.15,9303.4,17775.45,21953,,30316.3,
2024-06-02T19:00:00-05:00,40.91,20.455,18,,,,63782.74,42444,84,2516.44,4222.7,19018.88,22210.2,,30724.46,
2024-06-02T20:00:00-05:00,37.84,20.872,15.735,,,,61820.26,41222,82,306.95,425.6,20948.87,22706.2,,30120.95,
2024-06-02T21:00:00-05:00,25.87,19.428,14.465,,,,60186.19,40050,80,0.36,0,21251.31,23357.5,,28752.92,
2024-06-02T22:00:00-05:00,19.76,20.412,16.26,,,,57448.33,38270,79,0.32,0,20582.8,24046.4,,27578.08,
2024-06-02T23:00:00-05:00,17.65,16.302,16,,,,54262.54,34757,78,0.42,0,20505.01,24298.7,,24574.89,
2024-06-03T00:00:00-05:00,16.18,15.77,15.855,,,,52835.64,31016,78,0.52,0,21236.09,24036,,20898.21,
2024-06-03T01:00:00-05:00,13.29,12.665,12.705,,,,50381.2,27794,77,0.69,0,22731.3,23900.1,,18442.18,
2024-06-03T02:00:00-05:00,11.33,10.525,9.385,,,,48636.24,25535,77,0.92,0,23946.31,23689,,16391.02,
2024-06-03T03:00:00-05:00,10.44,10.295,6.485,,,,47632.49,24221,77,0.88,0,24751.7,23566.6,,15292.64,
2024-06-03T04:00:00-05:00,10.44,10.15,3.94,,,,47546.97,24046,77,0.9,0,25302.61,23370.5,,14751.96,
2024-06-03T05:00:00-05:00,12.43,12.035,6.912,,,,48501.54,25069,77,0.95,0,25230.53,23161.6,,15796.3,
2024-06-03T06:00:00-05:00,12.19,12.168,10.565,,,,50079.61,26720,78,89.46,94.1,25009.25,22882.3,,17467.89,
2024-06-03T07:00:00-05:00,11.17,11.32,9.687,,,,51590.04,26591,79,2613.41,2344.6,24110.04,22771.1,,17145.15,
2024-06-03T08:00:00-05:00,9.54,12.088,10.325,,,,53842.44,26719,81,6171.4,7292.7,23108.59,22680.7,,17473.33,
2024-06-03T09:00:00-05:00,11.4,13.793,11.082,,,,56885.56,27726,83,7385.55,10353.6,23127.2,22479.7,,18606.48,
2024-06-03T10:00:00-05:00,14.4,123.2,27.08,,,,60204.94,29424,85,9136.35,12602.9,22657.33,21342.3,,20433.61,
2024-06-03T11:00:00-05:00,21.13,24.36,9.447,,,,63564.35,31493,87,11620.43,14170.3,21022.97,19295.2,,22408.29,
2024-06-03T12:00:00-05:00,23.5,48.827,20.293,,,,66667.4,35551,89,13900.82,15419.9,17501.26,17342.1,,26145.5,
2024-06-03T13:00:00-05:00,31.76,34,26.06,,,,69443.49,40381,90,14831.6,15835.6,14045.33,16224.1,,29608.95,
2024-06-03T14:00:00-05:00,31.98,29.078,26.355,,,,71191.05,43617,91,14230,15562.9,12691.62,15615,,31655.06,
2024-06-03T15:00:00-05:00,35.86,40.905,32.65,,,,71874.73,45312,91,13471.94,15100.7,12760.8,15578.5,,33142.36,
2024-06-03T16:00:00-05:00,48.09,24.723,22.34,,,,72149.71,45192,89,12970.04,13870.8,13179.23,16137.7,,33062.93,
2024-06-03T17:00:00-05:00,44.74,22.493,21.715,,,,71640.16,45044,88,11491.35,12835.9,13405.07,16859.8,,33006.82,
2024-06-03T18:00:00-05:00,39.62,21.735,21.198,,,,70135.28,45254,87,9355.83,10500.1,13557.25,17416.4,,32928.2,
2024-06-03T19:00:00-05:00,53.23,57.347,54.885,,,,68032.78,47983,86,4892.65,5182,13375.89,17807.3,,34272.22,
2024-06-03T20:00:00-05:00,38.85,110.887,111.677,,,,65971.4,49797,84,626.16,537.6,13187.69,19876,,35499.88,
2024-06-03T21:00:00-05:00,24.64,29.565,29.335,,,,64138.83,47805,83,172.42,0,14636.13,21483.3,,34712.05,
2024-06-03T22:00:00-05:00,20.79,25.915,25.812,,,,60890.18,44395,82,169.36,0,15939.19,22556.9,,31726.31,
2024-06-03T23:00:00-05:00,18.16,20.275,20.275,,,,57218,39521,81,0.22,0,17491.6,23232.8,,27755.43,
2024-06-04T00:00:00-05:00,16.08,17.978,18.112,,,,54761.86,34538,80,0.32,0,19527.77,23416,,23036.58,
2024-06-04T01:00:00-05:00,13.8,17.358,15.11,,,,52284.66,30358,79,0.4,0,21916.83,23667.5,,20158.53,
2024-06-04T02:00:00-05:00,12.01,15.385,13.795,,,,50534.61,28159,79,0.48,0,23082.18,23410.5,,18597.2,
2024-06-04T03:00:00-05:00,12.44,14.523,13.557,,,,49344.82,27485,79,0.65,0,23002.5,22917,,18019.89,
2024-06-04T04:00:00-05:00,13.39,16.137,14.868,,,,49095.14,28892,78,0.67,0,21821.54,22173.9,,19782.43,
2024-06-04T05:00:00-05:00,15.37,18.917,18.58,,,,49999.08,31882,78,0.4,0,20078.05,21848.3,,21845.73,
2024-06-04T06:00:00-05:00,14.75,20.047,20.037,,,,51515.49,33645,79,26.33,103.1,19842.81,21980.3,,22810.6,
2024-06-04T07:00:00-05:00,13.67,16.825,16.663,,,,52940.55,32330,78,2301.07,2763.9,19948.61,21606.1,,21902.57,
2024-06-04T08:00:00-05:00,11.84,16.695,13.575,,,,55281.85,29960,79,7414.69,8636.7,18580.65,20668.1,,20187.1,
2024-06-04T09:00:00-05:00,14.14,17.793,12.2,,,,58540.05,29817,82,10789.69,11774.8,17304.56,19455.9,,20030.89,
2024-06-04T10:00:00-05:00,17.29,21.38,11.965,,,,62132.69,31264,84,11602.34,13689.3,17411.06,18533.2,,21079.02,
2024-06-04T11:00:00-05:00,21.94,21.977,14.815,,,,65847.75,33570,87,12960.39,14913,16652.81,17407.7,,22801.38,
2024-06-04T12:00:00-05:00,30.34,23.232,13.732,,,,69356.02,35509,90,14406.67,15678.2,16057.28,16460.8,,24510.68,
2024-06-04T13:00:00-05:00,35.75,25.83,10.993,,,,72592.83,37150,93,15450.5,16116.5,16543.95,16105.6,,25508.46,
2024-06-04T14:00:00-05:00,41.64,26.14,11.98,,,,74685.05,39490,94,15595.31,15961.3,16965.93,16207.7,,27114.72,
2024-06-04T15:00:00-05:00,51.25,36.342,18.75,,,,75589.29,42770,95,14848.91,15517.3,16634.63,16045.9,,30117.66,
2024-06-04T16:00:00-05:00,63.93,25.68,18.67,,,,75934.15,44444,95,14645.02,14635.7,16267.11,15648.4,,31696.83,
2024-06-04T17:00:00-05:00,60.9,24.767,23.325,,,,75370.16,46429,95,13498.34,13580.6,15684.78,15271.5,,33123.33,
2024-06-04T18:00:00-05:00,62.12,51.005,54.763,,,,73760.18,49959,93,10059.64,10710.8,14546.08,15063.6,,35660.4,
2024-06-04T19:00:00-05:00,112.39,328.5,344.62,,,,71668.08,54350,91,3817.1,4359.5,13761.28,14849.3,,38201.88,
2024-06-04T20:00:00-05:00,78.99,272.64,272.022,,,,69274.64,55741,88,256.09,418.6,13488.36,15954,,39799.93,
2024-06-04T21:00:00-05:00,38.64,54.15,54.698,,,,67243.65,53525,86,0.95,0,14907.92,17810.4,,38806.49,
2024-06-04T22:00:00-05:00,26.97,27.533,27.638,,,,63555.83,49300,85,1.03,0,16375.5,19516.8,,35393.98,
2024-06-04T23:00:00-05:00,21.93,20.815,21.028,,,,59630.76,43907,83,1.09,0,18900.56,19925.4,,30773.12,
2024-06-05T00:00:00-05:00,18.56,20.707,20.075,,,,57446.54,39620,82,1.17,0,19385.44,20608.1,,28162.42,
2024-06-05T01:00:00-05:00,17.13,20.488,20.138,,,,54482.51,38590,80,0.89,0,17768.91,19855.9,,27333.67,
2024-06-05T02:00:00-05:00,16.58,17.885,17.838,,,,52366.45,36833,79,0.48,0,17106.49,18128.3,,26183.29,
2024-06-05T03:00:00-05:00,16.83,18.368,18.185,,,,51123.78,36749,78,0.48,0,15301.41,16137.5,,26191.74,
2024-06-05T04:00:00-05:00,17.79,16.398,16.255,,,,50800.55,36325,77,0.46,0,14926.41,14106.9,,25627.2,
2024-06-05T05:00:00-05:00,19.78,18.795,18.642,,,,51620.44,37970,76,0.47,0,13589.7,12888,,26933.03,
2024-06-05T06:00:00-05:00,22.17,22.407,22.278,,,,52971.25,41531,75,19.18,109.2,11069.62,12772.5,,29341.84,
2024-06-05T07:00:00-05:00,19.73,22.48,22.48,,,,54223.45,42368,76,1561.36,2582.9,9265.83,12445.2,,29269.28,
2024-06-05T08:00:00-05:00,17.1,18.875,18.875,,,,56526.13,39430,77,5491.74,8271.6,9386.06,11716.2,,27271.51,
2024-06-05T09:00:00-05:00,17.9,16.915,16.823,,,,59775.05,37332,77,8176.01,11771.9,9867.35,11662.3,,26388.56,
2024-06-05T10:00:00-05:00,20.97,15.19,15.1,,,,63396.02,36028,78,10563.2,13712.1,9214.5,11785.3,,25427.37,
2024-06-05T11:00:00-05:00,24.17,14.582,13.8,,,,67010.13,35554,80,12072.05,14997,8959.95,11851.8,,25206.02,
2024-06-05T12:00:00-05:00,31.72,16.235,15.055,,,,70370.15,36890,83,13105.59,15805.1,8312.18,12114.5,,26640.57,
2024-06-05T13:00:00-05:00,41.91,16.353,14.565,,,,73394.68,37881,86,14371.78,16082.2,8403.76,12302.2,,27723.5,
2024-06-05T14:00:00-05:00,47.2,18.733,17.188,,,,75445.76,39635,89,14983.36,15919.4,8269.81,12108.2,,29371.88,
2024-06-05T15:00:00-05:00,65.68,19.213,18.29,,,,76384.12,41424,90,15484.96,15539,8486.05,11862.3,,30173.44,
2024-06-05T16:00:00-05:00,80.04,21.41,20.973,,,,76796.51,43362,91,15414.28,14915.9,9131.06,11483.4,,31222.27,
2024-06-05T17:00:00-05:00,78.33,20.838,20.35,,,,76387.59,43955,91,14249.25,13798.6,10971.3,11326.7,,31584.81,
2024-06-05T18:00:00-05:00,78.27,23.022,21.4,,,,75001.57,45384,90,11323.4,11061.3,11723.21,11493.2,,32734.22,
2024-06-05T19:00:00-05:00,117.56,32.855,32.437,,,,72463.88,49513,87,5263.78,5133.7,11587.51,11150.3,,35563.99,
2024-06-05T20:00:00-05:00,138.92,32.36,32.05,,,,69739.55,52275,83,702.49,514.6,11078.05,11757,,37941.2,
2024-06-05T21:00:00-05:00,63.32,21.007,20.775,,,,67652.63,48567,80,1.01,0,13134.23,12722.9,,35145.17,
2024-06-05T22:00:00-05:00,28.51,21.938,21.767,,,,63845.33,44561,79,0.71,0,13486.74,13347,,31577.64,
2024-06-05T23:00:00-05:00,23.79,19.21,19.342,,,,59653.47,40647,77,0.83,0,13336.86,13517.4,,28511.3,
2024-06-06T00:00:00-05:00,20.13,16.537,15.985,,,,55245.61,37436,76,0.74,0,13249.47,14003.7,,26793.51,
2024-06-06T01:00:00-05:00,17.49,13.798,12.69,,,,52227.35,34239,75,0.83,0,13955.38,13512.2,,24707.95,
2024-06-06T02:00:00-05:00,16.44,11.44,9.97,,,,49968.94,32001,74,0.9,0,14464.4,12711,,22491,
2024-06-06T03:00:00-05:00,15.77,10.048,8.522,,,,48600.14,30357,73,0.86,0,15030.26,11820.4,,20919.65,
2024-06-06T04:00:00-05:00,15.29,9.662,8.32,,,,48083.49,29884,72,0.57,0,14948.98,10998.5,,20545.48,
2024-06-06T05:00:00-05:00,16.93,11.393,10.285,,,,48741.23,31505,72,0.35,0,13994.46,10189.3,,22275.01,
2024-06-06T06:00:00-05:00,20.2,14.185,14.1,,,,49967.98,34223,72,220.21,185.6,12254.99,9387.6,,24844.58,
2024-06-06T07:00:00-05:00,18.51,12.515,12.515,,,,51193.58,33268,76,4997.99,3807.3,10125.59,8109.7,,23727.33,
2024-06-06T08:00:00-05:00,16.12,11.328,11.328,,,,53894.25,31934,81,12785.38,11205.3,6713.39,6250.6,,22583.8,
2024-06-06T09:00:00-05:00,15.81,13.135,13.132,,,,57529.73,33138,84,15884.13,15053.5,5960.04,5172.5,,23917.45,
2024-06-06T10:00:00-05:00,18.67,16.115,16.025,,,,61631.12,35960,87,17134.48,16742,5649.34,4791,,26652.84,
2024-06-06T11:00:00-05:00,23.73,19.808,19.797,,,,65735.62,39690,90,17618.3,17637,5469.59,4139.4,,29215.64,
2024-06-06T12:00:00-05:00,37.55,28.753,24.997,,,,69540.38,43452,93,17773.04,18137.2,5601.94,3631.2,,31614.98,
2024-06-06T13:00:00-05:00,57.24,39.107,33.412,,,,72884.89,47262,94,17780.96,17891.7,5813.51,3732.5,,34520.14,
2024-06-06T14:00:00-05:00,68.75,37.668,31.145,,,,75242.86,49985,96,17762.3,17739.9,6005.11,4396.1,,36277.37,
2024-06-06T15:00:00-05:00,97,34.03,28.235,,,,76545.49,50520,97,17697.14,17415.2,6791.09,5274.7,,36801.92,
2024-06-06T16:00:00-05:00,120.69,33.503,24.762,,,,77293.93,50135,97,17409.79,16606.8,7768.24,6307.8,,36345.88,
2024-06-06T17:00:00-05:00,121.09,49.157,32.278,,,,77052.81,50609,96,15822.03,15597.9,8958.27,7622.1,,37371.88,
2024-06-06T18:00:00-05:00,96.92,26.113,17.798,,,,75634.65,49715,94,13194.19,12629.4,11908.64,9583.2,,36561.29,
2024-06-06T19:00:00-05:00,188.46,30.953,25.93,,,,72942.44,52592,91,5641.67,5486.1,15026.14,11179.7,,38448.49,
2024-06-06T20:00:00-05:00,120,25.372,24.297,,,,70008.56,52698,87,347.52,521.4,17057.8,13209,,38239.93,
2024-06-06T21:00:00-05:00,37.7,21.622,19.035,,,,67982.53,48358,85,3.23,0,18817.62,15492.3,,34719.37,
2024-06-06T22:00:00-05:00,25.32,21.258,20.912,,,,64181.22,44499,83,0.95,0,18543.38,16754.1,,31529.74,
2024-06-06T23:00:00-05:00,20.25,17.425,17.497,,,,60034.17,39609,81,0.28,0,18928.14,16297.5,,27185.09,
2024-06-07T00:00:00-05:00,15.33,15.253,14.675,,,,54414.72,36338,79,0.29,0,18416.84,18921.5,,25122.03,
2024-06-07T01:00:00-05:00,14.12,15.168,13.872,,,,51290.28,33977,77,0.18,0,17511.78,18233.4,,23997.79,
2024-06-07T02:00:00-05:00,12.85,15.413,14.828,,,,48948.84,33578,76,0.13,0,15585.82,17167.7,,24047.43,
2024-06-07T03:00:00-05:00,12.48,16.42,16.435,,,,47502.25,34237,76,0.16,0,13266.86,15769.3,,24791.25,
2024-06-07T04:00:00-05:00,12.55,19.257,19.247,,,,46982.64,36583,76,0.15,0,10225.25,14186.7,,26141.41,
2024-06-07T05:00:00-05:00,13.93,19.87,19.862,,,,47559.77,37805,75,0.14,0,9609.96,12892.2,,26788.05,
2024-06-07T06:00:00-05:00,16.44,17.31,17.31,,,,48697.94,36736,75,141.76,192.9,11609.65,11875.3,,25781.08,
2024-06-07T07:00:00-05:00,14.37,13.94,13.94,,,,50021.5,33658,78,3909.26,3960.3,12606.09,10481.3,,23730.84,
2024-06-07T08:00:00-05:00,12.8,13.312,13.312,,,,53033.25,32169,82,10964.65,11548.8,10633.5,8770.4,,22864.47,
2024-06-07T09:00:00-05:00,13.08,12.952,12.552,,,,56937.82,30990,86,15242.19,15519.6,11514.36,8511.6,,21353.14,
2024-06-07T10:00:00-05:00,16.11,17.475,16.443,,,,61174.12,34449,88,16690.3,17172.4,10972.18,9358.8,,24647.24,
2024-06-07T11:00:00-05:00,20.8,30.65,27.75,,,,65415.66,39432,91,17076.63,18001.7,9666.97,10263.9,,27789.89,
2024-06-07T12:00:00-05:00,28.67,31.733,28.872,,,,69309.28,42429,93,16801.19,18542.3,10422.82,11702.8,,29487.22,
2024-06-07T13:00:00-05:00,38.83,40.35,35.742,,,,72841.01,44069,94,16744.18,18257.3,12336.25,13930.6,,31216.67,
2024-06-07T14:00:00-05:00,48.48,39.628,32.772,,,,75243.01,45115,95,16574.7,18153.6,13566.32,16157.3,,32353.58,
2024-06-07T15:00:00-05:00,51.75,29.543,21.787,,,,76314.47,44507,96,16475.41,17811,14619.36,17943.8,,31814.25,
2024-06-07T16:00:00-05:00,59.21,34.807,21.065,,,,76753.02,44354,96,15784.54,17247.2,16082.18,20003.9,,31823.27,
2024-06-07T17:00:00-05:00,59.2,24.185,19.172,,,,76083.81,44210,95,14016.06,16279.3,17986.75,21935,,31515.45,
2024-06-07T18:00:00-05:00,51.77,23.35,22.16,,,,74154.62,43783,94,11001.13,13303.3,20678.84,23120.7,,30991.86,
2024-06-07T19:00:00-05:00,45.54,30.06,29.085,,,,71167.73,45766,91,5015.98,6276.6,23311.62,22739.5,,32330.47,
2024-06-07T20:00:00-05:00,43.26,24.935,24.735,,,,68122.31,45874,88,566.22,575.6,24854.3,22961.8,,32497.24,
2024-06-07T21:00:00-05:00,31.79,22.408,21.977,,,,66093.04,44198,86,0.22,0,24703.58,23328.1,,31356.93,
2024-06-07T22:00:00-05:00,22.96,22.447,22.445,,,,63016.05,40923,84,0.34,0,24256.86,23620,,28063.01,
2024-06-07T23:00:00-05:00,19.24,22.748,22.77,,,,59468.14,38092,83,0.35,0,23014.4,23556.6,,25488.9,
2024-06-08T00:00:00-05:00,16.23,21.605,21.622,,,,56887.73,35439,82,0.28,0,21633.05,24304.2,,23315.78,
2024-06-08T01:00:00-05:00,14.09,20.61,20.655,,,,54008.66,33173,80,0.37,0,20755.4,24186.4,,21932.98,
2024-06-08T02:00:00-05:00,12.5,19.193,19.253,,,,51772.2,31369,79,0.36,0,20092.16,24007.9,,20613.53,
2024-06-08T03:00:00-05:00,11.94,16.938,16.895,,,,49999.34,29107,78,0.62,0,20645.4,23833.8,,19400.92,
2024-06-08T04:00:00-05:00,11.14,16.06,15.838,,,,48879.9,28500,77,0.56,0,19968.42,23330,,19197.11,
2024-06-08T05:00:00-05:00,10.17,17.378,17.35,,,,48406.29,29812,76,0.21,0,18168.34,22697.5,,19974.18,
2024-06-08T06:00:00-05:00,11.36,16.86,16.865,,,,48027.95,29891,76,194.79,223.9,17702.38,22103.1,,19687.52,
2024-06-08T07:00:00-05:00,10.38,11.54,8.577,,,,48745.35,26938,79,4431.27,4408.4,18094.67,20923.2,,17400.28,
2024-06-08T08:00:00-05:00,10.36,8.93,4.575,,,,52096.34,25294,82,11579.71,12681,16486.22,19211.6,,16061.88,
2024-06-08T09:00:00-05:00,11.74,11.312,6.778,,,,56370.79,26329,85,13634.61,16452.9,17404.72,19670.2,,16966.09,
2024-06-08T10:00:00-05:00,16.7,15.88,11.822,,,,60782.14,28871,88,15499.23,17792.9,16454.84,19707.1,,18920.4,
2024-06-08T11:00:00-05:00,21.52,20.025,15.812,,,,64991.02,31907,91,17034.48,18574,15421.61,19574.7,,20986.45,
2024-06-08T12:00:00-05:00,25.34,29.457,26.225,,,,68677.92,35177,93,17140.09,18861.5,15334.05,19715.1,,23434.57,
2024-06-08T13:00:00-05:00,28.92,32.285,28.567,,,,71752.16,37309,94,17436.91,18414.7,15651.78,19906.2,,25010.26,
2024-06-08T14:00:00-05:00,30.97,30.805,25.765,,,,74041.29,38985,95,17551.73,18250.7,16037.9,20010.6,,26617.81,
2024-06-08T15:00:00-05:00,36.69,37.458,30.245,,,,75451.6,40729,96,17138.65,17871.5,16537.5,19961.6,,28116.8,
2024-06-08T16:00:00-05:00,43.23,37.598,33.885,,,,76127.78,42322,96,16520.87,16667.1,16696.56,20321.1,,29891.84,
2024-06-08T17:00:00-05:00,39.94,24.907,23.305,,,,75799.96,42416,95,15255.83,15372.3,18086.97,21087.1,,29905.09,
2024-06-08T18:00:00-05:00,38.08,25.548,25.075,,,,74189.11,42610,93,11760.5,12404.3,20421.39,21773.8,,30056.54,
2024-06-08T19:00:00-05:00,46.86,51.96,48.885,,,,71184.72,45935,91,5018.49,4741.2,21223.95,21768.1,,32095.83,
2024-06-08T20:00:00-05:00,43.18,48.585,47.212,,,,68068.97,47052,88,397.32,439.5,21485.28,22263.4,,32933.16,
2024-06-08T21:00:00-05:00,28.5,23.295,21.95,,,,65865.62,43345,85,0.24,0,23528.1,22979.2,,30394.33,
2024-06-08T22:00:00-05:00,22.44,29.03,28.2,,,,62635.1,39588,84,0.34,0,24230.43,23701.2,,26812.84,
2024-06-08T23:00:00-05:00,19.09,21.622,21.062,,,,59358.77,36460,82,0.33,0,23532.35,23953.6,,24198.04,
2024-06-09T00:00:00-05:00,17.45,20.512,20.54,,,,56212.06,34352,81,0.26,0,21946.42,23698.6,,22938.07,
2024-06-09T01:00:00-05:00,14.17,20.075,20.075,,,,53401.13,33467,80,0.16,0,19804.48,23458.2,,22456.89,
2024-06-09T02:00:00-05:00,12.86,17.915,17.915,,,,51193.33,31846,78,0.15,0,19366.82,22808.9,,21317.12,
2024-06-09T03:00:00-05:00,11.85,16.745,16.745,,,,49553.35,30657,77,0.15,0,18927.28,22084.4,,20647.24,
2024-06-09T04:00:00-05:00,11.9,16.525,16.525,,,,48385.84,29651,77,0.16,0,18443.74,20701.1,,20493.32,
2024-06-09T05:00:00-05:00,13.5,18.355,18.358,,,,47732.17,30715,76,0.16,0,16663.95,19056.2,,21224.42,
2024-06-09T06:00:00-05:00,15.8,18.762,18.762,,,,47057.28,31324,76,199.99,186.3,15320.64,17618.5,,21425.02,
2024-06-09T07:00:00-05:00,15.28,18.25,18.25,,,,47574.27,31043,78,4317.96,3739.7,12116.79,15757.8,,21376.84,
2024-06-09T08:00:00-05:00,13.59,17.917,17.917,,,,50590.51,30447,81,11267.79,10742.5,9031.05,13766.2,,21208.17,
2024-06-09T09:00:00-05:00,13.66,24.36,24.395,,,,54534.59,33112,84,13986.7,14251.1,7848.47,11995.2,,23166.56,
2024-06-09T10:00:00-05:00,19.58,36.912,37.12,,,,58364.82,38082,87,15153.77,15571.2,5834.56,8890.6,,26486.55,
2024-06-09T11:00:00-05:00,22.04,26.345,26.257,,,,62094.54,41344,89,16078.97,16546.2,5302.45,6510.2,,29610.27,
2024-06-09T12:00:00-05:00,27.06,39.047,38.828,,,,65450.13,44602,91,16391.44,17045.7,5254.9,5495.3,,32333.95,
2024-06-09T13:00:00-05:00,35.6,38.252,36.588,,,,68315.86,46532,92,16176.21,16750.1,6575.9,5440.6,,34018.15,
2024-06-09T14:00:00-05:00,41.21,43.445,39.207,,,,70622.35,47800,93,16138.76,16684,7616.88,6055.4,,35373.19,
2024-06-09T15:00:00-05:00,40.18,56.643,50.21,,,,72208.46,49797,94,14999.89,16233.9,8525.09,7226,,37094.08,
2024-06-09T16:00:00-05:00,60.37,41.975,38.425,,,,73192.18,49765,93,13844.09,15095.6,10942.99,8823.9,,37082.92,
2024-06-09T17:00:00-05:00,63,21.77,21.132,,,,73423.64,47710,92,12341.17,13724.6,14906.58,10539.7,,35503.16,
2024-06-09T18:00:00-05:00,60.76,26.295,25.398,,,,72444.26,48806,90,9570.84,10858.9,15437.77,12385.3,,36564.3,
2024-06-09T19:00:00-05:00,82.67,68.998,66.142,,,,70170,53208,88,3551.23,4397.7,14398.45,13157.1,,38936.38,
2024-06-09T20:00:00-05:00,64.57,60.633,60.565,,,,67626.15,53845,85,203.79,417.5,14068.1,13878,,39370.63,
2024-06-09T21:00:00-05:00,44.3,61.215,61.215,,,,65706.72,52899,82,0.07,0,13256.27,14219,,38974.47,
2024-06-09T22:00:00-05:00,26.57,52.288,52.288,,,,62064.16,50546,81,0.09,0,12227.53,14285.2,,37559.93,
2024-06-09T23:00:00-05:00,24.11,37.863,37.863,,,,58039,46511,79,0.18,0,12135.92,13946.8,,34209.26,
2024-06-10T00:00:00-05:00,25.03,36.327,36.327,,,,54931.23,43361,77,0.19,0,11699.79,13340.3,,31087.85,
2024-06-10T01:00:00-05:00,20.95,44.483,44.483,,,,51782.61,43140,76,0.2,0,9218.75,11841.2,,30852.61,
2024-06-10T02:00:00-05:00,19.79,22.435,22.47,,,,49561.97,40678,76,0.3,0,10506.34,10872,,28996.69,
2024-06-10T03:00:00-05:00,20.7,19.965,19.99,,,,48363.68,38366,75,0.31,0,11426.81,9975,,27355.24,
2024-06-10T04:00:00-05:00,21.43,21.765,21.743,,,,48007.65,39781,75,0.29,0,9638.07,8973,,28668.52,
2024-06-10T05:00:00-05:00,22.06,21.848,21.82,,,,48858.65,40297,75,0.29,0,9705.32,8371.2,,29111.97,
2024-06-10T06:00:00-05:00,28.16,38.962,38.962,,,,50218.15,43265,75,144.88,122.9,7434.64,8542.8,,30806.32,
2024-06-10T07:00:00-05:00,25.21,37.155,37.155,,,,51456.13,44581,76,2880.31,2422.2,4670.24,8223.1,,31816.31,
2024-06-10T08:00:00-05:00,24.17,22.85,22.85,,,,53859.2,42775,78,8158.45,6658.7,3979.89,7003.2,,30862.58,
2024-06-10T09:00:00-05:00,24.05,23.1,23.1,,,,57069.74,42475,79,9575.02,9489.1,4879.51,5950.3,,30659.56,
2024-06-10T10:00:00-05:00,26.41,27.31,27.31,,,,60396.68,44192,81,10542.61,11056.5,4770.92,4956,,31933.78,
2024-06-10T11:00:00-05:00,31.54,26.477,26.477,,,,63586.72,45615,84,12375.33,12422.7,4032.57,3988.9,,33056.68,
2024-06-10T12:00:00-05:00,41.48,64.773,64.565,,,,66426.87,49010,85,12695.85,13309.3,2916.26,3291.9,,35874.48,
2024-06-10T13:00:00-05:00,38.61,58.72,57.305,,,,69036.96,51430,87,13011.3,13775.3,2761.51,3230.9,,37830.44,
2024-06-10T14:00:00-05:00,43.08,106,95.402,,,,70808.07,53714,87,13278.45,13630.6,1834.32,3474,,39837.92,
2024-06-10T15:00:00-05:00,57.66,142.388,117.997,,,,71524.52,54897,87,12499.12,12956.7,2365.2,3668.2,,40926.15,
2024-06-10T16:00:00-05:00,66.53,147.085,116.265,,,,71743.04,55213,87,12444.98,12214.5,3098.84,3941.3,,41377.42,
2024-06-10T17:00:00-05:00,62.84,115.125,91.912,,,,71165.28,55281,87,11103.92,10856.4,4138.84,4336.7,,41665.7,
2024-06-10T18:00:00-05:00,91.39,104.71,83.97,,,,69838.05,55625,85,8152.13,8321.4,5126.88,4669.2,,42032.23,
2024-06-10T19:00:00-05:00,118.44,109.523,106.875,,,,67672.57,57242,81,3678.06,4532,5357.81,4838.6,,43008.52,
2024-06-10T20:00:00-05:00,126.91,74.05,74.187,,,,65474.04,57737,79,319.59,501.3,5537.88,5071.8,,43354.04,
2024-06-10T21:00:00-05:00,74.7,46.35,46.405,,,,63811.16,55372,77,0.23,0,6595.95,5414.3,,41660.66,
2024-06-10T22:00:00-05:00,32.6,33.373,33.375,,,,60250.08,52275,76,0.14,0,6926.41,5488.9,,39026.9,
2024-06-10T23:00:00-05:00,27.22,32.035,32.048,,,,56408.86,48330,76,0.24,0,6780.06,5219.3,,35615.6,
2024-06-11T00:00:00-05:00,27.19,34.49,34.502,,,,52439.22,45287,75,0.24,0,6256.98,5637.3,,32600.46,
2024-06-11T01:00:00-05:00,25.07,29.24,29.242,,,,49696.92,43777,75,0.27,0,5575.21,5223.6,,31512.06,
2024-06-11T02:00:00-05:00,23.98,27.863,27.863,,,,47652.46,42598,74,0.34,0,5105.11,4661,,30578.04,
2024-06-11T03:00:00-05:00,23.6,24.678,24.68,,,,46462.96,41548,74,0.34,0,5212.96,3896.1,,29648.42,
2024-06-11T04:00:00-05:00,23.31,25.425,25.425,,,,46215.92,41460,73,0.34,0,5026.78,3452.4,,29487.85,
2024-06-11T05:00:00-05:00,25.85,24.62,24.62,,,,47148.42,41453,73,0.35,0,5854.28,2994.7,,29521.93,
2024-06-11T06:00:00-05:00,27.75,27.07,27.07,,,,48686.57,42046,74,85.31,152.5,6436.43,2648.3,,29903.64,
2024-06-11T07:00:00-05:00,25.46,27.38,27.382,,,,50051.26,42452,75,2829.8,3214.6,4732.13,2336.5,,30367.94,
2024-06-11T08:00:00-05:00,24.49,22.847,22.852,,,,52474.71,41130,78,8439.21,9396.8,2971.58,1921.7,,29529.63,
2024-06-11T09:00:00-05:00,23.82,25.937,25.937,,,,55632.85,41446,80,11839.73,12955.7,2271.45,1654.2,,30096.18,
2024-06-11T10:00:00-05:00,27.42,43.518,43.343,,,,59031.97,44341,83,12426.43,14565.6,1938.5,1457.2,,32074.34,
2024-06-11T11:00:00-05:00,29.74,58.975,56.948,,,,62367,47183,85,13005.25,15612.1,1757.03,1375,,34306.48,
2024-06-11T12:00:00-05:00,36.81,75.657,68.76,,,,65253.46,49486,86,13612.46,16100.9,1574.61,1324.4,,36493.37,
2024-06-11T13:00:00-05:00,49.83,106.932,90.918,,,,67955.54,51366,86,14402.96,15627,1257.57,1403.3,,38128.26,
2024-06-11T14:00:00-05:00,52.63,125.353,102.585,,,,69871.51,53207,86,13195.53,15073.9,1536.08,1855.3,,39448.57,
2024-06-11T15:00:00-05:00,58.94,76.578,63.64,,,,70850.32,53565,85,12492.71,14050.7,2411.94,2740.8,,40036.4,
2024-06-11T16:00:00-05:00,59.03,46.36,43.072,,,,71200.08,52318,85,12943.19,12432.1,3246.6,3774.5,,39224.23,
2024-06-11T17:00:00-05:00,59.15,29.653,27.94,,,,70636.39,50994,83,12280.68,10902.6,3971.5,4513.2,,38496.66,
2024-06-11T18:00:00-05:00,59.97,27.392,27.342,,,,69124.93,49904,82,10137.54,8415.3,5236.72,5053.2,,37543.1,
2024-06-11T19:00:00-05:00,76.64,30.505,31.39,,,,67045.2,51031,81,5117.28,4373.6,7136.89,5667.2,,38149.31,
2024-06-11T20:00:00-05:00,90.73,52.35,53.182,,,,64984.5,52872,79,621.1,496.6,8016.76,6316.4,,39379.77,
2024-06-11T21:00:00-05:00,46.53,44.06,45.04,,,,63190.85,52303,78,0.09,0,7738.79,6698.3,,39183.98,
2024-06-11T22:00:00-05:00,29.35,38.797,38.882,,,,59577.63,49926,77,0.11,0,7467.78,6648.2,,37329.59,
2024-06-11T23:00:00-05:00,26.14,31.032,31.032,,,,55684.34,47154,77,0.5,0,6853.69,6315.5,,34889.18,
2024-06-12T00:00:00-05:00,28.54,43.082,43.077,,,,51028.27,44632,76,22.52,0,6242.01,5674.7,,32274.12,
2024-06-12T01:00:00-05:00,26.51,30.545,30.52,,,,48422.02,43267,76,0.23,0,5011.73,4894.4,,31003.23,
2024-06-12T02:00:00-05:00,25.04,28.407,28.715,,,,46596.72,42503,75,0.23,0,4226.85,4150.3,,30380.72,
2024-06-12T03:00:00-05:00,25.31,27.705,27.767,,,,45453.29,41949,75,0.24,0,4004.03,3485.9,,29804.39,
2024-06-12T04:00:00-05:00,25.67,34.135,34.815,,,,45245.91,42545,74,0.24,0,3237.3,2991.4,,30182.26,
2024-06-12T05:00:00-05:00,26.67,51.875,52.773,,,,46200.14,44268,74,0.25,0,2408.95,2640.8,,31693.61,
2024-06-12T06:00:00-05:00,29.2,46.487,48.14,,,,47753.78,45879,74,165.71,166.4,1772.82,2364.1,,33279.62,
2024-06-12T07:00:00-05:00,26.06,26.635,26.945,,,,49218.17,44769,76,3686.39,3174.7,1659.34,1959.9,,32740.75,
2024-06-12T08:00:00-05:00,24.26,23.773,23.778,,,,51679.43,42093,78,10291.96,8968.8,1434.59,1521.2,,30658.87,
2024-06-12T09:00:00-05:00,21.86,24.852,24.852,,,,54820.34,41605,81,13439.86,12248.6,1443.25,1295.6,,30084.43,
2024-06-12T10:00:00-05:00,25.31,44.17,43.845,,,,58409.08,43674,82,14526.61,14276,1312.25,1168.1,,31804.58,
2024-06-12T11:00:00-05:00,31.49,44.578,44.118,,,,61974.17,46055,85,15564.59,15712.7,1118.88,1150.5,,33789.46,
2024-06-12T12:00:00-05:00,37.51,63.208,61.923,,,,65186.58,49390,87,15141.51,16531.6,985.18,1277,,36659.29,
2024-06-12T13:00:00-05:00,47.49,70.245,66.12,,,,68147.28,51838,88,14872.85,16584.2,1233.21,1680,,38459.46,
2024-06-12T14:00:00-05:00,56.18,87.595,78.888,,,,70282.48,53673,90,14593.77,16381,1790.24,2312.9,,39810.06,
2024-06-12T15:00:00-05:00,65.53,65.16,58.718,,,,71504.75,54095,90,14817.16,15699.7,2615.04,2957.2,,40344.08,
2024-06-12T16:00:00-05:00,69.82,55.508,50.428,,,,72006.18,54086,89,14567.43,14890.8,3478.31,3597.1,,40328.98,
2024-06-12T17:00:00-05:00,61.12,41.203,37.382,,,,71618.54,53796,89,14500.04,13759.7,3632.87,4411.3,,40411.71,
2024-06-12T18:00:00-05:00,65.65,40.33,36.818,,,,70168.12,53601,88,13240.79,11093.4,3788.69,5229.9,,40365.26,
2024-06-12T19:00:00-05:00,82.93,94.843,93.602,,,,67831.87,56686,86,6326.77,5356,5075.82,6137.8,,42111.42,
2024-06-12T20:00:00-05:00,84.21,96.148,95.682,,,,65584.59,57614,84,529.27,547.5,6969.12,7747.4,,42598.58,
2024-06-12T21:00:00-05:00,41.14,40.835,40.578,,,,63690.98,54290,82,0.17,0,9367.8,9792.9,,40036.44,
2024-06-12T22:00:00-05:00,26.39,28.272,28.312,,,,60251.09,48267,81,0.12,0,12284.16,11439.3,,35168.72,
2024-06-12T23:00:00-05:00,24.8,24.822,24.855,,,,56300.37,43269,80,0.12,0,13808.21,12335.5,,30979.99,
2024-06-13T00:00:00-05:00,20.7,20.058,20.003,,,,51553.07,38553,78,0.18,0,15180,12581.9,,27299.68,
2024-06-13T01:00:00-05:00,17.87,17.407,17.153,,,,49006.03,35399,77,0.27,0,15806.03,12559.5,,25055.83,
2024-06-13T02:00:00-05:00,16.34,16.633,16.403,,,,47190.57,33848,76,0.25,0,15342.7,12141.9,,23942.32,
2024-06-13T03:00:00-05:00,17.09,16.56,16.483,,,,45976.66,33631,76,0.23,0,14183.45,11161.3,,23962.02,
2024-06-13T04:00:00-05:00,18.22,16.987,16.987,,,,45561.77,34238,75,0.22,0,13181.98,9974.9,,24381.97,
2024-06-13T05:00:00-05:00,20.55,18.7,18.7,,,,46356.72,35915,75,0.25,0,12179.39,8714.6,,25702.39,
2024-06-13T06:00:00-05:00,24.76,20.59,20.59,,,,47696.78,37835,75,196.76,197.6,11172.98,7698.9,,26818.02,
2024-06-13T07:00:00-05:00,23.32,18.347,18.205,,,,49196.95,36324,78,4974.97,4158.4,9584.33,6573.2,,25721.22,
2024-06-13T08:00:00-05:00,21.16,14.518,12.682,,,,52155.75,33037,81,12886.72,12049.3,7941.38,5392.4,,22962.75,
2024-06-13T09:00:00-05:00,20.17,14.78,11.822,,,,55669.7,32908,84,16177.15,15940.8,8391.75,4601.6,,22990.16,
2024-06-13T10:00:00-05:00,26.89,27.46,21.925,,,,59417.25,38175,86,16906.98,17315.9,6128.66,3754.2,,27779.58,
2024-06-13T11:00:00-05:00,36.03,44.062,38.72,,,,63144.41,43719,88,17078.56,18184.7,4160.06,2782.7,,31883.13,
2024-06-13T12:00:00-05:00,47.38,59.972,53.758,,,,66703.42,48779,91,16889.61,18486.7,2871.2,2184.3,,36127.21,
2024-06-13T13:00:00-05:00,67.67,71.38,60.928,,,,70180.05,51923,92,16896.59,17774.7,2805.75,2351.3,,38527.38,
2024-06-13T14:00:00-05:00,76.65,71.388,60.785,,,,72554.79,53386,94,17079.64,17459.3,3556.33,3002.9,,39611.25,
2024-06-13T15:00:00-05:00,87.01,66.985,53.948,,,,73796.7,53481,95,17417.44,16812.4,4408.32,3938,,40118.79,
2024-06-13T16:00:00-05:00,89.75,73.987,57.933,,,,74457.89,53355,95,17283.16,16157.4,5372.37,5031.7,,40539.3,
2024-06-13T17:00:00-05:00,76.55,70.705,52.69,,,,74211.47,53156,94,16141.79,15222.8,6590.27,6074,,40487.27,
2024-06-13T18:00:00-05:00,75.33,68.688,51.613,,,,72907.98,53819,93,13432.66,12573.8,8119.21,7363.2,,40572.38,
2024-06-13T19:00:00-05:00,109.74,79.695,68.148,,,,70613.66,55900,91,7260.17,6375.4,10454.41,9188.5,,42051.77,
2024-06-13T20:00:00-05:00,73.36,84.243,75.9,,,,67759.32,57250,88,764.41,642.7,12534.74,11389.9,,42578.63,
2024-06-13T21:00:00-05:00,37.22,38.282,36.965,,,,65477.5,53006,85,0.12,0,15253.99,13580.1,,39228.68,
2024-06-13T22:00:00-05:00,27.77,37.758,35.152,,,,61812.68,48519,84,0.18,0,15992.19,15246.6,,35532.67,
2024-06-13T23:00:00-05:00,25.63,28.34,27.445,,,,57678.31,44808,81,0.23,0,15577.67,16051.1,,32268.83,
2024-06-14T00:00:00-05:00,20.7,25.847,25.592,,,,55094.11,40739,80,0.23,0,15398.82,17151,,29434,
2024-06-14T01:00:00-05:00,19.29,23.635,23.625,,,,51888.81,38818,79,0.25,0,14481.01,16220.6,,27829.8,
2024-06-14T02:00:00-05:00,17.3,22.94,22.94,,,,49452.54,37817,78,0.3,0,13168.36,14858.6,,26987.37,
2024-06-14T03:00:00-05:00,17.65,20.298,20.298,,,,47980.28,36288,76,0.24,0,13333.45,13569.3,,25830.59,
2024-06-14T04:00:00-05:00,18,21.205,21.205,,,,47416.71,36686,76,0.25,0,12198.8,12509.1,,26256.76,
2024-06-14T05:00:00-05:00,20.85,21.9,21.9,,,,47983.22,37795,75,0.25,0,11433.14,11460.4,,27105.44,
2024-06-14T06:00:00-05:00,21.05,24.225,24.203,,,,49067.31,39169,75,208.59,215,10533.34,10505.9,,28207.85,
2024-06-14T07:00:00-05:00,20.05,19.608,19.56,,,,50440.53,36553,79,5498.47,4496.4,9512.83,8704.4,,26264.92,
2024-06-14T08:00:00-05:00,18.19,16.665,16.217,,,,53621.46,33668,82,14122.87,12853.5,7261.36,6445.7,,24156.5,
2024-06-14T09:00:00-05:00,19.05,20,18.848,,,,57722.57,34313,86,17012.53,16707.5,7436.44,5457.9,,24865.72,
2024-06-14T10:00:00-05:00,27.25,46.957,40.323,,,,61977.58,40076,88,16849.35,17890.6,5887.69,4753.3,,29128.85,
2024-06-14T11:00:00-05:00,35.84,48.372,42.965,,,,65889.51,45116,90,17298.81,18620.7,4124.17,3940.5,,33175.57,
2024-06-14T12:00:00-05:00,47.18,58.262,51.84,,,,69689.55,48062,92,17744.72,18810.9,3619.76,3895.6,,35636.5,
2024-06-14T13:00:00-05:00,61.79,64.128,57.515,,,,73115.01,49592,93,18069.03,18258.5,4724.05,4770.2,,37148.38,
2024-06-14T14:00:00-05:00,67.9,62.505,56.387,,,,75490.13,50117,94,18170.56,18115.7,6100.94,5952.6,,37643.99,
2024-06-14T15:00:00-05:00,74.82,47.658,41.205,,,,76567.72,49748,95,18183.82,17736.8,7765.97,7552.5,,37446.87,
2024-06-14T16:00:00-05:00,75.61,27.787,25.107,,,,76953.48,48561,96,17874.45,17097.3,9369.47,9588.8,,36299.43,
2024-06-14T17:00:00-05:00,54.52,25.848,24.073,,,,76337.81,48321,95,16926.9,16367.7,10617.16,11538.2,,35912.45,
2024-06-14T18:00:00-05:00,44.8,25.782,25.183,,,,74473.85,48373,94,14603.39,13772.7,12359.77,13095.7,,35875.78,
2024-06-14T19:00:00-05:00,57.59,60.62,58.705,,,,71611.71,53280,91,7235.19,6596.2,13204.5,13942.7,,39040.85,
2024-06-14T20:00:00-05:00,55.87,70.405,70.302,,,,68517.02,55730,87,686.94,662.3,13523.31,14805.9,,40346.85,
2024-06-14T21:00:00-05:00,32.47,41.685,41.685,,,,66457.82,52545,85,0.01,0,14994.68,16037.7,,38388.26,
2024-06-14T22:00:00-05:00,28.21,30.733,30.733,,,,63300.16,47268,83,0.03,0,17109.69,17438.1,,33845.77,
2024-06-14T23:00:00-05:00,24.93,28.98,28.98,,,,59575.61,42407,81,0.03,0,18023.42,17856.8,,29477.1,
2024-06-15T00:00:00-05:00,24.78,27.565,27.565,,,,55849.76,38987,80,0.03,0,17269.9,17944.4,,26825.78,
2024-06-15T01:00:00-05:00,22.79,25.202,25.202,,,,52828.1,37115,79,0.06,0,15999.81,17190.4,,25393.58,
2024-06-15T02:00:00-05:00,21.18,22.27,22.27,,,,50486.15,35590,77,0.14,0,15201.47,15935.7,,23947.12,
2024-06-15T03:00:00-05:00,21.51,21.15,21.15,,,,48762.39,34371,76,0.14,0,14801.59,14643.3,,22886.12,
2024-06-15T04:00:00-05:00,21.11,21.435,21.46,,,,47774.41,34253,76,0.17,0,13496.96,13362.8,,22916.77,
2024-06-15T05:00:00-05:00,21.11,25.95,25.95,,,,47373.32,36047,75,0.17,0,11050.43,12267.6,,24245.64,
2024-06-15T06:00:00-05:00,18.48,26.46,26.46,,,,46947.33,36938,74,203.14,217.4,9677.36,11477.7,,24775.94,
2024-06-15T07:00:00-05:00,17.74,21.082,21.082,,,,47677.27,34663,78,4769.28,4238.3,8836.93,9920.1,,23112.62,
2024-06-15T08:00:00-05:00,15.73,16.865,16.772,,,,51145.83,31130,82,12454.65,12202.7,8522.49,8308.5,,21019.13,
2024-06-15T09:00:00-05:00,16.41,15.9,14.698,,,,55350.84,30012,85,15196.53,16190,11441.72,8547,,20819.41,
2024-06-15T10:00:00-05:00,21.08,17.515,13.275,,,,59406.18,30960,87,15601.57,17773.1,14197.07,9246.8,,21001.82,
2024-06-15T11:00:00-05:00,29.75,23.625,18.902,,,,63451.55,35027,89,15850.81,18659.7,13408.7,9209.1,,24444.18,
2024-06-15T12:00:00-05:00,40.41,32.075,24.915,,,,67310.19,38616,91,16928.01,18945.7,11972.22,8905.9,,27164,
2024-06-15T13:00:00-05:00,50.17,30.59,25.308,,,,70527.98,41348,93,17611.38,18481.1,11233.49,9407.6,,29137.61,
2024-06-15T14:00:00-05:00,46.21,31.46,27.935,,,,72929.73,43184,94,17799.69,18293.7,11410.14,10629,,30464.22,
2024-06-15T15:00:00-05:00,52.17,39.563,34.785,,,,74197.88,44710,94,17511.6,17959.8,11574.97,12003.5,,31795.58,
2024-06-15T16:00:00-05:00,56.99,32.517,30.247,,,,74516.8,44894,94,17330.04,17045.1,12510.77,13417.8,,31880.53,
2024-06-15T17:00:00-05:00,45.9,24.787,24.08,,,,73937.07,44115,94,16221.32,16086.9,14426.32,15303.1,,31199.13,
2024-06-15T18:00:00-05:00,42.05,25.782,24.913,,,,72402.97,44126,92,13410.73,12989.6,16219.68,17291.4,,31098.59,
2024-06-15T19:00:00-05:00,60.8,37.605,35.057,,,,69693.58,47050,90,6389.99,5875.7,17732.17,18075.8,,33063.65,
2024-06-15T20:00:00-05:00,51.84,35.495,34.472,,,,66870.97,48133,87,651.18,595.9,19563.69,19281.6,,33737.77,
2024-06-15T21:00:00-05:00,33.6,24.39,24.477,,,,64816.32,44082,84,21.29,0,22233.12,20704.9,,30359.88,
2024-06-15T22:00:00-05:00,28.39,21.933,20.497,,,,62004.13,38774,83,0.5,0,24592.14,21805.1,,26624.38,
2024-06-15T23:00:00-05:00,23.54,20.35,17.553,,,,58738.31,35075,82,0.61,0,24987.42,22242.1,,23603.44,
2024-06-16T00:00:00-05:00,21.95,21.99,19.255,,,,56022.11,32479,81,0.73,0,24215.95,22558,,21170.68,
2024-06-16T01:00:00-05:00,18.72,19.827,17.623,,,,53237.9,30207,80,0.71,0,23708.33,21924.9,,19202.03,
2024-06-16T02:00:00-05:00,17.04,18.415,16.835,,,,51212.21,29030,79,0.68,0,22797.6,21230.5,,18592.98,
2024-06-16T03:00:00-05:00,15.61,17.418,15.325,,,,49581.49,28100,78,0.6,0,22364.6,21047,,18032.18,
2024-06-16T04:00:00-05:00,14.97,17.048,16.743,,,,48317.36,27874,77,0.52,0,21094.33,20528.2,,18198.13,
2024-06-16T05:00:00-05:00,15.47,19.408,19.388,,,,47669.99,29574,77,0.31,0,18490.5,19725.5,,19078.8,
2024-06-16T06:00:00-05:00,14.91,16.38,16.315,,,,47014.95,28240,77,178.44,193.5,19274.14,18657.2,,17819.14,
2024-06-16T07:00:00-05:00,13.79,11.005,10.568,,,,47567.35,24574,79,4699.82,4290.3,19513.07,17452.8,,15004.04,
2024-06-16T08:00:00-05:00,9.31,11.082,8.71,,,,50886.44,22516,82,10921.65,12156.4,19103.76,16908.5,,13970.35,
2024-06-16T09:00:00-05:00,11.9,15.91,13.215,,,,55060.68,24637,85,12693.61,16145.8,19207.91,17071.8,,15968.97,
2024-06-16T10:00:00-05:00,17.37,21.095,16.688,,,,59160.22,27918,88,13781,17540.4,18808.51,16582.5,,18007.27,
2024-06-16T11:00:00-05:00,22.26,22.483,17.715,,,,62807.27,30668,90,14989.2,18453.2,18096.84,15753,,19069.38,
2024-06-16T12:00:00-05:00,26.27,24.625,19.485,,,,66133.76,33524,92,16220.43,18801.6,17334.21,15360.6,,21286.28,
2024-06-16T13:00:00-05:00,29.65,30.497,22.765,,,,68931.46,36394,94,16600.25,18429.7,16933.29,15927.8,,23956.98,
2024-06-16T14:00:00-05:00,30.81,31.325,22.005,,,,71133.04,38324,94,16458.27,18214.6,17539.88,17002.2,,25732.6,
2024-06-16T15:00:00-05:00,34.88,36.632,23.48,,,,72763.27,39449,94,16017.98,17867.9,18616.96,18216,,26532.97,
2024-06-16T16:00:00-05:00,36.86,44.247,27.343,,,,73736.01,40275,95,15460.82,16959.5,19227.78,19914.8,,27018.32,
2024-06-16T17:00:00-05:00,36.22,40.39,25.412,,,,74130.59,40425,94,14311.08,15891,20646.04,21555.2,,27161.55,
2024-06-16T18:00:00-05:00,36.63,25.638,22.265,,,,72975.08,40295,93,11496.59,12981.8,22664.32,22779.2,,26986.14,
2024-06-16T19:00:00-05:00,43.52,57.292,42.975,,,,70541.54,43082,90,5772.35,6367.2,23497.79,22872.4,,29016.78,
2024-06-16T20:00:00-05:00,48.79,48.12,40.562,,,,67829.83,44649,88,877.96,651.5,24541.77,23282.7,,30038.73,
2024-06-16T21:00:00-05:00,31.85,26.242,24.662,,,,65971.05,42468,86,11.1,0,25861.6,23445.8,,28804.03,
2024-06-16T22:00:00-05:00,28.51,24.703,21.327,,,,62680.9,39233,84,0.83,0,26166.78,23691.7,,26126.66,
2024-06-16T23:00:00-05:00,23.94,23.017,19.74,,,,58819.9,35708,83,0.54,0,25809.83,23674,,23270.99,
2024-06-17T00:00:00-05:00,21.2,23.93,20.532,,,,55747.62,32929,82,0.46,0,25023.61,25564.6,,21070.01,
2024-06-17T01:00:00-05:00,19.5,22.315,19.58,,,,52924.61,31118,82,0.49,0,24175.51,25252.5,,19606.22,
2024-06-17T02:00:00-05:00,17.43,22.195,19.35,,,,50912.1,29978,81,0.55,0,23614.66,24792.7,,19200.93,
2024-06-17T03:00:00-05:00,16.21,22.165,19.51,,,,49688.81,30040,80,0.46,0,22669.7,24480.4,,19158.99,
2024-06-17T04:00:00-05:00,16.39,21.82,19.008,,,,49385.46,29725,79,0.62,0,22520.51,23740.5,,18922.71,
2024-06-17T05:00:00-05:00,18.8,23.27,19.642,,,,50128.54,30342,78,0.73,0,22494.18,22879.3,,19258.32,
2024-06-17T06:00:00-05:00,19.1,25.592,21.115,,,,51307.82,31204,78,161.15,154.9,22463.44,21919.3,,19947.08,
2024-06-17T07:00:00-05:00,17.65,21.902,18.99,,,,52645.14,30060,80,3857.89,3473.3,21434.08,21666.7,,19159.15,
2024-06-17T08:00:00-05:00,14.56,20.853,17.838,,,,55078.43,28838,83,8105.5,10089.8,21575.4,21605.2,,18363.45,
2024-06-17T09:00:00-05:00,14.66,22.638,19.202,,,,58000.55,30026,85,8932.36,13564.8,22880.27,21856.1,,18855.61,
2024-06-17T10:00:00-05:00,18.05,34.905,27.827,,,,61065.58,32158,87,10354.87,15112.6,22709.24,21737.2,,20231.47,
2024-06-17T11:00:00-05:00,23.06,66.418,55.81,,,,64158.17,34542,89,11077.75,16239.9,22724.39,21717.7,,22064.32,
2024-06-17T12:00:00-05:00,26.67,105.385,99.802,,,,67046.91,37112,91,10888.85,16926.7,23007.41,22288.5,,23938.31,
2024-06-17T13:00:00-05:00,34.55,74.447,76.4,,,,69523.67,38757,93,12416.57,16636.2,22592.49,23187.1,,25679.58,
2024-06-17T14:00:00-05:00,30.88,36.672,24.722,,,,70865.16,39690,94,13146.64,16441.9,23064.68,24167.9,,27188.23,
2024-06-17T15:00:00-05:00,31.18,39.92,28.345,,,,70978.01,40433,94,11832.12,15713.9,23765.31,25046.7,,28051.34,
2024-06-17T16:00:00-05:00,30.82,30.295,24.89,,,,70915.46,39681,94,11585.58,14381.7,24828.51,26251.2,,27352.17,
2024-06-17T17:00:00-05:00,27.57,45.847,34.807,,,,70099.57,40537,93,9968.73,13037.6,25450.43,27327.6,,27776.82,
2024-06-17T18:00:00-05:00,26.5,41.645,30.47,,,,68738.4,41498,91,8071.94,10275.9,25779.06,27969.8,,28601.28,
2024-06-17T19:00:00-05:00,34.49,54.615,49.273,,,,66784.63,42920,89,4456.88,5293.5,26131.81,27627.2,,29650.14,
2024-06-17T20:00:00-05:00,35.86,28.082,24.732,,,,64773.37,42976,87,565.13,566,27096.69,27602,,29568.68,
2024-06-17T21:00:00-05:00,26.77,27.36,24.138,,,,63203.18,41203,85,1.39,0,27608.25,27601.3,,28295.2,
2024-06-17T22:00:00-05:00,28.27,22.847,19.993,,,,60260.87,38066,83,0.6,0,27452.24,27519.1,,25831.12,
2024-06-17T23:00:00-05:00,19.74,22.098,19.385,,,,56753.67,34345,82,0.6,0,27189.43,27159,,23424.93,
2024-06-18T00:00:00-05:00,21.59,21.697,19.575,,,,54466.43,31109,81,0.56,0,26510.06,28047.9,,21502.88,
2024-06-18T01:00:00-05:00,20.71,20.682,18.522,,,,51995.46,28888,80,0.57,0,26084.44,27435.2,,19409.5,
2024-06-18T02:00:00-05:00,18.81,19.193,17.038,,,,50254.86,27622,79,0.64,0,25267.24,26973.6,,18562.81,
2024-06-18T03:00:00-05:00,18.26,18.753,16.678,,,,49083.66,27156,78,0.55,0,24483.24,26587.1,,18274.51,
2024-06-18T04:00:00-05:00,20.05,17.497,16.422,,,,48797.44,26871,77,1.15,0,24058.79,25708.4,,17817.69,
2024-06-18T05:00:00-05:00,22.37,21.305,19.532,,,,49738.65,27809,77,0.64,0,23667.87,24738.5,,18509.69,
2024-06-18T06:00:00-05:00,22.81,29.022,24.175,,,,51254.85,29347,76,121.03,117.4,23057.6,24039.2,,19447.05,
2024-06-18T07:00:00-05:00,20.78,17.218,14.95,,,,52601.01,27891,78,3354.69,2708,22472.07,24330.5,,18486.38,
2024-06-18T08:00:00-05:00,18.26,15.442,11.435,,,,54645.29,26206,81,8390.1,7650.5,21907.53,24922.5,,17089.95,
2024-06-18T09:00:00-05:00,17.62,19.78,13.812,,,,57460.7,26813,83,10431.26,11094.3,22013.02,25817.9,,17656.73,
2024-06-18T10:00:00-05:00,19.53,30.927,22.545,,,,60739.95,29754,86,10319.27,13756,22359.2,25932.4,,19896.06,
2024-06-18T11:00:00-05:00,23.26,23.005,18.635,,,,64128.64,31435,87,11494.61,15230.1,22843.28,25616.4,,20813.5,
2024-06-18T12:00:00-05:00,26.54,28.977,22.682,,,,67204.47,33513,89,12038.99,16215.2,22949.61,25327.7,,22056.43,
2024-06-18T13:00:00-05:00,30.54,23.787,18.72,,,,69811.49,34473,90,12618.9,16505.6,23028.66,25537.7,,23021.8,
2024-06-18T14:00:00-05:00,34.05,28.318,20.752,,,,71276.17,35444,91,13256.12,16229.2,23251.17,26417.6,,23666.64,
2024-06-18T15:00:00-05:00,36.05,23.73,18.867,,,,71563.87,35510,91,12966.78,15473.8,24387.71,27104.8,,23700.79,
2024-06-18T16:00:00-05:00,34.7,29.9,21.815,,,,71492.56,35849,92,12479.5,14109.4,24689.16,27697.3,,23785.29,
2024-06-18T17:00:00-05:00,32.99,69.8,41.8,,,,70576.67,37389,91,11016.34,12691,25030.56,28303.9,,25044.74,
2024-06-18T18:00:00-05:00,30.53,30.392,22.397,,,,69128.36,38174,90,8805.44,10045.9,25506.79,28769.6,,26153.65,
2024-06-18T19:00:00-05:00,36.32,39.845,34.955,,,,67258,39165,88,5159.24,5144.1,25880.4,27936.4,,26795.05,
2024-06-18T20:00:00-05:00,35.77,32.518,30.575,,,,65244.33,40106,85,690.97,589.8,26903.24,27464.4,,27592.32,
2024-06-18T21:00:00-05:00,28.3,29.595,26.765,,,,63480.01,39685,83,0.15,0,26547.77,26862,,27269.38,
2024-06-18T22:00:00-05:00,28.64,21.88,19.81,,,,60206.01,36911,81,0.23,0,26072.65,26431.9,,25229.56,
2024-06-18T23:00:00-05:00,22.52,20.883,18.885,,,,56619.28,34524,80,0.32,0,24865.9,26036.9,,23559.54,
2024-06-19T00:00:00-05:00,23.22,21.898,19.96,,,,54215.04,31906,79,0.35,0,22735.11,25892.3,,21358.96,
2024-06-19T01:00:00-05:00,18.61,17.997,16.922,,,,51321.99,29522,78,0.38,0,23457,25036.8,,19793.17,
2024-06-19T02:00:00-05:00,17.34,16.738,16.79,,,,49274.46,28073,76,0.44,0,22781.61,23853.8,,19096.69,
2024-06-19T03:00:00-05:00,16.82,17.722,17.782,,,,47802.98,28892,76,0.42,0,20804.62,22790.8,,19756.46,
2024-06-19T04:00:00-05:00,17.65,18.07,18.07,,,,47229.73,29959,76,0.58,0,18958.77,21259.3,,20325.36,
2024-06-19T05:00:00-05:00,20.27,21.338,21.338,,,,48100.95,32743,75,0.6,0,16611.97,19398.7,,21956.45,
2024-06-19T06:00:00-05:00,24.05,22.93,22.93,,,,49598.27,34652,75,76.9,95.2,15379.65,17712.7,,23075.92,
2024-06-19T07:00:00-05:00,23.2,23.595,23.483,,,,50817.11,34424,76,2298.07,2246.5,14605.85,16626,,23141.61,
2024-06-19T08:00:00-05:00,20.97,21.987,21.475,,,,52954.79,33468,78,4716.66,6021.7,15070.58,16497.6,,22586.93,
2024-06-19T09:00:00-05:00,20.89,22.793,22.345,,,,55654.67,34388,80,5857.94,8404.7,14840.74,15891.4,,23124.32,
2024-06-19T10:00:00-05:00,25.67,22.36,21.687,,,,58215.7,35096,81,7633.92,9027.6,13994.95,14468.9,,23479.74,
2024-06-19T11:00:00-05:00,28.33,23.46,22.668,,,,60273.88,36046,82,8631.11,10181.5,13834.59,13922.7,,24078.87,
2024-06-19T12:00:00-05:00,31.57,22.43,22.012,,,,62036.2,36086,83,9951.11,10715.4,14077.43,14512.6,,23954.48,
2024-06-19T13:00:00-05:00,28.9,28.825,25.807,,,,63534.52,36729,83,9755.02,9984.1,14786.78,16248.2,,24014.38,
2024-06-19T14:00:00-05:00,28.05,22.792,21.797,,,,64432.61,37008,83,9558.51,9710.2,15590.22,18294.5,,24084.89,
2024-06-19T15:00:00-05:00,23.58,22.835,21.853,,,,64571.12,37612,83,8660.19,8806.4,16500.54,20231.5,,24601.11,
2024-06-19T16:00:00-05:00,24.27,22.26,20.72,,,,64403,37220,81,7345.89,7628.7,18031.55,22046.1,,24353.31,
2024-06-19T17:00:00-05:00,24.38,18.027,17.28,,,,63748.61,36052,80,6208.37,6529.6,19441.8,23307.5,,23485.1,
2024-06-19T18:00:00-05:00,23.52,15.587,15.573,,,,62652.94,34910,80,4450.19,4871.4,21282.74,24343.9,,22839.15,
2024-06-19T19:00:00-05:00,27.58,18.473,18,,,,61241.34,35065,79,2353.88,2254.4,22570.75,23881.6,,23255.46,
2024-06-19T20:00:00-05:00,31.67,21.84,22.075,,,,59930.28,37661,78,235.14,342.5,21331.6,23449.2,,24801.44,
2024-06-19T21:00:00-05:00,26.15,22.315,22.625,,,,58957.74,38616,78,0.39,0,20115.16,22754.2,,25357.02,
2024-06-19T22:00:00-05:00,28.13,20.523,20.713,,,,56323.62,37506,78,0.49,0,19117.62,22222.4,,24788.85,
2024-06-19T23:00:00-05:00,23.19,17.898,18.135,,,,53225.21,35586,78,0.65,0,18353.87,21601.1,,24221.18,
2024-06-20T00:00:00-05:00,20.42,18.005,19.957,,,,51899.82,34096,78,0.68,0,17299.31,19066.1,,23410.48,
2024-06-20T01:00:00-05:00,18.43,20.7,21.577,,,,49673.92,35237,77,0.69,0,14546.79,17583.1,,23898.23,
2024-06-20T02:00:00-05:00,18.82,23.392,24.168,,,,48362.41,37010,77,0.75,0,11993.6,16285.6,,24611.13,
2024-06-20T03:00:00-05:00,19.04,26.108,27.032,,,,47281.29,38577,76,0.64,0,10019.51,14815.5,,25612.56,
2024-06-20T04:00:00-05:00,20,28.1,29.068,,,,47140.4,39607,76,0.71,0,9171.61,13738.4,,26181.63,
2024-06-20T05:00:00-05:00,23.13,32.547,33.58,,,,48073.98,40903,76,0.77,0,9048.73,13086.8,,27015.04,
2024-06-20T06:00:00-05:00,23.54,38.088,38.32,,,,49751.13,42379,76,100.04,126,9014.31,12758.9,,27985.37,
2024-06-20T07:00:00-05:00,22.81,35.01,36.182,,,,51144.59,42588,77,1712.42,2294,8486.03,12435.1,,28317.45,
2024-06-20T08:00:00-05:00,21.16,31.235,33.432,,,,53411.66,42197,78,4538.45,5869.5,8059.45,12441.4,,28309.15,
2024-06-20T09:00:00-05:00,22.87,29.138,30.193,,,,56377.71,42230,80,6556.63,8205.7,8368.82,13038.7,,28065.73,
2024-06-20T10:00:00-05:00,24.69,40.868,41.38,,,,59588.61,43105,81,8009.55,9758.8,8502.88,13560.2,,28466.66,
2024-06-20T11:00:00-05:00,28.11,32.22,32.383,,,,62624.43,44077,83,9702.56,11322.6,8749.87,13976.9,,29355.74,
2024-06-20T12:00:00-05:00,29.72,39.935,37.493,,,,65460.19,45161,85,10930.62,12358.4,9034.3,14476.3,,30216.62,
2024-06-20T13:00:00-05:00,34.63,25.358,23.587,,,,67892.91,45005,86,12690.92,13002.1,10406.04,15181,,30266.96,
2024-06-20T14:00:00-05:00,34.63,30.5,25.253,,,,69523.3,44958,86,12884.85,12848.5,12245.42,15977.3,,30636.08,
2024-06-20T15:00:00-05:00,35.32,38.067,30.84,,,,70257.25,45364,87,12693.88,12341.9,13080.81,16767.9,,31226.51,
2024-06-20T16:00:00-05:00,37.32,29.155,25.077,,,,70575.5,45576,87,12192.76,11876.5,13805.96,17525.2,,31439.18,
2024-06-20T17:00:00-05:00,39.07,30.413,25.87,,,,69928.88,46043,86,11184.66,10458.8,14000.98,18212.4,,31946.14,
2024-06-20T18:00:00-05:00,32.7,31.467,30.573,,,,68497.01,47309,85,8913.8,7704.5,14146.57,18767.6,,32825.95,
2024-06-20T19:00:00-05:00,51.92,68.843,65.442,,,,66468.41,50613,83,3878.49,3521.4,13577.85,18208.5,,34578.56,
2024-06-20T20:00:00-05:00,60.51,58.953,57.533,,,,64561.99,52037,81,269.31,338.3,12998.15,16776.5,,34945.02,
2024-06-20T21:00:00-05:00,44.02,39.347,39.848,,,,63121.21,50886,80,0.45,0,12634.6,15267.2,,34569.08,
2024-06-20T22:00:00-05:00,33.06,28.65,29.008,,,,59893.79,47747,79,0.37,0,13316.46,14620.6,,32380.82,
2024-06-20T23:00:00-05:00,26.8,23.432,23.34,,,,56380.76,43978,79,0.55,0,13821.53,14190.3,,29559.36,
2024-06-21T00:00:00-05:00,25.43,22.245,22.445,,,,51998.1,41001,78,0.62,0,13682.34,11305.8,,27478.25,
2024-06-21T01:00:00-05:00,23.58,21.54,21.585,,,,49483.53,39001,77,0.65,0,13131.36,10822.6,,26842.43,
2024-06-21T02:00:00-05:00,23.2,20.48,20.48,,,,47933.73,38072,77,0.7,0,12329.52,9887.4,,26232.57,
2024-06-21T03:00:00-05:00,23.67,20.77,20.77,,,,46892.79,38007,77,0.65,0,11379.36,8915.4,,26310.2,
2024-06-21T04:00:00-05:00,24.18,21.62,21.62,,,,46643.27,39128,76,0.51,0,10020.85,8033.8,,26659.5,
2024-06-21T05:00:00-05:00,27.42,22.252,22.252,,,,47376.93,40082,76,0.69,0,9431.97,7331.9,,27356.9,
2024-06-21T06:00:00-05:00,30.4,22.282,22.282,,,,48473.68,41148,76,176.13,147.5,9119.9,6944.7,,27963.42,
2024-06-21T07:00:00-05:00,26.96,21.557,21.557,,,,49943.81,40597,77,3524.2,3205.4,7875.22,6715.2,,27810.08,
2024-06-21T08:00:00-05:00,22.72,17.41,17.41,,,,52840.16,37036,80,10077.25,8850.1,7517.95,7208.4,,25487.54,
2024-06-21T09:00:00-05:00,21.45,15.22,15.15,,,,55978.39,34828,82,13091.44,12252.9,10302.1,8600.8,,24443.08,
2024-06-21T10:00:00-05:00,23.45,16.213,16.112,,,,59440.87,36240,84,14341.59,14422.5,11134.87,9579.4,,25753.57,
2024-06-21T11:00:00-05:00,23.69,21.468,19.725,,,,62692,39020,86,15254.05,15955.4,10833.03,9784.8,,27790.19,
2024-06-21T12:00:00-05:00,27.93,22.55,21.017,,,,65347.35,41358,88,16264.31,16783.9,10534.31,9998.8,,29036.15,
2024-06-21T13:00:00-05:00,31.81,25.582,22.865,,,,67848.87,43846,89,16158.47,16840.2,10958.26,10331.9,,30086.72,
2024-06-21T14:00:00-05:00,35.51,29.48,23.362,,,,69563.01,45057,90,16783.69,16512.9,11172.57,10501.6,,30866.03,
2024-06-21T15:00:00-05:00,40.17,28.58,22.657,,,,70478.64,45953,91,16877.95,15495.7,11572.19,10863.4,,32089.12,
2024-06-21T16:00:00-05:00,40.7,24.22,21.783,,,,70666.26,46476,91,16854.87,14765.2,11833.95,11406.2,,32428.19,
2024-06-21T17:00:00-05:00,38.38,22.702,21.523,,,,70220.3,46278,90,15778.51,13552.2,12616.97,11885.4,,32140.6,
2024-06-21T18:00:00-05:00,37.09,24.455,23.762,,,,68838.22,47153,89,13765.99,10701.2,12606.22,12270.5,,32894.01,
2024-06-21T19:00:00-05:00,61.52,45.07,43.985,,,,66598.88,52193,87,6940.46,5438.7,11852.69,12248.6,,35952.76,
2024-06-21T20:00:00-05:00,57.82,46.78,46.78,,,,63849.99,54926,84,684,606.7,12174.67,11932.5,,37650.82,
2024-06-21T21:00:00-05:00,36.56,28.145,28.06,,,,62113.57,52120,82,0.03,0,13654.02,12128.6,,35830.17,
2024-06-21T22:00:00-05:00,27.65,23.872,23.753,,,,59694.85,47059,81,0.01,0,15744.92,13180.8,,32096.98,
2024-06-21T23:00:00-05:00,22.9,21.96,22.21,,,,56667.37,42340,80,0.06,0,16676.81,14464.4,,28917.8,
2024-06-22T00:00:00-05:00,19.79,18.535,19.033,,,,54791.41,38667,79,0.07,0,17022.4,16072.1,,26325.83,
2024-06-22T01:00:00-05:00,18.05,17.135,17.315,,,,52021.26,36724,78,0.08,0,16504.83,15732.2,,25252.22,
2024-06-22T02:00:00-05:00,17.4,16.407,16.393,,,,49963.37,35127,77,0.09,0,16035.84,14657.4,,24420,
2024-06-22T03:00:00-05:00,16.97,16.145,16.025,,,,48456.96,34019,77,0.11,0,15823.26,13433.8,,23818,
2024-06-22T04:00:00-05:00,16.96,16.537,16.557,,,,47324.1,34452,76,0.17,0,14457.15,12241.7,,24384.38,
2024-06-22T05:00:00-05:00,17.19,16.602,16.602,,,,46924.1,35051,76,0.17,0,13554.45,11042.4,,24886.57,
2024-06-22T06:00:00-05:00,18.63,16.202,16.202,,,,46748.04,34974,76,179.7,167.6,13358.13,9883,,24690.74,
2024-06-22T07:00:00-05:00,17.7,12.47,12.3,,,,47845.43,32355,78,5199.83,3943.8,12292.22,8460,,22208.29,
2024-06-22T08:00:00-05:00,16.19,5.81,4.807,,,,51428.12,29257,81,13122.87,11305.3,11173.97,8249.9,,19475.89,
2024-06-22T09:00:00-05:00,15.25,6.63,4.017,,,,55578.2,28794,84,16179.99,15079.6,12560.89,9382.4,,19411.75,
2024-06-22T10:00:00-05:00,17.2,12.337,10.22,,,,59673.41,30615,86,18371.73,17134.3,12356.24,9790.9,,21527.77,
2024-06-22T11:00:00-05:00,20.39,16.555,16.283,,,,63193.05,34355,89,18793.72,18345.4,11251.27,9539.7,,25097.54,
2024-06-22T12:00:00-05:00,24.49,21.338,19.87,,,,66152.44,38409,90,18901.26,18893.7,10294.49,9505.8,,27959.71,
2024-06-22T13:00:00-05:00,25.68,22.452,20.628,,,,68697.1,41221,91,19095.9,18707.2,9539.6,9642.5,,29840.64,
2024-06-22T14:00:00-05:00,28.25,24.307,21.757,,,,70816.42,43722,92,18934.96,18560.6,9163.96,9671.9,,31388.84,
2024-06-22T15:00:00-05:00,35.21,26.185,23.462,,,,72448.52,46212,93,18694.65,18065.9,8624.03,9570.3,,32797.55,
2024-06-22T16:00:00-05:00,38.28,34.32,31.443,,,,73473.94,48406,93,18154.56,17943.5,7950.25,9489.5,,34667.83,
2024-06-22T17:00:00-05:00,38.9,27.475,27.267,,,,73552.04,50466,93,17241.4,17065.3,7145.71,9473.9,,36194.05,
2024-06-22T18:00:00-05:00,45.35,30.26,30.018,,,,72356.86,51389,92,15218.82,14182.5,7193.85,9547.5,,36797.74,
2024-06-22T19:00:00-05:00,84.14,63.127,63.042,,,,69820.24,55931,90,8215.84,6911,7040.72,9798.6,,39561.44,
2024-06-22T20:00:00-05:00,82.17,131.997,131.997,,,,66947.55,58393,86,1009.88,755.3,7681.89,10774.1,,41374.84,
2024-06-22T21:00:00-05:00,36.02,34.945,34.952,,,,65002.98,54942,84,0.02,0,10387.96,12604.1,,39439.34,
2024-06-22T22:00:00-05:00,27.48,23.66,23.675,,,,62164.96,48077,83,0.04,0,14503.75,14496.5,,33794.14,
2024-06-22T23:00:00-05:00,24.09,20.182,20.108,,,,58878.09,42302,81,0.05,0,17326,15897.9,,29977.73,
2024-06-23T00:00:00-05:00,18.27,17.713,17.53,,,,56286.37,37641,80,0.12,0,18633.73,17134.3,,26728.22,
2024-06-23T01:00:00-05:00,17.64,15.992,15.46,,,,53424.34,34651,79,0.15,0,18871.1,17199.6,,24405.21,
2024-06-23T02:00:00-05:00,16.35,13.18,12.447,,,,51243.49,32759,78,0.19,0,18561.33,16623.8,,22863.78,
2024-06-23T03:00:00-05:00,15.47,12.33,12.108,,,,49713.8,32063,77,0.16,0,17335.37,15986.3,,22156.18,
2024-06-23T04:00:00-05:00,15.68,13.942,13.965,,,,48369.01,32312,77,0.16,0,15938.72,15113.5,,22585.31,
2024-06-23T05:00:00-05:00,15.44,14.657,14.705,,,,47605.48,32673,76,0.19,0,14988.63,14105.2,,23015.64,
2024-06-23T06:00:00-05:00,15.42,14.692,14.815,,,,47026.38,33153,76,193.69,175.7,13837.16,13085.3,,23329.36,
2024-06-23T07:00:00-05:00,14.31,12.312,12.335,,,,47856.86,31319,79,5733.59,4378.9,11578.7,11366.2,,21855.8,
2024-06-23T08:00:00-05:00,12.86,10.6,10.6,,,,51445.76,29094,82,14900.91,12973.6,8141.59,8600.2,,19858.61,
2024-06-23T09:00:00-05:00,15.64,11.523,11.28,,,,55688.43,30462,85,17738.88,16920.2,7784.56,7085.4,,21483.58,
2024-06-23T10:00:00-05:00,18.69,16.407,16.272,,,,59917.03,35272,88,18600.8,17738.6,6214.64,6112.2,,26117.96,
2024-06-23T11:00:00-05:00,25.92,22.475,22.46,,,,63737.07,41478,90,18873.2,18746.7,4003.35,4449.1,,30390.85,
2024-06-23T12:00:00-05:00,32.96,24.612,24.605,,,,67283.79,46218,92,19016.24,19064.5,2680.84,3320.1,,33063.39,
2024-06-23T13:00:00-05:00,37.81,33.28,33.025,,,,70374.2,50001,93,18626.81,18624.2,2569.47,3113.1,,36029.63,
2024-06-23T14:00:00-05:00,41.47,29.445,30.325,,,,72850.14,52183,94,18312.4,18607.9,3009.63,3431.9,,37635.01,
2024-06-23T15:00:00-05:00,47.02,32.3,32.48,,,,74687.31,53456,95,18180.59,18176.1,3673.27,3887.7,,38780.73,
2024-06-23T16:00:00-05:00,58.37,36.703,37.465,,,,75783.86,54199,95,17856.32,17934,4182.07,4439.3,,39201.48,
2024-06-23T17:00:00-05:00,65.5,28.625,28.865,,,,76209.06,54363,94,17221.76,16993.3,4504.42,4970,,39355.06,
2024-06-23T18:00:00-05:00,74.56,34.25,34.52,,,,75267.12,55716,94,15115.95,14304.3,4912.34,5515.4,,40673.82,
2024-06-23T19:00:00-05:00,197.6,77.807,77.987,,,,73090.38,59861,92,7956.64,7327.1,6086.26,6033.7,,43423.35,
2024-06-23T20:00:00-05:00,215.22,96.435,96.435,,,,70407.03,61572,88,990.25,807.4,8171.56,7250,,44447.88,
2024-06-23T21:00:00-05:00,59.58,37.535,37.547,,,,68424.33,57686,86,0.01,0,11483.56,9493.3,,42018.72,
2024-06-23T22:00:00-05:00,32.8,26.185,26.23,,,,64991.96,51942,84,0.07,0,14189.33,12042.4,,37233.66,
2024-06-23T23:00:00-05:00,25.34,24.028,24.06,,,,60898.63,47158,82,0.17,0,15020.63,14070.7,,33147.93,
2024-06-24T00:00:00-05:00,20.74,21.7,21.705,,,,57541.17,43216,81,0.19,0,15293.68,15523.9,,30469.81,
2024-06-24T01:00:00-05:00,18.02,18.732,18.71,,,,54554.8,39886,80,0.21,0,16024.15,15591.1,,28451.68,
2024-06-24T02:00:00-05:00,16.98,17.225,17.2,,,,52371.07,37862,80,0.24,0,16088.72,15102.7,,27184.99,
2024-06-24T03:00:00-05:00,17.01,16.558,16.58,,,,51223.98,37040,78,0.24,0,15596.17,14173.2,,26557.48,
2024-06-24T04:00:00-05:00,17.94,16.682,16.682,,,,50755.46,37088,78,0.24,0,14729.75,13120.5,,26701.7,
2024-06-24T05:00:00-05:00,19.51,17.807,17.807,,,,51350.27,38741,77,0.3,0,13490.29,12116.2,,27796.29,
2024-06-24T06:00:00-05:00,20.47,19.392,19.392,,,,52282.22,40818,77,182.1,165.4,12019.4,11381.3,,28904.32,
2024-06-24T07:00:00-05:00,18.18,18.448,18.448,,,,53665.98,39649,80,5088.15,4290.4,10064.55,9768.7,,28399.84,
2024-06-24T08:00:00-05:00,17.7,17.375,17.375,,,,56995.1,37851,84,13341.93,12943.6,7197.97,7122.6,,27528.42,
2024-06-24T09:00:00-05:00,18.31,17.555,17.507,,,,60892,37513,86,16445.7,16876.9,7831.96,6147.7,,27900.32,
2024-06-24T10:00:00-05:00,24.08,25.335,25.215,,,,65105.56,42279,89,17299.62,17762.4,6736.21,5670.6,,31001.39,
2024-06-24T11:00:00-05:00,28.86,28.652,28.562,,,,69032.93,47343,91,17405.43,18615.4,5705.54,4824.5,,33947.89,
2024-06-24T12:00:00-05:00,35.42,35.048,34.73,,,,72317.96,50119,92,17852.62,18945.6,5657.28,4598.6,,36066.64,
2024-06-24T13:00:00-05:00,43.64,32.503,32.062,,,,75455.31,51881,94,17657.61,18420.5,6527.93,5161,,37785.43,
2024-06-24T14:00:00-05:00,48.28,34.073,33.242,,,,77783.09,52528,95,17655.7,18330.2,7470.22,5698.1,,38699.01,
2024-06-24T15:00:00-05:00,61.7,27.9,26.98,,,,78912.92,52182,96,17584.19,17743.3,7954.46,5902.5,,38359.75,
2024-06-24T16:00:00-05:00,70.88,28.58,28.567,,,,79523.13,52616,95,17082.96,17380.7,8339.55,6198.1,,38823.23,
2024-06-24T17:00:00-05:00,70.25,24.962,24.96,,,,79470.17,52423,95,16225.74,16262.4,9227.79,6853.7,,38597.71,
2024-06-24T18:00:00-05:00,71.41,24.753,24.705,,,,78578.66,52587,94,14759.16,13463.5,10246.73,7965,,38571.18,
2024-06-24T19:00:00-05:00,122.85,48.587,48.567,,,,76292.53,56623,92,8178.85,6560.4,11867.2,9518.1,,40431.96,
2024-06-24T20:00:00-05:00,116.37,60.41,60.373,,,,73129.38,58942,89,1263.49,745.1,13539.89,11512.9,,41476.47,
2024-06-24T21:00:00-05:00,39.25,30.353,30.318,,,,70960.89,55125,87,253.03,0,16432.91,13870.7,,39327.02,
2024-06-24T22:00:00-05:00,29.31,22.145,22.145,,,,67256.4,48579,85,0.92,0,19938.05,16478.4,,33993.09,
2024-06-24T23:00:00-05:00,23.41,19.53,19.372,,,,62987.98,43274,84,0.22,0,21250.35,18668.8,,30428.07,
2024-06-25T00:00:00-05:00,17.5,18.45,18.368,,,,59470.2,39495,83,0.38,0,21283.58,19560.5,,27951.53,
2024-06-25T01:00:00-05:00,16.59,17.835,17.815,,,,56528.06,37049,82,0.2,0,20843.21,19842.5,,26029.48,
2024-06-25T02:00:00-05:00,15.04,17.51,17.51,,,,54347.28,36202,81,0.15,0,19350.66,19576.8,,25446.16,
2024-06-25T03:00:00-05:00,14.62,17.222,17.055,,,,52971.07,35827,81,0.16,0,18444.66,18934.7,,25234.96,
2024-06-25T04:00:00-05:00,14.76,17,16.845,,,,52318.01,35689,80,0.15,0,17925.58,18135.6,,25167.07,
2024-06-25T05:00:00-05:00,16.49,17.545,17.507,,,,52847.7,36631,80,0.15,0,17736.89,17223.7,,25944.26,
2024-06-25T06:00:00-05:00,17.8,17.97,17.97,,,,53781.98,37837,79,161.06,147.1,17345.61,16260.9,,26567.26,
2024-06-25T07:00:00-05:00,15.74,17.67,17.658,,,,54927.18,37195,81,4603.7,4000.3,15353.04,14819.9,,26144.93,
2024-06-25T08:00:00-05:00,14.65,14.597,11.982,,,,58043.95,33721,84,11387.52,11937.5,15259.33,14097.9,,22930.29,
2024-06-25T09:00:00-05:00,13.92,15.842,12.652,,,,61605.47,34693,86,11889.76,15764.7,17505.66,13896.3,,23744.24,
2024-06-25T10:00:00-05:00,18.07,16.905,13.785,,,,65600.28,37770,89,13580.84,16961.3,16423.43,12585.6,,26389.93,
2024-06-25T11:00:00-05:00,23.31,22.682,19.183,,,,69489.24,41522,91,15616.44,17975,14312.54,11143.4,,29868.29,
2024-06-25T12:00:00-05:00,27.79,25.685,21.923,,,,72897.31,45940,93,16154.78,18467.7,12723.93,10147.6,,33052.72,
2024-06-25T13:00:00-05:00,32.45,34.148,26.735,,,,75755.21,48559,94,17208.67,17865,11789.91,9440.4,,34924.06,
2024-06-25T14:00:00-05:00,34.76,36.198,33.218,,,,77960.01,50833,96,16980.98,17834.5,10793.67,8901.4,,36750.14,
2024-06-25T15:00:00-05:00,38.49,28.62,27.8,,,,79128.96,51444,96,17482.85,17420.7,10008.23,8563.6,,37402.48,
2024-06-25T16:00:00-05:00,46.76,35.342,32.427,,,,79707.37,52198,96,17270.7,16591.4,9597.38,8684,,37961.28,
2024-06-25T17:00:00-05:00,45.79,32.172,31.923,,,,79658.82,53038,96,16440.72,15332.7,9348.01,9228.2,,38622.98,
2024-06-25T18:00:00-05:00,46.62,34.013,34.338,,,,78585.26,54104,95,14426.17,12585,9857.11,10409.9,,38898.28,
2024-06-25T19:00:00-05:00,86.35,66.77,66.862,,,,76175.98,58316,93,7251.57,6142.5,11684.07,11418.9,,40999.68,
2024-06-25T20:00:00-05:00,71.13,87.305,87.305,,,,73305.02,60007,90,794.64,693.9,13686.2,13267,,42101.78,
2024-06-25T21:00:00-05:00,31.04,77.457,77.46,,,,71440.46,56181,88,24.54,0,16181.08,15652.1,,39871.94,
2024-06-25T22:00:00-05:00,27.48,24.332,24.363,,,,67729.36,50236,86,0.03,0,19471.55,17909.7,,34912.68,
2024-06-25T23:00:00-05:00,22.45,22.065,22.073,,,,63738.25,45917,85,0.04,0,19960.33,19588.5,,31368.76,
2024-06-26T00:00:00-05:00,19.74,20.18,20.18,,,,60041.77,41317,84,0.05,0,20785.36,20634.6,,28763.62,
2024-06-26T01:00:00-05:00,17.91,18.233,18.218,,,,57253.45,39114,83,0.05,0,20097.78,20487.9,,27375.84,
2024-06-26T02:00:00-05:00,16.51,22.33,13.817,,,,55072.78,38146,83,0.06,0,18830.93,19643.9,,26741.38,
2024-06-26T03:00:00-05:00,16.18,17.208,17.093,,,,53690.48,37666,82,0.04,0,18295.16,18739.3,,26447.84,
2024-06-26T04:00:00-05:00,17.09,17.127,17.013,,,,53088.8,37569,81,0.06,0,17621.04,17564.9,,26447.81,
2024-06-26T05:00:00-05:00,18.7,18.3,18.165,,,,53532.51,39146,81,0.04,0,16393.29,15880.1,,27327.86,
2024-06-26T06:00:00-05:00,19.71,20.43,20.378,,,,54342.05,40926,80,148.14,128.9,15204.44,14091.1,,28461.28,
2024-06-26T07:00:00-05:00,19.26,20.585,20.55,,,,55560.59,40879,82,4068.64,3647.9,12589.55,12245.3,,28353.31,
2024-06-26T08:00:00-05:00,18.46,16.543,16.543,,,,58405.3,37667,84,11122.86,11068.3,11992.64,10564.5,,26385.91,
2024-06-26T09:00:00-05:00,18.93,17.845,17.848,,,,61802.96,37566,87,14709.82,14856.4,11785.84,8912.5,,27167.27,
2024-06-26T10:00:00-05:00,26.72,24.77,24.785,,,,65753.45,43014,90,16584.74,16132.1,8090.49,6593.6,,30753.5,
2024-06-26T11:00:00-05:00,33.11,38.358,38.545,,,,69598.69,49679,92,16678.42,17254,5215.71,4715.7,,35350.7,
2024-06-26T12:00:00-05:00,40.29,55.933,57.233,,,,73126.83,54402,93,16306.06,17894.5,3955.32,3933.6,,38952.32,
2024-06-26T13:00:00-05:00,50.74,60.085,62.115,,,,76333.94,56589,95,16941.56,17682.2,3826.82,4080.3,,41052.7,
2024-06-26T14:00:00-05:00,62.12,31.945,33.197,,,,78558.06,56693,96,17535.66,17705.3,4463.04,4739.2,,40821.17,
2024-06-26T15:00:00-05:00,64.14,30.892,30.908,,,,79613.17,55351,97,17516.4,17224.3,5780.94,5722.6,,39941.28,
2024-06-26T16:00:00-05:00,65.28,25.225,26.27,,,,79948.75,54329,97,17112.34,16486.2,7508.66,6968.5,,39096.92,
2024-06-26T17:00:00-05:00,60.53,22.972,23.568,,,,79354.33,53005,96,16370.45,15271.2,9437.61,8286.5,,38124.18,
2024-06-26T18:00:00-05:00,59.75,23.895,23.597,,,,78174.68,52657,94,13767.17,12754.5,11779.6,9857.9,,37980.91,
2024-06-26T19:00:00-05:00,149.5,32.86,33.387,,,,76265.44,57566,92,6877.13,6253.8,12970.2,10948.9,,41322.82,
2024-06-26T20:00:00-05:00,136.15,34.372,34.915,,,,73696.31,59434,89,771.8,688.5,14827.61,11735.1,,42344.93,
2024-06-26T21:00:00-05:00,59.04,31.445,31.312,,,,71853.4,57523,87,0.49,0,15200.17,12375.8,,41413.79,
2024-06-26T22:00:00-05:00,34.97,30.09,30.113,,,,68147.5,54828,86,0.5,0,14201.67,13537.1,,39224.77,
2024-06-26T23:00:00-05:00,28.54,27.165,27.202,,,,63971.82,50604,84,0.51,0,13985.69,14933.8,,35188.91,
2024-06-27T00:00:00-05:00,27.76,24.42,24.42,,,,60988.93,47284,83,0.53,0,13427.99,13799.7,,32252.97,
2024-06-27T01:00:00-05:00,24.73,23.398,23.438,,,,58000.48,45725,82,0.14,0,12089.33,13175.4,,31114.91,
2024-06-27T02:00:00-05:00,22.61,22.92,23.108,,,,55892.55,43539,81,0.12,0,11802.69,12162.7,,29984.32,
2024-06-27T03:00:00-05:00,22.43,24.052,24.22,,,,54479.08,43802,80,0.15,0,9945.65,11100.4,,30255.18,
2024-06-27T04:00:00-05:00,23.89,24.7,24.87,,,,53828.52,45142,80,0.14,0,8081.92,10107,,30839.24,
2024-06-27T05:00:00-05:00,25.62,28.34,28.582,,,,54246.71,47035,79,0.14,0,6480.95,9065.9,,32051.19,
2024-06-27T06:00:00-05:00,26.15,29.575,29.717,,,,54996.92,48611,79,177.05,134.3,5606.9,8110.8,,33346.84,
2024-06-27T07:00:00-05:00,24.55,26.872,26.93,,,,56198.03,47910,81,3828.73,3718.7,4302.75,6694.8,,32894.48,
2024-06-27T08:00:00-05:00,21.78,24.223,24.223,,,,59522.2,45906,83,10650.26,11495.9,2997.84,5303.7,,31347.34,
2024-06-27T09:00:00-05:00,21.2,26.43,26.43,,,,63651.7,47262,87,13627.44,15403,2574.94,4640.9,,32681.85,
2024-06-27T10:00:00-05:00,27.91,31.67,31.67,,,,68172.96,48984,89,16150.46,16556.2,2069.23,4169.1,,34050.86,
2024-06-27T11:00:00-05:00,33.52,44.325,44.325,,,,72687.86,52028,92,17139.59,17711.7,2159.25,4210.7,,36683.45,
2024-06-27T12:00:00-05:00,40.96,41.807,41.405,,,,76556.55,54812,94,17289.92,18207.7,2908.71,5138,,39253.82,
2024-06-27T13:00:00-05:00,52.21,58.88,55.565,,,,80127.46,56748,95,17214.42,18143.8,3913.91,6478,,40493.58,
2024-06-27T14:00:00-05:00,55.43,34.925,32.667,,,,82272.02,56201,96,17486.98,18108.8,5506.79,8076,,41079.02,
2024-06-27T15:00:00-05:00,56.42,30.133,29.472,,,,83171.37,54799,97,17753.93,17833.4,7273.5,10035.4,,40117.19,
2024-06-27T16:00:00-05:00,53.51,33.533,31.805,,,,83421.51,54408,97,16827.26,17395.5,8832.27,12184.6,,40071.92,
2024-06-27T17:00:00-05:00,43.12,29.963,27.922,,,,82702.2,53954,96,15435.07,16607.3,10646.95,14356.7,,39881.57,
2024-06-27T18:00:00-05:00,43.4,28.31,25.75,,,,81409.67,53484,95,12991,13827.5,13076.03,16682.8,,39547.11,
2024-06-27T19:00:00-05:00,59.28,36.925,35.95,,,,78938.64,55890,92,6687.89,6365.5,15539.52,17736.1,,40133.07,
2024-06-27T20:00:00-05:00,50.32,42.5,42.69,,,,75718.21,57957,89,806.23,692.9,17001.55,18777.8,,41114.6,
2024-06-27T21:00:00-05:00,31.84,35.217,35.032,,,,73625.24,55934,87,0.46,0,17152.53,19797.1,,39805.43,
2024-06-27T22:00:00-05:00,28.45,28.523,28.532,,,,70180.61,51397,86,0.12,0,18318.22,20837.1,,36460.41,
2024-06-27T23:00:00-05:00,22.04,23.008,23.03,,,,66169,46558,85,0.12,0,19334.16,21572.2,,32370.11,
2024-06-28T00:00:00-05:00,19.98,23.18,23.18,,,,61265.54,42240,83,0.12,0,19537.91,21428,,28393.58,
2024-06-28T01:00:00-05:00,18.45,21.78,21.78,,,,58377.6,39112,83,0.14,0,19855.97,21112.8,,26292.18,
2024-06-28T02:00:00-05:00,17.04,21.662,21.662,,,,56154.51,36840,82,0.16,0,19810.94,20536.7,,24284.77,
2024-06-28T03:00:00-05:00,15.9,20.767,20.637,,,,54692.83,35566,81,0.17,0,19853.41,20014.7,,23290.34,
2024-06-28T04:00:00-05:00,15.41,20.34,20.2,,,,54007.7,35141,80,0.18,0,19930.9,19497.5,,23156.72,
2024-06-28T05:00:00-05:00,17.08,21.065,20.962,,,,54240.56,35791,80,0.16,0,19621.81,18860.7,,23566.37,
2024-06-28T06:00:00-05:00,16.95,21.03,21.017,,,,54879.79,36324,79,92.71,135.4,19310.99,18232.2,,23706.25,
2024-06-28T07:00:00-05:00,15.92,18.8,18.8,,,,56094.82,34994,81,4197.55,3997.8,17740.88,17406.9,,22737.36,
2024-06-28T08:00:00-05:00,14.57,14.845,13.227,,,,59309.24,31450,84,11848.72,12169.3,17258.48,16762.7,,20409.59,
2024-06-28T09:00:00-05:00,14.8,17.285,15.023,,,,63402.04,32792,88,13138.3,16294.6,18556.77,17462.9,,22378.65,
2024-06-28T10:00:00-05:00,18,20.375,16.467,,,,67629.24,34599,90,15040.75,17403.5,19060.33,17741.8,,24093.5,
2024-06-28T11:00:00-05:00,22.28,24.463,17.762,,,,71666.41,37411,93,15339.36,18246.7,19507.18,17661,,26487.55,
2024-06-28T12:00:00-05:00,27.68,29.68,20.198,,,,75264.94,40227,95,16452.01,18911.2,19400.64,17521.2,,28307.44,
2024-06-28T13:00:00-05:00,32.65,45.5,23.398,,,,78411.39,43204,97,17532.81,18972.2,18119.69,17118.6,,30190.31,
2024-06-28T14:00:00-05:00,36.08,36.985,24.427,,,,80295.61,45390,98,18042.75,18762,16409,16460.1,,31690.59,
2024-06-28T15:00:00-05:00,41.45,40.23,27.555,,,,80865.05,46511,98,18331.91,18433.2,14994.07,15989.8,,32730.92,
2024-06-28T16:00:00-05:00,39.69,40.967,37.987,,,,80883.01,49026,98,17650.61,18370.4,13324.5,16325.4,,34489.85,
2024-06-28T17:00:00-05:00,36.83,26.742,26.26,,,,79999.79,49669,98,16721.67,17449.1,13461.66,17192.2,,34838.28,
2024-06-28T18:00:00-05:00,29.47,46.047,46.358,,,,78794.89,50908,96,14018.45,14649.3,14430.88,18527.8,,35669.21,
2024-06-28T19:00:00-05:00,44.34,56.475,56.615,,,,76363.13,53602,93,7261.51,6678.4,16951.86,20534.9,,36892.88,
2024-06-28T20:00:00-05:00,36.65,49.005,49.15,,,,73299.94,54104,91,792.06,702.8,20074.79,22228.7,,37402.37,
2024-06-28T21:00:00-05:00,25.79,26.282,26.462,,,,71460.55,49595,89,0.51,0,23970.41,23819.8,,34410.54,
2024-06-28T22:00:00-05:00,24.05,22.832,21.612,,,,68683.57,44504,88,0.52,0,26054.98,25437.1,,29975.31,
2024-06-28T23:00:00-05:00,19.1,21.428,19.168,,,,65148.65,41123,86,0.62,0,25982.58,26577.6,,27400.4,
2024-06-29T00:00:00-05:00,20.78,21.05,18.503,,,,61961,37104,85,0.63,0,26411.7,27392.1,,24123.38,
2024-06-29T01:00:00-05:00,17.79,19.308,16.825,,,,59275.62,34667,84,0.4,0,26229.2,27393.8,,22397.7,
2024-06-29T02:00:00-05:00,16.16,16.79,14.592,,,,57159.06,33122,83,0.43,0,25500.47,26951.6,,21756.85,
2024-06-29T03:00:00-05:00,14.82,15.673,14.303,,,,55392.91,31710,82,0.44,0,25405.17,26152.9,,21221.23,
2024-06-29T04:00:00-05:00,15.25,16.075,16.37,,,,54166.31,32384,82,0.41,0,23481.65,24484.7,,21686.91,
2024-06-29T05:00:00-05:00,16.3,18.923,19.29,,,,53626.51,33842,81,0.4,0,21364.53,22363.2,,22470.68,
2024-06-29T06:00:00-05:00,17.3,20.83,20.847,,,,53104.56,35460,81,125.41,127.1,19179.12,20108.8,,23231.16,
2024-06-29T07:00:00-05:00,16.61,20.245,20.255,,,,53949.21,35342,83,4356.83,3483.7,15832.4,18164.2,,23185.48,
2024-06-29T08:00:00-05:00,14.64,15.04,15.192,,,,57524.85,31967,85,11254.26,10619,15983.83,17280.1,,20858.73,
2024-06-29T09:00:00-05:00,15.43,14.957,13.592,,,,61541.44,31604,88,13879.96,14585.9,17877.7,16870.4,,21108.4,
2024-06-29T10:00:00-05:00,18.62,20.767,18.327,,,,65449.9,35086,90,16271.37,16332.6,15378.45,15019.7,,24458.33,
2024-06-29T11:00:00-05:00,23.26,24.082,20.922,,,,69107.26,40561,92,17310.76,17612.9,12423.88,13285.3,,27927.54,
2024-06-29T12:00:00-05:00,29.23,34.33,29.19,,,,72517.07,44978,94,17768.86,18271,10839.42,12496.3,,30507.72,
2024-06-29T13:00:00-05:00,35.43,42.24,39.262,,,,75308.8,48447,96,17563.15,18851,10357.29,12583.8,,33124.48,
2024-06-29T14:00:00-05:00,34,39.908,39.615,,,,77328.93,49733,97,17813.02,18947.8,10672.42,13144.8,,34448.51,
2024-06-29T15:00:00-05:00,36.08,33.633,33.1,,,,78349.23,50172,97,17922.49,18621,11569.64,14000.9,,35017.05,
2024-06-29T16:00:00-05:00,35.86,24.37,24.678,,,,78510.73,48989,98,17516.33,18055.1,13006.66,15056.2,,34217.26,
2024-06-29T17:00:00-05:00,32.78,23.655,22.932,,,,77927.46,48191,97,16397.64,16945.9,14947.66,16267.9,,33871.84,
2024-06-29T18:00:00-05:00,33.02,22.773,21.8,,,,76490.5,47993,95,13829.99,13993.5,16899.31,17747.4,,33796.43,
2024-06-29T19:00:00-05:00,43.02,34.69,34.285,,,,74306.73,50685,93,7638,6624.1,18566.7,18627.4,,35215.97,
2024-06-29T20:00:00-05:00,54.34,63.653,63.903,,,,71426.76,53808,90,884.26,726.9,18574.11,18817,,37414.44,
2024-06-29T21:00:00-05:00,33.02,45.03,45.218,,,,69835.35,52328,88,0.54,0,18676.23,18963.6,,37214.01,
2024-06-29T22:00:00-05:00,28.35,25.975,26.087,,,,67124.81,48322,87,0.64,0,20277.6,19560.7,,34137.92,
2024-06-29T23:00:00-05:00,23.42,22.808,22.85,,,,63907.85,44917,86,0.79,0,20385.34,20031.6,,31442.77,
2024-06-30T00:00:00-05:00,19.18,25.052,25.052,,,,61406.86,42014,84,0.8,0,19695.54,20053,,28868.69,
2024-06-30T01:00:00-05:00,18.08,23.152,23.112,,,,58598.11,40615,83,0.81,0,18523.1,19167.7,,27751.12,
2024-06-30T02:00:00-05:00,17.61,22.675,22.568,,,,56410.42,39865,83,0.81,0,17175.47,17745.5,,27392.22,
2024-06-30T03:00:00-05:00,17.68,21.062,20.96,,,,54525.76,38828,82,0.82,0,16410.93,16445.5,,26882.63,
2024-06-30T04:00:00-05:00,17.38,19.657,19.657,,,,53239.91,37873,81,0.82,0,15997.56,15138.5,,26075.77,
2024-06-30T05:00:00-05:00,18.61,20.207,20.207,,,,52495.43,38208,80,0.82,0,14781.72,13629.1,,26273.57,
2024-06-30T06:00:00-05:00,18.26,20.247,20.247,,,,51611.25,38492,79,91.14,116.6,13469.6,12054.7,,26447.94,
2024-06-30T07:00:00-05:00,15.82,18.68,18.68,,,,52313.88,37283,81,4255.53,3713.3,11173.25,10266.8,,25492.41,
2024-06-30T08:00:00-05:00,15.2,13.5,13.5,,,,55635.78,32642,84,12856.31,11458.3,10945.98,8823.3,,21980.13,
2024-06-30T09:00:00-05:00,16.5,13.425,13.412,,,,59582.63,32131,86,16465.72,15580.5,11491.26,7822.2,,22163.89,
2024-06-30T10:00:00-05:00,19.83,18.83,18.83,,,,63465.37,37068,89,18082.62,16805.6,8382.87,6750.5,,26727.22,
2024-06-30T11:00:00-05:00,23.17,22.497,22.4,,,,67300.05,42435,92,18510.12,17768.1,6850.43,6388.8,,29876.92,
2024-06-30T12:00:00-05:00,28.53,23.617,23.827,,,,70959.98,45614,93,18587.74,18373.6,7364.79,6813.8,,31533.69,
2024-06-30T13:00:00-05:00,31.64,25.3,25.69,,,,74058.57,47568,95,18280.05,18693.5,8565.87,7848.6,,32724.74,
2024-06-30T14:00:00-05:00,34.45,26.225,26.62,,,,76384.84,48865,95,18181.63,18672.8,9842.53,8946.3,,33408.58,
2024-06-30T15:00:00-05:00,37.61,24.652,24.795,,,,77777.26,49034,95,18050.56,18438.2,11206.34,10003.7,,33568.17,
2024-06-30T16:00:00-05:00,39.38,24.657,25.17,,,,78304.1,49500,96,17429.5,17735,12135.41,10849.2,,33934.23,
2024-06-30T17:00:00-05:00,39.7,25.157,26.09,,,,78110.12,50073,96,16596.66,16446.7,12974.7,11543.4,,34354.47,
2024-06-30T18:00:00-05:00,37.4,25.707,25.422,,,,77350.39,50674,94,14292.06,13638.5,14253.65,12745.9,,34376.22,
2024-06-30T19:00:00-05:00,63,31.008,29.455,,,,75720.15,52612,92,7780.41,6697.5,16963.02,13412.4,,35298.83,
2024-06-30T20:00:00-05:00,71.16,34.653,35.628,,,,73189.74,54973,90,992.21,724.4,18611.66,13942.2,,36892.16,
2024-06-30T21:00:00-05:00,37.84,27.205,27.53,,,,71571.1,52352,88,0.33,0,20270.63,15070.8,,35686.77,
2024-06-30T22:00:00-05:00,24.85,23.483,23.325,,,,68214.31,47983,86,0.48,0,21350.19,16836,,32305.58,
2024-06-30T23:00:00-05:00,19.58,22.615,22.418,,,,64164.87,44405,85,0.63,0,20998.2,18182.4,,29751.68,
2024-07-01T00:00:00-05:00,20.6,21.382,21.283,,,,61061.83,41208,83,0.57,0,20361.73,19152.7,,28052.64,
2024-07-01T01:00:00-05:00,18.64,20.798,20.798,,,,58163.62,39463,83,0.43,0,18830.96,18447.8,,27095.87,
2024-07-01T02:00:00-05:00,17.22,19.472,19.472,,,,55684.39,38705,81,0.38,0,17243.52,17328.8,,26529.88,
2024-07-01T03:00:00-05:00,16.91,19.058,19.058,,,,54231.85,38380,80,0.39,0,15981.8,16126.6,,26234.16,
2024-07-01T04:00:00-05:00,16.93,19.567,19.567,,,,53508.56,38949,80,0.4,0,14513.12,15025.7,,26596.32,
2024-07-01T05:00:00-05:00,17.33,21.347,21.347,,,,53844.83,40124,79,0.55,0,13413.45,14039,,27311.78,
2024-07-01T06:00:00-05:00,18.21,21.267,21.267,,,,54559.18,40742,78,162.71,136.2,13142.86,13150.1,,27601.49,
2024-07-01T07:00:00-05:00,17.1,18.88,18.88,,,,55494.93,38916,81,4819.27,4310,11613.92,11821.6,,26506.22,
2024-07-01T08:00:00-05:00,14.13,13.148,12.645,,,,58776.44,33547,84,13897.28,13357.8,11790.93,11268.3,,22282.84,
2024-07-01T09:00:00-05:00,15.02,13.797,11.733,,,,62953.92,34317,88,16521.9,17577.4,12872.38,11814.4,,23074.68,
2024-07-01T10:00:00-05:00,19.2,16.012,13.875,,,,67809.13,37078,90,18015.38,18829.1,12753.64,11838.9,,25246.42,
2024-07-01T11:00:00-05:00,24.12,20.668,19.025,,,,72414.77,40720,93,17649.58,19579.2,13525.24,11990.7,,28316.81,
2024-07-01T12:00:00-05:00,29.8,24.967,21.48,,,,76435.16,44344,95,16990.64,19849,14341.35,12866.1,,30351.58,
2024-07-01T13:00:00-05:00,36.2,25.895,21.165,,,,79716.4,47749,96,15914.75,19738.6,15097.21,14069.1,,32650.86,
2024-07-01T14:00:00-05:00,40.65,25.753,23.572,,,,81607.64,48723,98,15454.72,19790.4,16036.07,15203.3,,33174.4,
2024-07-01T15:00:00-05:00,42.63,25.385,21.46,,,,82187.17,48730,98,14983.07,19595.7,16991.89,16138.2,,33316.39,
2024-07-01T16:00:00-05:00,41.82,27.063,22.86,,,,82474.29,49387,98,14603.97,19015.9,17196.22,17559.6,,33555.05,
2024-07-01T17:00:00-05:00,37.98,27.812,24.032,,,,81932.33,49668,98,13454.96,17767.9,18014.38,18883.3,,33852.56,
2024-07-01T18:00:00-05:00,36.11,31.205,27.495,,,,81146.21,50948,95,10964.54,14853.9,18964.3,20091.3,,34635.82,
2024-07-01T19:00:00-05:00,41.44,58.365,61.172,,,,79581.84,53409,93,5890.79,7040.8,20056.21,20305.3,,36070.27,
2024-07-01T20:00:00-05:00,46.72,26.602,26.865,,,,76605.28,54327,90,998.06,753.1,21372.2,20513.1,,36883.21,
2024-07-01T21:00:00-05:00,31.74,24.153,24.657,,,,74251.72,52121,88,7.6,0,22299.25,21040.6,,35762.62,
2024-07-01T22:00:00-05:00,27.42,21.968,21.268,,,,70426,47142,87,0.54,0,23580.84,21967,,32163.1,
2024-07-01T23:00:00-05:00,21.53,20.412,19.095,,,,66155.2,42947,85,0.7,0,23372.68,22843,,29378.37,
2024-07-02T00:00:00-05:00,19.81,18.893,18.677,,,,61769.4,39337,84,0.7,0,22913.5,23213.4,,26514.46,
2024-07-02T01:00:00-05:00,17.6,17.047,16.89,,,,58594.74,37231,82,0.56,0,22023.17,23056.7,,25157.72,
2024-07-02T02:00:00-05:00,17.55,16.443,16.332,,,,56120.17,34929,81,0.38,0,21909.35,22635.1,,23343.35,
2024-07-02T03:00:00-05:00,16.67,15.675,15.57,,,,54657.8,33994,80,0.35,0,21372.33,22074.1,,22691.91,
2024-07-02T04:00:00-05:00,15.89,14.365,14.04,,,,53900.4,33345,79,0.32,0,21157.94,21227.8,,21944.04,
2024-07-02T05:00:00-05:00,17.56,15.955,15.725,,,,54251.09,34279,78,0.3,0,20295.41,20175.9,,22789.87,
2024-07-02T06:00:00-05:00,15.55,18.467,18.33,,,,54943.64,36535,78,133.5,132.9,18498.57,19152.5,,24119.53,
2024-07-02T07:00:00-05:00,13.23,16.32,16.303,,,,55772.91,35532,80,4618.83,4299.4,15942.79,18598.4,,23112.94,
2024-07-02T08:00:00-05:00,11.16,13.007,11.325,,,,58975.94,32025,84,13046.34,13563.2,14278.63,18156.7,,20587.19,
2024-07-02T09:00:00-05:00,12.84,13.453,10.73,,,,63271.93,32516,87,14782.88,17788,16198.48,18547.3,,21264.24,
2024-07-02T10:00:00-05:00,17.03,17.255,14.642,,,,68032.68,35138,90,16106.76,18721.1,16583.01,18039.7,,23554.67,
2024-07-02T11:00:00-05:00,20.57,19.233,16.53,,,,72708.19,38420,94,17129.08,19439,16211.41,17048.8,,26114.39,
2024-07-02T12:00:00-05:00,28.8,22.622,20.205,,,,76791.07,41752,96,18065.72,19720,15892.73,16586.4,,28216.56,
2024-07-02T13:00:00-05:00,34.34,21.932,19.71,,,,80003.11,44741,98,19058.83,19638,15137.55,16070,,30186.38,
2024-07-02T14:00:00-05:00,38.09,22.175,21.358,,,,81688.71,45674,99,19208.99,19639.6,15570.56,15895.5,,30861.96,
2024-07-02T15:00:00-05:00,45.12,23.617,20.552,,,,82342.91,46237,99,18790.72,19413.7,15693.5,15971.5,,30810.22,
2024-07-02T16:00:00-05:00,45.22,27.268,24.088,,,,82671.08,47208,99,18020.19,18742.1,15866.5,17023.6,,31429,
2024-07-02T17:00:00-05:00,42.96,22.668,21.712,,,,82334.59,47885,99,16451.02,17884.2,16627.81,18638.9,,32110.79,
2024-07-02T18:00:00-05:00,35.45,27.102,28.392,,,,81371.44,49280,97,13563.4,15170.8,17811.54,20372.5,,33148.76,
2024-07-02T19:00:00-05:00,49.09,43.637,45.943,,,,79369.09,53501,94,6120.34,7280.2,19583.23,21294.1,,35535.09,
2024-07-02T20:00:00-05:00,50.38,40.61,41.415,,,,76235.85,54742,91,453.88,792.8,20955.22,22145.7,,36385.11,
2024-07-02T21:00:00-05:00,32.64,26.183,26.198,,,,73838.64,51702,88,0.18,0,22509.96,23163.3,,35123.46,
2024-07-02T22:00:00-05:00,25.79,21.017,21.043,,,,70085.94,46436,86,0.25,0,24025.51,24165.5,,31802.24,
2024-07-02T23:00:00-05:00,22.31,18.818,18.702,,,,66059.95,42088,85,0.4,0,24325.87,24475.8,,28892.38,
2024-07-03T00:00:00-05:00,19.02,17.588,17.465,,,,61105.98,38316,83,0.41,0,23578.08,24371.1,,26007.9,
2024-07-03T01:00:00-05:00,16.18,16.762,16.65,,,,57919.12,37154,82,0.37,0,21727.1,23997.1,,25318.92,
2024-07-03T02:00:00-05:00,15.26,14.988,14.893,,,,55488.42,36044,81,0.46,0,20411.67,23460.2,,24600.37,
2024-07-03T03:00:00-05:00,14.88,14.46,14.442,,,,53876.28,35249,80,0.39,0,19764.09,22861.4,,24121.38,
2024-07-03T04:00:00-05:00,14.9,15.215,15.215,,,,53174.15,35819,79,0.4,0,18396.79,21522.4,,24608.12,
2024-07-03T05:00:00-05:00,16.05,17.815,17.815,,,,53672,37712,78,0.4,0,16644.39,19897.7,,25890.86,
2024-07-03T06:00:00-05:00,16.43,19.475,19.475,,,,54695.75,40702,78,114.31,130.8,13968.63,18330.2,,27648.56,
2024-07-03T07:00:00-05:00,13.78,18.513,18.52,,,,55415.06,39860,80,4421.49,4127,11635.35,16399,,26893.88,
2024-07-03T08:00:00-05:00,11.08,13.775,13.802,,,,57919.67,35305,83,13199.72,12812.2,10357.73,15634.6,,23922.98,
2024-07-03T09:00:00-05:00,11.24,14.305,14.345,,,,61515.14,34786,86,16884.78,16979.3,11493.92,14420.2,,24252.29,
2024-07-03T10:00:00-05:00,14.68,18.593,18.622,,,,65714.64,38391,89,18330.55,18254.1,10499.58,13359.9,,26748.38,
2024-07-03T11:00:00-05:00,22.45,21.7,21.872,,,,69925.92,42747,92,19022.43,18884.3,8944.45,12673.7,,28870.48,
2024-07-03T12:00:00-05:00,28.45,23.54,23.75,,,,73845.06,46354,94,18947.74,19167.2,8959.37,12487.1,,30891.01,
2024-07-03T13:00:00-05:00,34.7,33.145,33.592,,,,77078.14,49379,95,18760.43,18779.4,9391.95,12674,,32743.72,
2024-07-03T14:00:00-05:00,36.49,26.605,26.692,,,,79240.45,50412,96,19015.14,18694,10125.3,13314.1,,33752.91,
2024-07-03T15:00:00-05:00,35.44,22.225,22.435,,,,80138.36,49948,97,18669.3,18502.7,11744.28,14245.3,,33979.97,
2024-07-03T16:00:00-05:00,33.72,21.863,21.787,,,,80487.88,49620,97,18191.43,17980.6,12901.73,15511.1,,33801.75,
2024-07-03T17:00:00-05:00,31.75,20.957,20.92,,,,79917.67,48779,96,17185.36,17031.8,14268.06,17246.1,,33595.97,
2024-07-03T18:00:00-05:00,31.43,21.068,21.177,,,,78374.77,48146,95,14465.65,14419.8,16902.94,19078.5,,33048.83,
2024-07-03T19:00:00-05:00,47.35,28.698,29.682,,,,76021.79,51539,92,7005.6,6561.3,19120.55,20012.4,,34303.22,
2024-07-03T20:00:00-05:00,44.67,33.452,33.655,,,,73204.79,54115,90,603.5,667.2,19981.83,20681.2,,35616.47,
2024-07-03T21:00:00-05:00,27.64,23.73,23.867,,,,71012.74,50405,88,0.21,0,21733.06,21479.1,,33972.01,
2024-07-03T22:00:00-05:00,26.03,20.073,20.153,,,,67199.82,45210,87,0.24,0,23681.87,22518.6,,31298.03,
2024-07-03T23:00:00-05:00,20.92,18.485,18.382,,,,63111.68,41224,86,0.57,0,24146.44,23093.8,,28748.69,
2024-07-04T00:00:00-05:00,18.25,17.968,17.843,,,,59994.49,38713,84,0.4,0,23076.61,23258.8,,26846.07,
2024-07-04T01:00:00-05:00,15.74,16.565,16.453,,,,56833.65,36018,83,0.53,0,22871.04,22897.7,,25130.31,
2024-07-04T02:00:00-05:00,13.85,14.293,14.195,,,,54473.82,34469,82,0.54,0,22178.93,22330,,23905.1,
2024-07-04T03:00:00-05:00,12.7,13.48,13.422,,,,52809.1,33773,82,0.37,0,21211.47,21810.1,,23298.93,
2024-07-04T04:00:00-05:00,12.54,15.513,15.513,,,,51844.25,34519,81,0.37,0,19505.83,21093,,24305.52,
2024-07-04T05:00:00-05:00,13.25,16.595,16.595,,,,51769.19,35668,80,0.36,0,17797.04,20176.5,,25093.1,
2024-07-04T06:00:00-05:00,12.62,16.3,16.3,,,,52026.78,35976,80,127.52,125.6,16879.23,19189,,25081.81,
2024-07-04T07:00:00-05:00,11.44,13.46,13.46,,,,52282.16,34290,82,4248.95,4065.5,15047.07,18433.2,,23553.74,
2024-07-04T08:00:00-05:00,9.01,5.712,5.712,,,,54740.45,29852,84,11967.97,12816.8,15371.8,18303.8,,19209.81,
2024-07-04T09:00:00-05:00,8.74,2.225,2.192,,,,58712.39,28061,87,16461.9,16909.7,16569.41,17754.4,,18406.82,
2024-07-04T10:00:00-05:00,12.36,10.66,10.325,,,,63037.07,31883,89,18825.6,18569.1,14383.4,15034.9,,22363.65,
2024-07-04T11:00:00-05:00,19.04,15.712,15.3,,,,67530.71,37983,92,19047.88,19280.8,12119.31,12656.9,,27470.97,
2024-07-04T12:00:00-05:00,22.18,17.262,17.257,,,,71660.92,42550,94,19145.98,19533.9,11205.21,11152.3,,30710.22,
2024-07-04T13:00:00-05:00,27.38,21.835,21.753,,,,74686.45,47212,96,18910.45,19709.1,9922.04,10361.2,,33846.89,
2024-07-04T14:00:00-05:00,28.32,32.92,35.19,,,,76967.14,51289,97,18666.14,19772.9,8470.75,10050.3,,35880.19,
2024-07-04T15:00:00-05:00,30.03,37.698,41.59,,,,78595.65,53567,98,18406.09,19669,7962.94,9916,,37318.63,
2024-07-04T16:00:00-05:00,35.06,40.73,47.098,,,,79315.38,54308,98,18049.28,19021.8,8184.51,10144.5,,37820.68,
2024-07-04T17:00:00-05:00,35.01,30.258,32.875,,,,79103.27,54654,97,16703.18,17948.2,9330.81,10851.8,,38046.57,
2024-07-04T18:00:00-05:00,38.32,40.815,44.177,,,,77432.92,55966,95,12938.46,15067.3,10167.19,11890.6,,38737.81,
2024-07-04T19:00:00-05:00,76.78,61.99,66.085,,,,74581.15,59460,91,5416.34,6527.4,11021.51,12960.8,,40261.22,
2024-07-04T20:00:00-05:00,74.96,38.483,39.13,,,,71305,59778,88,365.21,632.4,12744.46,14102.2,,40864.9,
2024-07-04T21:00:00-05:00,37.78,20.32,20.513,,,,68587.74,54261,87,3.62,0,16194.34,15048.5,,37723.13,
2024-07-04T22:00:00-05:00,28.47,17.655,17.682,,,,65420.03,47876,85,2.28,0,19667.57,15837.5,,33685.96,
2024-07-04T23:00:00-05:00,22.26,17.367,17.413,,,,62166.04,44820,84,2.28,0,19626.77,16634.9,,31460.14,
2024-07-05T00:00:00-05:00,27.72,17.033,17.065,,,,60672.95,43496,83,2.28,0,17597.18,15281.9,,30505.32,
2024-07-05T01:00:00-05:00,23.02,16.635,17.005,,,,57274.16,42353,82,2.29,0,15416.2,14678.5,,29228.19,
2024-07-05T02:00:00-05:00,19.66,18.67,18.87,,,,54745.68,42344,81,2.28,0,12810.57,14062.3,,29456.68,
2024-07-05T03:00:00-05:00,18.95,19.747,20.212,,,,53174.33,42836,80,2.29,0,10427.89,13567.3,,29894.91,
2024-07-05T04:00:00-05:00,18.69,16.842,18.312,,,,52394.37,42398,79,2.28,0,9666.9,12994.2,,29127.38,
2024-07-05T05:00:00-05:00,20.01,16.797,17.503,,,,52877.89,41777,78,2.28,0,10085.86,12160.5,,28023.29,
2024-07-05T06:00:00-05:00,19.4,14.35,14.935,,,,53779.44,40586,78,117.46,92.1,11111.61,11366,,27241,
2024-07-05T07:00:00-05:00,17.12,12.163,12.57,,,,54416.96,38035,80,3458.18,3209.2,11329.39,11055.9,,25713.47,
2024-07-05T08:00:00-05:00,14.05,9.035,9.045,,,,57053.05,34107,82,10226.18,9860.6,12226.38,11232.8,,22985.09,
2024-07-05T09:00:00-05:00,13.6,9.835,9.815,,,,60738.74,34123,85,13182.65,13117.6,13168.71,11542.4,,23825.22,
2024-07-05T10:00:00-05:00,16.53,12.413,12.378,,,,64707.4,36116,87,15032.29,14502.6,12590.53,11298.3,,25670.46,
2024-07-05T11:00:00-05:00,21.36,12.105,10.855,,,,68289,37200,88,15986.87,15532.6,14146.68,10653.8,,26566.37,
2024-07-05T12:00:00-05:00,26.26,13.99,11.733,,,,71454.58,38688,89,15537.26,16159.8,15595.98,9791.2,,27265.78,
2024-07-05T13:00:00-05:00,30.77,16.033,12.842,,,,74165.08,41236,91,15375.46,16650.4,15742.21,8785.6,,28775.31,
2024-07-05T14:00:00-05:00,34.01,16,11.24,,,,76000.98,41824,91,16086.19,16579.6,15928.24,8215.2,,28610.91,
2024-07-05T15:00:00-05:00,32.02,17.258,11.773,,,,76685.41,43348,91,14924.04,16049.4,15740.52,8307.4,,29917.75,
2024-07-05T16:00:00-05:00,33.35,18.24,14.778,,,,76842.16,45831,89,14081.09,15155,13810.51,9154,,31962.87,
2024-07-05T17:00:00-05:00,32.26,22.89,20.278,,,,75891.21,48911,86,12105.93,13728.2,11698.28,10411.1,,33916.68,
2024-07-05T18:00:00-05:00,29.65,18.712,17.938,,,,73898.2,49143,85,11120.88,10867.6,10618.48,11623.1,,34312.74,
2024-07-05T19:00:00-05:00,38.58,23.052,22.463,,,,71372.18,51453,84,6424.25,5672,10423.46,12131.1,,35420.3,
2024-07-05T20:00:00-05:00,45.09,32.358,32.313,,,,68718.17,55970,82,794.55,595.6,9414.41,12048.5,,37816.95,
2024-07-05T21:00:00-05:00,32.86,22.928,22.985,,,,67006.63,54930,80,0.11,0,9421.27,11408.9,,38018.5,
2024-07-05T22:00:00-05:00,33.94,20.667,20.682,,,,63990.8,51505,78,0.23,0,9746.77,10794.3,,36385.89,
2024-07-05T23:00:00-05:00,27.86,21.418,21.517,,,,60748.03,49388,77,0.24,0,8732.78,10028.3,,34571.95,
2024-07-06T00:00:00-05:00,23.48,20.153,20.29,,,,57080.95,47468,76,0.26,0,7325.68,9153.3,,32805.23,
2024-07-06T01:00:00-05:00,22.9,20.335,20.64,,,,54297.02,46312,76,0.24,0,5788.37,7793.5,,31919.14,
2024-07-06T02:00:00-05:00,21.74,19.025,19.683,,,,52177.83,45453,75,0.24,0,4946.34,6605.9,,31369.86,
2024-07-06T03:00:00-05:00,20.59,18.093,18.595,,,,50546.84,44580,75,0.23,0,4187.92,5680,,30571.55,
2024-07-06T04:00:00-05:00,19.96,17.865,18.182,,,,49549.35,44450,74,0.24,0,3430.19,4911.7,,30277.56,
2024-07-06T05:00:00-05:00,23.03,17.475,17.56,,,,49161.29,44226,74,0.24,0,3131.91,4299.4,,30047.99,
2024-07-06T06:00:00-05:00,22.02,17.503,17.87,,,,48844.58,44312,74,97.79,85,2533.58,3960.3,,30009.61,
2024-07-06T07:00:00-05:00,18.17,16.03,16.165,,,,49177.81,42243,76,3494.15,2756.9,2073.56,3458.1,,28611.4,
2024-07-06T08:00:00-05:00,16.22,14.287,14.42,,,,51943.29,39553,79,11004.65,8967.4,1075.1,3011.4,,27337.4,
2024-07-06T09:00:00-05:00,17.97,10.673,14.898,,,,55811.06,38526,82,16283.19,12712.9,657.11,2912.8,,26635.27,
2024-07-06T10:00:00-05:00,17.43,16.68,21.902,,,,59896.01,41139,86,18273.59,14968.1,774.24,2560,,28900.83,
2024-07-06T11:00:00-05:00,21.05,28.6,66.91,,,,63712.92,45114,89,18360.5,16314.2,844.77,1926.7,,31800.68,
2024-07-06T12:00:00-05:00,24.88,26.992,44.018,,,,67107.02,48678,91,18511.28,16988.9,1128.99,1629.8,,34107.89,
2024-07-06T13:00:00-05:00,32.48,24.35,39.892,,,,69735.12,51771,92,17722.81,17368.6,1622.53,1845.9,,35731.62,
2024-07-06T14:00:00-05:00,34.69,20.425,59.865,,,,71703.07,52079,92,17389.95,17434.2,1813.12,2190.2,,36034.93,
2024-07-06T15:00:00-05:00,35.4,19.342,41.282,,,,72829.8,53372,91,15413.5,16770.3,2325.06,2630.1,,37395.11,
2024-07-06T16:00:00-05:00,35.98,25.233,49.81,,,,73193.75,53483,90,13156.02,15581.1,4011.81,3321.2,,37359.9,
2024-07-06T17:00:00-05:00,31.08,19.797,29.883,,,,72525.54,51970,90,11515.83,13972.4,6432.38,4352.2,,36913.39,
2024-07-06T18:00:00-05:00,32.32,18.48,18.727,,,,70812.27,50778,88,9314.1,11193.8,8617.24,5805.9,,35745.96,
2024-07-06T19:00:00-05:00,52.96,16.765,16.765,,,,68553.82,48445,85,4967.97,5466,12266.73,7356.2,,33980.17,
2024-07-06T20:00:00-05:00,40.71,17.538,17.538,,,,66215.64,48095,83,712.11,644.2,14568.12,8677.6,,33591.37,
2024-07-06T21:00:00-05:00,28.14,16.837,16.932,,,,64388.46,46089,81,15.26,0,15748.33,9935.5,,32049.11,
2024-07-06T22:00:00-05:00,20.95,16.09,16.275,,,,61851.17,42948,81,0.4,0,16773.86,11638.9,,30013.32,
2024-07-06T23:00:00-05:00,18.26,16.322,16,,,,59051.53,41019,80,0.44,0,16010.35,13263.6,,28796.92,
2024-07-07T00:00:00-05:00,19.06,16.963,16.925,,,,56644.71,39412,79,0.42,0,14920.43,14832.3,,26902.78,
2024-07-07T01:00:00-05:00,16.8,16,15.98,,,,54141.01,37204,79,0.44,0,14640.63,14932.3,,25520.17,
2024-07-07T02:00:00-05:00,15.4,15.93,15.907,,,,52100.77,36563,78,0.44,0,13325.2,14582.8,,24999.28,
2024-07-07T03:00:00-05:00,14.91,14.67,14.66,,,,50456.64,35883,77,0.46,0,12651.67,13910.7,,24302.56,
2024-07-07T04:00:00-05:00,13.83,14.3,14.298,,,,49274.56,34982,77,0.43,0,12558.64,13399.1,,23754.54,
2024-07-07T05:00:00-05:00,14,14.447,14.447,,,,48589.28,34919,77,0.44,0,12129.75,13304.3,,23712.05,
2024-07-07T06:00:00-05:00,13.26,13.757,13.757,,,,47817.86,35302,76,84.75,106.2,11379.63,13544.8,,23834.92,
2024-07-07T07:00:00-05:00,11.13,9.55,9.55,,,,48082.79,32523,78,3509.25,3769.6,11276.13,13257.4,,21038.96,
2024-07-07T08:00:00-05:00,8.34,6.42,6.42,,,,51287.8,29495,81,11283.87,12410.9,9100.3,12643.9,,18664.27,
2024-07-07T09:00:00-05:00,9.1,0.005,0.005,,,,55615.8,28110,84,14455.79,16787.9,10599.78,13311.2,,17698.62,
2024-07-07T10:00:00-05:00,12.13,6.477,6.358,,,,60028.88,29949,87,16808.65,17881.7,10461.44,13960.3,,19770.6,
2024-07-07T11:00:00-05:00,15.02,13.308,13.308,,,,63946.27,35889,88,17189.93,18587.5,8038.43,13509.5,,25580.78,
2024-07-07T12:00:00-05:00,17.58,16.11,16.11,,,,67625.09,39609,89,17390.08,18553.1,6442.31,13237.7,,28332.53,
2024-07-07T13:00:00-05:00,20.81,16.582,16.582,,,,70531.82,41852,92,17466.25,17924,6486.05,13339.5,,29821.11,
2024-07-07T14:00:00-05:00,22.6,16.825,16.75,,,,72712.03,42917,93,16900.17,17953.5,8120.31,13606.9,,30495.71,
2024-07-07T15:00:00-05:00,23.46,18.285,18.177,,,,74038.3,44933,94,15269.36,17488.7,9192.02,13994.4,,31438.58,
2024-07-07T16:00:00-05:00,26.44,21.13,21.22,,,,74618.08,47751,93,13391.14,16468.1,9471.49,14924.9,,33104.07,
2024-07-07T17:00:00-05:00,27.11,20.023,20.047,,,,74503.39,48442,92,12348.69,15266.6,9368.94,15990.9,,33476.02,
2024-07-07T18:00:00-05:00,28.12,19.532,19.532,,,,73315.06,48052,87,9910.83,12699.6,10716.21,16683.5,,32977.34,
2024-07-07T19:00:00-05:00,34.25,18.188,18.188,,,,71321.16,47436,84,5828.22,6398.9,12704.07,17355.1,,32448.11,
2024-07-07T20:00:00-05:00,34.99,18.935,19.023,,,,69061.02,48667,83,747.47,682.4,14409.83,18921.5,,33092.8,
2024-07-07T21:00:00-05:00,24.79,17.148,17.505,,,,67205.4,46666,82,0.75,0,15401.35,20870.1,,32061.58,
2024-07-07T22:00:00-05:00,19.21,14.717,14.965,,,,63721.24,41724,80,0.42,0,17522.5,21678,,29299.53,
2024-07-07T23:00:00-05:00,17.97,13.875,13.892,,,,59877.79,36875,79,0.43,0,18773.85,21827.5,,25776.61,
2024-07-08T00:00:00-05:00,20.1,14.285,14.268,,,,55533.05,35025,79,0.48,0,17755.48,18392.1,,24119.28,
2024-07-08T01:00:00-05:00,18.36,13.868,13.868,,,,52865.35,34500,79,0.43,0,16279.47,17375.9,,23720.87,
2024-07-08T02:00:00-05:00,18.47,10.15,10.132,,,,50942.32,32054,78,0.43,0,16808.31,15966.5,,21144.03,
2024-07-08T03:00:00-05:00,19.19,10.057,10.043,,,,49921.7,31598,77,0.43,0,16003.38,14094.7,,20858.05,
2024-07-08T04:00:00-05:00,21.27,12.425,12.425,,,,49626.21,33500,77,0.44,0,13385.71,12188.4,,22769.45,
2024-07-08T05:00:00-05:00,24.46,14.888,14.848,,,,50332.75,35632,76,0.44,0,10664.81,10644.1,,24512.63,
2024-07-08T06:00:00-05:00,20.02,12.598,14.115,,,,51614.31,34878,74,9.47,43.9,10227.52,9905.9,,23478.22,
2024-07-08T07:00:00-05:00,16.91,9.34,11.405,,,,52556.67,33205,76,1289.83,1842.8,9895.72,9986.3,,21828.99,
2024-07-08T08:00:00-05:00,12.76,-8.293,6.947,,,,54568.45,30481,76,3979.05,6382.1,10153.64,10523.8,,20072.67,
2024-07-08T09:00:00-05:00,12.8,-19.58,6.903,,,,57080.13,30781,78,4302.2,9025.1,9824.01,11189.9,,20584.43,
2024-07-08T10:00:00-05:00,14.22,-24.227,7.153,,,,59551.1,31509,80,5654.86,9760.1,8777.77,11652.7,,21183.48,
2024-07-08T11:00:00-05:00,13.98,-22.862,9.718,,,,61619.44,32640,81,6445.56,10341.3,8225.69,11794.7,,22249.38,
2024-07-08T12:00:00-05:00,14.59,-8.128,20.16,,,,63403.68,34410,82,7450.65,10802.3,7344.07,12438,,23892.5,
2024-07-08T13:00:00-05:00,15.65,-7.595,14.837,,,,64749.29,33569,84,10737.37,10763.3,6822.79,12896.5,,22836.92,
2024-07-08T14:00:00-05:00,16.47,8.812,13.365,,,,65193.99,34724,86,12458.46,10949.2,5544.75,13019.9,,23781.22,
2024-07-08T15:00:00-05:00,17.61,10.68,15.883,,,,64858.06,36653,87,12836.77,10624.3,4513.71,12939.6,,25310.82,
2024-07-08T16:00:00-05:00,18.3,10.8,14.902,,,,64576.52,36794,86,12661.96,10686.8,5021.4,13435,,25059.25,
2024-07-08T17:00:00-05:00,19.11,9.415,12.602,,,,64019.89,35171,86,12881.52,9619.5,6666.72,14327.8,,23617.82,
2024-07-08T18:00:00-05:00,18.83,9.7,11.74,,,,63276.98,34370,85,11399.34,7729.7,8930.45,15151.3,,23403.06,
2024-07-08T19:00:00-05:00,18.82,14.755,19.845,,,,62250.91,38752,84,6162.98,4285.6,9227.9,15207.9,,26873.32,
2024-07-08T20:00:00-05:00,25.71,18.505,31.96,,,,61066.15,44787,81,792.45,497.1,7224.59,14389,,29447.19,
2024-07-08T21:00:00-05:00,23.39,17.965,33.297,,,,59901.91,46087,79,0.95,0,5753.07,13054.2,,30224.12,
2024-07-08T22:00:00-05:00,27.51,16.57,24.038,,,,57340.72,44240,77,1.02,0,5336.35,11887,,29909.04,
2024-07-08T23:00:00-05:00,21.11,16.287,20.42,,,,54288.39,42047,77,1.15,0,4704.52,10943.3,,28824.46,
2024-07-09T00:00:00-05:00,22.4,16.033,18.565,,,,50069.78,40213,75,0.87,0,3995.94,6998.4,,27381.5,
2024-07-09T01:00:00-05:00,18.43,15.515,17.95,,,,47709.92,38850,75,0.36,0,3220.47,5999.8,,26461.42,
2024-07-09T02:00:00-05:00,17.53,14.98,16.972,,,,46086.23,38017,74,0.36,0,2750.66,5284,,25990.52,
2024-07-09T03:00:00-05:00,16.57,15.128,16.26,,,,44983.16,37186,74,0.37,0,2894.47,4938.1,,25684.54,
2024-07-09T04:00:00-05:00,16.98,15.438,17.18,,,,44676.43,37148,73,0.36,0,2748.91,4646.3,,25630.18,
2024-07-09T05:00:00-05:00,17.59,16.273,18.24,,,,45566.65,38187,73,0.34,0,2432.53,4427.6,,26195.2,
2024-07-09T06:00:00-05:00,17.65,15.627,17.793,,,,47089.68,39755,73,80.13,85.5,2197.72,4194.6,,27080.11,
2024-07-09T07:00:00-05:00,14.16,12.11,13.513,,,,48123.94,37363,76,3863.1,3338.1,2071.74,3505.3,,25106.18,
2024-07-09T08:00:00-05:00,10.92,7.002,8.527,,,,50328.49,33042,80,12146.7,11193.1,1146.69,2433.8,,21735.42,
2024-07-09T09:00:00-05:00,11.02,8.62,9.835,,,,53377.64,31646,84,16694.5,15267.8,794.7,1766,,21004.62,
2024-07-09T10:00:00-05:00,12.81,8.125,11.65,,,,56960.98,33695,86,17972.59,16999.6,657.79,1493.4,,23083.94,
2024-07-09T11:00:00-05:00,16.07,9.477,15.14,,,,60465.56,36874,89,18235.44,17680.3,731.68,1167.6,,26173.79,
2024-07-09T12:00:00-05:00,19.28,12.855,20.575,,,,63853.43,40452,91,18187.33,18277.8,845.74,1085.5,,29247.62,
2024-07-09T13:00:00-05:00,25.2,17.27,22.86,,,,66852.1,43710,92,17936.81,18706.9,985.26,1296.1,,31659.99,
2024-07-09T14:00:00-05:00,27.07,18.352,23.68,,,,69046.95,45197,91,17937.6,18981.3,1556.79,1774.3,,32712.77,
2024-07-09T15:00:00-05:00,29.73,17.828,21.97,,,,70353.54,45743,91,17539.7,18729.6,2277.23,2410.4,,32924.89,
2024-07-09T16:00:00-05:00,37.47,19.233,21.452,,,,71117.07,46223,92,17219.41,18616.5,2606.3,3044.7,,33261.12,
2024-07-09T17:00:00-05:00,32.89,23.457,26.03,,,,70917.12,47220,91,15691.85,17508.2,3175.12,3713.6,,33931.76,
2024-07-09T18:00:00-05:00,35.05,23.81,24.972,,,,69574.47,48197,90,13065.23,14621,4141.6,4262.9,,34524.93,
2024-07-09T19:00:00-05:00,88.54,41.315,42.462,,,,67612.86,51859,87,6851.74,6895.1,4999.65,4748.6,,36006.32,
2024-07-09T20:00:00-05:00,81.47,46.805,48.338,,,,65237.35,54685,84,928.78,665.2,5850.49,5792.3,,37841.09,
2024-07-09T21:00:00-05:00,37.21,29.715,30.495,,,,63278.03,52812,82,0.23,0,6922.03,6908,,37357.48,
2024-07-09T22:00:00-05:00,32.22,19.135,19.365,,,,59660.63,47418,82,0.24,0,9322.42,8152.4,,34270.11,
2024-07-09T23:00:00-05:00,23.21,17.16,17.457,,,,55886.47,42956,80,0.28,0,10469.48,9172.8,,30754.92,
2024-07-10T00:00:00-05:00,17.53,17.117,17.322,,,,49287.54,39479,79,0.29,0,10437.25,11014.2,,27691.15,
2024-07-10T01:00:00-05:00,15.3,16.74,17.095,,,,46459.59,38158,78,0.29,0,9258.59,11452.7,,26541.18,
2024-07-10T02:00:00-05:00,13.49,16.278,16.758,,,,44417.4,37234,77,0.28,0,8099.86,11158.6,,25759.6,
2024-07-10T03:00:00-05:00,12.42,15.185,15.635,,,,43182.57,36593,76,0.28,0,7714.72,10395,,25643.6,
2024-07-10T04:00:00-05:00,12.81,15.88,16.543,,,,42822.18,36901,75,0.29,0,7206.75,9740.2,,26139.33,
2024-07-10T05:00:00-05:00,13.88,17.053,17.85,,,,43485.22,38002,75,0.27,0,6619.01,9156,,26513.61,
2024-07-10T06:00:00-05:00,12.67,18.315,19.94,,,,44810.8,40211,75,90.23,106.8,5173.67,8483.2,,27352.16,
2024-07-10T07:00:00-05:00,11.12,16.062,17.495,,,,45796.6,39439,78,3872.5,4105.9,3555.78,7146.7,,26680,
2024-07-10T08:00:00-05:00,9.61,13.472,14.735,,,,48376.39,36604,82,11960.74,13690,1635.48,4654.9,,25100.08,
2024-07-10T09:00:00-05:00,10.94,17.965,18.043,,,,52040.64,37666,85,14557.96,18097.6,1094.36,3204.7,,26580.15,
2024-07-10T10:00:00-05:00,14.34,19.628,19.602,,,,56251,40295,88,16063.93,19173,941.98,2819.9,,27861.27,
2024-07-10T11:00:00-05:00,18.07,21.193,21.118,,,,60418.91,42743,90,16939.38,19689.2,1080.58,2122.4,,29529.5,
2024-07-10T12:00:00-05:00,24.98,25.082,25.145,,,,64268.39,46019,91,16346.94,19690.9,1556.87,1652.4,,31517.98,
2024-07-10T13:00:00-05:00,27.81,25.832,26.255,,,,67592.12,47808,93,16010.01,19296.9,2225.3,1825.3,,32806.02,
2024-07-10T14:00:00-05:00,30.26,29.338,31.24,,,,69902.74,48128,94,16070.48,19160.7,3384.03,2567,,33427.68,
2024-07-10T15:00:00-05:00,31.14,32.785,33.427,,,,71087.49,50380,93,14851.77,18604.3,3408.61,3381.2,,35242.8,
2024-07-10T16:00:00-05:00,38.59,31.617,33.43,,,,71724.6,51256,93,14164.28,17252,3893.11,4348.1,,36136.73,
2024-07-10T17:00:00-05:00,34.68,29.24,30.192,,,,71505.74,50851,90,13318.82,15942.3,4567.55,5572.3,,35772.25,
2024-07-10T18:00:00-05:00,34.03,40.22,43.56,,,,69973.56,52878,89,10515.94,13127.9,3939.17,6488.4,,37526.59,
2024-07-10T19:00:00-05:00,70.49,35.762,36.988,,,,67363.53,55673,87,5524.57,5927.6,4344.19,6996.2,,38803.13,
2024-07-10T20:00:00-05:00,62.64,41.255,41.897,,,,64457.07,56566,85,604.5,557.5,5956.52,7825.1,,39200.93,
2024-07-10T21:00:00-05:00,30.66,23.85,23.965,,,,62117.85,52842,82,0.11,0,8444.5,8813.2,,37181.05,
2024-07-10T22:00:00-05:00,27.17,22.845,22.912,,,,58266.13,48167,81,0.13,0,9786.87,9762.9,,34154.8,
2024-07-10T23:00:00-05:00,23.01,20.042,19.898,,,,54286.31,43702,80,0.25,0,10456.4,10389.9,,30885.49,
2024-07-11T00:00:00-05:00,19.01,18.543,18.543,,,,51236.72,39631,78,0.28,0,11514.62,11881.5,,27345.63,
2024-07-11T01:00:00-05:00,16.12,17.18,17.19,,,,48317.46,36405,78,0.26,0,11978.93,12314.3,,25598.22,
2024-07-11T02:00:00-05:00,15.13,16.058,16.148,,,,46106.42,34926,76,0.29,0,11481.7,11964,,24524.67,
2024-07-11T03:00:00-05:00,14.67,15.347,15.288,,,,44837.24,34187,75,0.28,0,11073.2,11105.2,,23715.99,
2024-07-11T04:00:00-05:00,14.95,15.283,15.512,,,,44425.24,34468,75,0.29,0,10113.96,10222.1,,23934.39,
2024-07-11T05:00:00-05:00,16.51,17.148,17.44,,,,45081.33,36193,75,0.3,0,8851.68,9201.6,,24990.34,
2024-07-11T06:00:00-05:00,16.04,19.118,19.417,,,,46378.96,38573,74,70.01,90.5,7456.24,8178.4,,26351.96,
2024-07-11T07:00:00-05:00,13.11,15.525,15.832,,,,47362.05,36968,77,3955.52,3765,6624.05,6573.3,,24843.77,
2024-07-11T08:00:00-05:00,11.46,13.973,14.31,,,,50057.03,34398,82,12594.39,12739.5,4072.31,4391.7,,23422.42,
2024-07-11T09:00:00-05:00,12.74,16.38,16.747,,,,53806.59,35293,85,15917.61,17116,3168.85,3028.7,,24737.95,
2024-07-11T10:00:00-05:00,15.75,19.193,19.213,,,,57968.2,38400,88,16738.85,18232.7,2709.7,2469.2,,27164.47,
2024-07-11T11:00:00-05:00,22.66,21.7,21.615,,,,62014.54,41904,90,17017.75,18629.1,2241.49,1854,,29408.02,
2024-07-11T12:00:00-05:00,29.42,21.995,21.975,,,,65685.66,45172,90,16733.87,18652.2,2623.32,1735.4,,31800.67,
2024-07-11T13:00:00-05:00,28.74,24.34,24.3,,,,68758.25,48336,92,16061.45,18132,2958.32,2212.7,,33486.28,
2024-07-11T14:00:00-05:00,29.73,23.495,23.755,,,,70838.54,48428,91,16483.17,17729.2,3410.73,2854.7,,33598.62,
2024-07-11T15:00:00-05:00,30.62,25.045,25.597,,,,71917.67,48895,92,15977.86,17010.2,4137.13,3396.3,,33906.85,
2024-07-11T16:00:00-05:00,33.07,32.32,33.142,,,,72422.42,50104,92,15291.25,15998.2,4493.21,4139.9,,34452.59,
2024-07-11T17:00:00-05:00,34.13,25.82,25.965,,,,71989.12,50532,92,14030.76,14626.9,5213.66,5037,,35275.29,
2024-07-11T18:00:00-05:00,35.93,32.37,32.91,,,,70352.7,51632,91,11723.56,12192.8,5434.59,5679.5,,36235.82,
2024-07-11T19:00:00-05:00,60.19,28.345,28.455,,,,67966.45,54227,89,6371.78,5834.1,6497.42,6427.8,,37540.01,
2024-07-11T20:00:00-05:00,63.58,27.807,28.14,,,,65321.39,55234,86,805.77,627.8,8795.95,7635.5,,38203.27,
2024-07-11T21:00:00-05:00,33.08,21.28,22.992,,,,63170.96,51410,84,0.51,0,11536.17,9360.2,,36005,
2024-07-11T22:00:00-05:00,25.25,19.863,20.815,,,,59628.08,44999,82,0.47,0,14661.98,11381.3,,32073,
2024-07-11T23:00:00-05:00,20.43,17.337,17.613,,,,55747.59,39520,81,0.18,0,16651.57,13237.5,,28034.08,
2024-07-12T00:00:00-05:00,17.42,13.88,14.463,,,,52247.64,35406,80,0.18,0,17268.6,15633.4,,24714.28,
2024-07-12T01:00:00-05:00,14.63,11.967,12.46,,,,49389.19,33411,79,0.2,0,17058.39,15815.2,,23367.24,
2024-07-12T02:00:00-05:00,13.66,11.112,11.855,,,,47232.24,32641,78,0.19,0,15688.05,15380.8,,22583.72,
2024-07-12T03:00:00-05:00,13.39,12.438,13.237,,,,45991.8,33117,77,0.18,0,13839.63,14376.1,,22973.88,
2024-07-12T04:00:00-05:00,13.89,13.097,13.778,,,,45573.02,33811,76,0.18,0,12467.86,13153.4,,23396.15,
2024-07-12T05:00:00-05:00,14.92,14.842,15.358,,,,46155.68,35167,76,0.19,0,11684.15,11815.2,,24640.44,
2024-07-12T06:00:00-05:00,14.25,17.262,17.918,,,,47329.13,37444,76,67.3,81.1,10195.85,10576.5,,26168.97,
2024-07-12T07:00:00-05:00,12.64,14.017,14.388,,,,48337.06,35779,77,3393.35,3217.8,9311.67,8915.9,,24672.38,
2024-07-12T08:00:00-05:00,11.23,14.97,15,,,,50971.17,35098,81,11039.54,11177,5660.78,6122.4,,24769.56,
2024-07-12T09:00:00-05:00,13,13.182,13.497,,,,54535.16,34859,84,15874.52,15261.9,4390.97,4092.7,,24522.86,
2024-07-12T10:00:00-05:00,16.65,16.705,16.74,,,,58474.38,37499,86,16454.1,16640.1,3820.63,3216.9,,26919.75,
2024-07-12T11:00:00-05:00,21.68,21.53,21.53,,,,62262.66,42121,88,16035.05,17311.7,3062.09,2498,,29567.78,
2024-07-12T12:00:00-05:00,26.3,21.633,22.42,,,,65702.51,44692,89,16292.22,17411.8,2717.99,2354.7,,30696.43,
2024-07-12T13:00:00-05:00,28.15,22.607,22.607,,,,68598.36,45398,88,16193.55,17195.8,3263.45,3002.1,,31214.19,
2024-07-12T14:00:00-05:00,28.32,21.068,21.068,,,,70488.39,45102,88,16395.24,17059.9,4368.75,4117.7,,31058.11,
2024-07-12T15:00:00-05:00,30,20.977,21.077,,,,71332.26,44881,89,15874.99,16497,5413.53,5327.7,,30849.89,
2024-07-12T16:00:00-05:00,33.61,21.832,21.882,,,,71620.21,45455,89,13989.29,15752.4,7158.56,6497,,31228.83,
2024-07-12T17:00:00-05:00,29.49,19.695,20.012,,,,71027.03,44517,88,12542.49,14559.2,9703.5,7713.8,,30784.34,
2024-07-12T18:00:00-05:00,28.29,19.13,19.608,,,,69229.74,43427,87,10453.18,12284.2,11932.76,9056,,30199.93,
2024-07-12T19:00:00-05:00,35.95,20.933,21.535,,,,66710.78,45547,86,6106.7,5931.6,12511.47,10762.6,,30993.28,
2024-07-12T20:00:00-05:00,34.75,30.192,30.095,,,,64069.15,48470,83,848.57,678.9,12891.91,12721.2,,32305.22,
2024-07-12T21:00:00-05:00,24.49,21.305,21.16,,,,62170.67,45842,81,0.08,0,14921.6,14882.2,,31190.53,
2024-07-12T22:00:00-05:00,21.36,17.935,17.938,,,,59293.3,40304,80,0.15,0,17748.61,17010.8,,27939.98,
2024-07-12T23:00:00-05:00,17.68,15.13,15.13,,,,56031.29,35787,79,0.24,0,19133.57,18585.8,,25279.39,
2024-07-13T00:00:00-05:00,14.33,12.34,12.34,,,,53300.97,33240,78,0.22,0,18521.47,19068.7,,23185.76,
2024-07-13T01:00:00-05:00,13.16,11.253,11.253,,,,50547.81,31907,77,0.23,0,17568.69,18100.3,,21819.31,
2024-07-13T02:00:00-05:00,13.05,10.28,10.24,,,,48343.82,30835,77,0.23,0,16801.89,16571.2,,20937.25,
2024-07-13T03:00:00-05:00,13.79,10.34,10.34,,,,46848.01,30581,76,0.23,0,15764.49,14903.5,,20770.41,
2024-07-13T04:00:00-05:00,14.36,11.358,11.358,,,,45880.83,31318,75,0.23,0,14370.98,13409.1,,21472.01,
2024-07-13T05:00:00-05:00,14.97,12.643,12.64,,,,45581.16,32299,75,0.21,0,13329.89,12024.5,,22462.33,
2024-07-13T06:00:00-05:00,14.77,12.825,12.825,,,,45468.29,32953,75,62.13,79.2,12503.4,10794.8,,22791.84,
2024-07-13T07:00:00-05:00,12.02,11.122,11.207,,,,46019.11,31804,77,3000.42,3266.2,11070.65,9110.7,,21324.82,
2024-07-13T08:00:00-05:00,8.82,7.495,8.712,,,,49054.05,30240,79,9556.52,11136.9,8309.8,7163.9,,19882.62,
2024-07-13T09:00:00-05:00,9.82,8.46,9.535,,,,53001.95,30112,82,13135.14,15287.6,8378.24,5984.2,,20210.83,
2024-07-13T10:00:00-05:00,13.74,12.44,12.618,,,,57093.51,32349,84,14593.34,16659.1,7636.5,5009.2,,22632.14,
2024-07-13T11:00:00-05:00,18.32,15.722,15.795,,,,60939.84,35671,87,15344.91,17172.9,6726.85,4349.5,,25764.68,
2024-07-13T12:00:00-05:00,23.23,17.565,17.565,,,,64282.18,38228,88,16098.85,17341.1,6840.03,4455.3,,27428.22,
2024-07-13T13:00:00-05:00,25.11,18.407,18.407,,,,66815.92,40163,90,15887.68,16600.1,7625.33,5154.6,,28344.31,
2024-07-13T14:00:00-05:00,25.79,19.592,19.617,,,,68597.64,41862,90,15829.21,16255.6,8399.2,6059.6,,29067.15,
2024-07-13T15:00:00-05:00,26.99,23.595,23.915,,,,69666.85,43382,91,14796.5,15524.3,8798.43,7073.2,,29666.82,
2024-07-13T16:00:00-05:00,26.54,23.233,23.593,,,,70155.5,45393,90,13119.8,14389,9108.09,8290.7,,30505.2,
2024-07-13T17:00:00-05:00,23.85,29.448,29.915,,,,69720.03,46091,89,11569.39,12883.2,9671.49,10097.8,,31008.45,
2024-07-13T18:00:00-05:00,22.82,19.312,19.78,,,,68232.2,44491,87,10032.86,10401.3,11675.03,12423.9,,30467.98,
2024-07-13T19:00:00-05:00,28.63,18.128,18.868,,,,66052.57,43549,86,5654.96,5044.2,14826.31,14574.8,,29732.97,
2024-07-13T20:00:00-05:00,25.58,19.635,19.73,,,,63771.45,44373,83,922.16,593,16840.99,16286.7,,30205.9,
2024-07-13T21:00:00-05:00,21.52,18.008,18.045,,,,62032.79,41622,82,41.46,0,18974.27,17680.5,,28781.86,
2024-07-13T22:00:00-05:00,18.83,16.57,16.57,,,,59512.17,38013,80,0.52,0,19803.53,18619.9,,26699.42,
2024-07-13T23:00:00-05:00,16.57,15.158,15.158,,,,56531.64,35416,80,0.68,0,19465.91,19160.2,,24772.8,
2024-07-14T00:00:00-05:00,14.44,13.472,13.472,,,,53341.87,32637,78,0.69,0,19360.79,19479.3,,21916.7,
2024-07-14T01:00:00-05:00,12.97,11.418,11.418,,,,50862.37,30833,78,0.67,0,19169.36,18711.1,,20247.4,
2024-07-14T02:00:00-05:00,12.03,9.967,9.967,,,,48873.87,29277,77,0.69,0,18769.48,17679,,18738.01,
2024-07-14T03:00:00-05:00,11.87,10.055,10.055,,,,47328.47,28718,77,0.69,0,17862.79,16479.8,,18460.3,
2024-07-14T04:00:00-05:00,12.4,10.087,10.087,,,,46228.88,28843,76,0.67,0,16986.68,15252.2,,18664.23,
2024-07-14T05:00:00-05:00,13.41,11.157,11.157,,,,45718.05,29641,76,0.7,0,15922.18,14104,,19464.82,
2024-07-14T06:00:00-05:00,13.04,12.21,12.21,,,,45272.48,30869,76,55.21,71,14729.36,12997.9,,20545.84,
2024-07-14T07:00:00-05:00,10.71,11.403,11.403,,,,45623.55,30220,78,2939.79,3056.9,13026.4,11700.1,,19518.29,
2024-07-14T08:00:00-05:00,5.72,3.445,3.44,,,,48575.2,27251,81,10099.81,10865.6,11849.31,10898.2,,16831.23,
2024-07-14T09:00:00-05:00,8.1,0.007,0.007,,,,52671.2,26307,83,12767.25,15259.7,13565.58,10674,,16169.03,
2024-07-14T10:00:00-05:00,11.85,8.59,8.335,,,,56955.14,28731,86,16690.16,17010.4,10931.59,9171.1,,18765.09,
2024-07-14T11:00:00-05:00,15.3,15.895,15.827,,,,61147.15,34743,88,17644.8,17607.5,7753.87,7095.9,,24415.61,
2024-07-14T12:00:00-05:00,18.38,18.92,18.92,,,,65068.85,39372,91,18180.43,17742.9,6180.11,6534.8,,27285.15,
2024-07-14T13:00:00-05:00,20.2,20.092,20.092,,,,68191.01,42194,92,17999.78,17776,6880.17,7245.9,,28882.69,
2024-07-14T14:00:00-05:00,20.88,22.852,22.852,,,,70473.74,43988,94,17186.96,17695.4,8679.62,8327.3,,29915.79,
2024-07-14T15:00:00-05:00,21.82,28.388,28.388,,,,71952.17,45402,94,16383.44,17210.7,9692.81,9119.8,,30475.5,
2024-07-14T16:00:00-05:00,23.95,35.463,36.93,,,,72760.16,46797,94,15612.14,15886.4,10118.92,9987.7,,31431,
2024-07-14T17:00:00-05:00,23.7,40.17,45.543,,,,72807.12,47621,93,14051.09,14521.4,11082.83,10858.6,,32369.37,
2024-07-14T18:00:00-05:00,26.91,39.17,45.03,,,,71733.35,48512,92,11466.34,11820.1,11780.27,11882.8,,33373.7,
2024-07-14T19:00:00-05:00,34.33,61.573,69.58,,,,69694.29,50788,90,6105.44,5692.5,12773.6,13227.6,,33916.67,
2024-07-14T20:00:00-05:00,34.67,59.198,60.955,,,,67336.76,52130,87,860.59,614.5,14244.76,14792.1,,34793.11,
2024-07-14T21:00:00-05:00,23.64,25.115,25.572,,,,65374.33,48443,86,71.87,0,17419.92,16679.5,,33080.34,
2024-07-14T22:00:00-05:00,19.3,20.095,20.733,,,,62060.92,43025,84,0.41,0,19934.77,18853.5,,29378.44,
2024-07-14T23:00:00-05:00,15.19,17.707,17.773,,,,58284.46,38193,82,0.51,0,21441.37,20503.1,,26290.54,
2024-07-15T00:00:00-05:00,14.28,16.652,16.652,,,,55664.83,34721,81,0.6,0,21663.64,21238.4,,23515.84,
2024-07-15T01:00:00-05:00,12.43,15.12,15.095,,,,52830.86,33103,80,0.5,0,20469.08,21045.2,,22502.47,
2024-07-15T02:00:00-05:00,11.8,13.385,13.348,,,,50750.54,31920,79,8.1,0,19753.84,20447.6,,21318.72,
2024-07-15T03:00:00-05:00,11.7,12.388,12.24,,,,49525.35,31266,78,29.87,0,18856,19577.8,,20622.02,
2024-07-15T04:00:00-05:00,11.97,12.668,12.562,,,,49161.1,31367,78,28.11,0,18210.44,18507.3,,20908.32,
2024-07-15T05:00:00-05:00,13.38,14.567,14.243,,,,49856.1,32519,77,0.46,0,17572.62,17322.5,,22125.95,
2024-07-15T06:00:00-05:00,13.41,15.918,15.78,,,,51016.66,34022,77,55.46,64.2,16862.37,16401.6,,23163.99,
2024-07-15T07:00:00-05:00,11.97,15.537,15.537,,,,51991.14,33718,79,2953.11,3069.3,15247.48,15247.6,,22935.11,
2024-07-15T08:00:00-05:00,11.03,14.182,14.11,,,,54722.65,31719,82,11198.75,11237.5,11653.67,13552.3,,21623.9,
2024-07-15T09:00:00-05:00,10.23,13.433,13.405,,,,58546.57,30558,85,16222.75,15806.7,11844.42,12941.6,,21114.42,
2024-07-15T10:00:00-05:00,12.19,18.305,18.235,,,,62916.78,34745,88,17686.38,17806.1,10105.01,11948.4,,24526.42,
2024-07-15T11:00:00-05:00,15.89,23.22,23.295,,,,67246.6,39184,91,18846.52,18520,8222.27,9757.1,,27554.91,
2024-07-15T12:00:00-05:00,19.25,23.86,23.788,,,,71210.93,43180,93,19202.2,18714.2,7595.07,8683.7,,29723.92,
2024-07-15T13:00:00-05:00,21.61,22.617,22.512,,,,74493.97,45336,95,19212.62,18838.1,8989.43,8945.8,,30354.47,
2024-07-15T14:00:00-05:00,23.5,29.185,29.217,,,,76693.09,47171,96,18961.15,19116.1,9932.35,9439.6,,30806.06,
2024-07-15T15:00:00-05:00,24.97,35.575,39.543,,,,77803.03,49304,97,18463.74,18948.5,10227.31,9640.1,,32627.97,
2024-07-15T16:00:00-05:00,27.07,36.985,43.588,,,,78397.36,50820,97,18033.45,18300.2,10465.05,10152.5,,34505.32,
2024-07-15T17:00:00-05:00,28.03,32.627,35.295,,,,78106.13,52144,97,17138.33,17434.4,10426.42,10839.3,,35392.19,
2024-07-15T18:00:00-05:00,28.91,46.817,51.65,,,,76766.7,53725,95,14496.09,15022,10390.44,11869.9,,36241.11,
2024-07-15T19:00:00-05:00,44.66,86.958,86.993,,,,74247.81,57358,93,7017.1,6712.3,11186.47,13424.3,,37393.42,
2024-07-15T20:00:00-05:00,39.49,70.305,70.332,,,,71312.9,58122,90,706.64,672,13463.66,15951.9,,38093.04,
2024-07-15T21:00:00-05:00,23.82,36.227,36.395,,,,68948.49,53317,87,0.04,0,17329.57,19100.4,,35650.67,
2024-07-15T22:00:00-05:00,19.46,21.945,22,,,,65151.91,46702,86,0.16,0,20021.69,21798.9,,30462.56,
2024-07-15T23:00:00-05:00,15.56,17.34,17.703,,,,61048.53,41029,84,0.18,0,21567.86,23361.1,,27136.49,
2024-07-16T00:00:00-05:00,13.63,13.465,13.742,,,,58370.71,36297,83,0.19,0,22684.14,23442.8,,24514.21,
2024-07-16T01:00:00-05:00,12.59,11.963,12.072,,,,55239.98,33816,82,0.19,0,22485.65,23117.5,,22643.52,
2024-07-16T02:00:00-05:00,11.8,10.023,10.155,,,,52854.05,32513,81,0.19,0,21374.14,22061.3,,21285.08,
2024-07-16T03:00:00-05:00,11.95,9.34,9.335,,,,51358.63,31833,80,0.18,0,20252.48,20824,,20652.73,
2024-07-16T04:00:00-05:00,12.47,9.875,9.86,,,,50762.6,31835,79,0.18,0,19604.93,19508.6,,20753.97,
2024-07-16T05:00:00-05:00,13.72,10.935,10.935,,,,51285.8,32920,78,0.18,0,18805.52,18284.1,,21700.61,
2024-07-16T06:00:00-05:00,15.1,13.082,13.082,,,,52293.18,34515,77,64.32,71.1,17776.79,17370.1,,23239.44,
2024-07-16T07:00:00-05:00,12.37,11.572,11.572,,,,53083.55,33924,79,3466.96,3670.4,15919.84,16043.4,,22571.49,
2024-07-16T08:00:00-05:00,10.47,8.497,8.325,,,,55904.4,30572,82,12563.31,13403.2,13655.35,13952.7,,19909.43,
2024-07-16T09:00:00-05:00,9.75,9.17,8.545,,,,59861.28,30122,86,17177.34,18011,12903.28,12625.9,,20029.74,
2024-07-16T10:00:00-05:00,13.68,13.668,13.173,,,,64329.26,34637,88,18971.76,19357.2,10178.21,10828.9,,23818.66,
2024-07-16T11:00:00-05:00,18.41,19.565,19.358,,,,68781.96,40563,91,19509.32,19669.1,7629.04,8112.5,,28685.82,
2024-07-16T12:00:00-05:00,24.83,21.435,21.327,,,,72798.77,45970,93,19711.62,19721.1,6174.07,6723.5,,31651.73,
2024-07-16T13:00:00-05:00,28.49,24.188,24.132,,,,76200.08,49544,95,19789.08,19450.8,6126.65,6700.2,,33484.71,
2024-07-16T14:00:00-05:00,29.85,23.22,23.29,,,,78517.89,51050,97,19494.67,19668,7135.58,7219.3,,34500.14,
2024-07-16T15:00:00-05:00,34.8,30.793,31.21,,,,79786.62,52424,98,18939.68,19522.5,7914.62,7691.7,,35546.34,
2024-07-16T16:00:00-05:00,37.17,28.21,29,,,,80502.84,53397,97,18333.1,19113.4,8105.83,8291.5,,36221.73,
2024-07-16T17:00:00-05:00,38.75,33.14,35.03,,,,80255.56,54163,97,17193.86,18183.1,8160.48,8968,,36914.74,
2024-07-16T18:00:00-05:00,42.08,46.925,49.052,,,,78895.11,55765,96,13881.36,15424.4,8806.56,9910.4,,38225.56,
2024-07-16T19:00:00-05:00,81.37,52.663,53.488,,,,76312.23,58553,93,7346.67,6809.9,10770.38,11336.4,,39321.24,
2024-07-16T20:00:00-05:00,60.3,69.143,69.623,,,,73266.59,59904,90,704.78,673.7,12750.78,13875.8,,40009.04,
2024-07-16T21:00:00-05:00,28.92,34.482,34.552,,,,70891.42,55710,88,0.52,0,15944.01,17022.6,,38119.28,
2024-07-16T22:00:00-05:00,23.7,25.735,25.735,,,,66918.36,49916,86,0.58,0,18267.82,19726.1,,33320.38,
2024-07-16T23:00:00-05:00,18.06,20.695,20.695,,,,62803.24,46083,85,0.54,0,18335.09,21504.4,,30454.16,
2024-07-17T00:00:00-05:00,18.03,17.665,17.665,,,,58026.08,41677,84,0.19,0,18843.14,20301.1,,27947.44,
2024-07-17T01:00:00-05:00,16.05,16.685,16.685,,,,54805.1,39134,83,0.18,0,18419.82,20074.9,,27158.77,
2024-07-17T02:00:00-05:00,14.4,16.145,16.145,,,,52364.89,37840,82,0.18,0,17548.23,18899.4,,26471.56,
2024-07-17T03:00:00-05:00,14.38,17.39,17.39,,,,50815.78,39147,81,0.19,0,14899.65,17281.4,,27137.44,
2024-07-17T04:00:00-05:00,16.34,18.647,18.647,,,,50158.65,41832,80,0.16,0,11456.13,15568.8,,28242.08,
2024-07-17T05:00:00-05:00,18.66,22.697,22.697,,,,50642.16,45284,79,0.17,0,8585.33,13602.3,,29579.6,
2024-07-17T06:00:00-05:00,19.19,24.773,24.773,,,,51713.86,47280,79,51.66,54.4,7148.83,11682.6,,30396.33,
2024-07-17T07:00:00-05:00,18.67,20.23,20.23,,,,52578.29,46158,80,2730.95,2993.8,6362.32,9570.4,,30225.58,
2024-07-17T08:00:00-05:00,16.59,18.458,18.458,,,,55438.24,43315,83,9651.93,10866.3,5071.99,7527.9,,29106.53,
2024-07-17T09:00:00-05:00,15.77,18.773,18.773,,,,59517.26,43549,85,12982.83,15186.9,4750.3,6251.5,,30061.88,
2024-07-17T10:00:00-05:00,19.03,20.463,20.463,,,,64075.72,45431,87,15535.7,17167.7,4097.02,4880.6,,31365.12,
2024-07-17T11:00:00-05:00,25.02,22.242,22.242,,,,68501.38,47993,89,16191.1,17950.9,4151.27,3371.1,,33543.63,
2024-07-17T12:00:00-05:00,31.03,28.2,28.2,,,,72407.31,51380,91,15526.21,18218.3,4163.23,2614.5,,35954.83,
2024-07-17T13:00:00-05:00,38.31,24.75,24.75,,,,75624.25,53311,92,15579.44,17539.3,4398.4,2598.5,,37685.42,
2024-07-17T14:00:00-05:00,42.15,27.147,27.147,,,,77703.86,54872,92,14602.07,17661.4,4596.14,3153.8,,38821.52,
2024-07-17T15:00:00-05:00,42.23,22.735,22.735,,,,78487.55,54478,91,12564.58,16958.1,6097.63,4165.6,,38692.02,
2024-07-17T16:00:00-05:00,48.2,21.18,21.18,,,,78546.32,52981,90,11265.85,15217.9,6947.22,5404.8,,38224.38,
2024-07-17T17:00:00-05:00,47.86,34.225,34.225,,,,77673.86,54535,89,8874.64,13529.8,6389.09,6521.2,,39095.57,
2024-07-17T18:00:00-05:00,42.23,24.833,24.833,,,,75729.16,55672,88,6848.04,10971.6,6513.43,7419.1,,39616.61,
2024-07-17T19:00:00-05:00,67.31,22.143,22.143,,,,72853.3,55237,87,3550.48,5123.1,8362.63,7934.4,,39199.58,
2024-07-17T20:00:00-05:00,66,24.503,24.65,,,,69791.02,56070,85,422.54,526.7,8973.14,8732.8,,39309.05,
2024-07-17T21:00:00-05:00,32.26,27.78,28.223,,,,67363.84,55258,83,0.35,0,8669.93,9692,,38655.38,
2024-07-17T22:00:00-05:00,25.83,24.673,24.935,,,,63364.37,52831,81,0.43,0,8358.14,10606.5,,36480.84,
2024-07-17T23:00:00-05:00,21.15,23.96,24.35,,,,59154.69,50033,81,0.48,0,7806.67,11086.7,,34491.72,
2024-07-18T00:00:00-05:00,23.8,23.07,23.485,,,,56971.01,47004,80,0.49,0,7360.3,10085.6,,32007.54,
2024-07-18T01:00:00-05:00,21.57,22.468,22.785,,,,54012.56,45687,79,0.48,0,6262.8,8985.6,,31386.64,
2024-07-18T02:00:00-05:00,19.66,20.423,20.645,,,,51844.74,45033,78,0.49,0,5540.43,8052.4,,31014.18,
2024-07-18T03:00:00-05:00,18.42,18.903,19.22,,,,50558.31,43905,78,0.49,0,5442.46,7476.1,,29971.93,
2024-07-18T04:00:00-05:00,18.82,20.467,20.818,,,,50164.87,43996,77,0.49,0,4851.91,6796,,29882.28,
2024-07-18T05:00:00-05:00,21.43,23.04,23.25,,,,50924.8,45647,77,0.47,0,4030.09,5977.4,,31261.58,
2024-07-18T06:00:00-05:00,23.73,25.49,25.952,,,,52277.45,46770,76,26.86,33.4,3860.42,5320.2,,32013.13,
2024-07-18T07:00:00-05:00,21.38,21.383,21.472,,,,53020.06,46342,78,1740.44,2145.7,3656.94,4666.9,,31802.43,
2024-07-18T08:00:00-05:00,17.97,18.02,18.025,,,,55206.25,44063,78,7010.12,8280.2,3235.04,3991.8,,30718.61,
2024-07-18T09:00:00-05:00,16.84,16.252,16.252,,,,58301.48,40926,80,10682.01,12302.9,4338.32,3817.8,,29323.92,
2024-07-18T10:00:00-05:00,18.57,16.993,16.993,,,,61900.75,41031,82,12061.09,14432.4,4604.31,3608.1,,29351.96,
2024-07-18T11:00:00-05:00,21.31,14.885,14.81,,,,65429.26,40144,84,14151.15,15522.1,5189.62,3437.8,,28649.36,
2024-07-18T12:00:00-05:00,22.8,15.215,15.243,,,,68778.94,40265,85,15090.75,16309.4,5910.56,3720.8,,29137.79,
2024-07-18T13:00:00-05:00,25.42,16.53,16.46,,,,71551.64,42033,87,15840.51,16878.1,6062.65,4292.8,,30879.87,
2024-07-18T14:00:00-05:00,23.61,18.445,18.39,,,,73400.59,43315,88,16570.36,16713,6384.95,5060.9,,31650.02,
2024-07-18T15:00:00-05:00,25.8,21.735,21.735,,,,74243.85,47023,89,14904.46,15960.9,6445.22,5842.6,,32716.72,
2024-07-18T16:00:00-05:00,25.69,27.885,27.885,,,,74512.22,49820,90,14214.76,14886.5,6771.34,6814.8,,34204.01,
2024-07-18T17:00:00-05:00,25.11,30.227,30.235,,,,73891.87,51594,91,13945.55,13395.7,6428.98,7694.8,,35050.76,
2024-07-18T18:00:00-05:00,25.5,36.945,37.285,,,,72264.36,54131,90,10792,10764.2,6335.63,8348.8,,37274.62,
2024-07-18T19:00:00-05:00,43.03,82.925,82.948,,,,69795.43,57911,88,4522.45,4964.7,6337.04,8591.6,,39126.93,
2024-07-18T20:00:00-05:00,45.65,80.483,80.81,,,,67304.4,59408,85,440.32,500.4,6189.59,8696.9,,39774.68,
2024-07-18T21:00:00-05:00,27.2,37.192,37.625,,,,65491.67,56981,83,1.98,0,7051.04,9195.2,,38739.92,
2024-07-18T22:00:00-05:00,22.1,29.267,29.698,,,,62024.1,52594,81,2.11,0,8117.7,9901.9,,35858.3,
2024-07-18T23:00:00-05:00,20.22,22.385,22.807,,,,58206.23,48238,80,2.25,0,8768.28,10272.3,,32698.74,
2024-07-19T00:00:00-05:00,19.04,20.825,21.113,,,,55143.3,45044,79,2.25,0,8561.92,10341.4,,30198.83,
2024-07-19T01:00:00-05:00,17.4,17.547,17.805,,,,52163.8,42444,78,2.24,0,8532.48,9736,,28381.67,
2024-07-19T02:00:00-05:00,15.32,16.762,17.16,,,,49930.22,40978,77,1.55,0,8055.72,8850.9,,27599,
2024-07-19T03:00:00-05:00,14.96,16.202,16.602,,,,48610.99,40188,76,0.97,0,7568.8,8052,,27042.66,
2024-07-19T04:00:00-05:00,15.38,17.198,17.628,,,,48135.04,40732,75,0.97,0,6318.23,7121.4,,27573.19,
2024-07-19T05:00:00-05:00,17.14,20.552,20.957,,,,48781.27,42810,75,0.98,0,5006.85,6118.3,,28739.78,
2024-07-19T06:00:00-05:00,17.42,22.092,22.325,,,,49991.93,44695,75,48.18,52.8,3966.8,5214.9,,30051.74,
2024-07-19T07:00:00-05:00,16.43,20.707,20.797,,,,50927.27,44643,76,2503.89,2918.8,3021.75,4222.5,,30380.05,
2024-07-19T08:00:00-05:00,14.21,17.498,17.5,,,,53422.73,42373,80,9172.88,10887.9,1903.57,3167.1,,29575.82,
2024-07-19T09:00:00-05:00,13.64,17.348,17.348,,,,56924.85,41829,82,13247.2,15716.2,1696.54,2819.5,,29559.31,
2024-07-19T10:00:00-05:00,15.25,18.057,18.035,,,,60778.05,43130,85,15112.46,18103.4,1753,2815.8,,29997.02,
2024-07-19T11:00:00-05:00,18.72,19.438,19.438,,,,64436.17,44464,86,16903.27,18752.4,1787.32,2429.5,,30967.02,
2024-07-19T12:00:00-05:00,22.21,19.537,19.477,,,,67713.52,46403,88,17790.89,18913.9,1731.41,2163.7,,32059.14,
2024-07-19T13:00:00-05:00,24.62,23.108,23.133,,,,70576.74,49068,89,17770.69,18895.7,1878.31,2117.2,,33702.43,
2024-07-19T14:00:00-05:00,26,28.243,28.157,,,,72678.84,51460,91,17327.41,18920.1,2333.42,2332.5,,34911.58,
2024-07-19T15:00:00-05:00,28.32,23.898,23.775,,,,73959.02,52416,92,17459.02,18458.7,2924.36,2837.9,,35856.67,
2024-07-19T16:00:00-05:00,30.34,24.685,24.527,,,,74636.54,53117,92,16957.58,17307.7,4035.65,3486.1,,36412.57,
2024-07-19T17:00:00-05:00,32.06,33.28,33.255,,,,74276.47,54021,91,15607.32,15995.9,4150.46,4191.3,,37272.25,
2024-07-19T18:00:00-05:00,30.9,36.505,36.505,,,,72583.83,55781,90,12317.11,13371.6,4353.29,4909.7,,38641.64,
2024-07-19T19:00:00-05:00,49.21,61.04,61.04,,,,69863.91,58001,88,6225,6102.1,5646.54,5816,,39147.57,
2024-07-19T20:00:00-05:00,44.95,50.245,50.36,,,,66990.58,58525,85,616.89,569.8,7204.5,7337.5,,39444.64,
2024-07-19T21:00:00-05:00,24.74,24.238,24.523,,,,65113.89,54315,83,0.63,0,9980.52,9181.4,,37450.93,
2024-07-19T22:00:00-05:00,22.09,19.99,20.202,,,,62031.28,48410,82,0.08,0,12895.04,11215.8,,33389.12,
2024-07-19T23:00:00-05:00,18.69,17.33,17.02,,,,58523.94,42990,80,0.17,0,14891.36,13092.6,,30018.53,
2024-07-20T00:00:00-05:00,15.38,16.583,16.275,,,,54398.93,39305,79,0.17,0,15407.12,14197.7,,27853.86,
2024-07-20T01:00:00-05:00,13.54,14.867,14.765,,,,51463.5,37158,78,0.23,0,14994.31,14428.1,,26371.39,
2024-07-20T02:00:00-05:00,11.72,11.777,11.65,,,,49164.59,34498,76,0.37,0,15580.95,13919.4,,24047.54,
2024-07-20T03:00:00-05:00,11.39,9.745,9.595,,,,47588.18,32853,76,0.21,0,15634.23,13217.4,,22181.5,
2024-07-20T04:00:00-05:00,11.18,9.15,9,,,,46531.88,32170,75,0.17,0,14925.92,12303.9,,21547.3,
2024-07-20T05:00:00-05:00,12.37,10.715,10.45,,,,46163.49,33289,74,0.18,0,13318.53,11304.4,,22802.47,
2024-07-20T06:00:00-05:00,15.1,13.358,13.125,,,,45923.03,35769,74,48.18,56.5,10715.48,10481.4,,25115.61,
2024-07-20T07:00:00-05:00,13.12,13.09,13.048,,,,46416.86,36142,76,2597.96,3234.1,8240.08,9222.2,,25465.1,
2024-07-20T08:00:00-05:00,9.83,11.553,11.553,,,,49536.81,34098,80,10463.74,11717.8,5175.78,7388.2,,23500.5,
2024-07-20T09:00:00-05:00,9.64,9.77,9.765,,,,53641.6,32889,83,15252.88,16568.6,4922.35,6411.7,,22301.68,
2024-07-20T10:00:00-05:00,13.2,12.682,12.635,,,,57934.75,35960,86,16648.53,18032.6,4473.93,5832.9,,25302.56,
2024-07-20T11:00:00-05:00,17.93,21.485,21.38,,,,61868.62,42052,88,16765.11,18569.8,2725.67,4192.8,,30205.1,
2024-07-20T12:00:00-05:00,25.72,22.95,22.827,,,,65256.11,46798,90,17183.08,18597.3,1494.29,2714.7,,32714.42,
2024-07-20T13:00:00-05:00,27.57,25.87,25.803,,,,68048.97,50300,92,16843.31,18460.3,1295.87,1911.2,,34311.03,
2024-07-20T14:00:00-05:00,28.41,24.14,24.095,,,,70261.43,51584,93,16534.09,18365.9,2825.68,1998.6,,35411.72,
2024-07-20T15:00:00-05:00,30.78,23.045,23.003,,,,71750.53,51280,93,15624.97,17677,5534.66,2894.3,,35573.07,
2024-07-20T16:00:00-05:00,33.39,28.017,28.017,,,,72500.94,51103,93,14332.62,16323.4,7421.3,4185.6,,35796.84,
2024-07-20T17:00:00-05:00,35.17,22.988,23.412,,,,72263.01,51513,93,12262.99,14773,9340.67,5444.2,,35976.52,
2024-07-20T18:00:00-05:00,35.3,19.615,19.63,,,,70708.5,50259,90,10112.57,11638.7,11234.17,6659.5,,36170.29,
2024-07-20T19:00:00-05:00,46.92,20.757,20.82,,,,68245.71,50682,88,4098.34,4871.5,14226.99,7555,,36206.71,
2024-07-20T20:00:00-05:00,54,21.75,21.755,,,,65545.85,51313,85,331.02,451.8,14760.63,8645.4,,36331.32,
2024-07-20T21:00:00-05:00,28.95,18.85,18.85,,,,63584.73,49368,83,0.51,0,14826.92,9482.5,,35772.07,
2024-07-20T22:00:00-05:00,21.72,21.04,21.04,,,,60734.76,48158,81,0.15,0,12907.01,9895.4,,34558.9,
2024-07-20T23:00:00-05:00,21.59,21.462,21.462,,,,57681.88,46824,80,0.18,0,10928.06,9965.4,,33172.21,
2024-07-21T00:00:00-05:00,18.66,21.68,21.68,,,,54866.78,45829,79,0.21,0,8966.48,8833.1,,31557.5,
2024-07-21T01:00:00-05:00,18.16,21.117,21.122,,,,52196.4,44988,78,0.2,0,7486.47,8164,,31116.03,
2024-07-21T02:00:00-05:00,16.74,18.612,18.628,,,,50220.5,43621,77,0.19,0,6790.54,7282.3,,30597.09,
2024-07-21T03:00:00-05:00,16.57,17.575,17.59,,,,48684.66,42619,77,0.19,0,6265.04,6623.3,,30075.02,
2024-07-21T04:00:00-05:00,16.32,17.292,17.357,,,,47590.35,41868,76,0.19,0,6249.23,6011,,29466.22,
2024-07-21T05:00:00-05:00,15.8,16.65,16.747,,,,47031.06,41589,75,0.19,0,5864.12,5429.5,,29048.71,
2024-07-21T06:00:00-05:00,17.19,16.838,16.965,,,,46560.6,41610,75,21.07,37.1,5375.88,4829.9,,28667.53,
2024-07-21T07:00:00-05:00,15.52,16.932,17.077,,,,46789.79,41508,75,1719.94,2318.7,4069.88,3970.5,,28484.21,
2024-07-21T08:00:00-05:00,13.32,14.767,14.777,,,,49457.14,39421,78,7852.91,8551,2919.36,3055.9,,27849.73,
2024-07-21T09:00:00-05:00,14.96,15.43,15.43,,,,53282.21,39580,80,11023.92,12544.7,3052.95,2588.3,,28418.98,
2024-07-21T10:00:00-05:00,18.11,15.277,15.277,,,,57276.06,40013,82,12714.98,14130.3,3987,2543.1,,28729.35,
2024-07-21T11:00:00-05:00,19.79,15.997,15.997,,,,61031.17,41645,84,13142.58,14877.9,4975.19,2633.5,,30456.85,
2024-07-21T12:00:00-05:00,21.24,16.015,16.015,,,,64456.42,42434,85,14129.24,15173.6,6154.41,3017.9,,31172.1,
2024-07-21T13:00:00-05:00,23.66,16.513,15.81,,,,67155.62,42318,86,14972.51,14572.3,7298.15,3824.5,,30944.57,
2024-07-21T14:00:00-05:00,23.59,15.782,15.518,,,,69161.09,43113,87,14909.14,14156.7,7824.65,4780.5,,31667.68,
2024-07-21T15:00:00-05:00,25.06,18.725,18.738,,,,70327.07,45714,85,13115.51,13275.9,8166.11,5726.7,,33734.17,
2024-07-21T16:00:00-05:00,24.93,20.753,20.82,,,,70727.63,47511,86,10868.57,12106.2,8813.21,6773.4,,34278.08,
2024-07-21T17:00:00-05:00,25.61,16.67,16.67,,,,70377.76,46119,86,10001.4,10401.7,10954.8,7545.4,,33576.04,
2024-07-21T18:00:00-05:00,28.79,24.902,25.082,,,,69023.39,47285,84,6615.59,7821.8,12441.24,7996.9,,34340.6,
2024-07-21T19:00:00-05:00,43.48,20.582,20.71,,,,67008.25,50046,82,2195.45,3806.7,12143.96,7847.7,,35718.72,
2024-07-21T20:00:00-05:00,45.64,21.158,21.293,,,,65007.08,50316,80,115.14,385.4,11871.5,7610.2,,35814.37,
2024-07-21T21:00:00-05:00,30.44,21.875,21.975,,,,63277.85,50980,79,0.02,0,9874.46,7087.3,,36154.49,
2024-07-21T22:00:00-05:00,21.67,24.527,24.62,,,,60054.44,50775,78,0.1,0,7453.21,6538.8,,35376.79,
2024-07-21T23:00:00-05:00,20.88,22.85,23.452,,,,56436.11,49569,78,0.19,0,5318.02,5828,,34118.92,
2024-07-22T00:00:00-05:00,17.61,20.615,23.625,,,,52942.24,47141,77,0.16,0,4684.88,6477.4,,32357.5,
2024-07-22T01:00:00-05:00,16.68,18.697,21.278,,,,50099.42,45086,76,0.17,0,4722.04,5528.7,,31745.6,
2024-07-22T02:00:00-05:00,16.52,16.935,18.685,,,,48116.84,43749,75,0.18,0,4344.95,4920.6,,31203.19,
2024-07-22T03:00:00-05:00,15.97,17.22,18.383,,,,46991.89,42813,75,0.17,0,4520.62,4753.4,,30872.78,
2024-07-22T04:00:00-05:00,15.91,18.608,19.765,,,,46647.52,43281,74,0.17,0,4216.51,4503.9,,30672.45,
2024-07-22T05:00:00-05:00,16.98,19.713,21.108,,,,47477.16,44367,74,0.19,0,3840.96,4229,,31328.09,
2024-07-22T06:00:00-05:00,20.57,20.128,21.312,,,,48926.64,45667,74,13.06,31,4317.34,4054.9,,32087.98,
2024-07-22T07:00:00-05:00,19.8,18.597,19.223,,,,50080.95,44908,76,1675.52,1862,4360.11,3811.1,,31728.25,
2024-07-22T08:00:00-05:00,17.76,18.767,19.035,,,,52568.61,44300,77,5848.23,6248.4,3327.12,3425.2,,31514.05,
2024-07-22T09:00:00-05:00,18.4,21.223,21.762,,,,55775.5,45308,80,7611.95,8910,3517.26,3585.7,,31944.13,
2024-07-22T10:00:00-05:00,23.49,22.122,22.595,,,,59153.4,46522,81,8514.27,9853.6,4421.07,3810.8,,32425.79,
2024-07-22T11:00:00-05:00,25.89,22.2,22.61,,,,62236.31,47593,82,9040.56,10736.6,5447.76,3960.6,,32941.18,
2024-07-22T12:00:00-05:00,26.71,24.493,24.47,,,,65062.56,47559,83,10317.42,11189,5710.1,4384.9,,33345.51,
2024-07-22T13:00:00-05:00,26.26,22.75,22.75,,,,67489.9,49017,83,10486.97,11249.5,5754.76,5065.9,,34706.31,
2024-07-22T14:00:00-05:00,23.74,37.385,37.8,,,,69084.06,51916,83,9602.68,10882,4985.15,5855.6,,36134.57,
2024-07-22T15:00:00-05:00,23.56,47.867,48.555,,,,69616.1,53885,84,9104.72,9905.2,4977.2,6345.5,,37392.4,
2024-07-22T16:00:00-05:00,24.14,31.832,32.053,,,,69612.2,54248,84,9000.39,8884.6,5314.26,6688.5,,38082.88,
2024-07-22T17:00:00-05:00,24.96,23.515,23.515,,,,68732.91,54270,82,8156.82,7389.4,5188.43,7112.5,,38313.3,
2024-07-22T18:00:00-05:00,26.58,24.08,24.08,,,,67057.89,54493,80,5875.2,5546.4,4816.15,7307.5,,38622.71,
2024-07-22T19:00:00-05:00,26.06,28.835,28.835,,,,65100.12,54904,78,3250.07,3237.3,4142.94,6500.5,,38591.74,
2024-07-22T20:00:00-05:00,36.47,32.388,37.825,,,,63574.46,56762,77,275.89,321.5,3265.12,5736.4,,39058.62,
2024-07-22T21:00:00-05:00,29.33,27.015,33.675,,,,62025.62,54978,76,0.18,0,3434.64,5328.6,,38166.83,
2024-07-22T22:00:00-05:00,21.42,26.12,29.42,,,,58938.49,52404,75,0.18,0,3174.41,5129.7,,36343.23,
2024-07-22T23:00:00-05:00,19.71,20.615,24.122,,,,55348.89,49254,75,0.22,0,3161.18,4827,,34612.38,
2024-07-23T00:00:00-05:00,21.18,22.428,27.182,,,,51160.9,46538,74,0.2,0,3300.29,3588.6,,32229.09,
2024-07-23T01:00:00-05:00,19.68,20.372,24.675,,,,48631.68,44391,74,0.18,0,3439.36,3398.3,,30747.34,
2024-07-23T02:00:00-05:00,18.01,21.03,26.512,,,,46806.22,43582,74,0.18,0,2796.41,3205,,30669.61,
2024-07-23T03:00:00-05:00,17.29,19.985,23.12,,,,45691.72,43451,73,0.18,0,2246.18,2900.2,,30312.82,
2024-07-23T04:00:00-05:00,17.98,20.625,24.44,,,,45427.71,43838,73,0.18,0,2199.42,2658.2,,30387.26,
2024-07-23T05:00:00-05:00,19.37,28.593,37.57,,,,46475.78,44918,73,0.17,0,2023.72,2512.9,,30721.77,
2024-07-23T06:00:00-05:00,21.84,31.015,41.922,,,,48235.59,46334,73,13.63,23.6,1862.79,2345.8,,31146.15,
2024-07-23T07:00:00-05:00,19.49,27.087,32.3,,,,49229.03,47073,74,1241.9,1832.9,1377.8,2052.2,,31460.51,
2024-07-23T08:00:00-05:00,17.16,22.005,22.127,,,,50861.67,45914,76,5320.08,7625.3,816.46,1402.8,,31005.52,
2024-07-23T09:00:00-05:00,16.98,22.44,22.44,,,,53428.81,45131,78,8622.74,11301.6,674.18,873.4,,30653.12,
2024-07-23T10:00:00-05:00,18.2,22.537,22.537,,,,56676.15,44829,79,10791.98,13447.8,916.19,750.1,,30774.29,
2024-07-23T11:00:00-05:00,19.13,22.327,22.327,,,,59722.48,44898,80,12166.32,14560.7,1407.84,882.8,,31257.94,
2024-07-23T12:00:00-05:00,20.62,22.42,22.42,,,,62511.4,45787,80,12902.96,15183.9,1524.33,1115.9,,31881.11,
2024-07-23T13:00:00-05:00,21.42,24.28,24.27,,,,64997.56,47341,82,12783,15429.9,1854.95,1361.3,,32729.23,
2024-07-23T14:00:00-05:00,22.52,25.06,25.06,,,,66783.24,48542,83,12488.69,15305.3,2562.73,1682.9,,33702.23,
2024-07-23T15:00:00-05:00,23.06,24.55,24.55,,,,67719.25,49495,84,11782.5,14507.5,3141.97,2213.2,,34671.97,
2024-07-23T16:00:00-05:00,23.27,22.3,22.3,,,,68201.3,49581,84,11943.07,13752.8,3367.93,2745.9,,35420.17,
2024-07-23T17:00:00-05:00,22.76,22.418,22.433,,,,67726.61,49238,85,11801.26,12276.1,3778.22,3155.2,,35594.46,
2024-07-23T18:00:00-05:00,25.99,26.797,26.797,,,,66493.96,50547,83,9346.44,9773.4,4335.37,3469.8,,36125.34,
2024-07-23T19:00:00-05:00,36.91,42.458,45.497,,,,64798.07,53661,82,4507.1,4813.1,4491.71,3649.9,,37337.36,
2024-07-23T20:00:00-05:00,44.25,48.835,61.293,,,,63034.22,55438,80,433.89,460.2,4122.05,4476,,37981.41,
2024-07-23T21:00:00-05:00,29.94,32.967,33.41,,,,61422.15,53555,78,0.37,0,5557.48,5601.1,,37543.25,
2024-07-23T22:00:00-05:00,23.58,23.318,23.44,,,,58230.8,49381,77,0.49,0,7053.49,6563.9,,35483.03,
2024-07-23T23:00:00-05:00,20.83,21.238,21.342,,,,54759.03,45726,76,0.63,0,7815.03,7101.8,,32467.59,
2024-07-24T00:00:00-05:00,20.63,20.358,20.475,,,,50225.79,42744,75,0.61,0,7602.45,6634.9,,30322.73,
2024-07-24T01:00:00-05:00,18.23,19.088,19.168,,,,47710.62,41776,75,0.61,0,6454.82,6326.3,,29366.64,
2024-07-24T02:00:00-05:00,18,19.14,19.263,,,,45943.54,41509,74,0.62,0,5428.36,5709.3,,29020.92,
2024-07-24T03:00:00-05:00,17.79,19.615,19.735,,,,44836.71,41600,74,0.62,0,4230.4,4917.9,,29139.28,
2024-07-24T04:00:00-05:00,18.18,20.445,20.588,,,,44563.8,42372,74,0.61,0,3512.04,4036.3,,29735.42,
2024-07-24T05:00:00-05:00,20.11,22.328,22.513,,,,45480.65,44056,74,0.63,0,2932.18,3364.9,,30416.04,
2024-07-24T06:00:00-05:00,24.01,21.69,23.122,,,,47116.33,46245,74,8.99,24.9,2290.21,2829.9,,31009.28,
2024-07-24T07:00:00-05:00,22.69,23.945,23.51,,,,48189.6,46229,75,1288.96,1956.2,1527.85,2405.6,,31582.99,
2024-07-24T08:00:00-05:00,17.58,22.738,22.738,,,,50044.72,44936,77,5520.03,8485.9,813.12,1464.8,,30722.02,
2024-07-24T09:00:00-05:00,17.7,21.16,21.16,,,,52562.5,43708,80,9751.5,12944.7,305.17,691.5,,30591.68,
2024-07-24T10:00:00-05:00,18.68,20.88,20.88,,,,55547.59,43114,82,12652.5,15191.9,177.14,592.4,,30725.63,
2024-07-24T11:00:00-05:00,19.23,21.135,21.135,,,,58476.32,43802,84,14918.38,15857.9,235.04,636,,31428.12,
2024-07-24T12:00:00-05:00,20.04,24.912,24.907,,,,61183.66,45855,85,15249.71,16066.9,718.98,937.4,,32046.06,
2024-07-24T13:00:00-05:00,21.42,26.532,26.522,,,,63489.63,46960,86,16057.64,15951.5,1507.48,1445.2,,32750.86,
2024-07-24T14:00:00-05:00,22.71,24.455,24.44,,,,65143.4,47482,88,16474.02,15795.4,2503.49,1986.2,,33421.63,
2024-07-24T15:00:00-05:00,24.17,30.707,30.622,,,,65883.15,48673,88,16160.63,14909.6,3241.56,2516.2,,34021.94,
2024-07-24T16:00:00-05:00,25.1,33.27,33.175,,,,66204.95,50134,89,15496.71,13775.6,3733.4,2934.8,,35456.02,
2024-07-24T17:00:00-05:00,25.66,61.177,61.175,,,,65708.02,52602,89,13310.46,12215.6,3452.07,3322.4,,37370.76,
2024-07-24T18:00:00-05:00,29.54,69.403,69.403,,,,64541.87,53907,88,10382.19,9795.3,3901.16,3686.5,,38664.45,
2024-07-24T19:00:00-05:00,39.56,223.655,223.655,,,,62787.06,56419,86,4817.72,4641.2,4320.37,4178.1,,39332.89,
2024-07-24T20:00:00-05:00,41.64,182.18,182.18,,,,61236.37,56935,83,402.52,452.6,5455.79,5315.9,,39868.81,
2024-07-24T21:00:00-05:00,25.07,42.577,42.737,,,,59748.72,54021,81,0.15,0,7591.51,6857.7,,38792.64,
2024-07-24T22:00:00-05:00,22.92,23.552,23.705,,,,56834.73,49609,80,0.26,0,9414.14,8034.5,,35649.27,
2024-07-24T23:00:00-05:00,19.96,22.632,22.702,,,,53481.86,45202,79,0.38,0,10565.6,8415.1,,32408.39,
2024-07-25T00:00:00-05:00,17.39,20.532,20.555,,,,50846.73,42735,78,0.36,0,10145.38,9689.5,,30547.26,
2024-07-25T01:00:00-05:00,16.4,20.015,20.108,,,,48213.82,41619,77,0.37,0,8617.12,8607.5,,30217.03,
2024-07-25T02:00:00-05:00,16.28,20.81,20.903,,,,46234.47,41475,76,0.38,0,7082.96,7083.5,,30326.39,
2024-07-25T03:00:00-05:00,16.19,20.652,20.787,,,,45018.8,41802,76,0.37,0,5750.4,5708.8,,30187.08,
2024-07-25T04:00:00-05:00,17.35,21.335,21.335,,,,44603.98,42267,75,0.37,0,5010.33,4575.6,,30385.43,
2024-07-25T05:00:00-05:00,19.38,23.952,23.805,,,,45499.53,43632,74,0.38,0,4141.32,3718.7,,30736.27,
2024-07-25T06:00:00-05:00,26.31,27.662,35.185,,,,47170.58,46279,74,9.24,20,2987.49,2949,,31724.72,
2024-07-25T07:00:00-05:00,24.53,25.543,31.155,,,,48157.74,46091,75,1481.95,1804,2405,2230.8,,31685.07,
2024-07-25T08:00:00-05:00,19.02,21.832,21.863,,,,50032.43,43748,78,7064.17,8343.6,1602.78,1329.5,,30822.4,
2024-07-25T09:00:00-05:00,18.34,22.278,22.278,,,,52798.24,43364,80,10750.8,12703.3,913.67,722.8,,31352.07,
2024-07-25T10:00:00-05:00,20.06,23.5,23.5,,,,56141.82,44296,82,12040.17,14416.6,962.21,723.3,,31484.91,
2024-07-25T11:00:00-05:00,21.1,23.748,23.748,,,,59357.56,45076,83,12719.95,14981.3,1366.02,1012.8,,32029.03,
2024-07-25T12:00:00-05:00,21.18,27.065,27.065,,,,62321.67,45404,84,13255.4,15332.2,2099.33,1515.7,,32374.5,
2024-07-25T13:00:00-05:00,23.54,24.915,24.915,,,,64698.45,46395,86,13845.7,15052.2,2693.73,2078.4,,33115.71,
2024-07-25T14:00:00-05:00,24.88,28.137,28.137,,,,66239.33,47521,87,14558,14985.6,2718.42,2532,,34144.17,
2024-07-25T15:00:00-05:00,26.27,36.107,36.107,,,,66936.51,48977,87,14129.8,14422.3,2484.26,2892.1,,35144.3,
2024-07-25T16:00:00-05:00,26.72,44.387,44.387,,,,67281.93,50428,88,13350.97,14365.3,2229.63,2971,,36144.22,
2024-07-25T17:00:00-05:00,26.91,27.935,27.935,,,,66653.16,51461,87,12936.12,13083.1,2224.88,3245.2,,36990.29,
2024-07-25T18:00:00-05:00,29.13,35.307,35.307,,,,65113.64,52177,86,10681.65,10738.5,2788.28,3844,,37523.63,
2024-07-25T19:00:00-05:00,47.45,63.755,63.755,,,,63172.36,54735,84,5367.36,5118.4,3689.11,4706.4,,38231.52,
2024-07-25T20:00:00-05:00,45.39,64.635,64.735,,,,61407.34,55522,81,437.41,472.7,5538.49,6470.2,,38639.77,
2024-07-25T21:00:00-05:00,27.38,29.498,29.702,,,,59888.83,51921,79,0.19,0,7823.07,8675.7,,37069.88,
2024-07-25T22:00:00-05:00,20.1,24.973,24.94,,,,57101.74,47206,78,0.27,0,9555.19,10478.4,,34695.41,
2024-07-25T23:00:00-05:00,16.51,22.372,22.485,,,,53897.84,43595,77,0.39,0,10116.96,11709.9,,31561.21,
2024-07-26T00:00:00-05:00,15.77,18.735,18.842,,,,50522.3,41278,75,0.39,0,10357.92,11621.7,,30012.52,
2024-07-26T01:00:00-05:00,14.54,18.27,18.408,,,,47949.5,39691,75,0.4,0,9726.51,10573.9,,29380.22,
2024-07-26T02:00:00-05:00,14.5,18.145,18.233,,,,46073.06,39205,74,0.42,0,8891.17,9051.7,,29303.02,
2024-07-26T03:00:00-05:00,14.94,18.205,18.293,,,,44907.14,39072,74,0.41,0,7769.29,7563.2,,29107.59,
2024-07-26T04:00:00-05:00,16.57,18.678,18.7,,,,44541.45,39841,73,0.41,0,6597.84,6183.4,,29440.92,
2024-07-26T05:00:00-05:00,18.87,21.443,21.448,,,,45420.3,41745,73,0.42,0,5380.6,5086.2,,30079.78,
2024-07-26T06:00:00-05:00,23.02,25.015,25.015,,,,47057.45,44067,73,4.39,17.9,4373.31,4072.2,,31188.71,
2024-07-26T07:00:00-05:00,23.78,24.457,24.457,,,,48129.55,44500,74,1090.43,1605.4,4009.01,3152.2,,30932.48,
2024-07-26T08:00:00-05:00,19.05,20.785,20.785,,,,49957.01,42183,76,5868.89,7175.1,2901.26,2263.6,,30096.59,
2024-07-26T09:00:00-05:00,18.43,22.273,22.273,,,,52602.15,41985,78,9702.51,11055.5,1745.89,1791.4,,30448.04,
2024-07-26T10:00:00-05:00,18.83,20.065,20.065,,,,55742.03,41664,80,11798.13,13042.3,2000.62,1948.7,,30228.07,
2024-07-26T11:00:00-05:00,20.74,18.258,18.258,,,,58747.46,40643,82,13918.21,13954,2361.38,2053,,30128.62,
2024-07-26T12:00:00-05:00,23.47,21.09,21.09,,,,61585.89,42017,84,14382.84,14479.9,2472.29,2211.6,,31044.67,
2024-07-26T13:00:00-05:00,24.62,22.977,22.977,,,,63879.5,44232,85,14082.98,14943.7,2747.22,2467.1,,31875.49,
2024-07-26T14:00:00-05:00,26.49,23.957,23.957,,,,65394.91,45933,85,14007.72,14811.3,2893.68,2873.5,,32697.29,
2024-07-26T15:00:00-05:00,28.46,24.26,24.26,,,,65933.5,46284,86,13866.23,14152.9,3399.47,3318,,33150.57,
2024-07-26T16:00:00-05:00,28.81,28.583,28.583,,,,65936.3,47391,86,12826.38,13155.1,3947.58,3820.9,,33766.65,
2024-07-26T17:00:00-05:00,27.58,25.753,25.753,,,,64965.02,48314,86,11547.67,11849.4,4540.83,4625.2,,34721.62,
2024-07-26T18:00:00-05:00,27.07,23.11,23.11,,,,63140.31,48204,85,9650.35,9753.3,5531.78,5516.2,,34690.25,
2024-07-26T19:00:00-05:00,43.69,26.408,26.322,,,,61207.49,49374,83,4905.4,4505.9,7401.43,6870.9,,34948.83,
2024-07-26T20:00:00-05:00,42.16,27.805,27.705,,,,59718.97,50471,81,416.63,452.6,9100.36,9070.2,,35277.44,
2024-07-26T21:00:00-05:00,24.57,22.978,22.933,,,,58514.25,47423,79,0.82,0,11179.29,11630.7,,34115.26,
2024-07-26T22:00:00-05:00,19.47,22.058,22.075,,,,56270.03,43326,78,0.84,0,13157.8,13611.1,,31588.24,
2024-07-26T23:00:00-05:00,16.66,19.47,19.555,,,,53551.28,39942,78,0.9,0,14265.9,14615.6,,29029.21,
2024-07-27T00:00:00-05:00,17.29,19.918,19.908,,,,51230.14,37145,77,0.91,0,14347.97,15503.2,,26370.58,
2024-07-27T01:00:00-05:00,16.28,18.35,18.32,,,,48776.47,35567,77,0.87,0,13683.15,15302.5,,25284.45,
2024-07-27T02:00:00-05:00,16.08,17.537,17.53,,,,46898.87,34673,76,0.88,0,13011.21,14373,,24925.38,
2024-07-27T03:00:00-05:00,16.08,17.21,17.21,,,,45544.45,34138,76,0.74,0,12463.34,13019.4,,24770.68,
2024-07-27T04:00:00-05:00,16.63,17.343,17.343,,,,44715.46,34264,75,0.21,0,11591.06,11622.9,,24885.11,
2024-07-27T05:00:00-05:00,17.13,18.53,18.53,,,,44690.69,35420,74,0.22,0,10366.09,10250.4,,25370.23,
2024-07-27T06:00:00-05:00,16.93,21.768,21.768,,,,44855.68,37684,74,5.53,14.9,8575.02,9116.1,,26431.56,
2024-07-27T07:00:00-05:00,16.78,22.615,22.882,,,,45305.23,39290,75,1125.66,1519.7,6582.2,7892.5,,26773.54,
2024-07-27T08:00:00-05:00,14.98,21.657,21.657,,,,47484.57,38835,76,5327.12,6814.7,4617.97,6597.5,,26679.52,
2024-07-27T09:00:00-05:00,14.98,22.355,22.355,,,,50667.17,38202,79,9174.06,10737.8,3920.93,5912,,26459.65,
2024-07-27T10:00:00-05:00,16.36,21.27,21.27,,,,54157.07,37361,81,12458.08,12902.5,3745.34,5565.7,,25979,
2024-07-27T11:00:00-05:00,18.01,18.255,18.255,,,,57480.47,37836,83,13816.36,13672.4,4836.71,5279.9,,27398.6,
2024-07-27T12:00:00-05:00,19.27,17.59,17.59,,,,60511.55,37654,85,15095.79,14099.1,6012.54,5374.2,,27688.87,
2024-07-27T13:00:00-05:00,20.54,18.405,18.405,,,,62690.37,38296,87,15067.47,14399.8,7561.13,5608.8,,28119.82,
2024-07-27T14:00:00-05:00,21.99,18.472,18.472,,,,64214.47,38695,88,15622.29,14607.4,8359.85,5856.8,,28449.88,
2024-07-27T15:00:00-05:00,24.43,19.243,19.243,,,,65065.5,39355,88,15935.39,14060.9,8936.56,6018.4,,28799.14,
2024-07-27T16:00:00-05:00,25.63,21.212,21.5,,,,65352.12,40485,88,15520.89,13089,8738.03,6400.2,,29388.07,
2024-07-27T17:00:00-05:00,26.34,22.835,22.835,,,,64829.04,42215,88,13952.13,11775.2,9508.56,7067.9,,30028,
2024-07-27T18:00:00-05:00,26.22,26.19,26.19,,,,63567.39,43432,86,11008.96,9480.5,10436.12,8190,,30547.52,
2024-07-27T19:00:00-05:00,38.41,24.503,24.503,,,,61896.55,45424,85,4950.63,4863.6,12629.87,9840.7,,31250.33,
2024-07-27T20:00:00-05:00,33.43,23.28,23.28,,,,60245.81,45438,82,360.9,427.2,15186.1,12078.2,,31108.87,
2024-07-27T21:00:00-05:00,21.67,19.747,19.723,,,,58904.48,42167,81,0.26,0,17529.32,15154.7,,29688.01,
2024-07-27T22:00:00-05:00,17.37,17.417,17.585,,,,56877.26,37401,79,0.36,0,19979.61,18320,,26235.31,
2024-07-27T23:00:00-05:00,14.33,17.89,18.037,,,,54384.14,34925,78,0.36,0,19692.12,20673.5,,24000.12,
2024-07-28T00:00:00-05:00,15.23,18.017,17.938,,,,52932.83,32712,78,0.38,0,19465.1,20348.5,,22348.16,
2024-07-28T01:00:00-05:00,12.27,16.852,16.85,,,,50574.05,31230,77,0.31,0,19161.6,20859.3,,21604.67,
2024-07-28T02:00:00-05:00,10.37,15.198,15.175,,,,48782.73,29921,76,0.34,0,18802.6,20828.7,,20736.56,
2024-07-28T03:00:00-05:00,10.12,13.348,13.348,,,,47317.74,28832,76,0.31,0,18641.9,20298.6,,19821.62,
2024-07-28T04:00:00-05:00,10.09,12.832,12.832,,,,46271.92,28204,76,0.34,0,18740.77,19475.7,,19274.07,
2024-07-28T05:00:00-05:00,10.48,11.562,11.562,,,,45887.65,27679,76,0.36,0,19256.06,18365.5,,18713.67,
2024-07-28T06:00:00-05:00,10.67,11.035,11.035,,,,45608.34,27705,76,7.44,20.4,19327.67,17491.3,,18588.32,
2024-07-28T07:00:00-05:00,10.09,11.238,11.238,,,,45978.41,27392,77,1185.07,1896.5,18672.82,16896,,18166.31,
2024-07-28T08:00:00-05:00,6.23,10.918,10.172,,,,48605.56,26671,79,5171.33,8258.9,17732.25,17817.4,,17464.77,
2024-07-28T09:00:00-05:00,8.3,11.055,9.348,,,,52272.2,26681,80,7799.97,12762.9,18106.79,19056.3,,17580.88,
2024-07-28T10:00:00-05:00,9.99,9.98,8.398,,,,56149.89,26236,82,10760.29,15336.7,18312.25,17921.1,,17329.16,
2024-07-28T11:00:00-05:00,12.24,11.13,9.202,,,,59932.35,26714,85,12326.49,16366.4,19366.61,16114.6,,17975.6,
2024-07-28T12:00:00-05:00,14.72,11.23,9.145,,,,63422.71,27242,87,13483.82,16805,20519.38,15738.3,,18607.13,
2024-07-28T13:00:00-05:00,16.31,13.847,10.857,,,,66075.58,29693,89,13891.17,16922.4,20502.55,15423.9,,21007.1,
2024-07-28T14:00:00-05:00,19.29,17.008,13.72,,,,68049.68,32043,90,14277.95,16981.2,20245.82,14844,,23443.18,
2024-07-28T15:00:00-05:00,20.95,20.805,16.86,,,,69462.9,34730,89,14064.09,16367.1,19618.78,14270.8,,25406.06,
2024-07-28T16:00:00-05:00,22.19,27.695,30.05,,,,70317.05,36133,89,14216.99,15510.2,19118.42,14315.1,,26206.47,
2024-07-28T17:00:00-05:00,23.62,21.418,19.14,,,,70421.95,37321,90,13185.71,14262.1,19284.91,14850.9,,26726.29,
2024-07-28T18:00:00-05:00,25.91,21.378,20.65,,,,69482.76,38120,89,11363.01,11727.6,19684.97,15773.5,,27013.51,
2024-07-28T19:00:00-05:00,43.61,35.225,33.26,,,,67647.62,41556,86,5953.97,5515.7,20189.31,17022.1,,28414.7,
2024-07-28T20:00:00-05:00,40.64,58.295,53.705,,,,65559.39,45432,84,455.6,452.9,19799.8,18980.1,,30352.29,
2024-07-28T21:00:00-05:00,24.66,37.512,37.128,,,,63844.94,44308,83,2.12,0,20228.8,21751.9,,30325.8,
2024-07-28T22:00:00-05:00,19.78,22.538,22.638,,,,61092.64,40472,81,2.16,0,21489.24,24278.1,,27705.13,
2024-07-28T23:00:00-05:00,13.9,19.33,19.41,,,,57737.93,36437,81,2.02,0,22413.67,25611.5,,25297.68,
2024-07-29T00:00:00-05:00,15.56,18.948,19.005,,,,55184.95,32774,80,0.47,0,22868.24,25139,,22234.19,
2024-07-29T01:00:00-05:00,14.97,17.073,17.135,,,,52764,30839,80,0.46,0,23062.92,24571.3,,20974.17,
2024-07-29T02:00:00-05:00,13.55,16.247,16.243,,,,51084.3,29663,79,0.49,0,22737.93,23719.6,,20553.92,
2024-07-29T03:00:00-05:00,12.19,16.28,16.275,,,,49939.36,29525,79,0.46,0,22189.21,22999.9,,20604.84,
2024-07-29T04:00:00-05:00,12.67,16.452,16.483,,,,49683.14,29694,78,0.52,0,21967.05,22193.4,,20688.59,
2024-07-29T05:00:00-05:00,14.61,17.745,17.81,,,,50540.93,30707,78,0.58,0,21876.51,21431.2,,21147.84,
2024-07-29T06:00:00-05:00,12.78,20.25,20.312,,,,51875.45,32553,78,13.27,18.3,21292.42,20861.4,,22081.46,
2024-07-29T07:00:00-05:00,12.72,19.19,19.207,,,,53007.02,33293,79,1907.78,2011.4,19574.32,21118.8,,22492.92,
2024-07-29T08:00:00-05:00,9.56,14.013,13.293,,,,55635.74,30197,81,7979.73,8905.7,19600.82,22403.7,,20490.68,
2024-07-29T09:00:00-05:00,9.52,13.993,11.793,,,,59146.18,28076,84,10494.18,13637.7,22866.51,24110.2,,19487.02,
2024-07-29T10:00:00-05:00,11.37,18.363,14.888,,,,63112.31,29799,87,12292.98,16302,22958.7,22943.7,,20962.84,
2024-07-29T11:00:00-05:00,17.16,20.6,16.922,,,,66931.96,32211,89,14033.58,17392.9,22212.8,20453.4,,22622.32,
2024-07-29T12:00:00-05:00,20.08,20.567,16.787,,,,70404.05,35535,91,15595.38,18104.8,20841.41,18501.5,,25286.97,
2024-07-29T13:00:00-05:00,22.54,25.725,20.375,,,,73404.44,38290,93,17201.47,19104.4,19326.04,17101.4,,26801.09,
2024-07-29T14:00:00-05:00,28.28,32.355,28.347,,,,75536.34,41190,94,17951.12,19343.5,18094.65,16075.1,,29046.24,
2024-07-29T15:00:00-05:00,31.24,29.1,29.53,,,,76804.65,43220,95,17898.53,19192.4,17726.69,15046.3,,30850.91,
2024-07-29T16:00:00-05:00,30.98,23.235,26.043,,,,77595.01,43783,95,17901.91,19132.9,18102.67,14869.5,,31646.03,
2024-07-29T17:00:00-05:00,28.27,29.848,35.255,,,,77442.18,43543,94,17075.77,18119.5,18916.27,15335.4,,31606.88,
2024-07-29T18:00:00-05:00,31.95,37.755,46.61,,,,76206.06,44188,93,14495.26,14915.7,19898.22,16308.2,,31742.1,
2024-07-29T19:00:00-05:00,66.11,115.755,130.642,,,,73704.65,48733,91,6421.64,6015.7,20424.38,18057.8,,34016.7,
2024-07-29T20:00:00-05:00,48.46,153.163,156.825,,,,70913.92,51983,88,384.12,434.9,19538.15,20171.3,,36354.82,
2024-07-29T21:00:00-05:00,25.32,37.675,37.938,,,,68675.62,50845,86,0.65,0,19276.04,22289.2,,36233.72,
2024-07-29T22:00:00-05:00,22.37,29.527,29.907,,,,65212.3,46165,84,0.16,0,20488.46,24254.1,,32682.74,
2024-07-29T23:00:00-05:00,17.36,20.455,20.92,,,,61355.66,41021,83,0.19,0,21722.91,25416.4,,29202.19,
2024-07-30T00:00:00-05:00,17.93,18.293,18.457,,,,58453.43,36880,82,0.72,0,22744.55,24675.7,,25847.95,
2024-07-30T01:00:00-05:00,16.88,18.045,18.08,,,,55746.41,34000,81,0.18,0,23026.22,24552.3,,23686.88,
2024-07-30T02:00:00-05:00,14.53,16.865,16.935,,,,53752.89,32567,81,0.18,0,22636.09,24087.3,,22782.1,
2024-07-30T03:00:00-05:00,13.86,16.767,16.778,,,,52400.73,32263,80,0.18,0,21789.63,23478.6,,22761.93,
2024-07-30T04:00:00-05:00,14.15,16.81,16.81,,,,51947.22,32487,79,0.18,0,20943,22658.3,,22983.98,
2024-07-30T05:00:00-05:00,15.36,19.14,19.14,,,,52705.07,34216,79,0.18,0,19930.89,21721.2,,24018.31,
2024-07-30T06:00:00-05:00,14.82,19.312,19.312,,,,53937.25,36000,78,18.46,18.8,19106.89,21025.8,,24776.12,
2024-07-30T07:00:00-05:00,13.91,17.23,17.09,,,,54854.45,35319,79,2392.53,2094.7,17965.64,20838.8,,24323.35,
2024-07-30T08:00:00-05:00,11.69,11.05,10.688,,,,57289.73,30828,82,9834.44,9617.1,18271.74,21814,,20763.48,
2024-07-30T09:00:00-05:00,10.72,9.445,7.788,,,,60697.51,27885,85,12038.1,14696.1,22565.39,23191,,18185.99,
2024-07-30T10:00:00-05:00,13.3,16.29,11.807,,,,64498.76,29854,87,13642.59,17103.1,22481.75,21754,,20965.6,
2024-07-30T11:00:00-05:00,15.58,18.6,11.985,,,,68270.08,32309,90,15993.72,18000.1,20892.94,19115.8,,23155.72,
2024-07-30T12:00:00-05:00,20.31,22.05,12.865,,,,71721.58,34739,92,17631.62,18522.5,20026.38,18030.4,,25167.12,
2024-07-30T13:00:00-05:00,27.83,22.395,14.612,,,,74696.63,36996,93,19074.13,19247.3,19320.34,17746.9,,27412.6,
2024-07-30T14:00:00-05:00,30.17,25.505,17.138,,,,76751.4,39415,94,19083.71,19474.6,19040.09,17602.3,,29119.42,
2024-07-30T15:00:00-05:00,30.57,23.88,17.953,,,,77883.51,41602,95,18730.39,19259.7,18554.96,17317.2,,30400.36,
2024-07-30T16:00:00-05:00,27.72,17.608,18.493,,,,78563.75,42364,95,18572.32,19132.9,18510.18,17779.6,,30393.56,
2024-07-30T17:00:00-05:00,26.4,18.793,19.257,,,,78418.52,43076,94,17496.67,18127.4,18692.37,18836.3,,30785.28,
2024-07-30T18:00:00-05:00,26.97,20.755,21.8,,,,77156.6,44790,93,13964.87,14741,19428.29,20373.1,,31847.05,
2024-07-30T19:00:00-05:00,48.49,29.065,29.505,,,,74665.09,49514,91,5902.72,5774.9,20706.22,22263.3,,33633.62,
2024-07-30T20:00:00-05:00,39.17,32.332,32.43,,,,71858.46,51855,88,326.8,399.7,21117.37,23743.9,,34683.83,
2024-07-30T21:00:00-05:00,23.8,25.472,25.74,,,,69742.32,48431,86,0.41,0,22825.49,25287.6,,33767.67,
2024-07-30T22:00:00-05:00,19.32,19.155,19.58,,,,66189.91,42673,85,0.55,0,25115.62,26953.2,,30710.24,
2024-07-30T23:00:00-05:00,15.79,17.168,16.69,,,,62428.98,37832,84,0.55,0,26207.08,27798.7,,27032.07,
2024-07-31T00:00:00-05:00,17.3,15.837,14.44,,,,60375.42,34493,83,0.56,0,26451.88,27583.5,,24457.62,
2024-07-31T01:00:00-05:00,15.75,13.59,11.92,,,,57434.86,32056,82,0.52,0,26062.64,27437.1,,22194.07,
2024-07-31T02:00:00-05:00,13.76,12.138,11.078,,,,55291.7,30523,82,0.53,0,25642.33,26960.1,,21057.21,
2024-07-31T03:00:00-05:00,13.4,11.71,11.695,,,,53831.1,30112,81,0.49,0,24724.46,26260.5,,20705.28,
2024-07-31T04:00:00-05:00,13.55,11.713,11.77,,,,53283.61,30249,80,0.35,0,23964.26,25363.8,,20771.12,
2024-07-31T05:00:00-05:00,14.91,12.832,12.895,,,,53917.45,31418,79,0.27,0,23191.05,24309.2,,21817.56,
2024-07-31T06:00:00-05:00,14.09,15.25,15.318,,,,55079.97,33664,79,10.58,21,21851.62,23292.8,,23604.18,
2024-07-31T07:00:00-05:00,13.09,15.077,15.123,,,,55906.11,33835,80,2139.43,2141.2,20261.7,23056.5,,23661.18,
2024-07-31T08:00:00-05:00,10.29,9.377,8.818,,,,58355.45,29382,82,9180.26,9713.8,20618.43,23923.8,,19697.52,
2024-07-31T09:00:00-05:00,10.34,7.477,6.165,,,,61942.22,27412,85,12188.32,14871.7,22997.04,25161.4,,18337.84,
2024-07-31T10:00:00-05:00,12.63,11.047,8.727,,,,66035.75,29030,87,14598.24,17526.1,22592.96,23435.1,,20136.78,
2024-07-31T11:00:00-05:00,15.41,14.13,10.967,,,,69995.73,31697,90,16998.23,18581,20886.84,20847.1,,22731.53,
2024-07-31T12:00:00-05:00,18.53,19.307,14.19,,,,73603.41,34893,92,19222.14,19168.5,18847.63,19708.2,,26018.85,
2024-07-31T13:00:00-05:00,25.24,20.213,17.773,,,,76680.43,38564,94,20222.77,19616.6,17164.22,19151.3,,29261.64,
2024-07-31T14:00:00-05:00,26,20.135,18.278,,,,78826.55,41135,95,20336.19,19787.4,16904.12,18706.7,,31010.27,
2024-07-31T15:00:00-05:00,27.33,21.98,18.987,,,,80009.11,42287,96,19906.51,19645.7,17179.59,18177.3,,31343.71,
2024-07-31T16:00:00-05:00,29.97,21.41,19.058,,,,80723.02,42676,96,19039.43,19151.9,17759.74,18702.4,,31442.31,
2024-07-31T17:00:00-05:00,30.77,21.955,20.345,,,,80469.36,43795,95,16699.82,18157.2,18988.36,19975.6,,31945.99,
2024-07-31T18:00:00-05:00,31.16,26.987,25.938,,,,78983.89,46676,93,11813.19,14648.9,19948.21,22067.7,,32940.64,
2024-07-31T19:00:00-05:00,41.14,27.373,27.505,,,,76173.72,50994,91,4300.09,5794.4,20788.32,23950.4,,34661.07,
2024-07-31T20:00:00-05:00,35.65,24.532,24.67,,,,73071.89,51344,87,210.41,382.7,21700.5,25467,,34878.37,
2024-07-31T21:00:00-05:00,23.28,20.33,20.428,,,,70785.86,47404,85,0.2,0,23697.64,26701,,33776.07,
2024-07-31T22:00:00-05:00,19.33,18.157,18.365,,,,66932.24,42488,84,0.43,0,24776.43,27468.2,,30961.41,
2024-07-31T23:00:00-05:00,16.49,15.8,15.98,,,,62758.54,38202,82,0.61,0,24749.56,27674.5,,27036.99,
2024-08-01T00:00:00-05:00,15.38,15.36,15.522,,,,58933.51,34751,82,6.63,0,24826.84,27118.4,,24572.93,
2024-08-01T01:00:00-05:00,13,13.11,13.193,,,,55958.63,32367,81,1.35,0,24290.27,26370.9,,22649.63,
2024-08-01T02:00:00-05:00,12.17,11.842,11.87,,,,53693.28,30621,80,0.97,0,23735.34,25363.1,,21094.58,
2024-08-01T03:00:00-05:00,11.63,11.55,11.585,,,,52331.16,30099,78,0.73,0,22536.98,24056.8,,20734.09,
2024-08-01T04:00:00-05:00,12.75,12.5,12.578,,,,51822.4,31157,78,0.57,0,20577.92,22176.6,,21841.28,
2024-08-01T05:00:00-05:00,14.65,14.753,14.822,,,,52589.15,33377,77,0.56,0,18665,19974.6,,24034.27,
2024-08-01T06:00:00-05:00,16.29,16.26,16.26,,,,54153.95,35589,76,13.45,21.6,16922.29,17919.3,,25566.04,
2024-08-01T07:00:00-05:00,15.42,15.847,15.847,,,,54562.99,35583,78,2299.53,2362.2,15134.26,15773,,25612.2,
2024-08-01T08:00:00-05:00,11.89,13.638,13.438,,,,56833.8,32975,81,10718.38,10684.6,12561.1,13872.5,,23650.26,
2024-08-01T09:00:00-05:00,10.79,15.693,12.51,,,,60339.31,31106,84,16642.18,16147.9,12244.47,12648.2,,22406.63,
2024-08-01T10:00:00-05:00,15.2,18.275,15.922,,,,64379.85,34690,87,19047.32,18241,9638.39,10933.9,,26080.09,
2024-08-01T11:00:00-05:00,15.97,20.195,20.142,,,,68555.64,39211,90,19727.62,19125,8340.46,9316.5,,29770.26,
2024-08-01T12:00:00-05:00,20.22,22.235,22.165,,,,72519.63,43821,93,19716.08,19659.5,7948.34,8944.5,,32169.75,
2024-08-01T13:00:00-05:00,24.85,22.812,22.7,,,,75846.88,47285,95,19527.08,19904.1,8376.2,9269.7,,34676.91,
2024-08-01T14:00:00-05:00,27.65,24.565,24.46,,,,78064.74,49351,96,19878.24,20050.6,8835.45,9755.6,,35488.68,
2024-08-01T15:00:00-05:00,31.66,25.993,26.018,,,,79289.12,50340,97,19759.06,19827.3,8838.79,10390.3,,36058.23,
2024-08-01T16:00:00-05:00,30.56,23.587,23.45,,,,79996.09,51337,97,19404.01,19313.9,9391.59,11749.7,,36779.88,
2024-08-01T17:00:00-05:00,28.55,22.69,22.387,,,,79706.76,50752,97,18245.8,18235,10764.88,13433.7,,36759.45,
2024-08-01T18:00:00-05:00,29.84,22.597,22.757,,,,78125.02,51197,95,14748.75,14969.7,12400.46,15034.6,,37203.24,
2024-08-01T19:00:00-05:00,54.91,31.82,31.755,,,,75299.66,55629,92,6020.57,6135.8,14640.85,15957.6,,39270.28,
2024-08-01T20:00:00-05:00,57.47,33.985,33.985,,,,72752.53,57964,89,343.73,402.8,15364.41,16880.7,,40257.82,
2024-08-01T21:00:00-05:00,27.84,23.418,23.48,,,,70468.18,54158,87,0.12,0,16988.52,18183.1,,38795.44,
2024-08-01T22:00:00-05:00,23.32,19.775,19.937,,,,66691.45,48178,85,0.22,0,19128.66,19283.3,,35267.79,
2024-08-01T23:00:00-05:00,18.18,17.383,17.537,,,,62628.32,43166,84,0.41,0,19970.6,19879.4,,31412.78,
2024-08-02T00:00:00-05:00,18.15,14.142,14.38,,,,59488.13,39349,82,0.36,0,19879.74,19229.5,,28518.96,
2024-08-02T01:00:00-05:00,16.88,12.223,12.225,,,,56393.65,37212,81,0.44,0,19319.28,18312.9,,26962.63,
2024-08-02T02:00:00-05:00,15.78,11.843,11.795,,,,54021.95,36557,80,0.33,0,17922.03,17210.4,,26094.48,
2024-08-02T03:00:00-05:00,15.79,12.283,12.283,,,,52587.11,37430,79,0.18,0,15107.6,15785.4,,26736.82,
2024-08-02T04:00:00-05:00,16.22,13.263,13.263,,,,51996.91,38910,78,0.16,0,12829.36,14137.7,,28334.19,
2024-08-02T05:00:00-05:00,18.76,19.138,19.47,,,,52620.65,42493,78,0.15,0,9681.66,12328.2,,31099.11,
2024-08-02T06:00:00-05:00,19.22,22.275,22.39,,,,53998.91,46264,78,8.04,20.7,6943.07,10312.9,,33085.7,
2024-08-02T07:00:00-05:00,18.5,22.09,21.505,,,,54503.18,47632,80,2110.45,2294.6,4560.17,8084.5,,33939.76,
2024-08-02T08:00:00-05:00,16.14,19.5,17.342,,,,57133.17,44283,82,10242.3,10681.6,3279.24,5457.2,,31730.65,
2024-08-02T09:00:00-05:00,16.45,20.237,16.94,,,,61352.87,42914,86,15605.2,16286.9,2237.78,3608.8,,30510.71,
2024-08-02T10:00:00-05:00,21.35,24.41,20.757,,,,66049.39,45935,89,17765.95,18292.9,1546.25,2603.3,,32926.91,
2024-08-02T11:00:00-05:00,25.23,27.762,27.732,,,,70843.65,50035,92,18879.63,19139.1,958.88,1631,,35622.48,
2024-08-02T12:00:00-05:00,34.24,30.165,30.205,,,,75121.96,54001,94,19518.72,19416.7,907.46,1078.7,,38575.81,
2024-08-02T13:00:00-05:00,45.84,48.608,50.47,,,,78773.12,57779,96,19128.17,19862.5,1275.95,1132.7,,40831.66,
2024-08-02T14:00:00-05:00,60,30.212,31.28,,,,81202.07,59292,98,18933.37,20002.8,1859.88,1691.5,,41837.48,
2024-08-02T15:00:00-05:00,60,23.505,23.825,,,,82519.97,58898,99,19085.78,19756.7,2444.54,2524.7,,42268.08,
2024-08-02T16:00:00-05:00,64.8,29.71,31.195,,,,83165.92,59275,98,18472.08,19253.4,2825.07,3333.7,,42517.37,
2024-08-02T17:00:00-05:00,58.37,30.805,32.59,,,,82795.96,60311,98,16730.07,18056.3,3397.79,4084.7,,42976.9,
2024-08-02T18:00:00-05:00,121.75,39.065,40.25,,,,80947.39,61055,97,13968.33,14461.5,4692.96,4829.9,,43499.76,
2024-08-02T19:00:00-05:00,501.19,92.625,95.802,,,,77681.61,65380,94,5973.13,5686.7,6610.4,5806.9,,46241.74,
2024-08-02T20:00:00-05:00,397.7,48.44,49.79,,,,74785.52,66046,90,357.11,371.8,8714.27,7458.7,,46217.88,
2024-08-02T21:00:00-05:00,82,27,27.097,,,,72390.35,62425,88,0.24,0,10202.98,9377.4,,43936.25,
2024-08-02T22:00:00-05:00,33.31,23.4,23.448,,,,68869.55,57177,86,0.29,0,11898.34,10876.4,,40238.42,
2024-08-02T23:00:00-05:00,24.58,21.233,21.325,,,,64981.4,52379,85,0.38,0,12722.07,12337.5,,36936.7,
2024-08-03T00:00:00-05:00,22.64,20.058,20.055,,,,61676.57,48429,84,0.38,0,13074.22,12593.5,,34663.45,
2024-08-03T01:00:00-05:00,20.14,19.412,19.405,,,,58323.44,46465,82,0.38,0,11918.66,11540.7,,33863.83,
2024-08-03T02:00:00-05:00,19.83,18.135,18.135,,,,55683.32,44817,81,0.38,0,11015.27,10382.9,,32814.1,
2024-08-03T03:00:00-05:00,18.9,17.68,17.68,,,,53829.5,43955,79,0.4,0,9989.08,9583.3,,32127.34,
2024-08-03T04:00:00-05:00,19.11,17.878,17.878,,,,52578.64,44304,78,0.4,0,8088.54,8438.1,,32247.17,
2024-08-03T05:00:00-05:00,18.87,18.2,18.2,,,,52047.22,44944,77,0.39,0,6637.66,7496.8,,32660.89,
2024-08-03T06:00:00-05:00,18.37,18.747,19.148,,,,51962.96,45480,76,15.16,19.1,5682.22,6751.6,,32785.56,
2024-08-03T07:00:00-05:00,16.86,18.175,18.283,,,,51902.99,44933,78,2248.59,2245.7,4502.26,5297.3,,31998.37,
2024-08-03T08:00:00-05:00,14.19,14.63,14.63,,,,55146.34,42032,82,10868.25,10642,2583.31,4330.2,,30231.36,
2024-08-03T09:00:00-05:00,14.19,15.285,15.285,,,,59997.12,41170,86,15991.43,16105,1989.74,3939,,30225.21,
2024-08-03T10:00:00-05:00,18.34,18.903,18.81,,,,65291.05,43927,89,17733.83,18016.9,1815.55,3071.5,,32266.28,
2024-08-03T11:00:00-05:00,23.01,21.217,21.06,,,,70325.3,47957,92,18366.2,18874.8,1913.03,2709.5,,35082.36,
2024-08-03T12:00:00-05:00,27.61,22.408,22.257,,,,74615.61,50908,94,19278.08,19253,2110.61,2599.1,,37282.53,
2024-08-03T13:00:00-05:00,35.54,24.225,24.018,,,,77966.38,53614,96,19077.44,19226.3,2514.13,2681.1,,38588.68,
2024-08-03T14:00:00-05:00,41.11,27.708,27.27,,,,80365.65,55968,97,18699.92,19379,2928.4,3024.4,,39510.7,
2024-08-03T15:00:00-05:00,48.32,25.298,24.832,,,,81761.13,57375,97,17987.47,18834.8,3623.88,3636.8,,40640.65,
2024-08-03T16:00:00-05:00,53.2,27.118,27,,,,82362.57,58385,98,16941.99,17530.2,4487.91,4525.7,,41242.88,
2024-08-03T17:00:00-05:00,48.38,23.32,23.228,,,,81915.9,58423,96,14996.51,16076.4,6044.03,5780.9,,41372.49,
2024-08-03T18:00:00-05:00,56.63,37.912,38.327,,,,80039.54,60629,94,10783.59,12380.6,6708.86,6903,,42736.87,
2024-08-03T19:00:00-05:00,144.78,52.505,52.505,,,,76776.39,64215,91,3587.77,4697.2,7395.89,7244.8,,44588.11,
2024-08-03T20:00:00-05:00,110.81,40.21,40.217,,,,73946.1,64340,88,119.53,289,8082.93,7961.1,,44692.89,
2024-08-03T21:00:00-05:00,46.97,24.872,24.655,,,,71454.38,60856,86,0.11,0,9013.69,9195.6,,42579.87,
2024-08-03T22:00:00-05:00,26.98,26.278,26.287,,,,67897.57,57904,85,0.19,0,8407.31,8414,,41147.2,
2024-08-03T23:00:00-05:00,23.49,25.77,25.855,,,,64132.12,55289,84,0.25,0,7047.46,8549.8,,38902.71,
2024-08-04T00:00:00-05:00,20.94,26.14,26.288,,,,59205.75,52130,83,0.25,0,6425.2,10767.5,,36462.19,
2024-08-04T01:00:00-05:00,19.54,21.488,23.378,,,,56214.23,49956,81,0.26,0,5734.23,9901.2,,35423.87,
2024-08-04T02:00:00-05:00,18.7,20.56,21.62,,,,53852.65,48120,80,0.26,0,5025.36,8720.8,,34381.6,
2024-08-04T03:00:00-05:00,18.18,20.8,20.96,,,,52205.42,47727,78,0.17,0,4207.29,7429,,34194.78,
2024-08-04T04:00:00-05:00,17.94,19.233,19.72,,,,51024.31,46931,78,0.15,0,3784.4,6086.7,,33517.04,
2024-08-04T05:00:00-05:00,18.04,19.13,19.297,,,,50414.84,46994,78,0.14,0,3413.78,4892.5,,33714.3,
2024-08-04T06:00:00-05:00,17.16,19.158,20.01,,,,50075.47,47591,77,16.23,16.7,2560.98,3886.7,,34292.62,
2024-08-04T07:00:00-05:00,15.8,18.552,19.11,,,,49832.67,46739,79,1763.62,2124.9,1771.49,3010.3,,33730.5,
2024-08-04T08:00:00-05:00,12.39,16.42,16.425,,,,52630.97,43747,82,8481.63,9833.9,1016.06,1910,,31920.1,
2024-08-04T09:00:00-05:00,14.05,16.962,16.962,,,,57047.08,42666,86,12965.07,15172.5,540.65,1096.8,,31473.28,
2024-08-04T10:00:00-05:00,17.19,18.17,18.162,,,,61876.78,43529,88,15970.36,17620.7,622.54,958.3,,32023.98,
2024-08-04T11:00:00-05:00,20.05,19.062,19.048,,,,66535.58,46032,91,17532.72,18532.2,1367.49,1071.2,,33785,
2024-08-04T12:00:00-05:00,22.96,20.94,20.873,,,,70695.29,48853,93,18033.51,18843.1,2205.81,1407.5,,35676.95,
2024-08-04T13:00:00-05:00,26.4,23.215,23.147,,,,74127.61,52113,93,17416,18933.4,2923.6,1895.7,,37192.1,
2024-08-04T14:00:00-05:00,27.5,24.085,24.327,,,,76636.13,53814,92,16724.05,19084,3793.95,2493.6,,37991.88,
2024-08-04T15:00:00-05:00,30.59,28.148,28.643,,,,78023.69,54717,94,16712.2,18662.3,4118.9,3268,,38583.41,
2024-08-04T16:00:00-05:00,31.69,25.428,25.727,,,,78591.65,55744,96,15712.78,17506.2,5093.43,4155.9,,39672.92,
2024-08-04T17:00:00-05:00,32.04,34.882,35.282,,,,78309.22,57646,95,13787.97,16100.1,5519.63,4996.7,,41272.68,
2024-08-04T18:00:00-05:00,38.4,44.542,45.58,,,,76866.18,60125,93,10318.48,12475.3,6017.38,5701,,42861.7,
2024-08-04T19:00:00-05:00,85.13,50.562,51.87,,,,74259.24,62637,90,4993.46,4957.8,6443.07,6599.3,,44015.92,
2024-08-04T20:00:00-05:00,61.04,35.45,35.907,,,,72069.75,62981,87,274.45,298.8,7754.47,8144.6,,44210.8,
2024-08-04T21:00:00-05:00,29.78,23.903,23.98,,,,69703.75,58059,84,0.26,0,10323.02,9846.8,,41782.74,
2024-08-04T22:00:00-05:00,22.25,21.883,21.925,,,,65821.87,52363,82,0.19,0,12385.09,11111.7,,38472.19,
2024-08-04T23:00:00-05:00,19.61,18.582,18.605,,,,61753.75,47516,81,0.27,0,13086.82,11629,,34351.93,
2024-08-05T00:00:00-05:00,18.87,18.235,18.205,,,,57570.69,44510,80,0.28,0,12127.61,11633,,32088.74,
2024-08-05T01:00:00-05:00,16.71,17.45,17.295,,,,54338,43394,79,0.31,0,10473.03,11180.8,,30763.33,
2024-08-05T02:00:00-05:00,15.18,16.61,16.342,,,,51871.03,42907,78,0.29,0,8998.11,10360.1,,30509.03,
2024-08-05T03:00:00-05:00,15.34,16.485,16.347,,,,50546.15,42691,77,0.31,0,7857.39,9263.7,,30479.75,
2024-08-05T04:00:00-05:00,15.57,18.467,18.435,,,,50106.11,43783,76,0.31,0,6268.28,8115.3,,31487.63,
2024-08-05T05:00:00-05:00,17.91,19.69,19.715,,,,50855.88,45490,75,0.3,0,5235.97,7180.3,,32793.36,
2024-08-05T06:00:00-05:00,17.73,21.948,21.988,,,,52359.97,47863,75,11.34,16,4323.42,6447.9,,34538.2,
2024-08-05T07:00:00-05:00,16.88,19.275,19.4,,,,52914.98,47064,77,2529.4,2332.2,3875.48,5756.8,,34113.49,
2024-08-05T08:00:00-05:00,13.5,14.955,14.957,,,,55526.85,42045,82,12262.47,11274.1,2888.02,4112.4,,30725.56,
2024-08-05T09:00:00-05:00,14.3,14.685,14.685,,,,59779.15,40500,86,18256.18,17209.2,2112.02,2911.7,,29783.2,
2024-08-05T10:00:00-05:00,17.76,18.918,18.825,,,,64757.31,43093,89,19880.28,18924.3,2138.67,2792.7,,31525.69,
2024-08-05T11:00:00-05:00,22.77,21.807,21.638,,,,69631.1,48747,91,19224.62,19583.6,2002.41,2106.8,,35385.28,
2024-08-05T12:00:00-05:00,29.32,24.352,24.223,,,,74067.99,52565,92,19177.74,19650.8,1628.49,1569,,37944.94,
2024-08-05T13:00:00-05:00,35.73,27.822,28.142,,,,78093.3,56104,94,18856.88,19359.4,1532.76,1608.4,,39959.38,
2024-08-05T14:00:00-05:00,36.72,33.277,33.953,,,,80792.57,58106,95,18648.7,19496.5,1819.81,2058.5,,41670.08,
2024-08-05T15:00:00-05:00,37.05,29.96,30.858,,,,82089.14,59156,96,18168.58,19115.6,2160.97,2714.7,,42365.73,
2024-08-05T16:00:00-05:00,37.73,38.54,39.865,,,,82664.56,60457,95,17036.88,18568.4,2422.9,3477.3,,43214.03,
2024-08-05T17:00:00-05:00,33.2,33.633,34.42,,,,82199.29,61026,95,15875.45,17362.5,2719.94,4299.1,,43736.89,
2024-08-05T18:00:00-05:00,44.04,52.877,54.547,,,,80493.72,62959,94,12603.58,13883.6,3170.67,5114.1,,44666.46,
2024-08-05T19:00:00-05:00,104.63,84.523,87.372,,,,77309.36,66823,91,5143.7,5483.7,4304.41,5995.4,,46723.67,
2024-08-05T20:00:00-05:00,76.88,59.91,61.35,,,,74307.73,66270,88,329.15,311.3,6747.06,7884.4,,46555.62,
2024-08-05T21:00:00-05:00,36.44,24.318,24.42,,,,71436.32,60627,86,0.25,0,10022.57,10280.7,,43214.76,
2024-08-05T22:00:00-05:00,23.69,22.258,22.457,,,,67034.38,53878,84,0.3,0,12549.08,12103.6,,38802.28,
2024-08-05T23:00:00-05:00,20.49,19.16,19.273,,,,62428.95,48666,82,0.19,0,13459.96,13248,,35170.24,
2024-08-06T00:00:00-05:00,17.72,16.73,16.842,,,,59350.33,44684,81,0.15,0,13772.75,13580.2,,31862.38,
2024-08-06T01:00:00-05:00,16.66,14.933,15.067,,,,56168.38,42103,80,0.16,0,13641.78,12916.6,,30424.51,
2024-08-06T02:00:00-05:00,15.45,14.82,14.953,,,,53730.62,41370,79,0.16,0,12113.26,11672.1,,29966.86,
2024-08-06T03:00:00-05:00,15.71,14.087,14.175,,,,52232.19,41011,78,0.17,0,10705.83,10214.6,,29642.5,
2024-08-06T04:00:00-05:00,16.15,15.53,15.56,,,,51612.86,41639,77,0.16,0,9147.25,8871.7,,29977.83,
2024-08-06T05:00:00-05:00,17.95,16.435,16.448,,,,52289.79,42962,77,0.17,0,8599.15,7801.8,,31055.5,
2024-08-06T06:00:00-05:00,19.98,17.887,17.89,,,,53681.05,45000,76,11.79,15.3,7844.94,7012.9,,32362.01,
2024-08-06T07:00:00-05:00,17.79,15.445,15.45,,,,54096.91,43955,79,2631.78,2287.2,7248.44,6413.7,,31248.45,
2024-08-06T08:00:00-05:00,14.92,11.643,11.643,,,,56761.21,39392,83,12511.76,11632.4,5289.27,4607.7,,28209.62,
2024-08-06T09:00:00-05:00,15.44,11.642,11.638,,,,61025.61,38509,87,18186.51,17757.3,4432.95,2991.8,,27837.71,
2024-08-06T10:00:00-05:00,19.76,18.088,18.038,,,,65906.87,42870,90,19066.39,19506.1,3566.07,2453.9,,31679.11,
2024-08-06T11:00:00-05:00,25.14,23.135,23.215,,,,70804.81,49644,93,19074.05,20112.4,1810.28,1367.5,,36075.84,
2024-08-06T12:00:00-05:00,37.95,28.807,29.342,,,,75202.05,55948,95,18501.48,20199.6,475.33,477.1,,39659.32,
2024-08-06T13:00:00-05:00,54.1,32.817,34.347,,,,79109.16,59549,96,18345.47,19852.5,445.84,345.6,,41975.18,
2024-08-06T14:00:00-05:00,66.25,25.595,26.635,,,,81795.2,60233,97,18814.03,19938.1,816.87,605.9,,42545.7,
2024-08-06T15:00:00-05:00,78.42,26.563,27.148,,,,83298.71,59783,98,18981.04,19649.9,1412.39,1038.8,,42391.87,
2024-08-06T16:00:00-05:00,89.79,32.722,34.792,,,,84157.33,60226,98,18741.43,19194.9,1666.03,1642.2,,42817.42,
2024-08-06T17:00:00-05:00,115.9,33.702,35.728,,,,83954.63,61323,97,17418.49,17812.4,2024.09,2356.2,,43368.35,
2024-08-06T18:00:00-05:00,188.03,76.065,80.195,,,,82401.79,64008,96,13478.98,14177.6,2390.09,3146.9,,44996.86,
2024-08-06T19:00:00-05:00,840.82,262.295,270.045,,,,79298.26,68666,93,5199.6,5474.1,3453.96,4142.3,,47856.39,
2024-08-06T20:00:00-05:00,387.42,90.827,98.93,,,,76392.91,68609,90,280.71,278.1,5665.47,6170.8,,47747.27,
2024-08-06T21:00:00-05:00,85.16,30.6,30.767,,,,73686.2,63000,87,0.48,0,9237.47,8459.3,,44513.13,
2024-08-06T22:00:00-05:00,28.7,23.023,22.947,,,,69337.69,56901,86,0.62,0,11280.34,9931.1,,41050.81,
2024-08-06T23:00:00-05:00,22.32,20.028,20.092,,,,64912.58,52138,84,0.61,0,11934.69,10930.7,,37816.64,
2024-08-07T00:00:00-05:00,20.1,19.308,19.325,,,,60514.96,48450,83,0.62,0,12174.88,11754.6,,35354.3,
2024-08-07T01:00:00-05:00,18.07,18.117,18.102,,,,57195.61,45644,82,0.61,0,11972.94,11966.7,,33178.66,
2024-08-07T02:00:00-05:00,16.48,16.925,16.905,,,,54661.34,43606,81,0.61,0,11724.2,11530.2,,31840.58,
2024-08-07T03:00:00-05:00,15.64,16.63,16.482,,,,53016.88,42785,80,0.62,0,11083.3,10652.4,,31290.14,
2024-08-07T04:00:00-05:00,15.68,16.452,16.503,,,,52277.74,42781,79,0.62,0,10345.63,9612.4,,31306.97,
2024-08-07T05:00:00-05:00,17.29,17.87,17.87,,,,52794.55,44223,78,0.61,0,9255.67,8582.9,,32138.37,
2024-08-07T06:00:00-05:00,18.36,18.77,18.77,,,,54043.37,46055,77,9.18,13.1,8269.83,7595,,33153.14,
2024-08-07T07:00:00-05:00,15.88,17.467,17.467,,,,54411.7,45192,80,2480.77,2276.4,7302.04,6802.6,,32572.7,
2024-08-07T08:00:00-05:00,13.27,13.59,13.59,,,,57217.64,41314,84,12243.75,11371.7,4991.07,4924.4,,29698.38,
2024-08-07T09:00:00-05:00,14.7,14.133,14.128,,,,61680.08,40829,89,18152.3,17315.4,3463.89,2902.4,,29612.42,
2024-08-07T10:00:00-05:00,18.49,20.857,20.783,,,,66827.89,44662,93,19576.32,19158.5,3018.4,2201.2,,32783.57,
2024-08-07T11:00:00-05:00,25.9,23.575,23.318,,,,72038.8,50824,95,20169.18,19779.8,1772.38,1823.2,,35856.97,
2024-08-07T12:00:00-05:00,33.45,34.493,35.028,,,,76632.64,56217,98,20089.54,19935.5,1083.43,1485.7,,39347.43,
2024-08-07T13:00:00-05:00,52.59,41.95,43.18,,,,80570.83,59475,99,19992.02,19814.9,1193.63,1479.4,,42203.44,
2024-08-07T14:00:00-05:00,67.78,49.947,52.227,,,,83177.55,60904,100,19574.35,19924.5,1461.83,1775.6,,43425.7,
2024-08-07T15:00:00-05:00,72.53,43.492,46.555,,,,84476.65,61644,100,19209.1,19760.1,2097.17,2335.7,,43852.24,
2024-08-07T16:00:00-05:00,84.42,54.727,62.358,,,,85155.69,61442,100,18706.05,19102.9,3179,3048.5,,43994.53,
2024-08-07T17:00:00-05:00,77.53,53.312,58.108,,,,84970.28,61952,100,17214.85,18074.6,4294.1,4117.4,,44409.59,
2024-08-07T18:00:00-05:00,122.2,71.975,73.485,,,,83512.27,63354,98,13662.88,14407.9,5498.73,5539.6,,45237.64,
2024-08-07T19:00:00-05:00,397.57,488.925,490.765,,,,80436.52,67811,95,5352.08,5433.7,7006.1,7244.9,,47326.95,
2024-08-07T20:00:00-05:00,165.42,147.947,147.768,,,,77466.44,67273,91,298.06,280.7,9533.96,9987.2,,47089.24,
2024-08-07T21:00:00-05:00,37.38,40.215,40.292,,,,74773.8,61548,89,0.19,0,13440.52,13136.5,,43485.77,
2024-08-07T22:00:00-05:00,25.04,23.312,23.503,,,,70537.43,54545,86,0.31,0,15958.6,15377.4,,38828.41,
2024-08-07T23:00:00-05:00,19.73,20.18,20.115,,,,66019.87,48664,85,0.3,0,17046.79,16723.4,,34842.97,
2024-08-08T00:00:00-05:00,18.99,19.463,19.428,,,,61912.69,44784,83,0.31,0,16865.64,18255.8,,31807.62,
2024-08-08T01:00:00-05:00,16.52,17.22,17.185,,,,58645.37,42271,82,0.3,0,16267.01,18057.3,,29717.09,
2024-08-08T02:00:00-05:00,15.7,16.053,16.053,,,,56103.72,40774,81,0.29,0,15186.35,16975.4,,28475.71,
2024-08-08T03:00:00-05:00,15.67,17.238,17.312,,,,54478.56,41463,80,0.3,0,12654.61,15381.8,,28976.63,
2024-08-08T04:00:00-05:00,15.81,18.792,18.923,,,,53733.5,42851,79,0.29,0,10417.99,13584.2,,30253.9,
2024-08-08T05:00:00-05:00,17.1,18.53,18.628,,,,54173.56,43960,78,0.3,0,9523.97,11552.9,,31173.95,
2024-08-08T06:00:00-05:00,18.09,21.495,21.49,,,,55340.39,46282,78,7.41,11.2,8454.26,9651,,32946.53,
2024-08-08T07:00:00-05:00,16.63,19.98,20.528,,,,55758.99,46029,80,2307.91,2204.1,7413.22,8026.8,,32781.83,
2024-08-08T08:00:00-05:00,14.03,18.055,18.055,,,,58677.46,43361,85,11740.26,11404.4,4655.94,5468,,31152.14,
2024-08-08T09:00:00-05:00,15.56,19.728,19.728,,,,63085.58,43745,89,17526.72,17419,2719.32,3199.2,,31284.46,
2024-08-08T10:00:00-05:00,19.87,25.16,25.087,,,,68118.2,47079,92,19150.43,19213.5,2412.74,2431.7,,33329.1,
2024-08-08T11:00:00-05:00,25.71,33.742,35.305,,,,73134.68,51116,95,19497.18,19824.6,2481.87,2088.5,,35938.67,
2024-08-08T12:00:00-05:00,32.6,36.008,35.53,,,,77594.19,54952,97,19914.15,20109.6,2781.82,2020.2,,39556.05,
2024-08-08T13:00:00-05:00,42.7,43.577,42.938,,,,81284.62,57256,98,20061.69,19977.2,3543.73,2644.1,,41294.39,
2024-08-08T14:00:00-05:00,38.23,35.213,35.003,,,,83574.4,57745,99,19944.26,20091.5,5162.64,4031.4,,41562.98,
2024-08-08T15:00:00-05:00,39.34,24.115,24.195,,,,84625.93,56684,101,19922.62,20011.6,7117.62,5784.7,,40553.45,
2024-08-08T16:00:00-05:00,42.07,21.682,21.705,,,,85248.14,55700,100,19192.78,19093.9,8881.78,7746.5,,39998.09,
2024-08-08T17:00:00-05:00,39.26,23.28,25.905,,,,85018.62,55323,99,17759.4,17861.7,10578.29,9952.8,,39959.47,
2024-08-08T18:00:00-05:00,44.45,22.45,23.38,,,,83661.92,56470,97,13759.06,13811.8,12789.92,11977.4,,40382.88,
2024-08-08T19:00:00-05:00,85.07,41.292,41.925,,,,80843.04,61277,94,5037.91,4681.7,15076.63,13691.8,,41880.16,
2024-08-08T20:00:00-05:00,66.69,49.42,49.062,,,,78050.76,62219,91,214.65,220.2,16331.6,15483.9,,42501.28,
2024-08-08T21:00:00-05:00,29.62,30.73,30.545,,,,75522.07,59172,89,0.08,0,16867.03,17225,,41455.95,
2024-08-08T22:00:00-05:00,25.13,27.028,27.155,,,,71406.34,55038,87,0.15,0,16765.24,18252.6,,38248.64,
2024-08-08T23:00:00-05:00,20.62,27.89,27.915,,,,67017.37,52236,85,0.21,0,15048.68,18422.4,,35749.95,
2024-08-09T00:00:00-05:00,23.89,23.94,23.968,,,,61899.23,49583,84,0.21,0,14024.1,17124.6,,33612.07,
2024-08-09T01:00:00-05:00,20.24,21.308,21.618,,,,58746.96,46417,83,0.19,0,13614.64,16139,,32383.83,
2024-08-09T02:00:00-05:00,18.5,20.328,20.742,,,,56281.84,44595,82,0.16,0,12999.35,14851.3,,31210.79,
2024-08-09T03:00:00-05:00,18.41,20.898,21.122,,,,54739.12,44517,81,0.16,0,11402.21,13212.8,,31385.33,
2024-08-09T04:00:00-05:00,18.46,21.455,21.765,,,,54034.75,44928,80,0.16,0,10159.49,11623.6,,31564.39,
2024-08-09T05:00:00-05:00,20.18,23.213,23.4,,,,54519.48,46285,79,0.17,0,8706.72,10514.5,,32247.94,
2024-08-09T06:00:00-05:00,21.13,23.838,24.31,,,,55729.77,47376,78,2.77,8.1,8353.64,9722.9,,32636.16,
2024-08-09T07:00:00-05:00,19.3,21.75,22.128,,,,56109.18,46541,80,1631.23,1805.1,8373.56,9430.3,,32199.56,
2024-08-09T08:00:00-05:00,16.58,16.285,16.293,,,,58878.11,41916,83,9110.36,9531.8,9260.51,8847.6,,29312.99,
2024-08-09T09:00:00-05:00,15.82,14.248,14.193,,,,62955.74,38599,86,15198.92,15148.8,9937.08,7896.2,,27379.05,
2024-08-09T10:00:00-05:00,19.12,16.537,15.393,,,,67363.14,39551,88,18018.93,17520.5,9415.82,6681.3,,28495.07,
2024-08-09T11:00:00-05:00,25.41,20.022,16.87,,,,71604.32,41711,90,19004.09,18565.2,9256.43,5783.7,,30072.92,
2024-08-09T12:00:00-05:00,30.78,22.745,20.698,,,,75292.51,45306,90,18977.99,18889.1,8652.75,5480.6,,32536.99,
2024-08-09T13:00:00-05:00,39.9,35.145,25.215,,,,78426.03,49365,92,18608.28,18656.6,7537.27,5730.7,,35445.73,
2024-08-09T14:00:00-05:00,41.88,27.295,25.66,,,,80353.84,51357,93,18908.91,18619.8,7117.1,6269.3,,36514.19,
2024-08-09T15:00:00-05:00,47.94,33.295,29.935,,,,80943,53657,92,18348.42,18203.1,6828.36,6978.8,,37369.33,
2024-08-09T16:00:00-05:00,55.13,45.382,42.038,,,,80812.94,56245,93,15995.1,16599.6,7421.42,8000.8,,38974.25,
2024-08-09T17:00:00-05:00,47.81,44.668,42.717,,,,79590.33,57549,92,12776.17,14645,8968.22,9479.9,,39912.76,
2024-08-09T18:00:00-05:00,48.42,30.988,30.592,,,,77267.54,57264,91,9532.12,10640.8,10722.82,11330.4,,40046.96,
2024-08-09T19:00:00-05:00,59.16,35.395,35.398,,,,74194.47,58236,89,3854.38,3867.1,12425.29,12800.3,,39871.67,
2024-08-09T20:00:00-05:00,48.53,33.44,33.518,,,,71832.98,58574,86,201.29,173.7,13120.04,13560.8,,40034.55,
2024-08-09T21:00:00-05:00,30.74,24.415,24.642,,,,69686.75,55531,84,0.1,0,13369.96,13545.3,,39015.25,
2024-08-09T22:00:00-05:00,28.57,23.49,23.505,,,,66377.69,51578,82,0.11,0,14159.01,13344.5,,36190.36,
2024-08-09T23:00:00-05:00,25.48,23.133,22.91,,,,62809.22,49222,81,0.11,0,12914.87,12818.5,,34472.38,
2024-08-10T00:00:00-05:00,29.55,22.518,22.55,,,,58989.51,47583,81,0.13,0,11341.16,11981,,33072.76,
2024-08-10T01:00:00-05:00,26.38,23.69,23.73,,,,56133.43,47571,80,0.12,0,8508.1,10819.2,,32654.56,
2024-08-10T02:00:00-05:00,23.05,23.388,23.523,,,,53831.4,46912,79,0.12,0,6919.34,9840,,32506.47,
2024-08-10T03:00:00-05:00,22.83,22.903,23.043,,,,52195.17,45606,78,0.13,0,6440.82,8868.3,,32292.1,
2024-08-10T04:00:00-05:00,21.88,21.918,22.058,,,,51137.49,44970,78,0.11,0,6150.21,7977.1,,31885.82,
2024-08-10T05:00:00-05:00,21.66,21.13,21.197,,,,50745.34,44939,77,0.11,0,6003.63,7148.9,,31919.47,
2024-08-10T06:00:00-05:00,20.85,19.773,19.773,,,,50683.17,45046,76,3.36,6.6,6261.76,6426.6,,31467.32,
2024-08-10T07:00:00-05:00,19.08,19.272,19.27,,,,50782.01,44323,78,1509.59,1643.3,5569.25,5769.4,,30945.83,
2024-08-10T08:00:00-05:00,16.04,16.813,16.805,,,,54044.78,41027,81,9057.39,8858,4596.19,5263.4,,29166.8,
2024-08-10T09:00:00-05:00,15.36,15.815,15.815,,,,58310.58,38825,84,15694.56,14337.3,4302.59,5197.8,,28138.02,
2024-08-10T10:00:00-05:00,17.82,18.15,18.108,,,,62635.64,40510,87,18070.78,16502.8,3440.6,5020.6,,29130.3,
2024-08-10T11:00:00-05:00,21.82,26.67,26.593,,,,66798.74,44988,90,18569.54,17353.3,2924.96,4660.8,,31840.83,
2024-08-10T12:00:00-05:00,27.23,28.45,28.343,,,,70337.54,49370,92,18307.51,17779.2,2935.3,4795.2,,34661.66,
2024-08-10T13:00:00-05:00,32.63,30.322,30.228,,,,73207.8,51987,94,17903.66,17884.3,3829.16,5298.1,,36559.02,
2024-08-10T14:00:00-05:00,32.33,31.245,31.193,,,,75387.92,53467,95,17929.66,17714.4,4764.77,5874.6,,37560.81,
2024-08-10T15:00:00-05:00,32.77,40.48,40.448,,,,76726.89,54915,96,17276.23,17273.8,5772.97,6464.1,,38168.78,
2024-08-10T16:00:00-05:00,35.13,44.633,44.56,,,,77289.61,55712,96,16776.14,16196,6531.6,7382.6,,38969.5,
2024-08-10T17:00:00-05:00,37,37.4,37.322,,,,76980.89,55723,95,15566.85,14528.4,7598.08,8690,,39186.92,
2024-08-10T18:00:00-05:00,37.37,35.715,35.715,,,,75531.81,56026,93,12019.55,10780.3,9522.8,10398.7,,39417.3,
2024-08-10T19:00:00-05:00,48.25,63.17,63.185,,,,72679.61,58819,91,4424.14,3975.8,11374.86,12281.7,,40270.5,
2024-08-10T20:00:00-05:00,35.54,57.3,57.307,,,,70241.02,58683,88,203.92,184.6,12856.85,13932.5,,40438.33,
2024-08-10T21:00:00-05:00,26.21,33.893,33.985,,,,68120.91,55302,87,0.11,0,14458.97,15234.9,,38686.92,
2024-08-10T22:00:00-05:00,24.41,22.995,23.082,,,,65099.83,50001,85,0.13,0,16801.42,16334.9,,35283.25,
2024-08-10T23:00:00-05:00,20.02,20.995,21.01,,,,61750.82,45226,84,0.13,0,18338.27,16993.6,,32132.75,
2024-08-11T00:00:00-05:00,19.01,18.008,17.957,,,,59078.96,41417,83,0.16,0,19310.49,17432.3,,29503.56,
2024-08-11T01:00:00-05:00,17.28,15.402,15.027,,,,56505.35,37979,81,0.36,0,19978.18,17092.8,,26825.21,
2024-08-11T02:00:00-05:00,15.69,13.352,12.86,,,,54432.85,35780,81,0.45,0,19922.47,16615,,24910.35,
2024-08-11T03:00:00-05:00,14.64,12.01,11.653,,,,52752.71,34681,80,0.43,0,19378.58,15989.5,,23971.28,
2024-08-11T04:00:00-05:00,14.27,12.148,12.108,,,,51586.46,34074,80,0.25,0,18549.74,15480.2,,23262.04,
2024-08-11T05:00:00-05:00,14.27,12.538,12.503,,,,50940.65,34264,79,0.15,0,17501.66,15034.7,,23653.12,
2024-08-11T06:00:00-05:00,13.61,13.49,13.48,,,,50546.27,34606,78,2.78,7.1,16765.91,14580.8,,24218.28,
2024-08-11T07:00:00-05:00,12.74,13.86,13.855,,,,50381.87,34563,80,1748.98,1937.9,15194.92,13749.9,,24315.01,
2024-08-11T08:00:00-05:00,8.44,9.618,9.328,,,,53575.62,30420,83,10021.67,10994.6,14519.15,12872.5,,20513.95,
2024-08-11T09:00:00-05:00,9.93,9.493,7.71,,,,58053.21,29300,86,14279.37,17397.3,15593.52,12944.3,,19864.22,
2024-08-11T10:00:00-05:00,13,13.445,11.247,,,,62640.66,32799,88,15173.93,18942,15012.56,12590.1,,23056.87,
2024-08-11T11:00:00-05:00,17.09,17.52,16.537,,,,66883.78,36639,91,17632.56,19448,12837.73,11296.3,,26263.59,
2024-08-11T12:00:00-05:00,21.87,21.93,21.618,,,,70729.49,42145,93,18571.48,19627.9,10479.27,10268.8,,30115.11,
2024-08-11T13:00:00-05:00,25.86,26.457,26.03,,,,74148.63,46191,95,19191.33,19247.1,9257.98,9695,,32742.36,
2024-08-11T14:00:00-05:00,27.75,31.39,31.267,,,,76595.19,49117,96,19176.95,19257.3,9050.18,9504.9,,34519.22,
2024-08-11T15:00:00-05:00,31.07,38.54,38.413,,,,78049.42,51423,97,18601.14,19064,9374.83,9668.2,,36185.52,
2024-08-11T16:00:00-05:00,32.75,27.25,27.18,,,,78758.59,51889,97,17751.15,18470.8,11034.93,10714.4,,36806.51,
2024-08-11T17:00:00-05:00,30.66,23.222,23.16,,,,78783.1,50957,96,16586.79,17136.7,13365.28,12388.2,,36413.67,
2024-08-11T18:00:00-05:00,34.32,27.325,27.297,,,,77664.41,51001,94,13273.4,13097.8,15365.88,14456.6,,36769.11,
2024-08-11T19:00:00-05:00,45.21,49.425,49.425,,,,75122.59,55525,91,4974.11,4630.6,16521.34,16274.7,,38081.98,
2024-08-11T20:00:00-05:00,44,73.085,73.085,,,,72758.41,57185,89,194.3,198.9,16387.28,17548.1,,38947.93,
2024-08-11T21:00:00-05:00,26.6,27.365,27.458,,,,70466.62,53595,87,0.04,0,18257.14,18989.9,,37422.43,
2024-08-11T22:00:00-05:00,22.08,21.783,21.89,,,,66819.57,47479,86,0.26,0,20557.38,20575.5,,33744.95,
2024-08-11T23:00:00-05:00,17.39,18.527,18.315,,,,62771.99,42370,84,0.42,0,21729.05,21754.4,,29655.5,
2024-08-12T00:00:00-05:00,16.87,14.553,13.657,,,,59464.93,37498,83,0.78,0,23199.97,22328.8,,26502.89,
2024-08-12T01:00:00-05:00,15.22,13.158,11.42,,,,56627.12,35227,82,0.76,0,22900.48,22139.9,,24875.37,
2024-08-12T02:00:00-05:00,13.53,11.202,10.512,,,,54490.21,33388,81,0.78,0,22635.51,21521,,23020.51,
2024-08-12T03:00:00-05:00,12.71,11.317,11.177,,,,53146.62,33379,80,0.58,0,21210.55,20819.2,,22892.7,
2024-08-12T04:00:00-05:00,13.61,12.35,12.305,,,,52677.09,34334,79,0.31,0,19256.46,19640,,23905.51,
2024-08-12T05:00:00-05:00,15.97,16.407,16.41,,,,53379.44,37355,79,0.33,0,16824.08,18061.2,,26749.12,
2024-08-12T06:00:00-05:00,15.43,20.105,20.105,,,,54799.74,40631,78,1.57,5.5,14911.79,16368.5,,28802.67,
2024-08-12T07:00:00-05:00,15.47,19.65,19.65,,,,55376.17,41431,80,1532.7,1746.4,13095.28,14476.1,,29082.44,
2024-08-12T08:00:00-05:00,11.75,14.238,14.2,,,,58039.79,37765,83,9643.68,9936.4,11548.06,12192,,26295.07,
2024-08-12T09:00:00-05:00,12.65,13.83,13.462,,,,61753.08,35400,86,15051.32,16206.5,12933.75,10790.3,,24846.48,
2024-08-12T10:00:00-05:00,15.06,18.818,18.085,,,,66187.12,39058,89,17356.18,18063.9,10825.54,9242.1,,27974.66,
2024-08-12T11:00:00-05:00,22.37,25.428,24.95,,,,70602.96,45169,91,18077.63,18865.7,8245.02,7062.4,,31766.97,
2024-08-12T12:00:00-05:00,29.88,26.423,25.502,,,,74687.67,49253,94,18691.66,19077.2,7553.82,5871.2,,34541.42,
2024-08-12T13:00:00-05:00,37.88,28.022,27.572,,,,78030.57,51731,96,19267.44,18998.4,8242.82,5929,,36513.11,
2024-08-12T14:00:00-05:00,40.04,26.515,26,,,,80152.02,52903,97,19586.43,18840.1,9684.42,6836,,37258.46,
2024-08-12T15:00:00-05:00,41.53,26.787,23.573,,,,81071.19,52983,98,18963.75,18583.8,11184.29,8046.3,,37078.33,
2024-08-12T16:00:00-05:00,45.91,28.805,24.715,,,,81539.13,52539,97,17738.37,17610.5,12627.38,9818.6,,36760.28,
2024-08-12T17:00:00-05:00,34.29,23.728,20.857,,,,81074.56,51531,96,16852.05,16429.1,14587.43,11954.5,,36083.22,
2024-08-12T18:00:00-05:00,36.87,21.447,23.258,,,,79634.53,50384,95,13830.67,12457.6,17663.67,14449.7,,35518.7,
2024-08-12T19:00:00-05:00,50.77,32.55,34.978,,,,76835.64,54867,93,5057.38,4396.1,20124.19,16789,,37399.12,
2024-08-12T20:00:00-05:00,47.7,31.58,31.82,,,,74333.75,56967,90,165.61,179.9,20678.17,18566.4,,38950.52,
2024-08-12T21:00:00-05:00,26.76,28.947,29.032,,,,71877.63,53987,88,0.11,0,20988.05,20032.7,,37870.93,
2024-08-12T22:00:00-05:00,23.59,22.602,22.602,,,,68077.43,49166,86,0.19,0,21528.62,21332.1,,34900.41,
2024-08-12T23:00:00-05:00,19.45,22.048,22.048,,,,63943.37,45410,85,0.19,0,20739.1,21938.1,,32229.38,
2024-08-13T00:00:00-05:00,17.1,20.867,20.867,,,,61084.68,42853,83,0.18,0,19352.98,22140.6,,30678.96,
2024-08-13T01:00:00-05:00,15.98,19.79,19.787,,,,58254.07,41101,82,0.18,0,18071.3,21411.3,,29364.31,
2024-08-13T02:00:00-05:00,14.56,18.57,18.57,,,,56114.56,40026,81,0.19,0,16823.44,20520.3,,28553.31,
2024-08-13T03:00:00-05:00,15.03,18.06,18.06,,,,54666.53,39453,80,0.2,0,15969.82,19442.4,,28232.6,
2024-08-13T04:00:00-05:00,15.83,17.983,17.983,,,,54083.27,39616,79,0.2,0,15397.47,18050.3,,28305.91,
2024-08-13T05:00:00-05:00,17.76,20.1,20.1,,,,54742.82,41094,79,0.2,0,14521.51,16322.1,,29338.12,
2024-08-13T06:00:00-05:00,18.53,21.653,21.653,,,,56142.13,43204,78,3.28,4.9,13619.94,14535.4,,30523.66,
2024-08-13T07:00:00-05:00,17.72,20.493,20.493,,,,56643.13,43197,80,1914.57,1659.8,12142,12801.7,,30459.87,
2024-08-13T08:00:00-05:00,14.37,16.47,16.165,,,,59260.03,39359,83,11183.78,9809.1,9734.73,11083.4,,27476.67,
2024-08-13T09:00:00-05:00,13.48,14.183,13.852,,,,63024.51,36118,86,17453.84,16047.8,11219.13,10567.2,,25633.71,
2024-08-13T10:00:00-05:00,17.03,17.733,16.71,,,,67382.69,38239,89,19153.29,18146.9,11093.8,10319,,27845.38,
2024-08-13T11:00:00-05:00,20.33,25.06,22.887,,,,71701.07,42856,92,19179,19029,10446.31,9583.9,,30925.12,
2024-08-13T12:00:00-05:00,25.23,23.522,23.162,,,,75633.4,46542,94,19235.32,19252.8,10574.03,9824.9,,32804.08,
2024-08-13T13:00:00-05:00,28.14,24.243,23.92,,,,78957.39,47770,95,19430.79,19026.3,12146.09,11185.9,,33589.5,
2024-08-13T14:00:00-05:00,29.52,24.475,24.162,,,,81091.2,48991,96,18480.66,18854.1,13910.23,12611.1,,34022.13,
2024-08-13T15:00:00-05:00,31.14,22.19,22.237,,,,81914.28,49157,98,18212.23,18524.6,15214.46,13587.7,,33912.58,
2024-08-13T16:00:00-05:00,32.23,21.425,21.15,,,,82194.26,48418,98,17999.99,17715,16616.25,14999.8,,33779.13,
2024-08-13T17:00:00-05:00,30.9,26.727,27.25,,,,81529.8,49208,97,16014.83,16240.2,17868.39,16792.6,,34075.37,
2024-08-13T18:00:00-05:00,30.11,35.135,38.035,,,,80009.05,50674,95,12629.07,12077.9,19023.82,18736.4,,34960.33,
2024-08-13T19:00:00-05:00,46.87,35.742,36.407,,,,77560.02,54724,92,4903.2,3975.2,20335.68,20091.3,,37310.02,
2024-08-13T20:00:00-05:00,48.77,40.282,40.375,,,,75152.95,57392,89,265.07,148.5,19428.75,20619.8,,38834.47,
2024-08-13T21:00:00-05:00,25.3,29.325,29.13,,,,72777.71,54834,88,0.31,0,19458.77,21174.2,,38072.23,
2024-08-13T22:00:00-05:00,23.73,24.67,24.472,,,,68972.88,50247,86,0.39,0,20143.61,21902.6,,35213.64,
2024-08-13T23:00:00-05:00,19.33,20.493,20.493,,,,64985.45,45378,84,0.5,0,20645.35,22480.6,,31871.15,
2024-08-14T00:00:00-05:00,18.17,17.475,17.475,,,,61917.36,40884,83,0.68,0,21741.87,23398.5,,29159.74,
2024-08-14T01:00:00-05:00,16.09,16.075,15.983,,,,59042.88,38645,82,0.61,0,21099.65,23069.2,,27755.94,
2024-08-14T02:00:00-05:00,14.99,14.415,14.327,,,,56798.89,37293,82,0.52,0,20522.2,22419,,26597.85,
2024-08-14T03:00:00-05:00,14.33,14.112,14.037,,,,55277.15,36825,81,0.44,0,19523.31,21466.2,,26247.2,
2024-08-14T04:00:00-05:00,14.36,14.435,14.428,,,,54614.03,37155,80,0.44,0,18474.62,20328.8,,26435.88,
2024-08-14T05:00:00-05:00,16.45,17.342,17.345,,,,55215.96,39034,79,0.22,0,17256.29,19097.9,,27834.33,
2024-08-14T06:00:00-05:00,17.03,18.702,18.787,,,,56591.42,41272,79,2.81,4,16458.89,17866.9,,29270.92,
2024-08-14T07:00:00-05:00,16.55,16.99,16.995,,,,57040.61,40380,80,2110.72,1635.8,15219.07,16565.5,,28582.66,
2024-08-14T08:00:00-05:00,11.9,12.23,12.033,,,,59536.97,35142,83,11604.84,9810.4,13917.34,15376.8,,24540.64,
2024-08-14T09:00:00-05:00,13.23,11.898,8.683,,,,63285,32873,87,15907.42,16249.6,16055.56,15001.4,,23133.12,
2024-08-14T10:00:00-05:00,17.01,13.827,10.87,,,,67661.44,35497,89,17659,18168.9,15543.58,13921.2,,26263.74,
2024-08-14T11:00:00-05:00,20.24,19.733,18.493,,,,71963.33,39584,92,19185.16,18927.4,13664.74,12327.5,,29789.09,
2024-08-14T12:00:00-05:00,26.57,24.245,24.017,,,,75900.04,45355,94,19527.66,19173.2,11521.09,11527.6,,32903.71,
2024-08-14T13:00:00-05:00,28.55,30.04,30.05,,,,79148.38,49993,96,19429.18,19111.8,10429.23,11415.9,,35616.99,
2024-08-14T14:00:00-05:00,32.23,40.25,39.498,,,,81287.29,52939,97,19081.56,19102.1,10304.45,11540,,37889.31,
2024-08-14T15:00:00-05:00,35.98,30.858,30.575,,,,82244.81,54465,98,17944.87,18906,10616.73,11694.5,,39528.42,
2024-08-14T16:00:00-05:00,39.78,33.047,32.705,,,,82579.65,55194,97,16876.26,17842.7,10891.42,12517.2,,40344.4,
2024-08-14T17:00:00-05:00,36.57,37.212,37.66,,,,82031.13,55663,96,15421.31,16240.9,11481.72,13824.9,,40775.72,
2024-08-14T18:00:00-05:00,48.58,44.288,45.233,,,,80521.17,56686,95,11373.07,11879.5,13266.79,15348.6,,41278.82,
2024-08-14T19:00:00-05:00,87.84,60.475,60.853,,,,77730.53,60042,92,3266.9,3582.3,15074.82,16613.3,,42632.48,
2024-08-14T20:00:00-05:00,58.14,40.358,40.445,,,,75296.83,59722,89,143.21,119.4,16428.2,17643.2,,42608.06,
2024-08-14T21:00:00-05:00,30.39,24.295,24.072,,,,72858.63,54493,88,0.41,0,19928.15,18888.9,,39873.28,
2024-08-14T22:00:00-05:00,25.19,22.227,21.975,,,,69037.56,48417,86,0.46,0,21789.06,20144.9,,36070.57,
2024-08-14T23:00:00-05:00,20.64,19.613,19.443,,,,65001.29,44153,85,0.45,0,21801.5,21006.9,,32853.92,
2024-08-15T00:00:00-05:00,19.76,18,17.892,,,,62019.99,40493,84,0.38,0,21728.61,21385.8,,30030.99,
2024-08-15T01:00:00-05:00,17.07,15.845,15.79,,,,59143.3,38425,83,0.39,0,21292.89,21361.6,,28665.18,
2024-08-15T02:00:00-05:00,15.77,14.787,14.785,,,,57020.5,37549,82,0.37,0,20098.95,20995.3,,27907.59,
2024-08-15T03:00:00-05:00,14.96,14.06,14.045,,,,55521.72,36834,81,0.38,0,19317.49,20330.6,,27134.69,
2024-08-15T04:00:00-05:00,15.52,13.32,13.317,,,,54855.42,36416,81,0.41,0,18902.84,19415,,26769.38,
2024-08-15T05:00:00-05:00,17.06,15.528,15.528,,,,55426.19,37930,80,0.45,0,18099.03,18266.6,,28349.31,
2024-08-15T06:00:00-05:00,17.37,19.62,19.62,,,,56759.8,41314,79,3.21,3.4,16140.62,17132.4,,30866.36,
2024-08-15T07:00:00-05:00,17.04,17.875,17.875,,,,57206.69,40897,81,1992.6,1585.7,14710.67,15884.1,,30319.24,
2024-08-15T08:00:00-05:00,12.65,13.665,13.653,,,,59787.95,36841,84,11288.04,9655,12450.07,14224.5,,27179.43,
2024-08-15T09:00:00-05:00,13.05,12.412,12.325,,,,63607.95,34477,87,17621.7,15993.8,13364.41,13332.8,,25335.8,
2024-08-15T10:00:00-05:00,15.83,17.015,16.875,,,,68013.25,38409,90,19318.58,18214.9,11305.6,12075.2,,29038.56,
2024-08-15T11:00:00-05:00,23.89,24.36,24.293,,,,72404.06,45198,93,20089.13,19061.7,7984.89,9689.6,,33874.92,
2024-08-15T12:00:00-05:00,27.21,33.565,33.61,,,,76393.05,51044,96,20143.61,19300.3,6276.91,7785.3,,37646.78,
2024-08-15T13:00:00-05:00,35.79,45.348,45.342,,,,79708.83,55168,98,19550.68,19144.5,6021.2,6923.9,,41220.78,
2024-08-15T14:00:00-05:00,39.4,57.79,59.097,,,,81840.94,57571,98,18346.04,19022.9,6295.32,6748,,43050.48,
2024-08-15T15:00:00-05:00,45.86,41.388,42.34,,,,82748.16,58483,99,17913.3,18758.3,6661.71,6771.2,,44039.69,
2024-08-15T16:00:00-05:00,53.21,39.773,40.427,,,,83108.06,58391,98,17259.56,17687.9,7599.95,7320.8,,43945.88,
2024-08-15T17:00:00-05:00,52.93,26.632,27.173,,,,82550.09,57362,97,16417.99,16035.6,9195.35,8365.2,,43341.82,
2024-08-15T18:00:00-05:00,88.53,34.813,35.755,,,,81132.38,58462,96,12719.27,11657.3,11075.75,9453.9,,43437.24,
2024-08-15T19:00:00-05:00,167.85,75.135,76.215,,,,78617.32,63885,93,3990.84,3748.4,12146.34,10499.4,,45752.74,
2024-08-15T20:00:00-05:00,99.2,85.562,85.953,,,,76204.89,65130,91,210.97,120.8,11941.3,12489.2,,47067.07,
2024-08-15T21:00:00-05:00,36.46,38.322,38.408,,,,73852.75,61173,89,0.1,0,13449.25,14861.2,,45171.92,
2024-08-15T22:00:00-05:00,29.54,25.165,25.135,,,,70052.78,55212,87,0.14,0,16044.2,16985.6,,40266.64,
2024-08-15T23:00:00-05:00,23.66,22.475,22.438,,,,65977.25,49766,85,0.25,0,17224.14,18616.7,,36459.63,
2024-08-16T00:00:00-05:00,22.62,20.7,20.665,,,,63162.03,45850,84,0.26,0,17134.48,17497.3,,34218.26,
2024-08-16T01:00:00-05:00,20.57,19.207,19.195,,,,60149.49,43205,84,0.26,0,17146,17701.2,,32579.89,
2024-08-16T02:00:00-05:00,17.68,18.957,18.898,,,,57875.97,41935,82,0.27,0,16402.76,17360.3,,31329.18,
2024-08-16T03:00:00-05:00,16.82,17.325,17.155,,,,56305.74,40366,81,0.28,0,16759.71,16791.5,,30058.61,
2024-08-16T04:00:00-05:00,16.97,17.193,17.145,,,,55574.28,39835,80,0.3,0,16700.29,16044.5,,29738.54,
2024-08-16T05:00:00-05:00,18.77,18.743,18.722,,,,55974.37,41125,80,0.29,0,15651.54,15194.3,,30612.71,
2024-08-16T06:00:00-05:00,20.29,20.525,20.525,,,,57050.48,43215,79,2.97,2.5,14551.95,14291.5,,32083.24,
2024-08-16T07:00:00-05:00,18.83,19.08,19.072,,,,57433.54,42978,81,1851.3,1561.9,13321.28,13143.5,,31959.12,
2024-08-16T08:00:00-05:00,15.59,15.543,15.543,,,,60197.12,39494,84,11158.94,9605,10665.39,10872.3,,29104.08,
2024-08-16T09:00:00-05:00,15.05,14.635,14.617,,,,64400.7,37803,88,17307.12,16315,10511.7,9273.1,,28145.12,
2024-08-16T10:00:00-05:00,18.82,20.895,20.767,,,,69010.01,41537,91,19057.96,18426.9,8956.05,8258.2,,31184.94,
2024-08-16T11:00:00-05:00,26.14,28.637,28.497,,,,73521.35,48432,94,19782.26,19228.5,6042.91,6561.2,,35143.49,
2024-08-16T12:00:00-05:00,32.95,31.325,31.208,,,,77637.22,53469,97,19474.37,19629.1,4943.8,5482.1,,38920.59,
2024-08-16T13:00:00-05:00,43.29,34.777,34.61,,,,81071.55,56347,98,19453.41,19571.9,5578.91,5347.1,,41085.41,
2024-08-16T14:00:00-05:00,50.35,37.042,36.902,,,,83199.18,57872,99,18519.72,19411.2,6671.1,5692.5,,42267.82,
2024-08-16T15:00:00-05:00,57.39,24.275,24.088,,,,84045.01,56671,100,19254.09,18952.4,6713.88,6181.3,,41589.51,
2024-08-16T16:00:00-05:00,65.32,23.905,23.615,,,,84289,56754,100,19204.9,17940.8,7630.11,6924.8,,41719.76,
2024-08-16T17:00:00-05:00,64.86,22.745,22.76,,,,83678.65,56246,99,18245.91,16310,8818.03,7825.4,,41231.96,
2024-08-16T18:00:00-05:00,106.29,33.52,34.332,,,,81944.97,58430,98,14360.79,11865.5,9746.64,8719.9,,42572.98,
2024-08-16T19:00:00-05:00,190.43,72.353,74.102,,,,78972.34,64153,95,4859.09,3861.4,11464.95,9776,,45443.45,
2024-08-16T20:00:00-05:00,99.26,67.352,67.372,,,,76212.79,64931,91,127.93,132.4,12238.98,12103.8,,46052.13,
2024-08-16T21:00:00-05:00,35.14,35.375,34.757,,,,73890.77,60854,89,0.09,0,13842.21,14846.1,,43737.72,
2024-08-16T22:00:00-05:00,28.1,24.305,24.15,,,,70395.89,54884,87,0.12,0,16322.82,17187.3,,39873.46,
2024-08-16T23:00:00-05:00,22.28,21.642,21.47,,,,66551.88,50027,85,0.12,0,17649.55,18941.1,,36202.63,
2024-08-17T00:00:00-05:00,20.45,19.465,19.45,,,,63495.29,46118,84,0.14,0,17856.09,19274.3,,33366.54,
2024-08-17T01:00:00-05:00,18.5,19.17,19.29,,,,60313.64,44172,83,0.14,0,16680.66,19453.7,,32004.91,
2024-08-17T02:00:00-05:00,16.91,18.228,18.32,,,,57767.5,43162,82,0.14,0,15085.91,19278,,31119.05,
2024-08-17T03:00:00-05:00,15.48,18.34,18.34,,,,55895.73,43008,81,0.15,0,13430.34,18740.1,,31087.96,
2024-08-17T04:00:00-05:00,13.5,18.872,18.885,,,,54576.43,43292,80,0.15,0,11880.61,17865.3,,31373.22,
2024-08-17T05:00:00-05:00,13.8,17.67,17.755,,,,53925.85,42856,79,0.14,0,11561.53,16714.9,,30869.87,
2024-08-17T06:00:00-05:00,12.26,16.867,16.983,,,,53756.26,42452,79,0.85,2.2,11933.47,15438.4,,30421.82,
2024-08-17T07:00:00-05:00,12.08,15.68,15.753,,,,53742.3,41441,80,1781.66,1594.4,11076.33,13998.9,,29749.3,
2024-08-17T08:00:00-05:00,10.85,12.645,12.612,,,,57100.05,38144,84,11385.99,10162.9,8967.89,11060.3,,27580.75,
2024-08-17T09:00:00-05:00,11.29,12.412,12.358,,,,61662.77,37239,88,17666.05,17087.2,7892.94,8475.3,,26877.89,
2024-08-17T10:00:00-05:00,17.1,18.178,18.09,,,,66359.72,41626,91,19044.15,18946.2,6068.95,6949.2,,30938.83,
2024-08-17T11:00:00-05:00,25.56,22.75,22.653,,,,71098.77,48304,94,19814.58,19738.5,3237.55,4714.6,,35747.82,
2024-08-17T12:00:00-05:00,31.71,27.483,27.372,,,,75312.77,54206,96,19547.78,19876.6,1756.51,3056.6,,38839.18,
2024-08-17T13:00:00-05:00,39.14,29.935,29.88,,,,78464.15,57694,98,19063.68,19822.3,2264.86,2819.2,,41235.28,
2024-08-17T14:00:00-05:00,40.99,35.805,36.88,,,,80704.61,59213,99,18848.44,19750.5,3363.33,3584.4,,42576.32,
2024-08-17T15:00:00-05:00,43.79,29.855,30.485,,,,82155,60320,99,18148,19522.6,4238.72,4710.4,,43774.9,
2024-08-17T16:00:00-05:00,48.2,29.147,29.66,,,,82886.47,60609,99,16856.86,18712.2,5393.07,6016.1,,44191.49,
2024-08-17T17:00:00-05:00,41.28,27.473,27.517,,,,82800.12,60256,99,15242.9,17155.7,7247.41,7363.8,,43636.64,
2024-08-17T18:00:00-05:00,64.88,35.238,35.74,,,,81347.01,62001,97,11975.28,12463,7753.93,8897.4,,44352.13,
2024-08-17T19:00:00-05:00,114.54,62.922,63.95,,,,78487.1,65794,94,4161.81,3786.7,8851.18,10446,,45712.04,
2024-08-17T20:00:00-05:00,66.86,52.693,52.68,,,,75729.58,65821,91,141.98,113.4,10056.59,12610.9,,46058.14,
2024-08-17T21:00:00-05:00,30.38,29.503,29.48,,,,73289.46,61492,89,0.01,0,11672.98,15036.9,,43669.68,
2024-08-17T22:00:00-05:00,27,23.475,23.557,,,,69902.68,55244,87,0.11,0,14241.74,17021.1,,39637.18,
2024-08-17T23:00:00-05:00,21.82,21.758,21.865,,,,66124.76,50620,86,0.13,0,15656.69,18295.6,,36317.72,
2024-08-18T00:00:00-05:00,20.86,20.975,21.12,,,,63056.88,47690,85,0.13,0,15089.34,17524.3,,34139.43,
2024-08-18T01:00:00-05:00,18.98,18.628,18.76,,,,60029.86,45369,83,0.13,0,14360.32,17197.7,,32093.67,
2024-08-18T02:00:00-05:00,16.96,16.017,16.18,,,,57591.53,42850,82,0.14,0,14708.75,16427,,30091.42,
2024-08-18T03:00:00-05:00,16.85,14.942,14.938,,,,55769.71,41056,81,0.15,0,14524.62,15494.6,,29110.06,
2024-08-18T04:00:00-05:00,16.33,15.267,15.197,,,,54356.91,40915,80,0.14,0,13082.24,14423.9,,29240.97,
2024-08-18T05:00:00-05:00,16.25,15.445,15.388,,,,53489.89,41117,80,0.14,0,12034.34,13200.6,,29347.5,
2024-08-18T06:00:00-05:00,16,15.362,15.263,,,,52899.11,41243,78,1.82,1.9,11293.78,11875.5,,29512.42,
2024-08-18T07:00:00-05:00,13.94,13.82,13.753,,,,52734.87,40225,80,2065.09,1585.5,10308.35,10554.4,,28629.58,
2024-08-18T08:00:00-05:00,11.49,11.36,11.287,,,,56097.91,37322,85,12365.44,10143.7,7267.79,7709.5,,26586.57,
2024-08-18T09:00:00-05:00,11.73,13.282,13.225,,,,60753.7,37393,89,18311.04,17138.4,5562.5,4944.3,,27179.69,
2024-08-18T10:00:00-05:00,18.22,19.128,19.038,,,,65582.3,42067,92,19525.6,19023.8,4209.28,3627.5,,31213.62,
2024-08-18T11:00:00-05:00,25.28,22.015,21.9,,,,70612.62,48574,94,20106.42,19734.7,1869.84,2483.3,,35162.12,
2024-08-18T12:00:00-05:00,29.71,22.905,22.757,,,,75171.45,52506,97,20363.63,19971.4,2207.08,2049.3,,37234.13,
2024-08-18T13:00:00-05:00,35.37,24.383,24.208,,,,78823.99,55283,98,20646.19,20061.9,3172.5,2697.4,,39105.98,
2024-08-18T14:00:00-05:00,39.01,24.758,24.58,,,,81316.7,56678,100,20594.89,20013.8,4315.56,3916.4,,39925.25,
2024-08-18T15:00:00-05:00,40.63,24.503,24.297,,,,82987.53,57024,100,20218.52,19968.5,5571.12,5147.4,,40259.09,
2024-08-18T16:00:00-05:00,46.26,23.747,23.298,,,,83925.9,57234,101,19319.27,19506.8,6647.86,6343.3,,40551.92,
2024-08-18T17:00:00-05:00,45.02,24.912,24.757,,,,84242.16,57863,100,17666.22,18156.4,7726.74,7436.6,,40960.2,
2024-08-18T18:00:00-05:00,76.09,79.122,80.4,,,,83340.9,61802,99,13126.62,13235.3,7745.02,8244.6,,43529.28,
2024-08-18T19:00:00-05:00,226.5,149.51,157.548,,,,80745.39,68219,96,4279.29,3846.6,8271.94,8936.9,,47301.52,
2024-08-18T20:00:00-05:00,114.34,105.87,110.577,,,,78143.66,68371,92,109.84,103.9,9420.62,10600.8,,47672.93,
2024-08-18T21:00:00-05:00,37.12,37.238,37.385,,,,75723.04,63072,89,0.07,0,12209.16,12904.3,,44370.22,
2024-08-18T22:00:00-05:00,27.36,23.448,23.572,,,,71769.24,56512,87,0.24,0,14611.66,14864,,39508.8,
2024-08-18T23:00:00-05:00,22.18,21.49,21.562,,,,67384.09,50613,86,0.29,0,16259.43,16374.7,,35552.98,
2024-08-19T00:00:00-05:00,21.12,31.945,33.485,,,,63236.64,45882,84,0.3,0,17099.38,16813.6,,32282.23,
2024-08-19T01:00:00-05:00,18.8,17.265,17.368,,,,59914.05,43113,83,0.31,0,17027.3,16631.4,,30611.53,
2024-08-19T02:00:00-05:00,16.13,16.223,16.37,,,,57494.38,41702,82,0.31,0,16212.55,16177.5,,29733.12,
2024-08-19T03:00:00-05:00,15.27,15.518,15.562,,,,55948.24,40978,81,0.32,0,15576.5,15541.7,,29350.22,
2024-08-19T04:00:00-05:00,15.47,15.027,15.16,,,,55198.1,40564,80,0.31,0,14904.76,14834.5,,29088.35,
2024-08-19T05:00:00-05:00,16.3,15.627,15.832,,,,55574.81,41218,80,0.32,0,14503.2,14033.9,,29413.13,
2024-08-19T06:00:00-05:00,18.05,18.5,18.68,,,,56618.08,43666,79,0.46,1,13356,13040.7,,30660.51,
2024-08-19T07:00:00-05:00,16.61,18.618,18.393,,,,56997.21,44055,80,1599.77,1571,11841.8,11862.4,,31122.06,
2024-08-19T08:00:00-05:00,15.61,15,14.907,,,,59909.51,40864,85,11081.62,10203.3,8556.34,9196.2,,29570.47,
2024-08-19T09:00:00-05:00,16.03,15.295,15.25,,,,64369.25,40662,89,17620.85,17254.4,5936.44,6315,,29866.43,
2024-08-19T10:00:00-05:00,20.14,21.355,21.263,,,,69301.44,44947,92,19334.09,19306.1,4503.09,4934.6,,32995.48,
2024-08-19T11:00:00-05:00,27.06,25.635,25.518,,,,74410.58,51192,95,19945.76,20069.1,2175.4,3476.5,,36334.26,
2024-08-19T12:00:00-05:00,37.46,29.967,29.858,,,,78914.97,56160,98,20079.43,20258.7,1967.2,2453.4,,40005.77,
2024-08-19T13:00:00-05:00,50.27,27.855,27.793,,,,82704.21,58759,99,20205.17,20257.3,3159.07,2501.7,,42156.74,
2024-08-19T14:00:00-05:00,67.1,31.365,29.19,,,,85127.56,59346,101,20562.81,20129.5,3539.51,3266.1,,42687.28,
2024-08-19T15:00:00-05:00,57.18,44.303,38.68,,,,86221.4,60919,102,19645.34,20191.7,3558.41,4295,,44064.34,
2024-08-19T16:00:00-05:00,62.73,44.6,39.655,,,,86730.19,61541,102,18509.25,19589.4,4637.11,5493.3,,44751.85,
2024-08-19T17:00:00-05:00,61.64,54.437,52.565,,,,86534.49,62772,101,16824.14,18148.7,5662.77,6715,,45611.62,
2024-08-19T18:00:00-05:00,140.51,77.86,80.825,,,,85446.83,63933,99,13099.01,13341.1,7182.26,7910.5,,45921.66,
2024-08-19T19:00:00-05:00,514.68,770.462,789.133,,,,82895.03,68499,96,4420.86,3790.7,8380.26,8894.3,,47545.63,
2024-08-19T20:00:00-05:00,255.96,392.813,393.535,,,,80148.27,68435,92,108.33,96.8,9577.94,10538.1,,47914.39,
2024-08-19T21:00:00-05:00,52.53,41.198,41.218,,,,77382.37,63826,90,0.02,0,12141.62,12510.8,,45452.26,
2024-08-19T22:00:00-05:00,31.19,24.688,24.85,,,,72969.3,57071,88,0.06,0,14649.68,14387,,40465.78,
2024-08-19T23:00:00-05:00,22.55,22.483,22.62,,,,68347.07,51085,86,0.08,0,15914.38,15724.4,,36419.12,
2024-08-20T00:00:00-05:00,20.28,20.09,20.237,,,,64030.18,46542,85,0.07,0,16558.26,18115.1,,33469.52,
2024-08-20T01:00:00-05:00,17.37,17.867,17.965,,,,60735.19,43913,84,0.09,0,16759.74,18018.5,,31544.11,
2024-08-20T02:00:00-05:00,16.03,16.763,16.86,,,,58175.56,41842,82,0.09,0,16677.07,16973.5,,29943.94,
2024-08-20T03:00:00-05:00,15.78,15.975,16.033,,,,56461.6,40648,81,0.12,0,16190.21,15450.4,,29389.78,
2024-08-20T04:00:00-05:00,16.86,16.45,16.47,,,,55628.7,40976,81,0.11,0,14973.48,13790.6,,29916.47,
2024-08-20T05:00:00-05:00,18.67,18.602,18.607,,,,55975.63,42971,80,0.11,0,13573.57,12156.3,,31398.31,
2024-08-20T06:00:00-05:00,21.26,20.032,20.032,,,,56993.76,45548,79,1.09,0.8,12360.23,10785.7,,32985.1,
2024-08-20T07:00:00-05:00,20.52,20.128,20.128,,,,57298.71,46172,80,1350.37,1547.1,10441.83,9564,,33464.13,
2024-08-20T08:00:00-05:00,15.87,17.177,17.177,,,,59915.71,42863,84,10380.94,10429.9,7183.86,7081.5,,31281.61,
2024-08-20T09:00:00-05:00,16.13,15.352,15.322,,,,64086.45,40801,88,16944.2,17428.7,5864.17,4695.7,,30072.55,
2024-08-20T10:00:00-05:00,18.95,17.99,17.92,,,,68831.75,42285,91,18716.29,19449.7,6531.27,3946.9,,31443.11,
2024-08-20T11:00:00-05:00,26.25,20.843,20.753,,,,73686.21,47059,95,19848.47,20184,4742.5,3093.1,,34728.5,
2024-08-20T12:00:00-05:00,32.85,23.8,23.1,,,,78096.64,51847,97,20508.77,20344.9,4421.4,2530.6,,37684.33,
2024-08-20T13:00:00-05:00,49.3,29.8,27.298,,,,81873.37,55360,99,20646.71,20369.1,4901.79,2661.7,,40045.54,
2024-08-20T14:00:00-05:00,65.48,33.313,30.065,,,,84322.06,57997,101,19977.23,20293,5405.36,3229.1,,41811.87,
2024-08-20T15:00:00-05:00,73.59,39.198,33.247,,,,85472.61,59564,102,19630.9,20307.1,5508.55,3994.8,,43013.82,
2024-08-20T16:00:00-05:00,78.1,45.118,37.828,,,,86224.14,60311,102,19019.93,19946.6,6033.18,4914,,43918.8,
2024-08-20T17:00:00-05:00,70.69,56.69,51.425,,,,86302.7,61705,102,17567.52,18580.3,6279.19,5914.6,,45079.68,
2024-08-20T18:00:00-05:00,195.58,107.87,100.358,,,,85201.09,64311,100,13479.37,13572.5,6614.19,7152.8,,46664.34,
2024-08-20T19:00:00-05:00,621.41,3064.315,3056.508,,,,82541.04,69980,96,4210.94,3669.4,7327.32,8779.8,,48742.36,
2024-08-20T20:00:00-05:00,276,1659.38,1669.66,,,,79774.81,69263,93,88.35,83.4,8988.5,11128.4,,48922.11,
2024-08-20T21:00:00-05:00,60.39,47.738,47.817,,,,77070.92,64069,90,0.01,0,12661.84,13705.2,,46182.49,
2024-08-20T22:00:00-05:00,31.2,23.618,23.642,,,,72871.5,57327,88,0.01,0,15532.91,15665.1,,40911.39,
2024-08-20T23:00:00-05:00,25.05,21.782,21.782,,,,68557.83,50997,86,0.03,0,17456.51,17285.8,,35918.15,
2024-08-21T00:00:00-05:00,20.25,19.945,19.88,,,,64289.55,45192,86,0.04,0,19504.83,17926.5,,32284.47,
2024-08-21T01:00:00-05:00,18.39,18.52,18.462,,,,61101.36,42555,84,0.14,0,18989.87,18321,,30325.85,
2024-08-21T02:00:00-05:00,16.47,18.075,18.057,,,,58672.81,41512,83,0.13,0,17684.45,18002.1,,29504.72,
2024-08-21T03:00:00-05:00,15.98,17.92,17.898,,,,57029.06,41011,82,0.13,0,16209.07,17246.5,,29143.61,
2024-08-21T04:00:00-05:00,16.34,17.71,17.688,,,,56267.38,41061,80,0.13,0,15418.17,16159.5,,29187.23,
2024-08-21T05:00:00-05:00,17.56,18.275,18.257,,,,56692.68,41717,80,0.14,0,14789.18,14969.5,,29612.9,
2024-08-21T06:00:00-05:00,18.61,18.967,18.847,,,,57805.53,42772,79,1.06,0.6,14574.6,13683,,30362.34,
2024-08-21T07:00:00-05:00,17.53,17.718,17.71,,,,58069.1,42237,80,1664.83,1382.5,13345.71,12158.4,,30007.59,
2024-08-21T08:00:00-05:00,14.98,15.035,15.003,,,,60516.29,39100,84,11243.65,9925.7,9888.39,9449.7,,28273.92,
2024-08-21T09:00:00-05:00,15.74,14.24,14.192,,,,64524.06,38090,87,17707.67,16713,7608.67,6714.1,,27805.28,
2024-08-21T10:00:00-05:00,17.76,19.553,19.485,,,,69075.07,41123,91,19282,19147.3,7122.61,6390.9,,30354.18,
2024-08-21T11:00:00-05:00,25.42,21.885,21.697,,,,73498.89,46000,94,19513.27,19905.3,6306.4,5633.9,,33576.73,
2024-08-21T12:00:00-05:00,30.29,31.188,27.855,,,,77400.6,50894,97,20280.08,20081.1,5151.69,4697.1,,37073.15,
2024-08-21T13:00:00-05:00,43.97,43.72,37.49,,,,80775.61,56188,99,20484.13,19831.3,3831.08,4160.6,,40684.97,
2024-08-21T14:00:00-05:00,51.95,66.315,59.345,,,,82920.38,59671,100,20063.91,19646.6,3137.69,4256.8,,43028.24,
2024-08-21T15:00:00-05:00,54.68,94.197,89.042,,,,83547.44,61871,101,19623.1,19368.7,2880.92,4778.5,,44452.44,
2024-08-21T16:00:00-05:00,58.68,91.435,85.108,,,,83818.96,62703,102,18728.83,18314.4,3593.69,5554.4,,45104.62,
2024-08-21T17:00:00-05:00,53.42,76.922,72.077,,,,83448.08,62816,101,17212.99,16617.3,4985.89,6648.7,,45429.24,
2024-08-21T18:00:00-05:00,73.39,69.315,67.95,,,,82244.27,63886,99,13074.72,11787.9,6895.49,8270.2,,46117.43,
2024-08-21T19:00:00-05:00,117.06,164.35,158.948,,,,79727.23,67609,95,4013.49,3336.1,9007.91,10727.2,,47291.08,
2024-08-21T20:00:00-05:00,63.78,72.033,71.003,,,,77438.43,66410,92,63.62,73.3,12188.63,14449.5,,46639.78,
2024-08-21T21:00:00-05:00,28.06,32.875,32.288,,,,75107.87,60317,90,0.01,0,16059.57,18340.6,,42739.09,
2024-08-21T22:00:00-05:00,22.31,23.14,23.032,,,,71151.38,52618,88,0.16,0,19820.09,20814.7,,36826.91,
2024-08-21T23:00:00-05:00,18.5,21.35,21.227,,,,66940.1,47293,87,0.17,0,20933.8,21986.3,,32923.66,
2024-08-22T00:00:00-05:00,17.54,20.075,19.813,,,,63255.56,44088,86,0.17,0,20327.3,21938.9,,31017.14,
2024-08-22T01:00:00-05:00,15.69,17.693,17.67,,,,60300.38,41118,84,0.17,0,20394.55,21597.4,,28870.78,
2024-08-22T02:00:00-05:00,14.48,15.533,15.49,,,,57973.53,38673,84,0.21,0,20920.42,20624.2,,27381.97,
2024-08-22T03:00:00-05:00,14.36,14.627,14.57,,,,56448.03,37576,83,0.2,0,20375.31,19526.3,,26667.4,
2024-08-22T04:00:00-05:00,14.86,14.483,14.457,,,,55746.55,37669,82,0.19,0,19229.55,18281.7,,26878.84,
2024-08-22T05:00:00-05:00,16.3,16.865,16.862,,,,56267.55,39098,81,0.22,0,17831.5,16968.1,,28010.83,
2024-08-22T06:00:00-05:00,17.22,19.455,19.37,,,,57576.92,41794,80,0.5,0.9,16309.53,15707.8,,29711.55,
2024-08-22T07:00:00-05:00,15.85,19.445,19.323,,,,57916.34,43487,81,1159.41,1424.1,14711.65,14266.6,,29776.68,
2024-08-22T08:00:00-05:00,12.23,18.427,18.425,,,,60171.48,47788,84,8910.83,9980.4,11441.73,11559.8,,28528.68,
2024-08-22T09:00:00-05:00,12.22,17.985,17.922,,,,63880.16,46441,88,16285.41,17015.3,8794.95,9136.7,,27809.93,
2024-08-22T10:00:00-05:00,15.3,17.903,17.807,,,,68230.27,42971,91,18371.36,19036.3,9738.28,8832.2,,28609.24,
2024-08-22T11:00:00-05:00,20.33,20.745,20.553,,,,72564.22,44354,95,18813.62,19884.4,10454.19,9052.4,,31020.01,
2024-08-22T12:00:00-05:00,25.82,25.428,23.335,,,,76654.09,48854,98,19562.2,20168.5,9202.44,7768.2,,34441.58,
2024-08-22T13:00:00-05:00,31.53,37.032,33.382,,,,80095.79,54202,100,19668.87,19874.3,7579.83,6889.5,,38320.47,
2024-08-22T14:00:00-05:00,37.09,57.985,51.182,,,,82254.65,58383,101,18462.47,19846.4,6800.62,6560.5,,42042.69,
2024-08-22T15:00:00-05:00,38.73,52.193,48.417,,,,82922.86,59205,102,18059.05,19560,7192.52,7058.5,,42532.07,
2024-08-22T16:00:00-05:00,42.71,52.288,51.498,,,,83184.96,58547,102,17518.21,18346.4,8273.2,8162.7,,42239.92,
2024-08-22T17:00:00-05:00,40.47,55.852,58.057,,,,82697.13,57464,101,14986.85,16589.1,9746.48,9814.1,,42784.12,
2024-08-22T18:00:00-05:00,52.47,51.107,47.795,,,,81352.48,55383,99,10997.89,11639.3,12332.07,12054.4,,43126.54,
2024-08-22T19:00:00-05:00,84.83,55.073,51.71,,,,78835.09,54869,96,3413.48,3198.3,15233.77,14643.3,,44110.31,
2024-08-22T20:00:00-05:00,54.01,45.248,44.257,,,,76552.65,58888,93,49.58,62.9,16837.32,17450,,43742.62,
2024-08-22T21:00:00-05:00,28.5,30.723,30.475,,,,74247.17,57774,91,0.72,0,19354.62,19936.1,,40574.47,
2024-08-22T22:00:00-05:00,22.53,23.433,22.725,,,,70405.45,52141,89,0.2,0,21293.94,21837.1,,36822.99,
2024-08-22T23:00:00-05:00,17.94,20.807,20.182,,,,66268.41,47374,88,0.21,0,22100.99,22771.7,,33725.34,
2024-08-23T00:00:00-05:00,18.71,18.555,17.012,,,,63624.46,43211,87,0.26,0,22409.05,22325.3,,30600.65,
2024-08-23T01:00:00-05:00,15.6,18.245,17.925,,,,60585.96,41280,85,0.24,0,21001.32,21912.7,,29362.01,
2024-08-23T02:00:00-05:00,14.75,17.685,17.602,,,,58251.97,40449,84,0.25,0,19420.72,20882.5,,28591.18,
2024-08-23T03:00:00-05:00,14.69,17.135,17.028,,,,56750.13,39833,84,0.28,0,18682.59,19800.1,,28115.47,
2024-08-23T04:00:00-05:00,15.18,17.312,15.968,,,,56075.51,39711,82,0.28,0,18504.33,18773.1,,28270.07,
2024-08-23T05:00:00-05:00,16.29,18.205,16.665,,,,56494.54,40648,82,0.28,0,17742.81,17715.3,,28925.38,
2024-08-23T06:00:00-05:00,16.92,20.065,18.863,,,,57690.36,42382,81,4.27,0.4,17222.92,16304.7,,30083.52,
2024-08-23T07:00:00-05:00,18.01,19.298,17.998,,,,58035.47,43640,82,1156.43,1233.6,16029.6,14653.7,,29975.81,
2024-08-23T08:00:00-05:00,15.02,18.212,18.135,,,,60634.16,47767,85,8252.79,8697.1,13186.35,12541.8,,28978.65,
2024-08-23T09:00:00-05:00,13.82,17.422,17.355,,,,64514.5,45891,89,15202.27,15269.4,12294.96,10933.5,,28137.52,
2024-08-23T10:00:00-05:00,16.71,18.868,18.775,,,,68739.14,43538,92,17406.49,17379.2,12688.18,10503.6,,29587.46,
2024-08-23T11:00:00-05:00,22.02,20.435,19.823,,,,72978.49,45265,95,19113.3,18678.2,12640.45,10000.4,,31457.1,
2024-08-23T12:00:00-05:00,26.72,31.885,28.93,,,,76548.73,49254,97,18970.78,19096.7,10943.07,8283.3,,35115.75,
2024-08-23T13:00:00-05:00,33.98,34.665,32.832,,,,79643.01,53555,98,19366.56,18938.2,8551.92,7255,,38094.07,
2024-08-23T14:00:00-05:00,36.29,63.368,63.02,,,,81443.07,58000,100,19145.58,18649.4,6366.13,6987.2,,40897.22,
2024-08-23T15:00:00-05:00,39.9,88.23,89.46,,,,81863.55,60537,100,17490.35,17925.6,6330.11,7577.3,,42804.97,
2024-08-23T16:00:00-05:00,41.67,61.622,60.677,,,,81744.39,61422,100,15355.9,16445.8,7779.73,8898,,43363.32,
2024-08-23T17:00:00-05:00,39.4,61.125,61.097,,,,80840.88,61180,95,12766.65,14290.9,10251.58,10843.8,,43213.59,
2024-08-23T18:00:00-05:00,35.2,38.848,38.915,,,,79016.34,60318,91,9121.72,9556.5,12581.92,13482.2,,42531.7,
2024-08-23T19:00:00-05:00,40.16,26.36,26.497,,,,76203.17,59466,88,2669,2753.1,15341.33,15888.7,,41346.54,
2024-08-23T20:00:00-05:00,31.11,21.975,22.043,,,,73786.35,55580,86,51.84,50,18163.67,17858.2,,39579.27,
2024-08-23T21:00:00-05:00,23.88,21.955,22.12,,,,71695.88,51729,84,0.26,0,19170.66,19833.6,,37222.96,
2024-08-23T22:00:00-05:00,20.2,19.07,18.507,,,,68274.22,46454,83,0.55,0,21219.27,21100.5,,33173.77,
2024-08-23T23:00:00-05:00,17.41,16.275,15.543,,,,64569.61,41544,83,0.64,0,22617.78,21560.6,,29552.83,
2024-08-24T00:00:00-05:00,18.75,18.092,16.265,,,,61673.35,39997,82,0.5,0,20017.06,20642.9,,28257.28,
2024-08-24T01:00:00-05:00,17.16,16.945,15.145,,,,58627.09,39241,80,0.48,0,18030.84,20013.2,,27502.03,
2024-08-24T02:00:00-05:00,15.25,16.993,15.538,,,,56167.15,39059,80,0.49,0,16218.11,19080.8,,27256.22,
2024-08-24T03:00:00-05:00,14.85,16.18,14.575,,,,54371.47,38934,79,0.5,0,14949.29,17972.9,,26977.63,
2024-08-24T04:00:00-05:00,13.7,14.342,12.563,,,,53127.06,37908,79,0.5,0,14909.64,16790.9,,26268.84,
2024-08-24T05:00:00-05:00,14.2,15.243,13.517,,,,52636.15,38148,79,0.5,0,14358.88,15541.7,,26707.96,
2024-08-24T06:00:00-05:00,16.05,16.8,15.2,,,,52595.21,39330,78,1.57,0.4,13288.93,14292.7,,27459.85,
2024-08-24T07:00:00-05:00,15.57,16.608,15.07,,,,52811.14,39955,79,1236.76,1295.7,11531.81,12867.5,,27800.5,
2024-08-24T08:00:00-05:00,11.51,14.148,13.783,,,,56340.55,37775,83,9276.82,9031.1,9081.32,11759,,26576.61,
2024-08-24T09:00:00-05:00,11.7,14.47,14.4,,,,60522.49,37540,86,16279.71,16235,7268.42,10764.1,,27018.16,
2024-08-24T10:00:00-05:00,15.67,17.552,17.473,,,,64796.14,40044,89,18501.88,18870.1,6558.78,8959.4,,29104.13,
2024-08-24T11:00:00-05:00,21.25,20.285,20.178,,,,69158.55,43427,92,19678.64,19835.4,5549.86,7096.5,,31624.72,
2024-08-24T12:00:00-05:00,23.76,22.4,22.273,,,,72613.86,47033,94,20024.93,20180.8,5370.84,5911.3,,33676.51,
2024-08-24T13:00:00-05:00,26.68,22.445,22.363,,,,75451.12,49196,96,20321.09,20143.8,5854.79,5728.3,,34246.5,
2024-08-24T14:00:00-05:00,29.2,27.243,27.135,,,,77505.17,50896,97,19946.7,19931,6735.61,6549.7,,34923.82,
2024-08-24T15:00:00-05:00,31.38,24.227,24.175,,,,78820.21,51445,97,19766.56,19730.7,7993.03,7947.2,,35860.78,
2024-08-24T16:00:00-05:00,28.22,22.008,22.003,,,,79458.52,51491,98,18490.1,18695.5,10049.86,9666.2,,36032.22,
2024-08-24T17:00:00-05:00,29,22.685,22.702,,,,79269.55,51743,96,16000.25,16737,12265.83,11746.7,,36469.81,
2024-08-24T18:00:00-05:00,33.09,20.48,20.525,,,,77885.83,50171,95,11869.27,11494.6,16331.42,13574.4,,36105.72,
2024-08-24T19:00:00-05:00,47.24,23.18,23.26,,,,75044.41,53447,92,2993.05,2896.8,18775.16,14998.6,,37142.05,
2024-08-24T20:00:00-05:00,38.86,21.945,22.023,,,,72443.7,52720,89,39.6,44.7,19843.17,16374.6,,36984.52,
2024-08-24T21:00:00-05:00,21.97,18.845,19.25,,,,70162.37,49336,86,0.78,0,20458.98,17555.8,,35010.79,
2024-08-24T22:00:00-05:00,20.08,17.555,17.987,,,,66714.33,45538,85,0.72,0,20769.48,18378.9,,31780.38,
2024-08-24T23:00:00-05:00,16.18,16.145,16.578,,,,63032.62,42418,83,0.62,0,20193.54,18616.6,,29478.54,
2024-08-25T00:00:00-05:00,16.66,14.535,14.927,,,,60031.93,39622,82,0.55,0,19433.82,19080.6,,27786.12,
2024-08-25T01:00:00-05:00,14.62,13.76,13.883,,,,56928.9,37910,81,0.49,0,18542.31,18100.9,,26900.86,
2024-08-25T02:00:00-05:00,13.91,12.81,12.628,,,,54588.07,36715,80,0.49,0,17184.93,16731.3,,25950.14,
2024-08-25T03:00:00-05:00,13.37,13.43,13.31,,,,52760.75,37103,79,0.51,0,14980.44,15246.5,,26377.33,
2024-08-25T04:00:00-05:00,13.43,13.395,13.26,,,,51431.91,37097,78,0.51,0,13804.26,13626.6,,26437.79,
2024-08-25T05:00:00-05:00,14.33,16.038,15.995,,,,50791.37,38150,78,0.51,0,12036.68,12167.1,,27480.87,
2024-08-25T06:00:00-05:00,14.34,16.758,16.61,,,,50508.92,39123,77,0.78,0.1,10767.86,10776.2,,28163.88,
2024-08-25T07:00:00-05:00,14.08,15.855,15.758,,,,50525.73,38923,78,1218.78,1336.4,9818.43,9392.8,,27999.5,
2024-08-25T08:00:00-05:00,11.43,12.605,12.598,,,,54056.29,36161,82,9851.48,10278.3,7449.31,7515.1,,25887.72,
2024-08-25T09:00:00-05:00,11.54,9.925,9.903,,,,58420.05,33360,86,17249.56,17972.4,7313.11,5915,,23204.14,
2024-08-25T10:00:00-05:00,15.39,14.842,14.79,,,,62716.32,36945,89,19357.41,20069.7,5947.97,4860,,26944.96,
2024-08-25T11:00:00-05:00,20.01,21.957,21.835,,,,67181.29,43613,91,20087.68,20588.8,2799.52,3673.8,,31844.09,
2024-08-25T12:00:00-05:00,24.65,23.642,23.6,,,,71178.21,48166,94,20109.16,20630.3,2306.5,3551.6,,34243.58,
2024-08-25T13:00:00-05:00,27.75,24.442,24.428,,,,74460.7,50777,95,19471.97,20036.9,3557.15,4439,,35749.49,
2024-08-25T14:00:00-05:00,26.51,23.035,23.037,,,,76847.28,51543,96,19738.83,19628.2,5187.13,5722.6,,36629.77,
2024-08-25T15:00:00-05:00,29.43,22.43,22.368,,,,78425.63,51730,96,19353.53,19056.6,7190.25,7156.1,,37055.73,
2024-08-25T16:00:00-05:00,30.32,22.445,22.44,,,,79111,52101,96,18243.96,18130.1,9033.09,8828.7,,37348.36,
2024-08-25T17:00:00-05:00,29.84,21.602,21.62,,,,78885.42,51580,96,16914.04,16203.2,11206.6,10332.3,,37346.05,
2024-08-25T18:00:00-05:00,36.88,26.95,26.982,,,,77485.15,53199,94,12491.9,11096.2,13004.45,11394.5,,38344.38,
2024-08-25T19:00:00-05:00,52.33,48.975,49.142,,,,74757.35,58245,90,3267.55,2793.1,14455.41,12113.3,,39616.71,
2024-08-25T20:00:00-05:00,48.03,58.57,58.7,,,,72340.88,59290,88,35.91,41.1,13652.98,12859.6,,40019.19,
2024-08-25T21:00:00-05:00,28.09,31.185,31.747,,,,70097.78,56039,86,0.3,0,14216,13992.6,,38847.3,
2024-08-25T22:00:00-05:00,21.68,23.642,25.085,,,,66235.47,51288,85,0.45,0,14896.17,14959.9,,36329.79,
2024-08-25T23:00:00-05:00,16.59,20.713,21.265,,,,62064.69,47246,83,0.53,0,14795.18,15295.1,,33463.06,
2024-08-26T00:00:00-05:00,18.34,18.582,18.99,,,,58812.76,44164,81,0.57,0,13981.31,14433.4,,31210.38,
2024-08-26T01:00:00-05:00,17.06,17.532,17.72,,,,55971.01,42565,80,0.57,0,12947.35,13151.2,,30281.65,
2024-08-26T02:00:00-05:00,17.22,17.255,17.007,,,,53839.33,41931,79,0.56,0,11789.32,11676.7,,30143.29,
2024-08-26T03:00:00-05:00,17.3,17.535,17.465,,,,52507.49,42385,79,0.57,0,10146.64,10181.3,,30627.61,
2024-08-26T04:00:00-05:00,18.36,18.597,18.532,,,,52036.75,43715,77,0.59,0,8353.22,8561.7,,31656.05,
2024-08-26T05:00:00-05:00,20.35,22.642,22.642,,,,52806.44,45917,77,0.59,0,6747.83,7162.5,,32393.28,
2024-08-26T06:00:00-05:00,20.11,30.25,30.277,,,,54349.46,49217,76,1.1,0.1,5273.32,5969,,33729.03,
2024-08-26T07:00:00-05:00,19.91,26.81,27.082,,,,54906.19,49547,78,1435.08,1164.8,4219.28,4845.2,,33925.02,
2024-08-26T08:00:00-05:00,15.4,20.085,20.085,,,,57340.55,44818,82,9929.46,8355.5,2621.93,3440.9,,31514.81,
2024-08-26T09:00:00-05:00,14.96,20.907,20.843,,,,61128.37,43534,85,15800.75,15238.3,2078.29,2313.6,,31014.75,
2024-08-26T10:00:00-05:00,18.83,28.16,28.005,,,,65522.81,46759,87,15871,16979.6,1760.69,1767.2,,32335.64,
2024-08-26T11:00:00-05:00,22.62,31.64,31.455,,,,69911.81,49757,89,16018.54,17921.5,1205.47,1326.7,,34353.82,
2024-08-26T12:00:00-05:00,27.94,30.08,29.957,,,,73707.6,51684,90,15860.64,17994.7,1909.92,1491,,36279.67,
2024-08-26T13:00:00-05:00,31.24,25.753,25.737,,,,76687.89,52427,90,16457.85,16490.6,3236.94,2150.4,,37040.25,
2024-08-26T14:00:00-05:00,34.81,38.395,38.308,,,,78430.22,53704,90,15723.83,15975.8,4414.93,3072.4,,37424.19,
2024-08-26T15:00:00-05:00,36.42,29.37,29.565,,,,78883.1,53455,90,15489.35,15178.8,5515.58,4016.4,,37334.88,
2024-08-26T16:00:00-05:00,38.6,24.307,24.338,,,,78326,52772,89,14510.22,13980.2,7324.02,5225.9,,37047.82,
2024-08-26T17:00:00-05:00,39.86,21.685,21.685,,,,76820.21,50561,89,13423.97,11774.6,9892.31,6504.1,,36165.62,
2024-08-26T18:00:00-05:00,41.69,21.982,21.982,,,,74619.23,51093,88,9560.36,7732.5,11895.54,7632.5,,36953.41,
2024-08-26T19:00:00-05:00,49.8,29.975,29.985,,,,71400.8,54888,86,2671.09,2180.3,12835.03,8581.5,,37963.38,
2024-08-26T20:00:00-05:00,39.24,32.617,32.658,,,,69217.78,57020,83,18.14,30.8,11744.56,9776.6,,38894.84,
2024-08-26T21:00:00-05:00,26.1,28.127,28.265,,,,66692.2,54424,81,0.35,0,11556.4,11370.2,,37805.57,
2024-08-26T22:00:00-05:00,22.26,21.002,21.07,,,,62977.93,49323,79,0.37,0,12558.9,12569.2,,35163.66,
2024-08-26T23:00:00-05:00,17.37,18.613,18.713,,,,59144.82,45507,78,0.39,0,12409.75,13186.9,,32636.68,
2024-08-27T00:00:00-05:00,18.74,18.772,18.805,,,,55736.65,43264,77,0.39,0,11730.26,11306.3,,31108.87,
2024-08-27T01:00:00-05:00,18.11,18.7,18.713,,,,53168.41,42748,76,0.39,0,9951.07,10443.9,,30639.4,
2024-08-27T02:00:00-05:00,18.04,19.045,19.125,,,,51279.3,42814,76,0.4,0,8141.57,9325.4,,30495.22,
2024-08-27T03:00:00-05:00,18.49,19.495,19.842,,,,50059.28,43224,75,0.4,0,6668.66,8221.3,,30774.29,
2024-08-27T04:00:00-05:00,19.12,20.6,22.477,,,,49702.61,44214,74,0.44,0,5475.4,6841,,31448.82,
2024-08-27T05:00:00-05:00,23.23,23.38,27.732,,,,50628.59,46278,74,0.5,0,4309.47,5655.8,,32180.78,
2024-08-27T06:00:00-05:00,25.32,40.52,57.31,,,,52448.87,49319,74,0.88,0,3098.77,4494.9,,33347.79,
2024-08-27T07:00:00-05:00,23.24,36.17,50.887,,,,53260.95,49526,75,1242.17,1120.7,2008.8,3428.7,,33685.18,
2024-08-27T08:00:00-05:00,18.77,20.262,21.908,,,,55714.58,46300,78,8737.04,8684.3,1046.75,2209.7,,31965.11,
2024-08-27T09:00:00-05:00,17.17,20.173,20.097,,,,59446.84,43634,81,15681.69,15908.4,483.85,1279.7,,30738.35,
2024-08-27T10:00:00-05:00,20.08,26.055,26.003,,,,63767.72,45527,84,16627.53,18151.1,502.42,963.2,,31711.06,
2024-08-27T11:00:00-05:00,22.23,29.003,28.948,,,,68085.28,48999,86,16109.27,18866,878.23,893.9,,34214.73,
2024-08-27T12:00:00-05:00,27.66,25.468,25.465,,,,71905.5,50867,87,15667.72,18850.4,1614.02,1237.4,,35887.7,
2024-08-27T13:00:00-05:00,27.67,25.04,25.04,,,,75083.38,51490,88,15415.76,17702.4,2898.11,2035.6,,36419.07,
2024-08-27T14:00:00-05:00,32.34,24.098,24.142,,,,77080.6,51470,89,16536.46,16532.9,3623.96,3082.7,,36369.8,
2024-08-27T15:00:00-05:00,33.16,30.007,30.007,,,,78044.53,52383,89,16397.16,15379.4,4547.61,4091,,37202.52,
2024-08-27T16:00:00-05:00,36.39,29.11,30.29,,,,78293.95,54018,90,14757.19,13778.2,6199.29,5351.1,,38468.09,
2024-08-27T17:00:00-05:00,37.91,40.125,42.213,,,,77423.06,54865,89,12962.71,11402.3,7389.48,6877.7,,38953.66,
2024-08-27T18:00:00-05:00,41.87,33.168,33.48,,,,75403.63,56013,87,8899.09,7348.4,8767.7,8239.3,,39640.14,
2024-08-27T19:00:00-05:00,46.23,36.152,36.305,,,,72218.04,57814,83,2450.77,2059.5,10184.52,9553.9,,39740.12,
2024-08-27T20:00:00-05:00,38.21,33.535,33.75,,,,69845.67,57296,80,113.23,25.6,10590.61,11088.7,,39320.17,
2024-08-27T21:00:00-05:00,25.97,29.202,29.288,,,,67314.6,54129,80,0.46,0,11131.12,12648,,37900.96,
2024-08-27T22:00:00-05:00,22.39,21.525,21.57,,,,63524.12,49730,79,0.55,0,11818.71,13260.7,,34949.43,
2024-08-27T23:00:00-05:00,19.56,20.695,20.82,,,,59766.11,45840,78,0.54,0,11432.13,13091.2,,32332.17,
2024-08-28T00:00:00-05:00,20.54,20,20.185,,,,56358.65,43155,77,0.55,0,10893.63,11819.7,,30555.02,
2024-08-28T01:00:00-05:00,19.32,18.222,18.338,,,,53506.47,41489,77,0.54,0,10228.25,10708.9,,29273.51,
2024-08-28T02:00:00-05:00,18.63,16.665,16.703,,,,51436.95,40531,76,0.55,0,9528.82,9428.2,,28315.26,
2024-08-28T03:00:00-05:00,19.32,17.31,17.385,,,,50218.93,40403,75,0.57,0,8756.69,8103.7,,28249.07,
2024-08-28T04:00:00-05:00,20.79,19.255,19.36,,,,49886.6,41524,75,0.67,0,7511.19,6886.9,,29118.71,
2024-08-28T05:00:00-05:00,23.48,22.55,22.585,,,,50783.75,43686,75,0.61,0,6437.15,5962.4,,30908.8,
2024-08-28T06:00:00-05:00,28.02,25.455,25.488,,,,52708.19,46805,74,0.84,0,5582.32,5037.4,,32967.19,
2024-08-28T07:00:00-05:00,25.68,21.99,22.753,,,,53420.21,47139,76,1218.7,1078.7,4689.9,4171.6,,33278.39,
2024-08-28T08:00:00-05:00,20.03,17.643,18.207,,,,55830.09,42649,78,9752.65,8390.4,2965.72,2989.1,,30975.3,
2024-08-28T09:00:00-05:00,18.76,16.478,16.393,,,,59364.48,38933,81,16645.62,15662.5,2283.32,2115.2,,28708.07,
2024-08-28T10:00:00-05:00,23.32,19.137,19.135,,,,63386.34,40656,84,18596.25,17943.7,2135.06,1891.2,,29765.52,
2024-08-28T11:00:00-05:00,24.85,21.515,21.535,,,,67395.61,44387,86,18396.89,18698.7,2433.47,1903.7,,32055.85,
2024-08-28T12:00:00-05:00,26.94,25.967,25.912,,,,71131.62,48423,89,18035.11,18564.3,2734.24,2318.4,,34776.52,
2024-08-28T13:00:00-05:00,30.79,27.852,29.405,,,,74296.09,51671,91,16839.03,16914.4,4343.55,3236.3,,37414.4,
2024-08-28T14:00:00-05:00,37.9,24.082,24.917,,,,76525.38,52309,91,15387.75,15617.4,7406.89,4690.6,,37747.38,
2024-08-28T15:00:00-05:00,36.96,32.92,33.75,,,,77631.38,53745,92,14533.34,14230.8,8179.62,6341.3,,38861.14,
2024-08-28T16:00:00-05:00,37.7,22.318,22.603,,,,77853.09,53120,91,14036.36,12272.3,9730.66,7828.4,,38291.89,
2024-08-28T17:00:00-05:00,36.51,21.505,21.592,,,,77077.02,52169,90,12183.06,9944.7,11216.98,9090.7,,37517.01,
2024-08-28T18:00:00-05:00,36.55,20.87,20.945,,,,75335.43,51863,87,9201.92,6317.8,12165.6,10286.8,,37491.76,
2024-08-28T19:00:00-05:00,40.87,23.635,23.65,,,,72484.01,55071,84,2459.88,1806.1,12719.63,11225,,39027.22,
2024-08-28T20:00:00-05:00,40.5,22.392,22.392,,,,70256.47,55264,83,18.89,20,13097.15,11851.8,,38750.83,
2024-08-28T21:00:00-05:00,28.5,20.703,20.703,,,,67887.57,50843,82,0.92,0,14728.03,12558.3,,36867.6,
2024-08-28T22:00:00-05:00,23.45,20.133,20.133,,,,64038.75,46902,81,0.4,0,15226.48,13193.4,,33633.58,
2024-08-28T23:00:00-05:00,21.05,19.26,19.26,,,,60017,43981,79,0.42,0,13990.54,13311.5,,31305.48,
2024-08-29T00:00:00-05:00,18.79,18.163,18.163,,,,55158.12,41990,78,0.41,0,12513.39,12392.9,,29730.55,
2024-08-29T01:00:00-05:00,17.39,17.873,17.873,,,,52700.52,40945,77,0.41,0,11115.79,11901.4,,28958.87,
2024-08-29T02:00:00-05:00,16.86,17.543,17.543,,,,50840.29,40506,76,0.41,0,9897.15,11236.6,,28606.83,
2024-08-29T03:00:00-05:00,17.14,17.53,17.53,,,,49719.96,40353,76,0.41,0,9165.05,10533.9,,28470.36,
2024-08-29T04:00:00-05:00,17.95,17.415,17.415,,,,49431.92,40640,75,0.42,0,8704.13,9616.9,,28868.25,
2024-08-29T05:00:00-05:00,20.76,19.527,19.532,,,,50396.47,42847,75,0.42,0,7539.09,8810.7,,30476.71,
2024-08-29T06:00:00-05:00,23.61,24.01,24.03,,,,52357.18,46108,74,0.48,0,6341.39,7963.5,,32647.86,
2024-08-29T07:00:00-05:00,22.43,22.1,22.107,,,,53193.98,46954,76,1000.48,898.2,5428.71,7124.8,,33041.58,
2024-08-29T08:00:00-05:00,18.1,16.782,16.782,,,,55322.27,42154,78,8982.31,7101.6,4117.2,6074.8,,30453.92,
2024-08-29T09:00:00-05:00,16.28,13.618,13.618,,,,58538.01,37891,82,15936.64,13571.7,4213.59,5468.4,,27792.83,
2024-08-29T10:00:00-05:00,17.2,18.232,18.232,,,,62182.02,39538,84,17099.81,15925.1,4378.66,5316.8,,29192.37,
2024-08-29T11:00:00-05:00,19.87,19.695,19.695,,,,65720.31,42897,86,16198.49,16996.6,5208.67,5076.3,,31731.37,
2024-08-29T12:00:00-05:00,21.81,18.755,18.755,,,,68947.58,43228,88,17003.78,17158.5,6052.24,5236.4,,32127.88,
2024-08-29T13:00:00-05:00,22.4,19.935,19.935,,,,71653.62,44982,89,17042.47,16160.4,6564.93,5546.1,,33596.4,
2024-08-29T14:00:00-05:00,26.78,22.675,22.675,,,,73242.31,47052,89,15712.54,15246.5,7533.86,5891.4,,35011.37,
2024-08-29T15:00:00-05:00,29.31,27.197,27.197,,,,73872.89,50241,91,13799.94,13987.1,7568.93,6239.3,,36936.28,
2024-08-29T16:00:00-05:00,31.09,23.162,23.077,,,,73971.59,52189,90,13144.35,12264.3,7639.68,6629.5,,37944.58,
2024-08-29T17:00:00-05:00,32.11,27.245,27.222,,,,73155.63,53986,88,11937.67,10061.2,6913.24,7381.1,,38896.66,
2024-08-29T18:00:00-05:00,36,41.967,42.693,,,,71544.94,56485,87,8436.88,6440.3,6500.77,8364,,39676.42,
2024-08-29T19:00:00-05:00,43.68,80.37,80.555,,,,68916.65,59592,85,1861.67,1597.1,7305.7,9445.3,,41435.34,
2024-08-29T20:00:00-05:00,35.51,44.395,44.395,,,,67070.64,58701,83,22.44,14.6,8531.11,10783.6,,41274.17,
2024-08-29T21:00:00-05:00,25.58,23.617,23.683,,,,65115.45,55016,82,0.61,0,10529.5,12233.9,,39293.73,
2024-08-29T22:00:00-05:00,21.03,23.215,23.285,,,,61770.65,50530,80,0.47,0,11388.72,13233.4,,35615.35,
2024-08-29T23:00:00-05:00,17.95,19.767,19.775,,,,58234.72,46343,79,0.55,0,11864.85,13595.6,,33026.09,
2024-08-30T00:00:00-05:00,15.49,18.37,18.39,,,,54146.29,43583,78,0.55,0,11343.47,13728.5,,30849.48,
2024-08-30T01:00:00-05:00,15.14,17.59,17.625,,,,51597.48,42505,77,0.56,0,9885.77,12569,,30261.58,
2024-08-30T02:00:00-05:00,15.95,17.142,17.185,,,,49875.34,41898,76,0.56,0,8669.51,10761.4,,29658.14,
2024-08-30T03:00:00-05:00,16.59,17.36,17.39,,,,49008.01,41749,76,0.57,0,7709.15,8942.9,,29523.38,
2024-08-30T04:00:00-05:00,17.72,18.7,18.725,,,,49000.22,42832,75,0.56,0,6391.66,7275.2,,30667.24,
2024-08-30T05:00:00-05:00,20.8,21.163,21.182,,,,49846.59,45058,75,0.72,0,5169.41,5866.3,,32147.31,
2024-08-30T06:00:00-05:00,24.44,23.773,23.795,,,,52046.43,47867,75,0.77,0,4384.93,4639.8,,34125.36,
2024-08-30T07:00:00-05:00,22.94,21.972,21.99,,,,52617.66,48279,75,392.91,817.8,4350.12,3678.1,,34621.33,
2024-08-30T08:00:00-05:00,17.76,20.74,20.742,,,,54939.48,46773,77,4438.52,6576.6,3616.13,2707.3,,34082.8,
2024-08-30T09:00:00-05:00,17.67,19.495,19.495,,,,58391.86,45373,79,8407.83,12249.1,3830.21,2116.4,,33342.24,
2024-08-30T10:00:00-05:00,19.56,20.32,20.32,,,,61292.07,45664,82,10395.91,14857.6,4196.73,2106.5,,33714.26,
2024-08-30T11:00:00-05:00,21.59,18.193,18.145,,,,64352.78,44989,84,12420.6,15911.8,4919.69,2292.4,,33518.09,
2024-08-30T12:00:00-05:00,20.8,17.298,17.218,,,,66879.26,44136,86,14212.88,16199.8,6592.81,2832.2,,33138.22,
2024-08-30T13:00:00-05:00,24.63,18.758,18.72,,,,69339.89,45326,88,15087.05,15506.6,7584.08,3747.4,,34066,
2024-08-30T14:00:00-05:00,26.44,17.528,17.523,,,,71410.91,44762,89,15519.94,14320,10083.26,4818.3,,33626.16,
2024-08-30T15:00:00-05:00,28.61,20.328,20.305,,,,72726.88,47205,90,13994.09,12665.8,10738.07,5578.5,,35224.82,
2024-08-30T16:00:00-05:00,32.59,18.683,18.693,,,,73469.41,46737,90,13631.01,10009.3,12534.49,6001.2,,34817.58,
2024-08-30T17:00:00-05:00,32.35,21.075,21.075,,,,73134.92,48510,88,11967.4,7883.2,12074.45,6555.7,,36222,
2024-08-30T18:00:00-05:00,34.39,26.713,26.715,,,,71609.56,52343,86,7782.93,4651.6,10932.99,6909.3,,38283.25,
2024-08-30T19:00:00-05:00,43.38,51.847,51.955,,,,68577.61,58012,83,1384.45,1109.1,8754.06,6852.6,,40534.33,
2024-08-30T20:00:00-05:00,36.73,56.498,57.298,,,,66102.71,58608,82,11.8,10.4,6700.3,6916.2,,40833.51,
2024-08-30T21:00:00-05:00,29.33,34.862,34.922,,,,63854.77,56727,81,0.56,0,6494.23,7018.2,,40577.84,
2024-08-30T22:00:00-05:00,23.37,34.025,34.03,,,,60845.28,55223,79,0.34,0,5531.91,6846.6,,39763.15,
2024-08-30T23:00:00-05:00,21.71,36.57,38.125,,,,57522.08,53850,78,0.37,0,4099.09,6210.9,,38701.92,
2024-08-31T00:00:00-05:00,22.58,26.47,28.818,,,,53825.05,51415,78,0.46,0,3716.87,5519,,36587.45,
2024-08-31T01:00:00-05:00,21.08,25.153,28.075,,,,51422.8,49566,76,0.46,0,3223.55,4622.6,,35075.01,
2024-08-31T02:00:00-05:00,20,21.325,23.037,,,,49529.22,47997,76,0.46,0,3156.93,3879,,34411.8,
2024-08-31T03:00:00-05:00,18.85,20.968,22.653,,,,48218.55,46685,75,0.49,0,3182.02,3437.6,,34079.67,
2024-08-31T04:00:00-05:00,18.51,20.867,23.077,,,,47515.67,46131,75,0.48,0,2664.94,3133,,33910.76,
2024-08-31T05:00:00-05:00,18.97,20.505,22.95,,,,47590.07,46239,74,0.48,0,2415.38,3111.9,,34053.3,
2024-08-31T06:00:00-05:00,19.68,20.448,22.2,,,,48189.97,46385,74,0.51,0,2634.76,3310.3,,34117.34,
2024-08-31T07:00:00-05:00,18.63,19.483,22.02,,,,48467.16,45704,75,607.86,744.6,2826.07,3523.9,,33871.79,
2024-08-31T08:00:00-05:00,17.16,18.805,19.352,,,,50603.14,44289,78,4926.38,5653.6,2582.47,3582.9,,33443.04,
2024-08-31T09:00:00-05:00,16.42,19.505,19.505,,,,53770.95,43801,81,9664.55,10729.8,2376.35,3827.3,,32670.18,
2024-08-31T10:00:00-05:00,17.18,19.1,19.1,,,,57383.76,43127,84,13075.93,13291.9,3020.83,4179.9,,32027.04,
2024-08-31T11:00:00-05:00,18.81,18.768,18.768,,,,60899.42,43786,86,14337.8,14644.5,3553.68,4221.7,,32673.41,
2024-08-31T12:00:00-05:00,19.35,21.158,21.158,,,,63740.58,45753,88,14780.98,15327.6,4106.07,4200.3,,34217.08,
2024-08-31T13:00:00-05:00,21.73,21.865,21.865,,,,65816.15,47967,89,14861.71,14906.8,4471.99,4173.2,,35263.28,
2024-08-31T14:00:00-05:00,24.71,21.557,21.557,,,,67310.17,48609,90,15484.45,14278,5316.62,4231.9,,35564.04,
2024-08-31T15:00:00-05:00,26.19,24.038,24.038,,,,68275.66,49695,91,15099,12995.1,6149.74,4395.5,,36313.72,
2024-08-31T16:00:00-05:00,26.91,23.583,23.583,,,,68643.2,52355,90,13658.11,11702.2,6284.39,4493.9,,37657.16,
2024-08-31T17:00:00-05:00,29.53,25.888,25.888,,,,68353.55,53865,90,12095.99,9353.3,6116.28,4396.9,,38426.62,
2024-08-31T18:00:00-05:00,39.6,53.548,53.548,,,,66921.66,56954,89,7667.76,5604.9,5774.56,4424,,40344.77,
2024-08-31T19:00:00-05:00,60.76,82.572,87.975,,,,64380.11,61164,86,1242.2,1253.9,4934.15,4534.3,,42245.85,
2024-08-31T20:00:00-05:00,52.4,70.013,77.353,,,,62727.93,60686,83,6.57,9.4,4165.65,4675.5,,42320.92,
2024-08-31T21:00:00-05:00,32.62,63.355,72.107,,,,61090.57,59421,81,0.24,0,3432.97,4863.2,,41902.36,
2024-08-31T22:00:00-05:00,23.91,34.388,41.107,,,,58685.97,57397,80,0.34,0,3014.31,4781.7,,40330.58,
2024-08-31T23:00:00-05:00,21.38,26.912,29.753,,,,55857.2,54777,79,0.37,0,2745.18,4456.9,,38179.84,
2024-09-01T00:00:00-05:00,25.2,30.467,35.7,,,,53342.62,52286,78,0.44,0,2249.91,4122.9,,35989.76,
2024-09-01T01:00:00-05:00,22.78,22.747,25.017,,,,51307.65,50377,77,0.38,0,1888.5,3518.7,,34721.6,
2024-09-01T02:00:00-05:00,21.11,22.443,26.155,,,,49297.57,49485,77,0.37,0,1297.83,2908.2,,34572.83,
2024-09-01T03:00:00-05:00,20.05,21.238,24.685,,,,48055.57,48593,76,0.36,0,1024.34,2661.7,,34400.48,
2024-09-01T04:00:00-05:00,19.45,19.88,22.705,,,,47346.28,47287,75,0.46,0,1260.54,2704.3,,34074.8,
2024-09-01T05:00:00-05:00,19.21,19.923,22.715,,,,47189.52,46177,75,0.48,0,1818.7,2948.2,,33477.37,
2024-09-01T06:00:00-05:00,20.34,18.682,20.562,,,,47528.49,44785,74,0.49,0,3133.44,3233.4,,32409.36,
2024-09-01T07:00:00-05:00,19.26,18.04,18.17,,,,47296.55,43955,75,567.78,786.6,3838.86,3434.7,,31629.21,
2024-09-01T08:00:00-05:00,17.28,18.92,19.288,,,,49536.51,43329,78,4023.8,5989.8,3257.36,3344.4,,31322.4,
2024-09-01T09:00:00-05:00,15.79,18.818,18.897,,,,53016.07,42987,81,7954.37,11436.8,3122.04,3477.9,,31069.58,
2024-09-01T10:00:00-05:00,16.49,19.17,19.17,,,,56449.27,42816,84,10635.35,13397.5,3785.32,4239.1,,31251.36,
2024-09-01T11:00:00-05:00,18.2,17.277,17.277,,,,59921.92,42120,86,12321.26,14681.6,5331.72,4997.4,,30994.7,
2024-09-01T12:00:00-05:00,18.98,18.097,18.097,,,,63084.75,42392,88,13223.33,15250.5,6816.35,5703.1,,31212.15,
2024-09-01T13:00:00-05:00,19.56,18.037,18.037,,,,65446.92,43016,89,13931.95,14400.4,8224.68,6429.4,,31559.04,
2024-09-01T14:00:00-05:00,19.86,17.602,17.597,,,,67015.34,42612,91,13719.92,13364,10236.37,7088.2,,31389.71,
2024-09-01T15:00:00-05:00,22.65,17.372,17.358,,,,67872.32,42550,91,13292.38,11872.3,11431.36,7635.1,,31471.18,
2024-09-01T16:00:00-05:00,23.45,19.022,19.022,,,,68473.6,44148,90,11538.8,10391.5,11970.12,8032.8,,32701.3,
2024-09-01T17:00:00-05:00,23.72,21.543,21.543,,,,68530.17,47581,88,8344.29,7973.1,11640.08,8428.4,,34720.49,
2024-09-01T18:00:00-05:00,26.68,28.413,28.413,,,,67291.87,52721,86,3815.88,4652.3,10380.28,8675.4,,37574.52,
2024-09-01T19:00:00-05:00,38.87,36.33,36.33,,,,65194.27,57100,84,454.46,778.4,7915.13,8285.6,,39469.37,
2024-09-01T20:00:00-05:00,33.46,30.483,30.483,,,,63841.85,57643,82,0.5,4.5,6538.96,7796.1,,40215.22,
2024-09-01T21:00:00-05:00,26.98,32.392,32.4,,,,61601.97,56376,80,0.23,0,5754.46,7533.1,,39675.53,
2024-09-01T22:00:00-05:00,24.3,26.18,26.197,,,,58539.4,54503,80,0.25,0,5011.69,7140.7,,38166.54,
2024-09-01T23:00:00-05:00,21.29,23.53,23.555,,,,55365.33,51979,79,0.3,0,4430.24,6400.9,,36028.42,
2024-09-02T00:00:00-05:00,23.08,22.275,22.32,,,,53699.36,48661,78,0.35,0,4654.46,5599.7,,34147.02,
2024-09-02T01:00:00-05:00,20.45,20.655,20.695,,,,51846.24,46704,77,0.37,0,4515.71,5276,,33225.31,
2024-09-02T02:00:00-05:00,19.06,19.428,19.452,,,,50399.29,45041,77,0.37,0,4621.31,5115.4,,32397.72,
2024-09-02T03:00:00-05:00,18.96,19.65,20.04,,,,49375.5,45130,76,0.38,0,3790.7,5238.4,,32422.16,
2024-09-02T04:00:00-05:00,18.42,18.843,19.562,,,,48906.13,44562,76,0.4,0,4138.3,5365,,32170.47,
2024-09-02T05:00:00-05:00,18.37,18.908,19.425,,,,49101.17,44531,76,0.37,0,4562.66,5445.3,,32144.57,
2024-09-02T06:00:00-05:00,18.98,18.69,18.983,,,,49061.41,44549,76,0.53,0,4958.24,5714.8,,32232.28,
2024-09-02T07:00:00-05:00,18.8,16.72,16.738,,,,48660.89,42812,76,426.66,486.3,6052.72,6253.7,,30757.74,
2024-09-02T08:00:00-05:00,16.74,16.483,16.515,,,,50340.23,41488,77,2680.19,3273.3,6318.61,6916.4,,29502.03,
2024-09-02T09:00:00-05:00,17,17.81,17.85,,,,53256.23,41540,79,4880.83,5860.6,6484.36,7580.1,,29787.56,
2024-09-02T10:00:00-05:00,16.67,19.105,19.142,,,,56671.03,42381,80,6578.4,7800.1,6928.03,8136.7,,30472.68,
2024-09-02T11:00:00-05:00,17.45,18.235,18.273,,,,60117.75,42794,82,8496.32,8980.6,7783.97,8383.1,,30796.23,
2024-09-02T12:00:00-05:00,18.86,20.455,20.49,,,,63419.3,44263,83,9650.45,9745.5,8290.42,8601.6,,32185.32,
2024-09-02T13:00:00-05:00,19.73,21.323,21.328,,,,65921.88,46394,84,9369.18,9455.4,9272.76,8944.9,,33904.58,
2024-09-02T14:00:00-05:00,20.08,21.88,21.88,,,,67825.47,47504,83,9259.61,8812.6,9785.43,9197.4,,34758.8,
2024-09-02T15:00:00-05:00,19.54,19.567,19.567,,,,68386.47,47562,84,8182.69,7583.4,10109.09,9466.4,,34418.49,
2024-09-02T16:00:00-05:00,20.17,19.1,19.1,,,,68071.81,46896,83,6756.62,6269.1,11393.74,9762.7,,33816.38,
2024-09-02T17:00:00-05:00,21.17,21.805,21.805,,,,66989.95,49510,82,4095.34,4436.3,11313.28,9887.9,,35325.17,
2024-09-02T18:00:00-05:00,23.59,22.295,22.295,,,,64965.39,50807,81,2049.51,2539.2,10974.91,9605.9,,36370.71,
2024-09-02T19:00:00-05:00,32.7,22.895,22.895,,,,62483.18,52908,80,293.9,559.6,9915.63,8909.6,,37190.12,
2024-09-02T20:00:00-05:00,31.1,23.045,23.045,,,,61508.14,53688,79,0.43,2.9,9139.35,8422.9,,37583.53,
2024-09-02T21:00:00-05:00,26.99,21.457,21.457,,,,59436.68,51574,79,0.23,0,9335.45,8296.2,,37331.96,
2024-09-02T22:00:00-05:00,22.13,20.802,20.81,,,,56293.56,48971,78,0.32,0,8938.6,8005.2,,35390.75,
2024-09-02T23:00:00-05:00,20.79,19.4,19.4,,,,53095.39,46046,77,0.34,0,8617.64,7409.3,,33247.67,
2024-09-03T00:00:00-05:00,18.77,18.723,18.723,,,,50099.97,44178,77,0.35,0,7880.8,7967.4,,31841.15,
2024-09-03T01:00:00-05:00,17.4,17.75,17.75,,,,48132.15,42277,76,0.35,0,7823.13,7354.8,,30606.1,
2024-09-03T02:00:00-05:00,16.73,17.405,17.405,,,,46676.32,41425,76,0.35,0,7490.42,6974.8,,29872.4,
2024-09-03T03:00:00-05:00,16.39,17.237,17.237,,,,46033.51,41069,76,0.37,0,7341.87,6802,,29633.33,
2024-09-03T04:00:00-05:00,16.69,17.508,17.605,,,,46121.94,41328,75,0.37,0,7254.9,6835.8,,29810.87,
2024-09-03T05:00:00-05:00,18.21,18.457,18.503,,,,47385.12,42771,74,0.38,0,7132.43,7012.8,,30787.78,
2024-09-03T06:00:00-05:00,20.61,20.34,20.457,,,,49749.39,45142,74,0.48,0,6922.36,7149.9,,32453.58,
2024-09-03T07:00:00-05:00,19.53,19.83,19.983,,,,50269.33,45483,74,185.19,399.4,6994.54,7181.1,,32719.97,
2024-09-03T08:00:00-05:00,18.25,19.33,19.33,,,,50833.11,44785,74,1516.49,2435.2,7095.39,6913.4,,32331.48,
2024-09-03T09:00:00-05:00,18.8,20.062,20.062,,,,52525.97,45189,75,3246.76,4442.3,6668.35,6577,,32492.87,
2024-09-03T10:00:00-05:00,18.59,19.642,19.642,,,,54815.11,44949,77,4916.14,5953.2,6674.09,6240.6,,32428.36,
2024-09-03T11:00:00-05:00,18.18,19.662,19.662,,,,57117.35,45228,78,6649.39,7072.7,6458.74,5703.1,,32835.68,
2024-09-03T12:00:00-05:00,18.98,19.587,19.587,,,,59278.56,45327,79,7569.55,7834.6,7037.4,5254.1,,32969.22,
2024-09-03T13:00:00-05:00,19.28,19.625,19.625,,,,60870.53,45195,80,8491.7,8405,7359.68,5111.9,,32813.3,
2024-09-03T14:00:00-05:00,18.77,20.24,20.24,,,,61332.17,45832,81,8367.72,8118.9,7415.01,5322.2,,33310.08,
2024-09-03T15:00:00-05:00,18.58,22.585,22.585,,,,60848.18,47919,80,7098.81,7332.9,6955.67,5617.5,,34368.84,
2024-09-03T16:00:00-05:00,18.66,22.655,22.655,,,,60410.23,49200,79,5917.5,6612,6752.22,5883.8,,34641.99,
2024-09-03T17:00:00-05:00,20.37,23.368,23.368,,,,59646.89,49497,79,4890.76,5017.8,6908.26,6013.5,,34985.22,
2024-09-03T18:00:00-05:00,25.25,23.755,23.755,,,,58234.81,51795,77,2447.13,2943.7,6348.84,5916.1,,36188.26,
2024-09-03T19:00:00-05:00,28.84,24.883,25.037,,,,56620.35,53356,76,437.18,649.4,5999.64,5878.3,,36654.28,
2024-09-03T20:00:00-05:00,28.3,24.957,25.203,,,,56367.36,53883,76,0.82,2.9,5708.02,6162.7,,37042.74,
2024-09-03T21:00:00-05:00,25.44,22.695,23.003,,,,55106.35,52435,75,0.31,0,5661.52,6504.5,,36702.73,
2024-09-03T22:00:00-05:00,19.8,23.082,23.127,,,,52421.93,50217,75,0.42,0,5110.38,6479.4,,35227.48,
2024-09-03T23:00:00-05:00,18.01,21.2,21.448,,,,49837,47914,74,0.43,0,4687.94,6111.9,,33840.52,
2024-09-04T00:00:00-05:00,19.65,20.592,20.815,,,,50045.12,46353,74,0.43,0,3949.38,5960.6,,33106.52,
2024-09-04T01:00:00-05:00,18.77,19.923,20.32,,,,48166.72,45211,74,0.44,0,3549.05,5277.5,,32218.32,
2024-09-04T02:00:00-05:00,17.75,19.185,20.195,,,,46912.95,44464,73,0.46,0,3134.56,4697.8,,31709.29,
2024-09-04T03:00:00-05:00,17.62,18.985,20.45,,,,46424.12,43824,73,0.45,0,3071.99,4385.8,,31580.72,
2024-09-04T04:00:00-05:00,17.75,19.7,21.247,,,,46694.25,44591,73,0.45,0,2717.09,4199.9,,32132.96,
2024-09-04T05:00:00-05:00,19.63,20.702,22.758,,,,48062.35,46140,73,0.44,0,2538.46,4050.9,,32851.42,
2024-09-04T06:00:00-05:00,21.49,24.682,28.6,,,,50644.28,48272,73,0.45,0,2430.07,3927.9,,33579.23,
2024-09-04T07:00:00-05:00,20.82,24.76,29.48,,,,51046.86,49160,73,99.79,483.9,2273.59,3888.8,,33803.38,
2024-09-04T08:00:00-05:00,20.15,22.91,26.08,,,,51946.5,48505,73,1198.42,3260.1,2119.31,3669.3,,33281.78,
2024-09-04T09:00:00-05:00,20.25,20.97,22.47,,,,53605.29,47140,74,3561.7,5976.9,2115.87,3429.3,,32580.16,
2024-09-04T10:00:00-05:00,19.47,20.642,20.99,,,,55960.66,45792,75,6680.12,8240.1,2344.05,3339.5,,32262.68,
2024-09-04T11:00:00-05:00,19.62,18.785,19.452,,,,58675,44921,77,8597.8,9827.2,2423.14,3305.9,,32347.17,
2024-09-04T12:00:00-05:00,19.8,19.1,19.258,,,,61087.53,44834,79,10070.52,10981.4,2505.51,3378,,32235.52,
2024-09-04T13:00:00-05:00,20.32,19.85,19.85,,,,63499.48,45532,80,11004.66,12634,2551.13,3403.7,,32429.33,
2024-09-04T14:00:00-05:00,21.01,20.722,20.722,,,,64951.24,46262,81,11411.76,12753.4,2922.41,3404.2,,32930.74,
2024-09-04T15:00:00-05:00,21.66,21.195,21.655,,,,65827.91,47841,82,10980.58,11977.8,3346.39,3554.9,,33734.85,
2024-09-04T16:00:00-05:00,22.22,22.943,23.787,,,,66771.19,49247,82,10064.78,11412.1,3721.34,3744.8,,34593.71,
2024-09-04T17:00:00-05:00,24.75,23.913,24.745,,,,66595.99,51527,82,8166.76,9331.6,3818.79,3983.8,,35952.6,
2024-09-04T18:00:00-05:00,38.19,27.332,27.332,,,,65065.97,52898,81,5783.14,5287.3,4150.75,4091.5,,36810.78,
2024-09-04T19:00:00-05:00,41.8,31.668,34.672,,,,63000.66,56509,79,1251.65,1165.6,3900.15,4305.1,,38686.13,
2024-09-04T20:00:00-05:00,35.94,30.76,33.55,,,,62059.92,57045,77,3.4,3.2,3733.5,4875,,39122.66,
2024-09-04T21:00:00-05:00,28.78,24.155,24.438,,,,59937.02,54744,76,1.11,0,3912.53,5625.4,,38466.05,
2024-09-04T22:00:00-05:00,23,23.01,23.075,,,,56933.24,51423,76,1.15,0,4111.14,6120.3,,36502.51,
2024-09-04T23:00:00-05:00,20.68,20.69,20.962,,,,53627.83,47984,75,1.14,0,4655.25,6189.9,,33864.58,
2024-09-05T00:00:00-05:00,20.63,20.118,20.272,,,,50375.13,45639,74,1.14,0,4587.65,5722.3,,32228.67,
2024-09-05T01:00:00-05:00,18.74,19.368,19.707,,,,48272.88,44299,74,1.14,0,4109.84,5268.6,,31303.89,
2024-09-05T02:00:00-05:00,18.51,19.277,19.968,,,,46833.04,43682,74,1.15,0,3699.93,4704.7,,30910.01,
2024-09-05T03:00:00-05:00,17.75,19.4,21.115,,,,46218.51,43611,74,1.15,0,3415.97,4303.3,,31200.57,
2024-09-05T04:00:00-05:00,18.45,19.408,22.09,,,,46386.76,43899,73,1.15,0,3035.56,4003.9,,31377.28,
2024-09-05T05:00:00-05:00,19.61,20.173,23.068,,,,47717.06,45070,74,1.15,0,3110.12,3925.9,,31950.68,
2024-09-05T06:00:00-05:00,22.78,22.093,25.555,,,,50098.76,47569,74,1.14,0,3158.6,4012.1,,33536.87,
2024-09-05T07:00:00-05:00,21.83,21.158,24.1,,,,50749.19,48075,74,251.01,606,3213.59,4054.5,,33779.38,
2024-09-05T08:00:00-05:00,20.31,19.555,21.375,,,,51739.15,46062,75,2771.34,5152.7,3260.62,4066.9,,32447.29,
2024-09-05T09:00:00-05:00,19.32,19.988,20.937,,,,54051.7,44598,77,6068.31,10071.2,3411.96,4302.2,,31430.87,
2024-09-05T10:00:00-05:00,19.16,19.483,20.08,,,,56738.42,43383,79,8667.78,12675.7,3935.96,4551.7,,30572.91,
2024-09-05T11:00:00-05:00,18.1,19.035,19.293,,,,59784.53,42966,81,10772.1,14026.2,4206.28,4637.4,,30465.14,
2024-09-05T12:00:00-05:00,19.28,18.217,18.23,,,,62109.08,42107,82,13073.03,14812.4,4575.19,4969.2,,29994.23,
2024-09-05T13:00:00-05:00,20.64,19.212,18.997,,,,64414.97,42902,84,13307.17,15087.2,5529.24,5395.3,,30356.73,
2024-09-05T14:00:00-05:00,23.55,20.628,19.747,,,,65905.82,43637,86,13544.66,14512.2,6823.97,5763.4,,30939.23,
2024-09-05T15:00:00-05:00,25.67,21.567,20.758,,,,66795.76,45147,86,12797.63,13329.4,7420.57,6127.9,,31933.5,
2024-09-05T16:00:00-05:00,26.43,22.167,22.087,,,,67664.58,47048,87,11821.02,11848.3,7516.67,6385.6,,32997.46,
2024-09-05T17:00:00-05:00,29.28,24.62,24.62,,,,67320.55,49417,86,9965.08,9472.4,7183.49,6418.1,,34459.28,
2024-09-05T18:00:00-05:00,44.59,25.738,25.738,,,,66059.79,51996,83,6705.22,5692.3,6792.19,6327.6,,36481.41,
2024-09-05T19:00:00-05:00,47.29,30.768,39.723,,,,63842.26,55949,81,1556.17,1081.4,6287.53,6037.3,,37982.52,
2024-09-05T20:00:00-05:00,39.38,26.065,31.645,,,,62953.07,56232,80,1.48,2.3,6116.27,5911.6,,38335.36,
2024-09-05T21:00:00-05:00,31.07,23.425,23.935,,,,61203.46,54108,79,0.08,0,6366.8,6070.7,,37615.26,
2024-09-05T22:00:00-05:00,23.13,22.135,23.145,,,,58056.52,51238,77,0.36,0,5896.97,6124.4,,35367.32,
2024-09-05T23:00:00-05:00,21.16,21.468,22.818,,,,54798.18,47937,76,0.63,0,5625.6,6130.4,,33061.99,
2024-09-06T00:00:00-05:00,20.47,20.358,21.83,,,,51040.35,45215,76,0.64,0,5300.77,6738.3,,31566.1,
2024-09-06T01:00:00-05:00,18.38,19.127,20.938,,,,48807.94,43062,75,0.52,0,5456.04,6850,,30113.75,
2024-09-06T02:00:00-05:00,17.25,17.697,18.645,,,,47113.6,41114,74,0.54,0,6246.18,7347.1,,28769.31,
2024-09-06T03:00:00-05:00,16.8,16.675,17.145,,,,46288.66,39765,74,0.56,0,7192.38,8372,,27527.68,
2024-09-06T04:00:00-05:00,16.51,16.363,16.425,,,,46340.26,39136,73,0.55,0,8138.26,9492.8,,27223.46,
2024-09-06T05:00:00-05:00,17.21,17.36,17.403,,,,47512.66,39267,73,0.56,0,9290.35,10590.2,,27494.6,
2024-09-06T06:00:00-05:00,17.76,18.615,18.64,,,,49510.64,40535,73,0.6,0,10107.37,11591.2,,28400.68,
2024-09-06T07:00:00-05:00,17.07,17.355,17.355,,,,50135.06,39891,73,593.81,620.4,11020.34,12305.5,,27872.75,
2024-09-06T08:00:00-05:00,11.78,15.432,15.432,,,,51537.89,36431,76,6364.31,6117.2,10085.17,12183.2,,25497.42,
2024-09-06T09:00:00-05:00,10.19,12.74,12.74,,,,54243.21,33500,78,11860.95,12118.7,9823.16,11995,,23135.47,
2024-09-06T10:00:00-05:00,10.36,11.097,11.08,,,,56971.78,31381,80,14427.15,14847.1,11723.09,12878,,21361.98,
2024-09-06T11:00:00-05:00,9.54,12.205,12.93,,,,59131.14,31656,83,15234.79,15944.1,12949.09,14145.1,,21978.14,
2024-09-06T12:00:00-05:00,10.38,12.465,14.568,,,,61419.89,32043,85,15618.72,16200.2,14281.39,15297.2,,22140.78,
2024-09-06T13:00:00-05:00,15.03,12.888,14.73,,,,63779.76,32855,86,15406.84,15410.7,15722.52,16013.9,,22793.42,
2024-09-06T14:00:00-05:00,16.47,13.64,13.272,,,,65357.68,34544,87,15138.86,14662.5,16020.12,16236.6,,24429.91,
2024-09-06T15:00:00-05:00,17.75,14.367,12.747,,,,66393.36,34653,86,14708.24,13512.9,16262.95,16144.1,,24279.57,
2024-09-06T16:00:00-05:00,20.1,14.795,14.58,,,,67044.54,36077,86,13604.98,12725.2,15317.97,15866,,25705.66,
2024-09-06T17:00:00-05:00,18.11,17.515,17.548,,,,66712.44,39174,86,11597.56,10486.4,13729.92,15304.7,,27989.28,
2024-09-06T18:00:00-05:00,21.94,27.17,27.17,,,,65159.5,44650,84,7208.67,6251.6,11871.37,13925,,30940.45,
2024-09-06T19:00:00-05:00,38.12,30.8,30.81,,,,62684.92,50883,82,1208.91,1156.5,9640.9,12088.6,,33304.47,
2024-09-06T20:00:00-05:00,30.83,24.935,24.933,,,,61065.72,51086,80,2.4,1.6,9020.17,11473,,33894.29,
2024-09-06T21:00:00-05:00,25.48,21.493,21.52,,,,59178.04,47979,78,0.97,0,10155.2,11874.7,,32981.6,
2024-09-06T22:00:00-05:00,21.07,20.242,20.278,,,,56552.8,44060,76,0.63,0,11209.72,12429,,30236.72,
2024-09-06T23:00:00-05:00,17.68,17.762,17.79,,,,53668.5,40587,75,0.61,0,11850.66,12770,,27720.57,
2024-09-07T00:00:00-05:00,18.51,15.823,15.852,,,,50137.19,38121,74,0.64,0,11426.77,12495.7,,25496.03,
2024-09-07T01:00:00-05:00,16.67,14.385,14.42,,,,47821.15,35643,73,0.66,0,11447.35,12163.1,,23818.21,
2024-09-07T02:00:00-05:00,16.28,13.883,13.96,,,,46085.86,33879,72,0.69,0,11636.64,11809,,22831.42,
2024-09-07T03:00:00-05:00,14.81,13.897,14.132,,,,45074.6,33239,71,0.68,0,11292,11745.9,,22235.47,
2024-09-07T04:00:00-05:00,14.48,13.472,13.858,,,,44155,32912,70,0.8,0,10879.52,11817.1,,21921.22,
2024-09-07T05:00:00-05:00,14.88,13.807,14.237,,,,44005.32,33019,70,0.79,0,10659.03,12025.9,,22137.8,
2024-09-07T06:00:00-05:00,14.25,13.95,14.343,,,,44242.15,33660,69,0.81,0,10351.07,12210.1,,22658.76,
2024-09-07T07:00:00-05:00,13.8,12.995,13.32,,,,44493.19,32877,71,1158.03,930.9,10300.91,12234.1,,21840.7,
2024-09-07T08:00:00-05:00,7.68,7.477,7.647,,,,46839.8,27648,74,10318.89,8812.6,9403.97,11618.4,,17021.02,
2024-09-07T09:00:00-05:00,4.04,0.203,0.472,,,,50457.68,24761,77,17217.06,16359,8360.9,11166.7,,14824.13,
2024-09-07T10:00:00-05:00,5.33,2.75,2.487,,,,53109.62,24448,80,19212.43,18537.6,8690.27,11327.1,,14891.23,
2024-09-07T11:00:00-05:00,6.48,11.965,9.062,,,,55018.63,26194,82,19848.56,19308.5,8275.66,11096.6,,16430.64,
2024-09-07T12:00:00-05:00,8.62,16.263,12.66,,,,56662.53,28953,84,20225.71,19574.4,7733.24,10903.1,,18771.57,
2024-09-07T13:00:00-05:00,11.84,18.023,14.125,,,,58305.6,30459,86,20491.69,19675.9,8143.33,10874.8,,19720.37,
2024-09-07T14:00:00-05:00,13.48,18.94,14.885,,,,59405.94,31588,87,20666.8,19770.2,8715.9,11027.3,,20505.8,
2024-09-07T15:00:00-05:00,14.51,18.903,15.075,,,,60260.09,32945,88,20567.18,19731.9,9074.84,11282.5,,21911.91,
2024-09-07T16:00:00-05:00,15.21,18.175,14.487,,,,61348.57,34368,87,19963.32,19124.8,9297.57,11356,,23120.52,
2024-09-07T17:00:00-05:00,16.02,19.693,17.37,,,,61097.42,36208,86,18131.57,17379.6,9306.34,11043.2,,24822.87,
2024-09-07T18:00:00-05:00,20.59,32.412,32.372,,,,59713.95,42514,85,11087.61,10752.2,8595.56,10311,,28373.76,
2024-09-07T19:00:00-05:00,33.61,52.68,53.562,,,,57064.87,49927,81,1712.07,1450.4,7506.82,9700.5,,31394.35,
2024-09-07T20:00:00-05:00,27.27,24.32,24.643,,,,55487.59,48272,78,1.6,1.3,8740.9,10210.8,,31189.42,
2024-09-07T21:00:00-05:00,21.91,20.302,20.275,,,,53717.6,43526,76,0.7,0,11397.49,11197.4,,28983,
2024-09-07T22:00:00-05:00,19.48,16.74,16.76,,,,51767.31,39753,74,0.78,0,12669.45,11746.8,,26372.92,
2024-09-07T23:00:00-05:00,16.67,13.497,13.923,,,,49297.05,36135,72,0.79,0,13289.94,11940.7,,24129.05,
2024-09-08T00:00:00-05:00,15.79,13.56,13.94,,,,46968.82,33281,71,0.8,0,13386.05,13463.2,,21298.1,
2024-09-08T01:00:00-05:00,14.37,13.037,13.38,,,,44563.3,31522,69,0.81,0,13072.82,13168.8,,20032.97,
2024-09-08T02:00:00-05:00,13.91,12.557,12.967,,,,42844.71,31034,67,0.8,0,11767.68,12528.5,,19850.93,
2024-09-08T03:00:00-05:00,12.83,12.97,13.375,,,,41658.19,31032,66,0.82,0,10672.63,11680.5,,20144.38,
2024-09-08T04:00:00-05:00,12.63,13.8,14.24,,,,40823.15,31684,66,0.82,0,9228.49,10779.7,,20590.68,
2024-09-08T05:00:00-05:00,12.94,14.658,15.955,,,,40502.52,32230,65,0.83,0,8173.65,9977.9,,21050.51,
2024-09-08T06:00:00-05:00,12.07,15.207,17.097,,,,40505.22,32668,64,0.88,0,7739.56,9401.3,,21402.83,
2024-09-08T07:00:00-05:00,11.76,13.77,15.875,,,,40494.83,31760,65,1139.35,1035.6,7381.22,9003.7,,20296.55,
2024-09-08T08:00:00-05:00,5.06,4.407,4.663,,,,42221.34,26125,69,10231.1,9650.3,6903.99,7864.1,,15408.48,
2024-09-08T09:00:00-05:00,1.97,0.063,0.238,,,,44947.77,23581,74,17062.29,18089.7,6095.52,6741,,13897.63,
2024-09-08T10:00:00-05:00,1.75,-0.287,-0.137,,,,47455.83,23566,77,17643.79,20102.1,6886.62,6689.8,,13933.23,
2024-09-08T11:00:00-05:00,3.22,3.5,2.82,,,,49895.13,23034,79,19798.38,20543.1,6659.64,6699.2,,14202.38,
2024-09-08T12:00:00-05:00,7.14,12.423,9.177,,,,52216.77,24835,81,20962.87,20533.4,6173.68,6740.3,,15876.29,
2024-09-08T13:00:00-05:00,10.04,16.477,12.003,,,,54352.18,26539,83,21481.89,20742.3,6294.36,6942.3,,17130.31,
2024-09-08T14:00:00-05:00,11.32,17.748,13.82,,,,56334.14,28158,84,21588.43,20873.8,6954.26,7289.2,,18411.77,
2024-09-08T15:00:00-05:00,12.43,18.68,15.498,,,,58195.6,30281,85,21363.08,20891.8,7191.7,7657.2,,20241.8,
2024-09-08T16:00:00-05:00,14.04,18.938,16,,,,59558.64,32352,85,20760.27,20779.4,7485.47,7906.3,,22303.72,
2024-09-08T17:00:00-05:00,14.63,17.88,15.772,,,,59936.67,34409,85,19074.27,19156.8,7910.2,7939,,24356.72,
2024-09-08T18:00:00-05:00,20.05,31.492,31.12,,,,58385.39,40328,83,11741.83,11692.7,8432.49,7683.4,,27585.17,
2024-09-08T19:00:00-05:00,37.27,54.268,53.392,,,,56066.36,48509,79,1741.85,1453.4,8110.93,7719.1,,30988.2,
2024-09-08T20:00:00-05:00,23.59,29.812,29.417,,,,54596.28,47763,75,1.37,0.8,8793.56,8953.4,,31251.38,
2024-09-08T21:00:00-05:00,20.89,22.215,21.815,,,,52541.93,44075,73,0.63,0,9953.27,10842.6,,30081.1,
2024-09-08T22:00:00-05:00,18.2,18.782,18.477,,,,49770.83,40295,71,0.89,0,10574.86,12037.5,,27364.31,
2024-09-08T23:00:00-05:00,14.97,16.928,16.76,,,,46699.44,36710,69,0.9,0,10585.01,12411.6,,24579.58,
2024-09-09T00:00:00-05:00,14.89,15.053,15.082,,,,44802.05,33517,67,0.91,0,11333.92,12895,,22271.92,
2024-09-09T01:00:00-05:00,13.61,13.54,13.545,,,,42681.8,31189,66,0.93,0,11527.95,12754.1,,20426.31,
2024-09-09T02:00:00-05:00,12.46,12.885,12.895,,,,41354.2,30493,65,0.93,0,10997.94,11976.9,,19751.91,
2024-09-09T03:00:00-05:00,12.46,12.927,13.015,,,,40727.47,30804,64,0.96,0,10215.93,11204.8,,20130.86,
2024-09-09T04:00:00-05:00,14.23,14.902,15.215,,,,40863.02,32461,63,0.95,0,8639.73,10509.6,,21444.48,
2024-09-09T05:00:00-05:00,16.69,19.323,23.062,,,,42112.34,34512,62,0.97,0,7765.48,9910.5,,22891.28,
2024-09-09T06:00:00-05:00,17.38,22.825,28.725,,,,44238.93,37265,62,1.01,0,7170.4,9339.7,,24004.74,
2024-09-09T07:00:00-05:00,16.22,18.98,22.512,,,,45019.37,36671,63,1042.82,974.9,6797.96,8816.6,,23717.72,
2024-09-09T08:00:00-05:00,10.27,9.188,9.245,,,,45935.99,30019,68,10042.06,9384.9,6546.54,7695.2,,18438.61,
2024-09-09T09:00:00-05:00,4.52,5.08,5.065,,,,47849,25888,73,18233.49,17579,5003.64,6265.6,,15561.57,
2024-09-09T10:00:00-05:00,4.68,4.717,4.695,,,,49802.49,25177,77,20275.23,19670.9,4867.08,5841.9,,15313.89,
2024-09-09T11:00:00-05:00,8.57,10.372,10.037,,,,51680.72,26054,80,20799.82,20050.6,4869.65,5741.5,,16255.27,
2024-09-09T12:00:00-05:00,11.06,13.112,12.688,,,,53644.36,28556,82,20496.85,20046.6,5069.76,5690.9,,18653.48,
2024-09-09T13:00:00-05:00,13.29,16.583,14.423,,,,55902.97,30640,84,20854.13,20183.9,5363.56,5810.8,,20442.27,
2024-09-09T14:00:00-05:00,14.54,19.15,15.933,,,,58392.01,32573,86,21374.39,20311.3,5468.01,6074.8,,22054.78,
2024-09-09T15:00:00-05:00,15,20.805,17.397,,,,60748.35,35331,87,20977.82,20413.9,5757.71,6348.7,,24589.68,
2024-09-09T16:00:00-05:00,17.65,20.868,19.32,,,,62676.49,38330,87,19904.22,20180.5,6019.28,6520.2,,26934.36,
2024-09-09T17:00:00-05:00,20.32,21.242,20.575,,,,63292.26,40391,86,18294.51,18461.3,6292.52,6627.2,,28121.57,
2024-09-09T18:00:00-05:00,33.57,43.227,42.585,,,,62013.72,46506,85,11058.81,11483.9,6360.3,6860.9,,31117.66,
2024-09-09T19:00:00-05:00,47.67,76.155,76.448,,,,59943.39,52857,81,1747.57,1354.1,6428.43,7869.7,,34307.32,
2024-09-09T20:00:00-05:00,29.5,46.885,47.008,,,,58237.26,51394,78,0.98,0.5,7810.81,9794,,34230.97,
2024-09-09T21:00:00-05:00,24.13,24.395,23.522,,,,55694.22,47640,75,0.67,0,9266.24,11861.1,,32410.38,
2024-09-09T22:00:00-05:00,18.65,20.72,20.002,,,,52312.18,42344,73,0.81,0,10939.69,13079.6,,28989.55,
2024-09-09T23:00:00-05:00,15.56,18.055,17.375,,,,48882.99,38176,72,0.82,0,11699,13290.3,,25589.72,
2024-09-10T00:00:00-05:00,16.69,13.918,13.393,,,,47043.39,34795,70,0.85,0,12557.73,13338.3,,23327.98,
2024-09-10T01:00:00-05:00,15.21,11.98,11.733,,,,44806.59,32196,69,0.84,0,13033.06,12891,,21254.48,
2024-09-10T02:00:00-05:00,14.44,11.467,11.467,,,,43572.2,31104,68,0.87,0,12649.29,12284.8,,20334.5,
2024-09-10T03:00:00-05:00,14.65,11.04,10.995,,,,42914.2,30525,66,0.9,0,12154.23,11865.5,,20006.48,
2024-09-10T04:00:00-05:00,15.05,11.602,11.588,,,,43058.05,31497,66,0.89,0,11386.8,11484.8,,20946.01,
2024-09-10T05:00:00-05:00,19.14,14.635,14.702,,,,44412.96,34090,65,0.9,0,9891.5,11058.8,,23333.18,
2024-09-10T06:00:00-05:00,19.91,19.083,19.28,,,,46611.56,37181,64,0.95,0,9005.48,10372.5,,25483.99,
2024-09-10T07:00:00-05:00,20.42,16.79,17.88,,,,47355.41,37507,66,959.2,867.3,8311.83,9470.6,,25279.14,
2024-09-10T08:00:00-05:00,12.77,8.633,8.57,,,,48301.07,30843,71,9644.93,8500.9,7611.08,8173.2,,20052.2,
2024-09-10T09:00:00-05:00,7.9,6.333,6.273,,,,50302.58,27428,75,17262.98,16166.7,5621.05,6951,,17585.92,
2024-09-10T10:00:00-05:00,11.75,6.2,6.558,,,,52285.1,26913,80,19022.32,18254.4,5566.8,6359.5,,18138.28,
2024-09-10T11:00:00-05:00,11.84,12.55,11.413,,,,54512.3,29202,83,19605.5,18769.1,5319.92,6302.8,,20291.38,
2024-09-10T12:00:00-05:00,14.82,17.55,14.148,,,,57107.81,32062,85,19470.96,18794.1,5485.27,6332,,22627.27,
2024-09-10T13:00:00-05:00,17.47,17.648,16.25,,,,59749.22,35151,86,18952.49,18578.6,5785.47,6543.3,,25275.42,
2024-09-10T14:00:00-05:00,19.86,20.548,19.483,,,,62545.52,37949,88,18724.64,18666.5,5697.78,6755.6,,27087.91,
2024-09-10T15:00:00-05:00,22.18,22.61,22.71,,,,65004.39,40834,88,17828.11,18321.8,5928.34,6961.3,,28675.37,
2024-09-10T16:00:00-05:00,25.02,26.71,26.842,,,,66626.42,44366,89,16545.64,17420.6,5668.01,7130.5,,30673.26,
2024-09-10T17:00:00-05:00,27.91,22.428,22.465,,,,66690.84,45741,88,15310.91,15515,5752.68,7154,,32119.03,
2024-09-10T18:00:00-05:00,43.15,50.24,50.07,,,,65601.09,49847,86,9725.69,9474.9,6144.48,7450.2,,34078.73,
2024-09-10T19:00:00-05:00,61.34,83.68,83.68,,,,64272.04,55285,83,1588.41,1196.6,6283.7,8598.1,,36503.88,
2024-09-10T20:00:00-05:00,38.66,44.44,44.212,,,,62694.75,53293,80,0.55,0.3,8068.31,10610.7,,35964.22,
2024-09-10T21:00:00-05:00,25.53,25.425,24.8,,,,59942.2,50125,79,0.4,0,9245.18,12402.8,,34517.95,
2024-09-10T22:00:00-05:00,23.15,22.68,22.14,,,,56263.04,45707,78,0.54,0,10378.06,13353.1,,31474.95,
2024-09-10T23:00:00-05:00,19.39,20.2,19.838,,,,52701.99,41845,77,0.56,0,11128.63,13577.3,,28366.15,
2024-09-11T00:00:00-05:00,18.2,18.193,18.135,,,,49447.08,38659,75,0.55,0,11777.86,12651,,26258.48,
2024-09-11T01:00:00-05:00,17.15,16.41,16.41,,,,47211.76,36884,74,0.58,0,11494.07,11790.8,,25563.54,
2024-09-11T02:00:00-05:00,17.34,16.193,16.193,,,,45808.29,36171,73,0.59,0,10887.63,10640.6,,25155.98,
2024-09-11T03:00:00-05:00,18.01,16.878,16.878,,,,44974.52,36726,73,0.59,0,9683.5,9383.2,,25378.99,
2024-09-11T04:00:00-05:00,20.32,17.993,17.993,,,,45035.72,37783,72,0.62,0,8198.01,8066,,25894.28,
2024-09-11T05:00:00-05:00,23.91,18.928,18.928,,,,46249.49,39331,71,0.61,0,7713.49,6872.2,,27016.82,
2024-09-11T06:00:00-05:00,27.45,21.54,21.54,,,,48170.65,42229,71,0.61,0,7055.78,5924,,29148.68,
2024-09-11T07:00:00-05:00,26.23,22.237,22.237,,,,48763.74,43783,72,330.2,598.7,5980.73,5240.9,,30157.94,
2024-09-11T08:00:00-05:00,21.66,17.348,17.348,,,,49753.77,40537,74,5474.99,6586.7,4826.93,4344.8,,28308.41,
2024-09-11T09:00:00-05:00,17.65,18.282,18.23,,,,51911.88,38863,76,11163.04,13361.8,2773.92,3131.2,,27322.71,
2024-09-11T10:00:00-05:00,18.2,18.53,18.46,,,,54161.23,38699,79,13416.26,15220,2618.51,2983.4,,27179.64,
2024-09-11T11:00:00-05:00,17.59,18.875,18.805,,,,55922.77,39521,81,14613.77,15956.9,2314.57,2998.2,,27852.51,
2024-09-11T12:00:00-05:00,20.7,20.13,20.082,,,,58395.64,41414,83,15208.16,16212.9,1813,2953.7,,29050.15,
2024-09-11T13:00:00-05:00,23.68,21.508,21.483,,,,61001.74,42638,85,15942.9,16268.9,1836.05,3061.1,,30446.57,
2024-09-11T14:00:00-05:00,22.32,21.19,21.103,,,,63723.96,43692,86,16277.4,16089,2147.64,3209.3,,31528.71,
2024-09-11T15:00:00-05:00,21.15,21.197,21.117,,,,66156.74,45068,86,16069.52,15493.9,2443.29,3386,,32455.93,
2024-09-11T16:00:00-05:00,24.43,21.338,21.258,,,,67356.15,45140,87,16983.41,15179.7,2770.4,3627.4,,32444.65,
2024-09-11T17:00:00-05:00,25.43,22.907,22.825,,,,67465.73,47539,86,14859.33,13150.9,3313.84,3929.8,,33636.88,
2024-09-11T18:00:00-05:00,46.45,30.677,30.38,,,,65876.62,50976,84,9403.81,8250.7,4066.42,4456,,35738.19,
2024-09-11T19:00:00-05:00,68.59,33.48,36.165,,,,64142.09,56983,81,1369.12,1121.4,4210.88,5617.1,,38405.56,
2024-09-11T20:00:00-05:00,43.18,26.835,26.222,,,,62527.32,55532,79,0.63,0.3,5778.28,7480.4,,37998.88,
2024-09-11T21:00:00-05:00,27.4,23.145,22.555,,,,59649.52,50877,77,0.67,0,8073.83,9230.7,,35864.06,
2024-09-11T22:00:00-05:00,21.58,20.745,20.34,,,,55804.66,45896,76,0.82,0,9820.96,10479.2,,32071.15,
2024-09-11T23:00:00-05:00,19.41,17.342,17.12,,,,52187.43,41075,74,0.91,0,11317.15,11406.5,,28270.82,
2024-09-12T00:00:00-05:00,16.13,15.655,15.605,,,,49469.72,38018,73,0.86,0,11901.49,13175.8,,26256.26,
2024-09-12T01:00:00-05:00,14.24,13.963,13.943,,,,47008.21,35955,72,0.86,0,11820.72,12771.5,,24847.21,
2024-09-12T02:00:00-05:00,13.41,13.41,13.41,,,,45515.81,34767,71,0.86,0,11333.67,11918.8,,24045.22,
2024-09-12T03:00:00-05:00,12.98,13.49,13.49,,,,44654.73,34898,71,0.86,0,10551.2,10827.3,,24257.43,
2024-09-12T04:00:00-05:00,15.45,13.875,13.875,,,,44508.25,35617,70,0.86,0,9403.85,9552.5,,24816.52,
2024-09-12T05:00:00-05:00,17.85,16.825,16.825,,,,45593.43,37817,70,0.87,0,8384.56,8380.4,,27061.33,
2024-09-12T06:00:00-05:00,22.51,19.67,19.67,,,,47776.12,40935,70,0.86,0,7578.93,7471.4,,29113.52,
2024-09-12T07:00:00-05:00,21.58,19.957,19.957,,,,48406.73,42361,70,332.63,637,6531.96,6861.6,,29875.9,
2024-09-12T08:00:00-05:00,15.68,16.115,16.115,,,,49348.89,39458,73,5288.47,7060.6,5448.27,5800.4,,27955.05,
2024-09-12T09:00:00-05:00,13.89,14.08,14.03,,,,51764.82,36330,76,12340.02,14519.8,3902.29,4626,,26104.25,
2024-09-12T10:00:00-05:00,14.15,12.635,12.578,,,,54372.78,34709,78,15337.46,17359.6,4602.3,4748.8,,24685.23,
2024-09-12T11:00:00-05:00,14.47,13.46,13.368,,,,57199.79,35316,82,16520.74,18651.6,5217.41,5118.3,,25405.3,
2024-09-12T12:00:00-05:00,17.07,14.493,14.348,,,,60184.44,36790,84,17711.42,19150.6,5432.12,5261.4,,26918.75,
2024-09-12T13:00:00-05:00,19.4,17.073,17.005,,,,63226.29,39311,86,18448.04,19618.5,5191.39,5281.8,,28942.8,
2024-09-12T14:00:00-05:00,20.74,17.662,17.592,,,,66136.7,41295,88,18761.56,19691.6,5342.77,5316.4,,30172.65,
2024-09-12T15:00:00-05:00,22.47,17.777,17.68,,,,68613.81,41822,88,18808.91,19683.6,5477.71,5545.6,,30316.84,
2024-09-12T16:00:00-05:00,24.15,18.85,18.772,,,,70505.29,43150,89,18343.58,19567.5,6019.77,6044.7,,31218.3,
2024-09-12T17:00:00-05:00,26.73,19.52,19.497,,,,71018.92,43871,89,17212.23,17311.4,6797.1,6809.6,,31588.62,
2024-09-12T18:00:00-05:00,42.09,25.865,25.545,,,,69681.18,49432,87,10000.48,9773.1,7546.98,7953.1,,34767.24,
2024-09-12T19:00:00-05:00,71.18,27.755,27.297,,,,67283.56,56073,83,1341.96,1055.5,7784.62,9841.8,,37879.9,
2024-09-12T20:00:00-05:00,39.65,23.432,23.06,,,,65086.5,53556,80,1.06,0,9976.58,12630.6,,36578.42,
2024-09-12T21:00:00-05:00,24.77,20.168,19.98,,,,62204.16,47967,77,0.5,0,12838.79,15319.6,,33605.53,
2024-09-12T22:00:00-05:00,18.63,18.092,18.092,,,,58461.72,42326,77,0.59,0,14863.84,17108,,29331.27,
2024-09-12T23:00:00-05:00,15.93,14.247,14.247,,,,54695.04,36201,75,0.65,0,17173.9,18345.2,,24540.61,
2024-09-13T00:00:00-05:00,13.43,13.055,13.04,,,,50756.6,31503,74,0.7,0,18751.86,18331.5,,20151.4,
2024-09-13T01:00:00-05:00,11.81,10.87,10.858,,,,48315.53,29310,73,0.79,0,18790.46,18580.6,,18204.75,
2024-09-13T02:00:00-05:00,10.45,7.53,7.53,,,,46666.63,27644,72,0.71,0,18746.76,18303.7,,16514.2,
2024-09-13T03:00:00-05:00,9.66,8.478,8.478,,,,45428.43,27193,70,0.71,0,18107.56,17843.3,,16573.64,
2024-09-13T04:00:00-05:00,9.67,8.213,8.213,,,,45030.52,27201,70,0.69,0,17628.73,17020.8,,16790.05,
2024-09-13T05:00:00-05:00,12.24,10.085,10.085,,,,45811.47,28378,69,0.73,0,17383.73,16025,,17902.84,
2024-09-13T06:00:00-05:00,14.82,12.39,12.39,,,,47542.04,30272,68,0.71,0,17421.74,15203.3,,19751.68,
2024-09-13T07:00:00-05:00,14.96,12.25,12.25,,,,48151.4,30705,70,967.13,808.5,16471.73,14542.7,,19954.1,
2024-09-13T08:00:00-05:00,10.61,2.885,2.885,,,,49747.66,26737,75,9318.54,9193.1,14287.88,13097.5,,16770.41,
2024-09-13T09:00:00-05:00,5.78,0.01,0.01,,,,52951.17,24962,79,17117.16,18162.9,12055.24,11649.5,,16000.7,
2024-09-13T10:00:00-05:00,9.69,3.567,3.332,,,,56572.81,25208,84,19100.41,20510.1,13130.15,11617.4,,16354.31,
2024-09-13T11:00:00-05:00,12.67,12.17,11.205,,,,60385.87,28407,88,20496.28,20930.2,12314.8,11439.7,,19430.83,
2024-09-13T12:00:00-05:00,15.81,17.03,16.113,,,,64259.69,33954,91,20862.15,20883.8,10190.88,10507.7,,24408.49,
2024-09-13T13:00:00-05:00,18.92,20.002,18.317,,,,68030.23,39112,93,20732.75,21053.3,8946.74,9762.3,,28395.52,
2024-09-13T14:00:00-05:00,22.52,21.287,20.47,,,,71130.44,42783,94,20269.13,21310,8397.54,9384.5,,30813.85,
2024-09-13T15:00:00-05:00,24.3,21.297,20.393,,,,73353.13,44412,95,19832.28,21475.8,8470.31,9469.6,,31766.82,
2024-09-13T16:00:00-05:00,25.73,24.843,21.077,,,,74782.65,45740,96,19359.52,21080.9,8535.06,9966.1,,32615.54,
2024-09-13T17:00:00-05:00,25.92,22.878,22.847,,,,74601.44,47996,95,16632.92,18477.8,9060.58,10667.8,,33691.6,
2024-09-13T18:00:00-05:00,48.32,46.588,46.588,,,,72264.28,53921,92,8565.89,9727.8,10120.27,11569.2,,37015.67,
2024-09-13T19:00:00-05:00,51.07,31.425,31.402,,,,69017.34,58240,88,1030.2,900.7,11444.53,13447.1,,39221.13,
2024-09-13T20:00:00-05:00,25.55,22.207,22.188,,,,66373.21,53042,85,0.68,0,15940.7,16829.1,,36605.23,
2024-09-13T21:00:00-05:00,20.86,18.787,18.787,,,,63198.1,45731,84,1.05,0,20119.29,19865.9,,32300.09,
2024-09-13T22:00:00-05:00,18.01,16.362,16.287,,,,60112.55,40474,82,0.98,0,22181.14,21599.7,,27957.78,
2024-09-13T23:00:00-05:00,15.59,14.185,13.788,,,,56969.55,36370,82,0.96,0,23052.35,22664.4,,24546.3,
2024-09-14T00:00:00-05:00,15.55,14.357,14.098,,,,55107.59,33344,81,0.97,0,22887.39,22701.8,,21915.83,
2024-09-14T01:00:00-05:00,13.5,13.62,13.38,,,,52443.05,32187,79,0.98,0,21706.92,22295.7,,20974.88,
2024-09-14T02:00:00-05:00,12.34,12.91,12.812,,,,50519.1,31297,79,0.99,0,20276.78,21326.3,,20325.67,
2024-09-14T03:00:00-05:00,12.52,11.988,11.902,,,,49009.46,30758,78,1,0,19439.88,20159,,19762.98,
2024-09-14T04:00:00-05:00,12.34,11.932,11.872,,,,48146.16,30720,77,1.01,0,18532.58,18925.9,,19647.18,
2024-09-14T05:00:00-05:00,13.56,12.722,12.722,,,,47975.65,31227,76,1.01,0,17697.16,17866.5,,20413.4,
2024-09-14T06:00:00-05:00,14.16,13.888,13.888,,,,48434.64,32263,76,1.05,0,17019.98,16768.6,,21533.72,
2024-09-14T07:00:00-05:00,14.99,14.58,14.58,,,,48651.73,33317,76,652.95,624.5,15542.46,15382.3,,22441.17,
2024-09-14T08:00:00-05:00,14.19,13.963,13.963,,,,51064.22,32574,79,5886.87,6362.2,13292.2,13139.8,,21921.42,
2024-09-14T09:00:00-05:00,14.71,14.765,14.765,,,,54882.45,32199,83,11836.71,12972.3,11142.65,10478.9,,22025.89,
2024-09-14T10:00:00-05:00,16.35,14.858,14.84,,,,58237.01,32828,86,15199.69,16060.6,10826.61,9282.6,,22648.93,
2024-09-14T11:00:00-05:00,18.97,18.475,17.305,,,,61883.42,36169,89,16494.54,17426.8,9773.25,8442.2,,25856.72,
2024-09-14T12:00:00-05:00,20.74,20.803,19.347,,,,66030.37,40487,92,17348.91,18116.3,8597.94,7572,,29176.38,
2024-09-14T13:00:00-05:00,24.25,24.517,23,,,,69719.71,44201,93,17450.28,18930.2,8055.94,7094.6,,31290.26,
2024-09-14T14:00:00-05:00,27.71,22.92,22.52,,,,72810.17,46786,94,16773.5,19076.8,8475.67,7270.4,,32621.31,
2024-09-14T15:00:00-05:00,27.75,22.263,21.633,,,,75015.87,47518,95,15464.75,18804.3,9977.43,8029.8,,33101.12,
2024-09-14T16:00:00-05:00,31.98,23.795,23.34,,,,76288.26,48861,95,13434.94,17270.9,10932.41,8821.7,,33836.37,
2024-09-14T17:00:00-05:00,39.29,25.68,25.605,,,,76074.93,50885,93,10062.95,14287.2,11850.4,9565.2,,34947.16,
2024-09-14T18:00:00-05:00,68.79,38.017,38.665,,,,74055.67,56020,91,4700.18,7127.1,11236.74,10334.4,,38102.07,
2024-09-14T19:00:00-05:00,72.09,47.752,47.278,,,,71179.29,59004,88,688.16,784.6,10110.61,11338.1,,39255.32,
2024-09-14T20:00:00-05:00,35.74,35.298,35.365,,,,68728.84,57266,86,0.75,0,10828.54,13136.5,,39220.19,
2024-09-14T21:00:00-05:00,26.45,26.452,26.48,,,,65455.06,54020,84,0.86,0,11797.53,14802.3,,37351.32,
2024-09-14T22:00:00-05:00,21.07,26.723,26.723,,,,61939.18,50713,83,0.99,0,11889.83,15850,,33996.54,
2024-09-14T23:00:00-05:00,20.25,25.045,25.045,,,,58333.51,48134,81,1,0,11263.74,16607.1,,31689.95,
2024-09-15T00:00:00-05:00,20.03,23.6,23.6,,,,55172.2,45033,80,0.99,0,11397.29,15897.2,,28855.32,
2024-09-15T01:00:00-05:00,18.69,21.688,21.688,,,,52727.11,42016,79,1.02,0,11950.53,15320.8,,27285.47,
2024-09-15T02:00:00-05:00,17.48,20.287,20.287,,,,50736.05,39657,78,1.02,0,12235.55,14630.1,,26354.44,
2024-09-15T03:00:00-05:00,16.63,19.68,19.68,,,,49307.87,38634,77,1.02,0,11571.13,13918,,25756.12,
2024-09-15T04:00:00-05:00,16.77,19.557,19.557,,,,48293.82,38142,76,1.04,0,10793.72,12937.3,,25412.8,
2024-09-15T05:00:00-05:00,16.84,20.878,20.878,,,,47877,38729,76,1.05,0,9662.29,11995.7,,25830.49,
2024-09-15T06:00:00-05:00,17.37,21.628,21.628,,,,47942.22,39916,75,1.06,0,8326.86,11009.9,,26579.76,
2024-09-15T07:00:00-05:00,16.79,22.283,22.283,,,,47775.58,41195,75,463.76,590.1,6606.49,9818.6,,27210.38,
2024-09-15T08:00:00-05:00,14.9,19.32,19.32,,,,50338.4,39235,78,6558.89,7099.2,4662.8,7830.5,,26220.56,
2024-09-15T09:00:00-05:00,13.85,17.99,17.99,,,,54545.14,36968,82,14097.25,14988.4,2919.22,5543.8,,25149.14,
2024-09-15T10:00:00-05:00,16.2,19.83,19.83,,,,57953.14,37927,85,16212.53,17713,2656.77,4362.7,,25896.41,
2024-09-15T11:00:00-05:00,19.18,20.935,20.935,,,,61419.2,40566,87,17681.36,18583.5,2269.88,3844.4,,28292.32,
2024-09-15T12:00:00-05:00,20.59,21.763,21.743,,,,65444.11,43064,90,18387.31,18901.2,2791.39,3724.4,,30464.75,
2024-09-15T13:00:00-05:00,20.28,22.6,22.578,,,,68945.6,45840,92,18056.47,19447.6,3845.84,4378.2,,31757.46,
2024-09-15T14:00:00-05:00,21.95,23.715,23.715,,,,71729.95,47350,93,17587.59,19804.5,5274.79,5467.2,,32795.69,
2024-09-15T15:00:00-05:00,22.41,25.037,25.037,,,,73651.6,48628,93,17368.48,19897.5,5861.91,6777,,33709.25,
2024-09-15T16:00:00-05:00,26.14,25.307,25.307,,,,74767,50365,92,16397.88,19011.7,6075.92,8038,,34814.27,
2024-09-15T17:00:00-05:00,26.7,30.958,30.958,,,,74666.26,53330,91,12609.28,16147.5,6624.99,9088,,36998.57,
2024-09-15T18:00:00-05:00,43.64,120.417,120.347,,,,72945.76,57691,88,7182.91,8264,6279.52,10158.3,,39409.22,
2024-09-15T19:00:00-05:00,57.92,133.31,131.995,,,,70308.68,61201,84,937.92,805.4,5856.58,11051.3,,40824.69,
2024-09-15T20:00:00-05:00,40.33,55.678,54.703,,,,68086.35,59262,82,0.65,0,6857.56,12379,,40668.57,
2024-09-15T21:00:00-05:00,25.26,27.115,26.5,,,,64941.18,55047,80,0.72,0,8397.72,13908.4,,38222.92,
2024-09-15T22:00:00-05:00,21.38,24.575,24.16,,,,61044.25,49827,79,0.89,0,9751.04,14804.4,,34202.74,
2024-09-15T23:00:00-05:00,18.62,21.565,21.462,,,,56908.83,44885,77,0.89,0,10934.8,15138.8,,30515.78,
2024-09-16T00:00:00-05:00,21.48,21.232,21.222,,,,53280.46,41817,77,0.94,0,10824.54,12078.1,,28224.9,
2024-09-16T01:00:00-05:00,19.98,19.838,19.815,,,,50682.64,40111,76,0.8,0,9948.85,10856.4,,27230.89,
2024-09-16T02:00:00-05:00,19.43,19.807,19.785,,,,48938.74,39657,75,0.64,0,8412.4,9569.8,,27040.9,
2024-09-16T03:00:00-05:00,19.24,20.442,20.423,,,,47974.26,39996,74,0.62,0,7203.44,8416.1,,27167.01,
2024-09-16T04:00:00-05:00,21.02,20.91,20.892,,,,47724.94,40585,73,0.61,0,6707.18,7179.1,,27534.45,
2024-09-16T05:00:00-05:00,23.48,22.488,22.475,,,,48735.92,42400,73,0.62,0,5954.08,6037.4,,28777.84,
2024-09-16T06:00:00-05:00,25.55,26.487,26.463,,,,50675.27,45595,72,0.62,0,5132.35,5063.5,,31108.8,
2024-09-16T07:00:00-05:00,24.51,23.447,24.475,,,,51142.47,46572,72,628.33,574.3,4009.99,4235.3,,30797.09,
2024-09-16T08:00:00-05:00,18.43,20.305,20.395,,,,53047.96,42108,76,8300.52,7191.8,2520.88,3241.7,,27983.34,
2024-09-16T09:00:00-05:00,17.3,19.05,18.872,,,,56481.67,39054,80,16755.8,15084.5,1555.95,2376.4,,26802.83,
2024-09-16T10:00:00-05:00,17.88,19.125,18.92,,,,59603.99,39073,83,18881.03,18133.2,1872.21,2379.6,,26633.77,
2024-09-16T11:00:00-05:00,19.95,22.265,21.895,,,,62971.45,41557,85,19477.2,18957.6,1867.74,2729.5,,27969.33,
2024-09-16T12:00:00-05:00,22.99,23.24,22.915,,,,66424.28,44348,88,19535.19,19253.4,2808.62,3224.9,,29322.57,
2024-09-16T13:00:00-05:00,24.76,30.442,29.795,,,,69761.73,46761,90,19158.63,19906.4,3939.27,3906.8,,30821.53,
2024-09-16T14:00:00-05:00,23.12,24.08,23.722,,,,72336.01,48148,92,18677.13,20211.8,5404.96,4832.4,,32520.29,
2024-09-16T15:00:00-05:00,24.85,23.038,22.972,,,,74242.95,49170,92,17979.6,20193.9,6137.46,5855.5,,33570.48,
2024-09-16T16:00:00-05:00,27.05,23.855,23.122,,,,75541.99,50011,93,16712.81,19242,6652.08,6936.3,,34426.56,
2024-09-16T17:00:00-05:00,30.15,23.818,22.807,,,,75625.33,50949,92,15028.83,16402.2,7302.66,8072.4,,35406.83,
2024-09-16T18:00:00-05:00,47.62,47.918,46.59,,,,74049.05,56024,90,8022.52,8296.5,8323.81,9360.5,,38419.74,
2024-09-16T19:00:00-05:00,61.93,76.983,75.173,,,,71170.08,60687,86,850.02,707.7,8615.64,10295.4,,40617.75,
2024-09-16T20:00:00-05:00,35.35,42.425,41.16,,,,68788.15,58369,84,0.86,0,9922.92,11494.8,,40144.52,
2024-09-16T21:00:00-05:00,24.49,24.19,23.755,,,,65734.29,52626,82,0.93,0,12707.67,12870.6,,36394.51,
2024-09-16T22:00:00-05:00,21.78,22.188,22.247,,,,61571.14,46845,80,1.04,0,14242.3,13924.5,,31912.75,
2024-09-16T23:00:00-05:00,18.6,18.577,18.81,,,,57463.84,42522,79,1.03,0,14581.78,14463,,28783.61,
2024-09-17T00:00:00-05:00,19.9,17.312,17.557,,,,53914.9,39987,77,0.66,0,13988.47,13163,,27003.68,
2024-09-17T01:00:00-05:00,18.27,16.61,16.762,,,,51184.97,38076,77,0.67,0,13065.46,12330.5,,25903.02,
2024-09-17T02:00:00-05:00,17.74,16.293,16.453,,,,49182.58,37193,75,0.7,0,11924.76,11267.1,,25181.97,
2024-09-17T03:00:00-05:00,18.33,16.69,16.697,,,,47974.64,37324,75,0.68,0,10588.92,10185.1,,25462.42,
2024-09-17T04:00:00-05:00,18.86,18.045,17.995,,,,47692.71,38748,74,0.69,0,8888.93,9115.2,,26416.32,
2024-09-17T05:00:00-05:00,21.65,20.695,20.58,,,,48681.36,41019,73,0.69,0,7651.94,8119.6,,28058.27,
2024-09-17T06:00:00-05:00,24.94,22.315,22.128,,,,50665.18,43871,72,0.67,0,6773.14,7252.6,,29569.68,
2024-09-17T07:00:00-05:00,24.56,21.11,20.983,,,,51359.32,44394,72,606.24,550.6,6165.73,6593.6,,29503.66,
2024-09-17T08:00:00-05:00,19.57,16.665,16.658,,,,52984.21,39726,76,8014.4,7247.4,4677.11,5469.1,,26347.36,
2024-09-17T09:00:00-05:00,16.89,13.835,13.842,,,,56174.56,35968,80,15623.75,15491.2,3863.63,4589.4,,24548.55,
2024-09-17T10:00:00-05:00,18.09,12.868,11.205,,,,59283.21,34241,84,17476.22,18361.1,6994.79,4971.1,,22911.33,
2024-09-17T11:00:00-05:00,20.23,17.63,11.808,,,,62876.82,35439,86,17623.7,19176.6,9287.53,5869.3,,24057.49,
2024-09-17T12:00:00-05:00,23.81,20.34,15.355,,,,66327.35,38655,88,18075.41,19340.3,9719.16,6742.1,,27009.54,
2024-09-17T13:00:00-05:00,28.05,22.427,18.753,,,,69647.58,42372,90,17912.75,19233.4,9807.34,7664.5,,29389.56,
2024-09-17T14:00:00-05:00,28.49,52.033,18.832,,,,72196.53,43854,91,17541.03,19402.2,10573.75,8552.3,,29959.2,
2024-09-17T15:00:00-05:00,29.37,40.258,19.62,,,,73987.92,45093,92,16450,19007.4,11376.11,9458.3,,30593.35,
2024-09-17T16:00:00-05:00,31.47,21.892,17.98,,,,75209.54,45091,92,15239.33,17976,13117.43,10537.5,,30538.45,
2024-09-17T17:00:00-05:00,32.09,21.78,17.125,,,,75069.41,44408,92,13662.33,14846.5,15214.03,11943.5,,30040.73,
2024-09-17T18:00:00-05:00,41.68,23.54,20.852,,,,73496.26,48368,90,7403,7446.6,16884.97,13258,,32266.15,
2024-09-17T19:00:00-05:00,48.85,24.723,24.46,,,,70693.41,53259,86,742.38,592.8,16828.95,14061.9,,35004.93,
2024-09-17T20:00:00-05:00,35.48,22.877,22.46,,,,68452.86,50989,84,0.84,0,17351.21,15168.7,,34479.82,
2024-09-17T21:00:00-05:00,23.63,18.525,18.422,,,,65571.11,45784,82,0.98,0,19528.81,16694.7,,31260.98,
2024-09-17T22:00:00-05:00,20.72,17.067,17.155,,,,61648.45,40680,81,1.53,0,20735.82,17889.8,,27527.83,
2024-09-17T23:00:00-05:00,17.24,16.262,14.198,,,,57854.85,37174,79,1.48,0,20812.27,18538.6,,24585.08,
2024-09-18T00:00:00-05:00,16.4,16.44,13.227,,,,55266.79,33544,78,1.34,0,20452.38,18509.2,,21676.97,
2024-09-18T01:00:00-05:00,14.62,15.54,11.732,,,,52441.06,31575,77,1.16,0,20553.33,18245.4,,20159.38,
2024-09-18T02:00:00-05:00,13.71,14.825,10.8,,,,50489.51,30566,76,1.09,0,19987.08,17548.2,,19367.02,
2024-09-18T03:00:00-05:00,13.71,14.02,11.065,,,,49332.67,30430,75,0.99,0,18973.82,16789,,19440.42,
2024-09-18T04:00:00-05:00,14.72,13.97,12.75,,,,48892.94,31071,75,0.69,0,17979.58,15804.2,,20368.59,
2024-09-18T05:00:00-05:00,16.88,16.215,15.842,,,,49788.17,33736,75,0.69,0,16368.07,14889,,22752.2,
2024-09-18T06:00:00-05:00,18.44,19.985,19.672,,,,51794.23,37119,74,0.69,0,15160.72,14139.3,,24825.78,
2024-09-18T07:00:00-05:00,17.56,17.347,16.693,,,,52551.53,36883,75,561.49,555.4,15103.28,13293.5,,23983.47,
2024-09-18T08:00:00-05:00,16.08,14.228,13.875,,,,54298.21,33139,78,7495.52,7118.3,13439.99,11994.3,,21139.88,
2024-09-18T09:00:00-05:00,14.94,13.043,8.213,,,,57867.09,29838,81,14677.01,14958.7,13289.74,11830.2,,18663.1,
2024-09-18T10:00:00-05:00,16.73,17.445,8.33,,,,61500.94,30514,85,15676.84,17743.2,15036.01,12907.5,,19633.11,
2024-09-18T11:00:00-05:00,18.13,21.568,11.803,,,,65170.46,33040,88,17421.54,18789.9,14707.29,12433,,21151.95,
2024-09-18T12:00:00-05:00,21.97,36.295,18.535,,,,68824.73,37707,91,18556.6,19100.5,12822.92,11532,,24242.89,
2024-09-18T13:00:00-05:00,26.37,29.237,24.003,,,,72197.36,43186,92,18890.91,19456.8,10849.93,11048.3,,28515.49,
2024-09-18T14:00:00-05:00,27.36,22.523,19.62,,,,74775.82,44926,93,18537.68,19822.7,10820.84,11131.6,,29969.37,
2024-09-18T15:00:00-05:00,30.11,23.303,18.005,,,,76427.63,45016,94,18428.55,19721.9,11925.54,11647.8,,30191.57,
2024-09-18T16:00:00-05:00,31.9,23.465,16.315,,,,77492.43,44401,95,17873.8,18679.3,13584.97,12611.7,,29591.87,
2024-09-18T17:00:00-05:00,32.81,22.845,17.165,,,,77476.82,44700,93,15828.77,15432,15103.58,13952.2,,29785.3,
2024-09-18T18:00:00-05:00,45.26,26.44,25.247,,,,75585.23,49671,92,8322.41,7350.3,16830.2,15086,,32846.17,
2024-09-18T19:00:00-05:00,52.14,30.11,29.942,,,,72824.15,55457,88,747.24,571.9,17021.11,16000.1,,36036.1,
2024-09-18T20:00:00-05:00,34.74,28.863,29.993,,,,70490.47,53331,86,0.75,0,17589.44,17330.6,,35384.02,
2024-09-18T21:00:00-05:00,24.88,22.61,21.918,,,,67313.76,48749,85,0.93,0,19443.47,18995.8,,32428.75,
2024-09-18T22:00:00-05:00,20.56,21.76,19.438,,,,63381.7,43578,83,1.09,0,20684.53,20279.3,,28622.4,
2024-09-18T23:00:00-05:00,17.66,17.86,15.613,,,,59445.8,38906,82,1.15,0,21493.7,21226.3,,25300.15,
2024-09-19T00:00:00-05:00,16.12,16.945,15.465,,,,55734.78,35299,80,1.15,0,21741.26,21409.7,,22328.16,
2024-09-19T01:00:00-05:00,15.12,15.77,14.477,,,,53122.7,33189,80,1.19,0,21488.27,21116.4,,20998.53,
2024-09-19T02:00:00-05:00,14.14,14.915,12.957,,,,51343.19,32068,79,1.19,0,20724.47,20372.6,,20403.96,
2024-09-19T03:00:00-05:00,13.76,15.213,13.828,,,,50086.09,32173,78,1.19,0,19654.78,19450.7,,20813.97,
2024-09-19T04:00:00-05:00,14.32,15.74,14.825,,,,49720.98,32889,78,1.18,0,18528,18241,,21595.37,
2024-09-19T05:00:00-05:00,15.78,17.9,17.05,,,,50691.36,35401,77,1.17,0,16935.88,16801.3,,23258.79,
2024-09-19T06:00:00-05:00,19.08,22.58,22.45,,,,52679.99,38773,76,1.17,0,15566.02,15201.8,,25132.7,
2024-09-19T07:00:00-05:00,20.1,21.227,21.19,,,,53389.74,39828,77,657.6,550.6,14130.98,13526.2,,25131.47,
2024-09-19T08:00:00-05:00,17.12,17.412,17.255,,,,55018.04,37093,80,8014.71,7109.7,11473.45,11754.4,,23939.45,
2024-09-19T09:00:00-05:00,15.55,16.137,12.928,,,,58326.58,34035,83,15557.87,15263.5,10974.88,10819.4,,21651.05,
2024-09-19T10:00:00-05:00,20.2,25.445,12.053,,,,62180.26,35001,87,17226.93,18120.3,12418.99,9893.6,,22421.48,
2024-09-19T11:00:00-05:00,24.25,21.935,15.582,,,,66123.49,39592,90,18894.49,19148.5,9885.01,7813,,26300.82,
2024-09-19T12:00:00-05:00,29.08,24.865,22.745,,,,70183.5,45157,92,19158.92,19428.7,7548.4,6221.5,,30270.52,
2024-09-19T13:00:00-05:00,32.39,25.05,24.145,,,,73815.82,49175,94,19126,19953.1,7013.84,5731.3,,33002.54,
2024-09-19T14:00:00-05:00,37.15,25.415,22.467,,,,76340.03,49036,95,19049.3,20293.6,8462.84,6032.9,,33584.02,
2024-09-19T15:00:00-05:00,37.46,24.198,22.238,,,,77591.22,49009,96,18378.84,20230.4,10104.95,6680.5,,33695.21,
2024-09-19T16:00:00-05:00,39.07,23.543,20.338,,,,78218.38,48200,96,17885.47,19103,11635.36,7525.8,,33353.16,
2024-09-19T17:00:00-05:00,45.64,23.07,21.838,,,,77631.84,49141,94,15502.56,15871.5,12782.94,8538.3,,34462.33,
2024-09-19T18:00:00-05:00,104.68,32.735,32.493,,,,75521.3,53903,92,8041.36,7467.5,14233.67,9727.6,,37558.23,
2024-09-19T19:00:00-05:00,109.09,33.443,33.85,,,,72851.52,59347,89,654.77,539.7,14408.02,11533.1,,40206.68,
2024-09-19T20:00:00-05:00,50.36,28.263,28.463,,,,70637.93,57238,87,0.42,0,15292.47,13910.9,,39373.08,
2024-09-19T21:00:00-05:00,27.84,23.53,23.355,,,,67534.99,52037,85,0.56,0,17357.5,16013.7,,35637.34,
2024-09-19T22:00:00-05:00,24.33,21.665,21.365,,,,63724.74,46879,83,0.72,0,18801.33,17544.4,,31859.04,
2024-09-19T23:00:00-05:00,18.93,20.5,20.23,,,,59829.24,41960,82,0.75,0,19372.97,18630.8,,28059.93,
2024-09-20T00:00:00-05:00,18.25,18.338,17.842,,,,57219.99,38956,81,0.73,0,18878.46,18788.4,,25872,
2024-09-20T01:00:00-05:00,16.12,16.368,15.825,,,,54467.7,36490,80,0.75,0,18443.5,18501.5,,24466.68,
2024-09-20T02:00:00-05:00,14.57,16.143,15.523,,,,52448.24,34984,79,0.75,0,18012.34,17706.5,,23408.32,
2024-09-20T03:00:00-05:00,14.53,16.01,15.255,,,,51135.1,34480,78,0.76,0,17273.88,16757.7,,23011.32,
2024-09-20T04:00:00-05:00,15.91,16.808,16.08,,,,50596.58,35239,78,0.77,0,16099.99,15445.9,,23676.95,
2024-09-20T05:00:00-05:00,18.39,19.89,19.35,,,,51443.51,37569,77,0.8,0,14618.84,13988.3,,25419.34,
2024-09-20T06:00:00-05:00,21.06,23.745,23.392,,,,53284.83,40903,77,0.76,0,13078.21,12612.6,,27210.58,
2024-09-20T07:00:00-05:00,21.11,22.505,22.415,,,,53893.13,42331,77,616.51,527.1,11319.95,11146.8,,27270.02,
2024-09-20T08:00:00-05:00,18.2,18.46,18.445,,,,56051.64,39086,81,8070.26,6983.9,9326.98,9372.6,,25660.63,
2024-09-20T09:00:00-05:00,15.57,17.012,17.182,,,,60064.05,36668,84,15754.54,15067.2,7849.76,7943.6,,24778.23,
2024-09-20T10:00:00-05:00,19.86,18.785,16.54,,,,63908.04,37104,88,18582.21,18081.3,9128.99,7697.1,,25414.72,
2024-09-20T11:00:00-05:00,22.55,21.088,19.495,,,,67774.43,40630,90,19460.77,19090.9,8529.65,7561.3,,28179.86,
2024-09-20T12:00:00-05:00,25.44,23.99,21.788,,,,71518.25,44150,92,19642.39,19456.6,8701.36,7413.5,,29926.06,
2024-09-20T13:00:00-05:00,30.52,23.427,21.452,,,,74928.88,45623,94,19728.55,20036.5,10367.32,7940.3,,30827.65,
2024-09-20T14:00:00-05:00,32.8,23.067,20.332,,,,77060.84,46343,95,19411.48,20378.4,11752.36,9089,,31031.92,
2024-09-20T15:00:00-05:00,32.46,22.623,19.653,,,,78079.44,46052,96,19146.76,20396.7,12550.2,10418.1,,30380.68,
2024-09-20T16:00:00-05:00,37.09,23.317,19.273,,,,78526.36,45995,96,18472.67,19772.1,13147.86,11794.4,,30708.11,
2024-09-20T17:00:00-05:00,34.69,24.575,21.582,,,,77986.63,47322,95,16042.91,16532.1,13670.2,13121.7,,32022.46,
2024-09-20T18:00:00-05:00,43.42,87.623,89.377,,,,76156.57,54774,92,7824.96,7667.2,13030.2,14375.3,,36468.28,
2024-09-20T19:00:00-05:00,56.13,182.41,186.278,,,,73362.88,60455,88,579.87,495.8,11000.83,15734.2,,39911.22,
2024-09-20T20:00:00-05:00,33.55,44.822,45.502,,,,70954.71,57533,86,0.48,0,12198.35,17085.1,,39287.25,
2024-09-20T21:00:00-05:00,25.06,24.71,24.365,,,,67917.11,52768,85,0.61,0,15023.22,18492.3,,35693.02,
2024-09-20T22:00:00-05:00,22.8,21.96,21.352,,,,64391.77,47173,83,0.73,0,16989.4,19689.2,,31625.25,
2024-09-20T23:00:00-05:00,18.25,20.66,19.343,,,,60740.15,42766,82,0.82,0,17943.52,20546.7,,28637.8,
2024-09-21T00:00:00-05:00,21.46,20.345,19.148,,,,57401.27,39107,81,0.94,0,18284.87,17996.8,,25453.23,
2024-09-21T01:00:00-05:00,19.92,20.4,19.718,,,,54596.45,37668,80,0.85,0,17131.56,17257.3,,24203.51,
2024-09-21T02:00:00-05:00,18.26,20.452,19.695,,,,52464.3,36926,78,0.83,0,15667.92,16452.2,,23930.42,
2024-09-21T03:00:00-05:00,18.08,20.202,20.355,,,,50915.7,36950,78,0.86,0,14199.55,15640.4,,23926.12,
2024-09-21T04:00:00-05:00,18.38,19.05,19.178,,,,49927.31,36418,77,0.88,0,13666.44,14591.8,,23710.17,
2024-09-21T05:00:00-05:00,19.24,19.907,20.057,,,,49686.95,36871,76,0.87,0,12838.13,13603.3,,24027.1,
2024-09-21T06:00:00-05:00,17.1,20.65,20.757,,,,50082.4,37902,75,0.87,0,12027.36,12870.6,,24800.13,
2024-09-21T07:00:00-05:00,17.1,18.87,18.607,,,,50326.58,37706,76,601.62,485.1,11945.92,12138.2,,24633.23,
2024-09-21T08:00:00-05:00,14.9,16,15.605,,,,52637.84,34117,80,7564.77,6211.2,11187.84,11213.5,,22168.56,
2024-09-21T09:00:00-05:00,13.15,13.09,12.91,,,,56628.88,29537,83,15376.12,13666.8,12434.57,11308.1,,18954.68,
2024-09-21T10:00:00-05:00,14.92,14.492,11.592,,,,60579.72,28739,87,17596.17,16908.1,15987.21,12373,,18576.28,
2024-09-21T11:00:00-05:00,20.24,19.637,14.385,,,,64488.59,31649,89,18122.66,18087.9,16624.8,12765.7,,21106.5,
2024-09-21T12:00:00-05:00,22.5,21.46,15.82,,,,68165.16,34978,91,18039.21,18664.5,16298.58,13275.8,,23575.25,
2024-09-21T13:00:00-05:00,24.36,21.65,19.153,,,,71276.28,37772,92,17855,19301.5,16386.31,14222.4,,25414.72,
2024-09-21T14:00:00-05:00,26.89,22.153,19.523,,,,73281.84,39640,94,17619.68,19642.4,17093.15,15227.1,,26092.15,
2024-09-21T15:00:00-05:00,30.4,23.445,18.797,,,,74636.38,40409,94,16680.49,19547.8,18596.93,16418.6,,26577.85,
2024-09-21T16:00:00-05:00,30.79,23.15,18.555,,,,75131.98,40530,94,15987.29,18455.5,19851.26,17858.2,,26658.22,
2024-09-21T17:00:00-05:00,27.94,22.855,18.395,,,,74482.91,40789,92,13842.52,15036.5,21299.63,19136.6,,26872.72,
2024-09-21T18:00:00-05:00,32.51,24.375,24.852,,,,72545.33,44826,90,6254.15,6587.5,22489.24,19716.7,,29291.28,
2024-09-21T19:00:00-05:00,30.94,23.882,24.027,,,,69672.89,48675,87,337.26,363.4,21571.03,19570.2,,31113.28,
2024-09-21T20:00:00-05:00,26.5,23.662,23.748,,,,67406.71,48358,85,0.37,0,19521.92,19788.6,,31004.15,
2024-09-21T21:00:00-05:00,21.42,21.633,21.66,,,,64473.61,45591,84,0.47,0,19560.14,20637.7,,29728.58,
2024-09-21T22:00:00-05:00,20.89,20.905,20.91,,,,61228.8,42634,82,0.55,0,19327.7,21313.2,,28074.69,
2024-09-21T23:00:00-05:00,17.26,19.092,19.112,,,,57956.57,39304,80,0.58,0,19514.44,21621.6,,25966.06,
2024-09-22T00:00:00-05:00,17.53,22.09,22.432,,,,55290.45,38272,79,0.6,0,17645.08,21151,,24049.32,
2024-09-22T01:00:00-05:00,15.52,20.23,20.518,,,,52783.63,36972,78,0.65,0,16496.91,20357.9,,23260.18,
2024-09-22T02:00:00-05:00,14.68,18.073,18.337,,,,50871.49,34705,77,0.71,0,16518.4,19374.6,,22329.13,
2024-09-22T03:00:00-05:00,14.63,17.033,17.155,,,,49367.05,33293,76,0.72,0,16540.74,18279.2,,21813.68,
2024-09-22T04:00:00-05:00,15.45,16.897,17.093,,,,48336.42,32994,75,0.72,0,15833.47,16727.6,,21576.04,
2024-09-22T05:00:00-05:00,16.77,16.595,16.772,,,,47947.69,32644,75,0.72,0,15544.66,15087.6,,21391.15,
2024-09-22T06:00:00-05:00,17.26,18.15,18.33,,,,47963.21,33885,74,0.73,0,14154.62,13588.8,,22120.85,
2024-09-22T07:00:00-05:00,16.65,19.785,19.972,,,,47985.01,35988,75,538.78,442.7,11640.28,12430.1,,22954.03,
2024-09-22T08:00:00-05:00,12.93,16.68,16.812,,,,50101.53,33658,78,6632.66,5463.7,10045.67,11813,,21569.15,
2024-09-22T09:00:00-05:00,11.22,17.355,17.37,,,,53715.71,33070,81,11347.95,11685.8,9919.49,11913.6,,21575.02,
2024-09-22T10:00:00-05:00,13.78,20.71,20.652,,,,57319.91,35120,84,12860.71,13967.4,10306.58,11756.4,,22500.2,
2024-09-22T11:00:00-05:00,17.33,22.248,22.085,,,,60982.55,38843,86,14770.1,15128.8,9326.66,10481.5,,24757.85,
2024-09-22T12:00:00-05:00,21.84,22.965,22.843,,,,64561.18,42200,88,15266.57,15863.1,8894.6,9476.6,,26813.02,
2024-09-22T13:00:00-05:00,23.52,22.955,22.775,,,,67616.83,44346,89,15360.16,16592.1,9829.08,9295.6,,28872.13,
2024-09-22T14:00:00-05:00,25.37,23.512,23.252,,,,69816.31,45095,89,15128.7,16471.8,11689.04,9706.7,,29156.61,
2024-09-22T15:00:00-05:00,27.95,24.435,24.122,,,,71302.73,45832,90,13867.85,15830.4,13878.41,10583.5,,30004.92,
2024-09-22T16:00:00-05:00,28.21,22.858,22.543,,,,72163.28,45933,89,12095.75,14176.1,16214.79,11993.2,,30697.16,
2024-09-22T17:00:00-05:00,26.87,21.392,21.237,,,,71807.67,44762,88,10457.08,11164.1,19076.03,14266.9,,29954.61,
2024-09-22T18:00:00-05:00,31.42,25.223,25.475,,,,70147.78,48508,86,4341.86,4753,19199.88,16423.6,,31783.59,
2024-09-22T19:00:00-05:00,29.45,62.237,71.285,,,,67698.97,51243,84,230.04,296.9,18286.01,17454.7,,33120.62,
2024-09-22T20:00:00-05:00,24.18,23.257,23.753,,,,66023.88,49274,83,0.31,0,18546.27,18326.6,,32388.96,
2024-09-22T21:00:00-05:00,20.7,24.515,24.528,,,,63419.37,48133,82,0.43,0,17340,18634,,31599.61,
2024-09-22T22:00:00-05:00,21.86,23.97,23.97,,,,59730.65,46367,80,0.48,0,15394.03,18107.1,,30103.12,
2024-09-22T23:00:00-05:00,18.56,22.572,22.572,,,,55786.95,44430,78,0.49,0,13197.99,17308.5,,28794.68,
2024-09-23T00:00:00-05:00,21.47,21.428,21.428,,,,52718.96,41146,76,0.51,0,12634.65,10879.3,,26710.87,
2024-09-23T01:00:00-05:00,21.29,20.87,20.87,,,,50051.14,39592,75,0.52,0,11761.58,9790.6,,26216.99,
2024-09-23T02:00:00-05:00,20.63,21.12,21.12,,,,48408.55,39909,74,0.55,0,9777.45,8947.8,,26336.76,
2024-09-23T03:00:00-05:00,20.31,21.39,21.39,,,,47538.94,40194,72,0.52,0,8706,8087.1,,26550.57,
2024-09-23T04:00:00-05:00,21.39,22.292,22.292,,,,47510.22,41964,72,0.57,0,7197.13,7268.1,,27467.03,
2024-09-23T05:00:00-05:00,24.15,24.635,24.635,,,,48703.01,44367,72,0.58,0,5743.25,6612.4,,28523.25,
2024-09-23T06:00:00-05:00,27.22,28.82,29.05,,,,51064.27,46651,71,0.54,0,5282.05,6071.9,,30057.65,
2024-09-23T07:00:00-05:00,26.34,28.968,30.468,,,,51844.55,48069,71,282.99,329.6,4341.76,5453.4,,30817.47,
2024-09-23T08:00:00-05:00,21.53,25.132,26.788,,,,52725.56,46822,73,3235.55,3851.7,3740.46,4635.8,,29631.64,
2024-09-23T09:00:00-05:00,22,24.99,25.557,,,,54916.41,46405,75,6320.08,8226.7,3221.95,3787.9,,29697.23,
2024-09-23T10:00:00-05:00,24.57,28.85,29.407,,,,57689.82,47756,77,8233.38,10615.5,2150.21,2994.8,,30887.1,
2024-09-23T11:00:00-05:00,28.34,26.98,26.86,,,,60407.48,48606,79,10924.79,12161.7,1255.29,2186.1,,31995.79,
2024-09-23T12:00:00-05:00,31.01,29.135,29.82,,,,63091.38,49239,81,12936.25,13284,673.06,1672.7,,32692.28,
2024-09-23T13:00:00-05:00,35.59,24.615,24.58,,,,65517.82,49603,82,14866.76,14890.7,681.59,1475.9,,33295.03,
2024-09-23T14:00:00-05:00,38.5,28.655,28.688,,,,67184.23,50815,83,14986.75,15072.6,945.44,1480.2,,34207.66,
2024-09-23T15:00:00-05:00,38.68,27.49,27.845,,,,68154.82,51532,84,15025.79,14396,1489.8,1566.6,,34953.27,
2024-09-23T16:00:00-05:00,38.07,28.86,29.072,,,,68724.75,51980,84,14783.02,13957.1,1792.54,1723.2,,35332.17,
2024-09-23T17:00:00-05:00,45.86,37.947,38.642,,,,68287.74,53956,85,12477.79,11154.7,2086.56,1997.9,,36953.09,
2024-09-23T18:00:00-05:00,60.59,84.658,109.898,,,,66586.2,57486,82,6560.43,5033.8,2540.48,2491.1,,38692.67,
2024-09-23T19:00:00-05:00,59.05,100.695,167.205,,,,64474.87,60333,80,486.42,373.1,2551.32,3308.6,,39847.65,
2024-09-23T20:00:00-05:00,42.1,138.55,147.775,,,,63206.14,59148,78,0.81,0,3186.7,4263.3,,40024.47,
2024-09-23T21:00:00-05:00,31.59,72.825,81.148,,,,60784.88,56507,77,0.9,0,3743.24,5047.8,,39077.4,
2024-09-23T22:00:00-05:00,26.49,34.835,39.438,,,,57295.89,53050,76,1,0,4119.93,5514.2,,36019.99,
2024-09-23T23:00:00-05:00,25,27.2,28.682,,,,53748.34,49201,75,0.99,0,4764.02,5706.9,,32676.78,
2024-09-24T00:00:00-05:00,24.73,26.28,27.872,,,,50904.85,46117,74,0.51,0,5081.56,6311.4,,29614.06,
2024-09-24T01:00:00-05:00,23.34,23.933,25.758,,,,48484.18,44377,73,0.5,0,4804.76,6216.1,,28393.59,
2024-09-24T02:00:00-05:00,22.21,22.527,23.695,,,,46999.95,42904,73,0.52,0,4710,5897.9,,27766.78,
2024-09-24T03:00:00-05:00,21.56,22.73,23.375,,,,46155.83,41988,72,0.52,0,4650.71,5767.1,,27532.68,
2024-09-24T04:00:00-05:00,21.61,22.92,23.42,,,,46183.27,42321,72,0.52,0,4391.98,5450.3,,28026.38,
2024-09-24T05:00:00-05:00,23.56,23.988,24.765,,,,47512.07,43929,71,0.51,0,3939.98,5009.3,,28674.12,
2024-09-24T06:00:00-05:00,27.26,29.237,29.705,,,,49950.58,46403,71,0.52,0,3681.13,4524.3,,30142.24,
2024-09-24T07:00:00-05:00,25.49,27.175,28.445,,,,50710.93,46882,72,468.96,437,3561.44,4008.6,,30384.89,
2024-09-24T08:00:00-05:00,21.06,21.807,22.45,,,,51459.99,43921,75,5950.58,6424.3,2961.42,3283.4,,28230.87,
2024-09-24T09:00:00-05:00,18.04,21.057,20.838,,,,53660.03,42082,78,12173.29,14192.6,1926.77,2193.4,,27563.55,
2024-09-24T10:00:00-05:00,20.27,20.722,20.477,,,,56467.61,41268,80,15463.95,17034.6,1720.56,1484.8,,27179.57,
2024-09-24T11:00:00-05:00,24.68,21.875,21.607,,,,59503.74,41718,84,17597.82,17908.5,2178.79,1462.7,,27656.61,
2024-09-24T12:00:00-05:00,29.28,22.5,22.225,,,,62816.87,42743,86,19096.87,18158.4,2715.64,1569.3,,28184.22,
2024-09-24T13:00:00-05:00,32.69,28.82,29.26,,,,65800.19,45969,88,18939.36,18190.4,2779.56,1791.9,,30089.3,
2024-09-24T14:00:00-05:00,32.34,34.945,35.26,,,,67982.42,48929,89,18398.21,18438,3077.09,2082.1,,32982.38,
2024-09-24T15:00:00-05:00,32.66,28.618,32.52,,,,69350.19,50779,90,17792.03,18056.5,3867.69,2496,,34883.41,
2024-09-24T16:00:00-05:00,32.71,34.453,36.87,,,,69980.24,52882,90,15977.2,16985.9,4608.68,2977.1,,36793.36,
2024-09-24T17:00:00-05:00,33.75,41.317,45.205,,,,69396.37,55066,88,13180.46,13905,5029.5,3412.5,,38724.5,
2024-09-24T18:00:00-05:00,56.1,65.182,77.108,,,,67230.25,58483,87,6180.35,6040.9,5844.99,4137.6,,40095.28,
2024-09-24T19:00:00-05:00,75.48,89.205,123.342,,,,64745.81,60394,83,409.3,374.7,6343,5345.2,,40998.53,
2024-09-24T20:00:00-05:00,42.2,65.737,65.422,,,,63340.2,58937,80,0.94,0,6489.3,6830,,40872.42,
2024-09-24T21:00:00-05:00,32.62,47.385,43.748,,,,60783.32,55599,79,1.15,0,6889.88,7870.2,,38668.65,
2024-09-24T22:00:00-05:00,28.07,31.76,29.133,,,,56979.98,51479,77,1.24,0,7516.72,8458.3,,35055.22,
2024-09-24T23:00:00-05:00,23.96,25.248,23.465,,,,53368.43,47039,76,1.22,0,8545.45,8936.6,,31298.86,
2024-09-25T00:00:00-05:00,23.73,26.265,23.568,,,,51361.63,44367,76,0.93,0,8108.23,10822.4,,29410.27,
2024-09-25T01:00:00-05:00,22.34,23.52,20.452,,,,48826.83,42132,75,0.82,0,8123.92,10257.8,,27872.93,
2024-09-25T02:00:00-05:00,21.9,21.172,17.358,,,,47074.65,40235,74,0.78,0,8247.68,9392.6,,26444,
2024-09-25T03:00:00-05:00,21.58,20.38,16.305,,,,46108.83,38333,74,0.88,0,9211.36,8954.1,,25023.1,
2024-09-25T04:00:00-05:00,21.42,21.312,16.565,,,,45907.79,38968,73,0.75,0,8324.33,8616.2,,25582.56,
2024-09-25T05:00:00-05:00,22.86,22.347,17.41,,,,47014.93,40262,72,0.77,0,7859.69,8421.9,,26419.75,
2024-09-25T06:00:00-05:00,27.03,23.57,21.875,,,,49336.31,42734,71,0.8,0,7619.23,8361.7,,28298.28,
2024-09-25T07:00:00-05:00,25.2,22.72,21.36,,,,49930.53,42879,71,350.34,383.5,7889.63,8261.4,,27976.35,
2024-09-25T08:00:00-05:00,19.78,18.088,17.668,,,,50821.72,39289,75,6610.78,6287.1,7252.32,7625.9,,25679.02,
2024-09-25T09:00:00-05:00,18.12,16.223,16.035,,,,53568.05,34961,78,14881.54,14073.6,6444.65,6587,,23168.68,
2024-09-25T10:00:00-05:00,20.3,18.008,17.065,,,,56223.91,35233,79,16872.53,16749.8,6613.7,6298.3,,23625.37,
2024-09-25T11:00:00-05:00,24,20.852,16.113,,,,58897.71,36069,81,17294.95,17833,6971.83,6506.2,,23863.49,
2024-09-25T12:00:00-05:00,25.7,31.608,15.74,,,,61461.46,37315,84,16508.52,18254.3,8149.61,6737.7,,24105.98,
2024-09-25T13:00:00-05:00,27.15,46.22,18.98,,,,63897.13,39514,85,15580.21,18698.9,9380.62,7004.5,,24703.65,
2024-09-25T14:00:00-05:00,29.2,47.153,19.96,,,,65256.72,41445,86,15682.13,18906.9,9346.79,7108.7,,26228.62,
2024-09-25T15:00:00-05:00,30.46,32.86,20.332,,,,66179.24,43584,87,15731.43,18599.6,8610.84,6905.2,,28516.94,
2024-09-25T16:00:00-05:00,29.75,41.338,24.327,,,,66632.9,45841,86,15106.89,17700,7877.83,6443.8,,30716.57,
2024-09-25T17:00:00-05:00,30.29,26.868,20.968,,,,66226.66,46413,85,14310.17,14896.4,7813.08,5803.5,,31318.32,
2024-09-25T18:00:00-05:00,61.09,36.68,36.873,,,,64399.73,52404,82,6991.14,6705.2,6392.23,5008.5,,35345.58,
2024-09-25T19:00:00-05:00,77.98,45.778,52.488,,,,62038.55,57831,78,479.33,382.9,4568.03,4698,,37922.2,
2024-09-25T20:00:00-05:00,56.02,35.54,36.182,,,,60653.58,56136,76,2.68,0,4687.88,5120.9,,36780.08,
2024-09-25T21:00:00-05:00,40.28,31.705,31.9,,,,58347.06,53342,74,1.28,0,4916.92,5663.4,,35471.8,
2024-09-25T22:00:00-05:00,29.7,25.378,25.155,,,,55007.82,49214,73,1.38,0,5602.26,6092.1,,32415.97,
2024-09-25T23:00:00-05:00,26.31,23.75,23.12,,,,51358.55,45074,72,1.39,0,6311.45,6384.3,,29490.55,
2024-09-26T00:00:00-05:00,21.8,23.158,23.457,,,,48844.72,41678,71,1.39,0,6680.84,7659.2,,26958.76,
2024-09-26T01:00:00-05:00,19.95,21.03,20.432,,,,46345.58,39869,69,1.41,0,6466.71,7164.1,,25557.25,
2024-09-26T02:00:00-05:00,19.39,20.885,19.92,,,,44519.96,38618,68,1.41,0,5694.36,6455.3,,24768.08,
2024-09-26T03:00:00-05:00,19.44,21.025,20.887,,,,43693.49,38424,67,1.41,0,4706.28,5816.1,,24782.97,
2024-09-26T04:00:00-05:00,19.37,20.922,23.883,,,,43551.43,38673,66,1.41,0,4537.48,5230.5,,24733.97,
2024-09-26T05:00:00-05:00,22.23,22.7,27.103,,,,44615.26,39982,65,1.42,0,4298.74,4969.4,,25343.68,
2024-09-26T06:00:00-05:00,24.31,25.318,31.425,,,,46786.2,42335,64,1.39,0,4137.2,4956.6,,26786.07,
2024-09-26T07:00:00-05:00,22.47,24.73,32.295,,,,47363.2,42206,65,649.51,497.4,4084.26,5091.4,,26610.87,
2024-09-26T08:00:00-05:00,16.58,15.242,15.96,,,,48453.95,35489,70,9868.28,7576.7,3318.56,4904.3,,22200.83,
2024-09-26T09:00:00-05:00,11.34,12.138,12.163,,,,51050.46,30019,75,19588.08,17050.4,2406.22,4369.6,,18461.89,
2024-09-26T10:00:00-05:00,12.45,14.118,13.935,,,,53474.97,30170,79,21463.79,19776,2228.22,4041.6,,18676.14,
2024-09-26T11:00:00-05:00,15.72,14.842,14.587,,,,55737.27,31707,82,21394.81,20389.6,2321.76,4048.8,,20168.78,
2024-09-26T12:00:00-05:00,17.93,17.623,17.175,,,,57820.95,34434,84,20725.5,20520.5,2489.4,4134.7,,22371.15,
2024-09-26T13:00:00-05:00,19.36,21.53,19.98,,,,59924.97,36897,85,20385.92,20740.5,2898.65,4187.8,,24036.53,
2024-09-26T14:00:00-05:00,21.14,23.492,21.37,,,,61389,38759,86,20561.65,21161.6,2998.7,4177.3,,24846.56,
2024-09-26T15:00:00-05:00,22.58,24.5,22.008,,,,62915.27,40392,87,20882.34,21505.4,2860.53,4144.2,,25752.94,
2024-09-26T16:00:00-05:00,25.17,23.935,22.605,,,,64048.98,42461,87,20539.85,21381.6,2729.98,3971.1,,27114.01,
2024-09-26T17:00:00-05:00,27.85,25.71,25.535,,,,64224.55,45395,86,17832.22,18620.6,2527.44,3587.1,,29379.25,
2024-09-26T18:00:00-05:00,47.66,53.388,61.325,,,,62711.73,53461,84,7938.15,7978.6,2390.5,3294.3,,34723.18,
2024-09-26T19:00:00-05:00,64.47,45.73,91.175,,,,60326.37,57364,79,435.56,365.3,2468.25,3839.3,,37071.77,
2024-09-26T20:00:00-05:00,42.85,34.595,57.325,,,,58869.7,54994,77,0.8,0,3101.11,4999.6,,36533.28,
2024-09-26T21:00:00-05:00,31.34,29.982,34.525,,,,56532.53,51789,74,0.83,0,3778.69,5921.1,,34357.93,
2024-09-26T22:00:00-05:00,24.99,26,28.333,,,,53424.04,48488,71,0.93,0,3697.06,6570.5,,31217.34,
2024-09-26T23:00:00-05:00,23.55,23.135,24.988,,,,49926.07,44845,70,0.96,0,3901.93,6836.8,,28237.12,
2024-09-27T00:00:00-05:00,21.24,22.348,23.743,,,,47274.55,42147,68,0.99,0,3887.89,6416,,26452.09,
2024-09-27T01:00:00-05:00,19.35,22.055,23.495,,,,44862.41,40418,68,0.99,0,3823.7,5958.9,,25661.59,
2024-09-27T02:00:00-05:00,18.73,21.343,22.898,,,,43193.29,39691,66,0.97,0,3167.84,5240.3,,25376.39,
2024-09-27T03:00:00-05:00,18.73,20.772,22.335,,,,42256.44,39294,65,0.99,0,2770.49,4679.5,,25348.48,
2024-09-27T04:00:00-05:00,19.38,21,22.945,,,,42126.25,39403,64,0.99,0,2286.74,4133.6,,25449.89,
2024-09-27T05:00:00-05:00,22.1,23.195,26.895,,,,43164.68,40783,63,0.99,0,1775.52,3575.1,,26227.29,
2024-09-27T06:00:00-05:00,23.63,24.415,29.243,,,,45245.98,42822,63,0.91,0,1522.6,3077.4,,27254.15,
2024-09-27T07:00:00-05:00,23.35,23.805,29.317,,,,45915.49,43251,64,661.41,548.3,1433.98,2735,,27492.75,
2024-09-27T08:00:00-05:00,16.55,15.925,15.937,,,,47187.82,36713,70,9844.83,8239.9,1292.46,2294,,23567.26,
2024-09-27T09:00:00-05:00,12.51,14.133,14.082,,,,49755.63,30500,76,19750.42,18070.2,609.69,1514.5,,19488.35,
2024-09-27T10:00:00-05:00,14.1,15.312,15.142,,,,52502.54,30937,81,21231.68,20371.6,328.06,920.3,,20143.72,
2024-09-27T11:00:00-05:00,16.55,16.582,16.402,,,,55171.45,33006,84,21384.49,20816.6,352.96,841.1,,21555.11,
2024-09-27T12:00:00-05:00,17.88,17.55,17.36,,,,57923.13,35375,86,21400.15,20756.7,690.3,1007.1,,23462.93,
2024-09-27T13:00:00-05:00,19.97,19.885,19.723,,,,60820.55,38071,88,21298.64,20636.1,1145.84,1332.9,,25543.54,
2024-09-27T14:00:00-05:00,23.33,22,21.763,,,,63196.87,40603,89,21238.14,21062,1410.08,1622.6,,26562.24,
2024-09-27T15:00:00-05:00,29.21,27.45,30.66,,,,65121.11,44177,90,19301.17,21410.7,1517.48,1883.5,,28476.66,
2024-09-27T16:00:00-05:00,31.21,24.105,30.265,,,,66366.37,46160,91,18736.7,21176,1432.16,2190.3,,30222.85,
2024-09-27T17:00:00-05:00,29.76,25.56,31.927,,,,66328.91,48078,89,16413.29,18218.1,1675.51,2545.7,,31945.82,
2024-09-27T18:00:00-05:00,49.12,41.265,49.552,,,,64246.5,54438,86,7437.54,7490.2,2072.25,3041.8,,35598.42,
2024-09-27T19:00:00-05:00,51.65,31.688,53.387,,,,60962.92,57722,81,362.52,312.4,2603.51,3993,,37304.23,
2024-09-27T20:00:00-05:00,35.14,26.707,35.877,,,,58956.41,54518,78,1.09,0,3475.54,5184,,35532.94,
2024-09-27T21:00:00-05:00,28.24,27.85,33.125,,,,56506.32,51415,75,1.2,0,3783.88,5944.9,,33174.23,
2024-09-27T22:00:00-05:00,25.84,26.945,31.04,,,,53447.98,48175,73,1.3,0,4106.22,6192.6,,30882.17,
2024-09-27T23:00:00-05:00,23.38,25.69,31.633,,,,50344.26,45962,71,1.3,0,3729.15,5931.3,,29447.48,
2024-09-28T00:00:00-05:00,22.77,23.588,28.01,,,,47778.17,43548,70,1.32,0,3298.91,5239.2,,27624.22,
2024-09-28T01:00:00-05:00,21.39,23.017,27.537,,,,45277.67,41736,68,1.32,0,2916.88,4506.5,,26292.82,
2024-09-28T02:00:00-05:00,19.06,21.745,26.352,,,,43261.84,40471,67,1.32,0,2348.56,3900.6,,25308.88,
2024-09-28T03:00:00-05:00,18.63,21.608,26.855,,,,42072.29,39939,66,1.33,0,1734.5,3507.9,,25136.22,
2024-09-28T04:00:00-05:00,17.95,21.662,27.365,,,,41319.75,39903,65,1.33,0,1353.55,3287.4,,25210.88,
2024-09-28T05:00:00-05:00,18.15,21.052,26.928,,,,41258.05,39555,64,1.34,0,1458.3,3313.3,,24905.08,
2024-09-28T06:00:00-05:00,17.34,20.728,26.812,,,,41802.69,39365,64,1.33,0,1922.67,3673.5,,24730.76,
2024-09-28T07:00:00-05:00,17,20.013,24.073,,,,42151.47,39047,64,605.48,497.4,2337.93,4390.5,,24400.7,
2024-09-28T08:00:00-05:00,14.5,15.037,15.932,,,,44064.24,32457,71,9812.95,7892.6,2522.8,4821.3,,20576.83,
2024-09-28T09:00:00-05:00,9.48,12.3,12.287,,,,47583.4,28071,78,19282.2,17562.5,1338.65,3780.4,,17945.53,
2024-09-28T10:00:00-05:00,14.21,14.793,14.698,,,,51242.82,28568,83,21223.13,20155.3,1507.22,3026.1,,19169.62,
2024-09-28T11:00:00-05:00,15.21,14.898,14.738,,,,54719.7,29294,86,21474.62,20848.5,3453.84,4283.7,,19639.58,
2024-09-28T12:00:00-05:00,17.68,15.357,15.182,,,,57880.17,30434,88,21302.92,20705,5290.96,5595.6,,20250.67,
2024-09-28T13:00:00-05:00,18.75,17.72,17.507,,,,60852.05,33854,90,21207.82,20649.6,5015.42,6237.4,,23048.41,
2024-09-28T14:00:00-05:00,24.1,20.632,20.385,,,,63631.82,36825,91,21164.75,21087.3,4671.11,6516.9,,24932.57,
2024-09-28T15:00:00-05:00,28.1,22.255,21.945,,,,65885.47,39464,91,21149.87,21272.9,4614.94,6767.4,,26260.47,
2024-09-28T16:00:00-05:00,31.19,22.87,22.612,,,,67260.44,41286,91,20609.21,20922.3,4965.44,7004.1,,27083.16,
2024-09-28T17:00:00-05:00,27.77,25.565,25.412,,,,67234.1,43811,90,17792.82,17769.8,5202.35,6994.2,,28509.82,
2024-09-28T18:00:00-05:00,41.34,46.693,51.775,,,,64905.88,52229,87,7444.7,7263.8,5044.21,6654.9,,33495.19,
2024-09-28T19:00:00-05:00,47.64,48.79,55.843,,,,61652.26,56105,81,322.08,283.2,4825.66,6713.4,,35383,
2024-09-28T20:00:00-05:00,30.86,28.98,30.8,,,,59361.62,53215,78,0.86,0,5338.96,7285.6,,34419.1,
2024-09-28T21:00:00-05:00,24.73,26.135,28.028,,,,56595.5,50055,75,1.02,0,5696.51,7355,,32286.32,
2024-09-28T22:00:00-05:00,24.05,25.33,27.238,,,,53410.65,47580,73,1.1,0,5025.96,6959.1,,30447.32,
2024-09-28T23:00:00-05:00,20.46,23.007,25.398,,,,50262.05,45017,71,1.11,0,4516.89,6433.5,,28107.62,
2024-09-29T00:00:00-05:00,22.89,21.485,24.735,,,,47047.6,42370,69,1.12,0,4179.06,4956,,26733.12,
2024-09-29T01:00:00-05:00,21.38,20.59,24.003,,,,44672.8,40906,68,1.14,0,3598.61,4220.8,,26126.2,
2024-09-29T02:00:00-05:00,18.83,19.955,23.5,,,,42729.25,39987,66,1.15,0,2648.69,3577.9,,25672.51,
2024-09-29T03:00:00-05:00,18.18,20.09,24.225,,,,41487.82,39793,66,1.14,0,1691.86,3150.6,,25577.98,
2024-09-29T04:00:00-05:00,17.91,20.532,26.302,,,,40660.23,39565,64,1.15,0,1202.65,2831.7,,25269.43,
2024-09-29T05:00:00-05:00,17.59,19.842,25.64,,,,40410.69,39367,64,1.15,0,1003.92,2754.9,,25147.09,
2024-09-29T06:00:00-05:00,15.68,20.182,25.142,,,,40664.52,39599,63,1.17,0,1006.01,2914.7,,25374.1,
2024-09-29T07:00:00-05:00,15.58,20.44,25.533,,,,40716.62,38979,64,532.62,484,1158.08,3157.6,,25047.42,
2024-09-29T08:00:00-05:00,12.43,12.993,13.51,,,,42383.9,32476,71,9425.87,7431,1479.19,3061.5,,20705.25,
2024-09-29T09:00:00-05:00,6.61,9.062,9.052,,,,45621.4,27644,78,19218.78,16783.2,706.35,2124.6,,17473.03,
2024-09-29T10:00:00-05:00,9.15,14.675,14.628,,,,48983.04,29166,82,20974.4,19640.6,177.17,1265.7,,19025.16,
2024-09-29T11:00:00-05:00,13.7,16.238,16.133,,,,52758.02,31390,86,21317.56,20365.9,435.58,1353.7,,20911.45,
2024-09-29T12:00:00-05:00,15.87,17.077,16.957,,,,56337.77,34262,88,21168.51,20499.8,1532,1779.1,,23364.22,
2024-09-29T13:00:00-05:00,18.01,18.762,18.463,,,,59791.65,37072,89,21157.96,20455,2216.39,2182,,25536.9,
2024-09-29T14:00:00-05:00,20.46,22.722,21.548,,,,62837.16,40067,90,21231.27,20719.5,2326.57,2388.8,,27287.35,
2024-09-29T15:00:00-05:00,21.78,23.487,22.468,,,,65334.31,42946,91,21198.83,20847,2153.6,2457.9,,28532,
2024-09-29T16:00:00-05:00,22.86,23.195,22.693,,,,66806.07,45272,91,20678.88,20530.7,2026.48,2451.3,,29735.02,
2024-09-29T17:00:00-05:00,27.26,27.983,29.04,,,,67031.09,48521,90,17643.62,17282.2,1888.75,2449,,31988.87,
2024-09-29T18:00:00-05:00,56.91,51.318,83.08,,,,64930.91,56902,87,7231.54,6971.3,1745.26,2738.8,,37462.51,
2024-09-29T19:00:00-05:00,50.18,41.85,154.648,,,,62049.35,60085,81,296.35,266.5,1950.6,3593.2,,39895.22,
2024-09-29T20:00:00-05:00,30.21,35.515,41.517,,,,60001.69,57588,77,0.59,0,2656.14,4715,,38633.99,
2024-09-29T21:00:00-05:00,24.96,32.45,38.285,,,,57238.74,54129,76,0.71,0,3339.15,5599.3,,35874.22,
2024-09-29T22:00:00-05:00,24.88,25.945,28.035,,,,53905.54,49895,73,0.76,0,4174.88,6227.1,,32185.03,
2024-09-29T23:00:00-05:00,21.06,22.527,23.733,,,,50438.8,45318,71,0.8,0,4902.85,6585.9,,28625.83,
2024-09-30T00:00:00-05:00,23.01,21.332,22.085,,,,47409.59,42374,70,0.8,0,4947.85,6872.4,,27333.68,
2024-09-30T01:00:00-05:00,20.45,19.885,20.537,,,,45189.58,40336,69,0.83,0,4836.79,6645.8,,26686.86,
2024-09-30T02:00:00-05:00,20.2,18.23,18.623,,,,43806.12,38940,68,0.85,0,4615.22,6286.3,,26067.15,
2024-09-30T03:00:00-05:00,19.3,18.445,19.448,,,,42754.6,38649,66,0.84,0,4089.99,5936,,26138.38,
2024-09-30T04:00:00-05:00,19.43,18.688,19.48,,,,42544.81,38843,65,0.84,0,3736.4,5426.5,,26251.43,
2024-09-30T05:00:00-05:00,20.7,20.525,21.62,,,,43510.44,40105,65,0.86,0,3610.76,4878.4,,26977.47,
2024-09-30T06:00:00-05:00,24.28,22.932,25.17,,,,45485.09,42568,64,0.8,0,3435.2,4417.4,,28058.34,
2024-09-30T07:00:00-05:00,23.48,21.138,24.048,,,,46253.53,43046,65,564.79,450.6,3360.23,4051.6,,27816.89,
2024-09-30T08:00:00-05:00,17.02,15.643,15.338,,,,47793.32,36513,73,9688.98,7807.4,3096.18,3515.9,,24245.5,
2024-09-30T09:00:00-05:00,14.79,16.545,13.01,,,,50981.91,31238,79,19198.05,17846.3,1800.29,2431.7,,20884.49,
2024-09-30T10:00:00-05:00,17.2,20.957,14.248,,,,54739.79,32714,83,20770.71,20444.1,1316.87,1578.6,,21984.3,
2024-09-30T11:00:00-05:00,19.96,28.09,19.782,,,,58755.13,36620,86,20676.78,20995.9,1265.9,1421.4,,25511.83,
2024-09-30T12:00:00-05:00,23.24,31.28,22.812,,,,62751.56,41320,89,20034.79,20916.4,973.5,1303.2,,28521.16,
2024-09-30T13:00:00-05:00,27.6,37.135,30.45,,,,66458.1,45627,91,19534.07,20763.5,810.93,1147.3,,31382.2,
2024-09-30T14:00:00-05:00,30.91,46.835,42.347,,,,69362.63,49161,92,18925.69,21166.9,822.97,1152.4,,33938.34,
2024-09-30T15:00:00-05:00,32.49,51.68,50.533,,,,71245.39,51364,92,18485.47,21496.5,978.05,1351.8,,35774.33,
2024-09-30T16:00:00-05:00,31.13,70.818,70.48,,,,72173.61,53266,92,17806.2,21122,1308.17,1710.8,,37518.43,
2024-09-30T17:00:00-05:00,38.27,75.355,99.998,,,,71481.25,54704,91,15400.54,17818.2,1699.42,2302.9,,38884.37,
2024-09-30T18:00:00-05:00,85.89,118.555,179.155,,,,68925.46,59760,88,6485.09,6904,2476.41,3583.7,,41392.44,
2024-09-30T19:00:00-05:00,73.7,53.635,65.425,,,,65488.69,61068,82,310.2,249.8,4349.59,5923.1,,41317.81,
2024-09-30T20:00:00-05:00,35.63,35.655,37.157,,,,62997.27,56884,80,0.53,0,6756.16,8369.9,,38766.18,
2024-09-30T21:00:00-05:00,28.84,27.895,29.013,,,,59639.36,52807,78,0.64,0,7936,9990.4,,35936.37,
2024-09-30T22:00:00-05:00,24.15,25.925,26.87,,,,55882.8,48204,76,0.7,0,8219.05,10848.7,,32098.72,
2024-09-30T23:00:00-05:00,22.4,23.48,24.713,,,,52109.25,44268,74,0.72,0,8095.48,10926.1,,28518.88,
2024-10-01T00:00:00-05:00,20.74,23.205,24.415,,,,49420.08,41629,72,0.72,0,7166.01,10016.1,,26608.33,
2024-10-01T01:00:00-05:00,20.62,22.225,23.055,,,,47037.27,40082,71,0.75,0,6494,8651.6,,25569.22,
2024-10-01T02:00:00-05:00,19.22,23.305,23.225,,,,45303.98,39019,70,0.75,0,5663.37,7128.4,,24847.52,
2024-10-01T03:00:00-05:00,19.94,20.695,19.91,,,,44225.75,38288,68,0.75,0,5464.08,5883.3,,24984.45,
2024-10-01T04:00:00-05:00,20.86,22.387,22.19,,,,43896.15,39086,67,0.77,0,4948.73,4981.9,,25532.51,
2024-10-01T05:00:00-05:00,22.15,23.902,23.802,,,,44846.3,40052,67,0.76,0,4677.14,4448,,26307.62,
2024-10-01T06:00:00-05:00,28.82,24.472,24.102,,,,46768.52,41658,66,0.75,0,5176.9,4419.6,,27599.57,
2024-10-01T07:00:00-05:00,24.07,22.197,21.802,,,,47695.85,40388,67,524.77,432.7,6340.94,5270.6,,26348.49,
2024-10-01T08:00:00-05:00,17.48,14.305,13.95,,,,49227.69,32271,74,9131.02,7649.4,7801.26,6683.5,,19784.88,
2024-10-01T09:00:00-05:00,12.51,10.995,10.765,,,,52293.22,26816,79,18671.5,17686.4,7610.1,7335.9,,16488.88,
2024-10-01T10:00:00-05:00,15.68,15.837,14.215,,,,55796.84,27698,84,20412.22,20450.9,7609.95,7571.5,,17902.95,
2024-10-01T11:00:00-05:00,19.54,21.513,17.577,,,,59453.04,30577,87,20606.8,21015.3,7485.63,8482.4,,20295.76,
2024-10-01T12:00:00-05:00,24.47,28.247,21.645,,,,63156.66,34054,89,20100.51,20941.4,8286.01,9624.1,,22659.25,
2024-10-01T13:00:00-05:00,29.16,35.347,25.625,,,,66755.77,38050,91,19577.38,20713,8321.79,10325.9,,24955.84,
2024-10-01T14:00:00-05:00,28.15,40.217,28.64,,,,69530.26,41206,91,19308.55,20914.7,7901.31,10218.4,,27716.62,
2024-10-01T15:00:00-05:00,29.79,35.227,28.395,,,,71136.29,43693,92,19404.48,21104.9,7231.85,9782.8,,29874.23,
2024-10-01T16:00:00-05:00,31.73,29.772,26.74,,,,71713.77,45738,91,19068.6,20318.6,6878.93,9385.5,,31669.4,
2024-10-01T17:00:00-05:00,35.01,33.795,34.035,,,,70612.13,48265,90,16118.91,16614.1,6844.68,8933.9,,33492.77,
2024-10-01T18:00:00-05:00,70.06,52.093,59.245,,,,67900.82,55853,87,6111.4,6198.5,6557.89,8399,,37585.16,
2024-10-01T19:00:00-05:00,75.46,46.738,58.988,,,,65819.91,58799,82,211.17,211.1,6497.84,8541.2,,39126.69,
2024-10-01T20:00:00-05:00,39.01,29.56,34.88,,,,63321.16,55291,80,0.46,0,8129.03,9604.9,,38080.92,
2024-10-01T21:00:00-05:00,29.83,27.212,28.668,,,,60368.51,51731,78,0.51,0,8707.95,10387.8,,35424.38,
2024-10-01T22:00:00-05:00,25.98,28.62,29.315,,,,56645.35,48306,76,0.56,0,8154.97,10490.6,,32122.47,
2024-10-01T23:00:00-05:00,23.95,25.278,25.855,,,,53079.1,44976,75,0.54,0,7505.45,10039.9,,28851.45,
2024-10-02T00:00:00-05:00,25.13,22.938,22.965,,,,50213.88,41050,73,0.55,0,7971.66,9245,,26122.72,
2024-10-02T01:00:00-05:00,22.45,21.158,21.102,,,,47662.08,38958,72,0.56,0,7667.82,8354.4,,24983.71,
2024-10-02T02:00:00-05:00,21.98,20.587,21.117,,,,45744.48,38139,70,0.58,0,6890.68,7395.1,,24638.66,
2024-10-02T03:00:00-05:00,21.1,19.7,20.555,,,,44649.73,37852,69,0.61,0,6024.77,6653.9,,24501.55,
2024-10-02T04:00:00-05:00,21.69,20.05,20.978,,,,44306.96,38000,68,0.58,0,5495.71,6146,,24699.28,
2024-10-02T05:00:00-05:00,23.23,21.67,22.115,,,,45207.69,39049,67,0.6,0,5516.95,5913.5,,25233.92,
2024-10-02T06:00:00-05:00,28.33,25.17,25.89,,,,47060.6,41566,67,0.64,0,5298.18,5795.9,,26731.12,
2024-10-02T07:00:00-05:00,26.72,22.538,23.237,,,,47961.82,41863,67,465.84,405,5236.11,5590,,26611.42,
2024-10-02T08:00:00-05:00,18.96,16.305,16.42,,,,49294.43,35392,73,8849.95,7661.3,5155.57,4948,,22739.57,
2024-10-02T09:00:00-05:00,16.1,14.747,14.572,,,,52059.09,30825,77,18600.89,17647.9,3536.03,3836.8,,20382.3,
2024-10-02T10:00:00-05:00,17.78,16.738,14.785,,,,55063.32,30388,82,20522.2,20350.3,3879.89,3731.3,,20676.81,
2024-10-02T11:00:00-05:00,20.71,20.8,17.135,,,,58065.95,32337,84,20454.14,20837.7,4590.59,4599.2,,22519.88,
2024-10-02T12:00:00-05:00,24.11,25.54,20.873,,,,61108.88,36252,87,20036.47,20696.7,4495.51,5005.9,,25005.69,
2024-10-02T13:00:00-05:00,29.73,27.625,22.69,,,,64160.22,39797,88,19872.22,20564.4,4493.02,5156,,26917.47,
2024-10-02T14:00:00-05:00,33.65,29.868,23.78,,,,66747.29,42701,89,19820.63,20836.9,4751.39,5381,,28476.63,
2024-10-02T15:00:00-05:00,37.78,32.317,24.49,,,,68502.01,44373,90,19986.8,21125.9,5333.32,5723.4,,30138.71,
2024-10-02T16:00:00-05:00,39.46,32.895,27.733,,,,69359.98,46521,90,19304.3,20605.7,5393.71,6195.4,,32121.98,
2024-10-02T17:00:00-05:00,41.06,36.148,32.492,,,,68690.47,49093,89,16327.85,16610.2,5513.78,6678.1,,34554.42,
2024-10-02T18:00:00-05:00,75.84,55.673,55.42,,,,66297.31,56243,86,5964.17,6053.3,6015.6,7255.3,,38897.14,
2024-10-02T19:00:00-05:00,64.53,46.01,52.355,,,,64338.64,57953,82,188.73,191.1,7182.78,8870.8,,40021.82,
2024-10-02T20:00:00-05:00,35.05,32.537,31.755,,,,62033.8,53144,79,0.49,0,9847.74,11571.6,,37284.8,
2024-10-02T21:00:00-05:00,26.41,27.707,27.505,,,,59376.42,47286,78,0.72,0,12612.11,13844.1,,32794.44,
2024-10-02T22:00:00-05:00,22.23,23.475,23.472,,,,56019.54,40983,76,1,0,14873.03,15437,,27003.89,
2024-10-02T23:00:00-05:00,20.53,19.262,19.485,,,,52579.5,35620,74,1.09,0,16499.69,16521.7,,22541.77,
2024-10-03T00:00:00-05:00,18.01,18.685,18.945,,,,49966.15,31636,73,1.1,0,17426.22,17782.5,,19471.2,
2024-10-03T01:00:00-05:00,16.17,16.84,17.133,,,,47604,29439,72,1.11,0,17535.82,17687.1,,17918.58,
2024-10-03T02:00:00-05:00,14.48,14.723,13.993,,,,45858.99,27799,70,1.08,0,17723.73,17222.6,,16982.34,
2024-10-03T03:00:00-05:00,13.82,15.068,10.572,,,,44771.06,27317,70,1.1,0,17814.01,16634.8,,16517.11,
2024-10-03T04:00:00-05:00,14.67,14.525,10.67,,,,44424.41,27006,69,1.12,0,17682.62,15735.1,,16234.82,
2024-10-03T05:00:00-05:00,16.95,16.085,12.055,,,,45318.56,27820,68,1.13,0,17861.13,14781.1,,16901.08,
2024-10-03T06:00:00-05:00,20.98,18.233,16.08,,,,47210.54,29942,67,1.19,0,17807.87,13857.9,,18555.03,
2024-10-03T07:00:00-05:00,21.28,17.6,17.495,,,,48133.28,31079,68,434.64,392.9,17012.02,12764.7,,19286.48,
2024-10-03T08:00:00-05:00,15.35,8.267,8.243,,,,49576.06,26979,74,8312.75,7665.8,15356.3,11388.8,,16270.07,
2024-10-03T09:00:00-05:00,14.37,4.237,4.16,,,,52509.57,24565,79,17936.8,17987.8,11260.5,9060.2,,15416.7,
2024-10-03T10:00:00-05:00,17.45,12.783,11.915,,,,55767.42,25615,83,20047.51,20535.3,10703.82,7844.2,,16357.28,
2024-10-03T11:00:00-05:00,21.97,19.562,17.062,,,,59109.61,28719,87,20137.88,20959.8,10640.78,8383.2,,18801.17,
2024-10-03T12:00:00-05:00,27.83,24.23,20.24,,,,62484.57,33724,88,19736.23,20765.6,9703.65,8233.5,,22834.86,
2024-10-03T13:00:00-05:00,34.2,27.595,22.778,,,,65813.93,38463,90,19508.27,20320.7,8517.13,7712.8,,25726.85,
2024-10-03T14:00:00-05:00,37.99,31.135,26.582,,,,68507.25,41936,91,19490.68,20646.3,8268.91,7594.5,,27942.55,
2024-10-03T15:00:00-05:00,40.62,33.937,25.525,,,,70230.95,43616,92,19368.82,20794.7,8542.1,7863.1,,29464.53,
2024-10-03T16:00:00-05:00,40.11,28.832,24.955,,,,71005.37,44829,92,18814.07,20191.3,9016.96,8251.6,,30498.28,
2024-10-03T17:00:00-05:00,40.36,38.707,35.05,,,,70165.44,47152,90,15524.02,16456.3,9421.02,8596.1,,32683.52,
2024-10-03T18:00:00-05:00,77.95,60.968,64.62,,,,67693.28,54405,87,5596.73,5818.8,9069.45,8944.7,,36978.32,
2024-10-03T19:00:00-05:00,63.07,46.987,52.282,,,,65744.79,56177,84,166.31,178.3,9817.81,10351.3,,37938.41,
2024-10-03T20:00:00-05:00,33.97,30.082,29.535,,,,63348.79,51790,81,0.53,0,12495.77,12866.6,,35690.25,
2024-10-03T21:00:00-05:00,28.89,24.855,24.367,,,,60591.91,46860,78,0.66,0,14498.86,14629.4,,31831.07,
2024-10-03T22:00:00-05:00,24.61,23.222,23.315,,,,57101.66,41589,77,0.9,0,15932.23,15273.7,,27275.33,
2024-10-03T23:00:00-05:00,22.07,20.5,20.613,,,,53608.52,38194,76,0.99,0,15713.31,15134.2,,24713.77,
2024-10-04T00:00:00-05:00,19.71,18.863,19.12,,,,50545.15,35234,74,0.91,0,15173.83,14328.2,,22741.05,
2024-10-04T01:00:00-05:00,18.88,17.863,18.093,,,,48195.51,33650,73,0.89,0,14001.51,13077.3,,21928.58,
2024-10-04T02:00:00-05:00,18.36,17.693,17.51,,,,46337.02,33229,71,0.88,0,12770.21,11551.2,,21849.93,
2024-10-04T03:00:00-05:00,19.6,17.56,16.987,,,,45284.12,33506,69,0.88,0,11406.5,10062.2,,21968.9,
2024-10-04T04:00:00-05:00,20.48,19.34,18.835,,,,44885.88,35453,69,0.92,0,9569.24,8482.6,,23327.58,
2024-10-04T05:00:00-05:00,23.53,22.253,22.362,,,,45620.91,38080,68,0.94,0,7649.46,7115.5,,24838.42,
2024-10-04T06:00:00-05:00,28.38,27.467,29.99,,,,47303.94,41984,67,1.01,0,5759.28,6140.3,,27096.77,
2024-10-04T07:00:00-05:00,26.82,26.173,33.76,,,,48217.67,43117,68,410.12,362.8,4857.43,5695.7,,26956.12,
2024-10-04T08:00:00-05:00,20.64,17.605,20.34,,,,50122.68,37930,73,8239.86,7068.1,4251.95,5215.7,,24351.32,
2024-10-04T09:00:00-05:00,17.06,17.357,16.835,,,,53246.74,33097,79,17506.05,16958.3,3520.64,4361.8,,22045.96,
2024-10-04T10:00:00-05:00,20.64,19.557,17.935,,,,55838.61,32950,83,19685.3,19896.4,3915.51,3928.1,,21962.25,
2024-10-04T11:00:00-05:00,24.66,22.507,19.508,,,,58749.47,35179,86,19693.5,20363.2,4391.39,4046.2,,23247.66,
2024-10-04T12:00:00-05:00,30.39,21.622,19.602,,,,61954.62,37579,88,19321.23,20189.9,5091.24,4274.5,,24953.59,
2024-10-04T13:00:00-05:00,33.83,25.685,22.44,,,,65205.59,40308,89,18659.32,19506.1,5893.8,4592.4,,26784.12,
2024-10-04T14:00:00-05:00,37.01,24.483,24.253,,,,67863.73,43219,91,18260.23,19423.4,6075.17,5096.6,,28850.9,
2024-10-04T15:00:00-05:00,41.74,26.602,26.157,,,,69415.58,44424,91,18125.61,19300.2,6775.58,5614.1,,30078.68,
2024-10-04T16:00:00-05:00,43.82,31.855,29.41,,,,70141.2,45995,90,17853.47,18152.9,6492.76,5963.1,,31962.66,
2024-10-04T17:00:00-05:00,50.35,29.375,30.673,,,,69299.72,48566,89,14528.24,14464.9,6418.21,6069.5,,34482.88,
2024-10-04T18:00:00-05:00,93.1,46.48,50.785,,,,66685,55422,86,5108.32,5001,6191.14,6277.1,,38477.95,
2024-10-04T19:00:00-05:00,72.87,37.072,40.368,,,,64463.2,56453,82,125.11,155.9,6821.92,7110.5,,38903.93,
2024-10-04T20:00:00-05:00,41.85,28.117,28.66,,,,61904.64,52320,79,0.63,0,8848.4,8530.7,,36737.6,
2024-10-04T21:00:00-05:00,39.1,27.013,26.83,,,,59319.83,47943,78,0.78,0,10967.96,9667.9,,33594.64,
2024-10-04T22:00:00-05:00,26.97,24.592,24.157,,,,56210.03,43764,77,0.83,0,12392.14,10496.9,,29972.06,
2024-10-04T23:00:00-05:00,24.29,22.225,22.005,,,,53175.93,39954,75,0.88,0,13174.46,11153.5,,27262.01,
2024-10-05T00:00:00-05:00,21.43,19.27,18.78,,,,50042.61,37546,73,0.88,0,13133.96,12541.8,,25905.28,
2024-10-05T01:00:00-05:00,20.03,19.36,18.788,,,,47510.62,36495,72,0.9,0,11664.23,11597.2,,25502.28,
2024-10-05T02:00:00-05:00,19.65,19.915,19.335,,,,45578.08,36883,71,0.9,0,9610.65,10319.2,,25575.1,
2024-10-05T03:00:00-05:00,19.9,19.787,19.35,,,,44406.21,37166,70,0.9,0,8103.23,8967.5,,25564.32,
2024-10-05T04:00:00-05:00,20.15,19.46,19.057,,,,43717.63,37424,69,0.92,0,7122.17,7620.4,,25758.62,
2024-10-05T05:00:00-05:00,20.9,21.565,21.457,,,,43715.69,38776,69,0.92,0,5710.05,6575.3,,26543.23,
2024-10-05T06:00:00-05:00,22.58,22.608,22.863,,,,44216.01,40107,68,0.92,0,5017.61,5807.1,,27214.07,
2024-10-05T07:00:00-05:00,22.13,22.825,22.922,,,,44787.43,40645,69,268.53,305.8,4802.98,5268.1,,27543.75,
2024-10-05T08:00:00-05:00,18.69,19.613,19.615,,,,46612.52,37649,73,6126.57,6235.4,4387.62,4731.8,,25639.88,
2024-10-05T09:00:00-05:00,14.78,16.195,16.168,,,,49597.28,32728,78,15748.23,15570.8,3223.14,3938.4,,22982.71,
2024-10-05T10:00:00-05:00,16.91,16.492,16.4,,,,52694.98,32606,83,18595.57,18444.3,3136.41,3606.6,,23366.88,
2024-10-05T11:00:00-05:00,19.74,18.695,18.557,,,,55773.7,35496,85,18583.84,19111.9,3144.94,3672.7,,25582.81,
2024-10-05T12:00:00-05:00,24.73,23.058,23.007,,,,58749.53,39511,87,17827.2,19154.9,2544.04,3429.8,,28192.9,
2024-10-05T13:00:00-05:00,28.14,23.568,23.64,,,,61553.29,41614,88,18243.24,18628.1,2439.93,3280.1,,29546.24,
2024-10-05T14:00:00-05:00,29.32,23.412,25.968,,,,63999.71,43035,89,18176.66,18518.9,2847.62,3304.8,,30840.64,
2024-10-05T15:00:00-05:00,34.63,24.142,27.61,,,,65862.99,45169,89,17846.62,18188,2958.8,3403.9,,32508.42,
2024-10-05T16:00:00-05:00,36.3,26.682,31.828,,,,66822.85,46944,89,17010.67,17314.7,3239.49,3533.7,,33904.44,
2024-10-05T17:00:00-05:00,49.44,35.635,41.955,,,,66344.75,49461,88,13679.14,13787.9,3366.28,3785.6,,36255.21,
2024-10-05T18:00:00-05:00,76.86,41.805,57.55,,,,64174.81,55731,86,4855.55,4914.4,3918.58,4426.9,,39348.46,
2024-10-05T19:00:00-05:00,67.38,36.427,55.028,,,,62485.8,56741,83,123.46,155.9,5163.54,6222.7,,39659.21,
2024-10-05T20:00:00-05:00,38.6,32.512,35.76,,,,60235.31,52692,81,0.56,0,7218.68,8651.3,,38126.98,
2024-10-05T21:00:00-05:00,29,27.515,28.495,,,,57800.39,48533,78,0.74,0,9065.85,10513.1,,35305.55,
2024-10-05T22:00:00-05:00,23.81,24.22,24.77,,,,55122.91,44293,78,0.84,0,10529.48,11729.9,,31630.07,
2024-10-05T23:00:00-05:00,20.68,20.78,21.207,,,,52339.39,40899,76,0.87,0,11608.88,12232.6,,28741.34,
2024-10-06T00:00:00-05:00,19.13,19.025,19.318,,,,50756.8,38418,74,0.86,0,11856.49,13616.5,,26822.32,
2024-10-06T01:00:00-05:00,18.23,17.775,18.218,,,,48466.98,36609,73,0.85,0,11628.51,12795.6,,25484.15,
2024-10-06T02:00:00-05:00,18.04,16.78,16.342,,,,46775.97,35498,72,0.88,0,11157.83,11421.4,,24974.19,
2024-10-06T03:00:00-05:00,18.83,17.405,16.64,,,,45501.09,35520,71,0.89,0,9882.55,9946.6,,24998.7,
2024-10-06T04:00:00-05:00,19.5,17.865,17.705,,,,44580.96,36438,70,0.9,0,8035.68,8365.3,,25854.91,
2024-10-06T05:00:00-05:00,20.4,18.738,19.21,,,,44223.12,37758,70,0.91,0,6553.75,6992.3,,26819.42,
2024-10-06T06:00:00-05:00,20.95,19.635,21,,,,44247.01,38506,68,0.9,0,5678.91,6092.9,,27191.52,
2024-10-06T07:00:00-05:00,20.57,19.965,20.997,,,,44498.28,39091,68,374.98,331.2,5175.25,5481,,27325.56,
2024-10-06T08:00:00-05:00,16.4,15.373,15.457,,,,46343.54,34463,74,8206.31,7000.5,4837.05,4714.3,,24446.44,
2024-10-06T09:00:00-05:00,13.63,14.632,14.582,,,,49583.69,30230,79,18408.4,17163.2,3472.38,3745.1,,21552.3,
2024-10-06T10:00:00-05:00,15.09,15.735,15.63,,,,52945.13,31381,83,20449.43,20058.3,3230.14,3580.2,,22725.63,
2024-10-06T11:00:00-05:00,17.32,18.175,18.093,,,,56398.64,35156,86,19810.96,20455.9,3340.77,3985.5,,25658.85,
2024-10-06T12:00:00-05:00,21.22,21.857,21.852,,,,59936.33,38868,88,19033.16,20258.6,4047.56,4458.1,,27870.12,
2024-10-06T13:00:00-05:00,25.89,22.883,22.8,,,,63295.78,40832,90,18707.58,19965.3,5108.94,5170.4,,29060.78,
2024-10-06T14:00:00-05:00,27.17,23.125,22.708,,,,66232.24,42157,91,19083.95,20084.6,5643.41,5831.1,,29722.73,
2024-10-06T15:00:00-05:00,30.84,26.077,25.555,,,,68431.99,43722,91,19175.37,20138.4,5644.17,6253.1,,30842.82,
2024-10-06T16:00:00-05:00,31.9,28.41,28.753,,,,69554,45495,90,18501.64,19525.3,5648.16,6495.6,,32432.69,
2024-10-06T17:00:00-05:00,43.91,37.495,40.782,,,,69279.48,48602,90,15163.47,15398.6,5672.34,6477.2,,35540.64,
2024-10-06T18:00:00-05:00,105.99,87.985,107.593,,,,67294.98,55971,86,5107.62,5118.9,5449.32,6478.3,,39406.67,
2024-10-06T19:00:00-05:00,98.47,54.315,62.76,,,,65582.12,57850,83,102.37,131.2,5539.12,7340.5,,40131.2,
2024-10-06T20:00:00-05:00,54.09,44.2,47.633,,,,63316.61,54784,80,0.59,0,6861.08,8885.8,,39506.48,
2024-10-06T21:00:00-05:00,36.6,31.735,32.562,,,,60683.84,51958,78,0.73,0,7567.38,9718.9,,37427.3,
2024-10-06T22:00:00-05:00,26.52,27.238,27.795,,,,57176.65,47792,76,0.83,0,8030.67,9740,,33434.01,
2024-10-06T23:00:00-05:00,23.27,24.325,25.243,,,,53523.09,44528,74,0.82,0,7735.68,9434.1,,30352.66,
2024-10-07T00:00:00-05:00,22.76,23.935,25.028,,,,49588.49,42199,73,0.83,0,6946.57,7354.3,,29009.84,
2024-10-07T01:00:00-05:00,19.98,22.085,22.225,,,,47241.57,40975,71,0.85,0,6063.81,6638.4,,28410.92,
2024-10-07T02:00:00-05:00,19.79,21.323,21.305,,,,45526.21,40355,70,0.86,0,5091.82,5925.4,,28096.89,
2024-10-07T03:00:00-05:00,19.32,21.138,21.12,,,,44538.57,40146,69,0.87,0,4442.62,5428.3,,27973.63,
2024-10-07T04:00:00-05:00,19.95,22.175,22.237,,,,44279.45,40704,68,0.88,0,3879.39,5001,,28401.72,
2024-10-07T05:00:00-05:00,21.65,23.432,23.76,,,,45217.1,42304,67,0.89,0,3578.45,4779.4,,29123.27,
2024-10-07T06:00:00-05:00,28.63,25.643,26.51,,,,47061.33,44127,66,0.89,0,3781.82,4740.3,,30440.76,
2024-10-07T07:00:00-05:00,29.88,24.185,25.315,,,,48084.13,44632,67,333.31,325.9,3797.42,4571,,30713.65,
2024-10-07T08:00:00-05:00,22.61,18.73,19.108,,,,49562.75,39526,73,7424.05,7036.3,3471,4154.9,,27793.93,
2024-10-07T09:00:00-05:00,18.22,16.147,16.095,,,,52566.18,34654,78,17183.5,16949.8,2069.02,3016.6,,25001.5,
2024-10-07T10:00:00-05:00,20,15.755,15.635,,,,55886.6,33743,83,19631.54,19595.7,2112.58,2631.6,,24580.99,
2024-10-07T11:00:00-05:00,23.84,16.762,16.638,,,,59228.92,35638,86,19945.95,19992.6,2969.29,3135.7,,26101.3,
2024-10-07T12:00:00-05:00,27.58,19.528,19.47,,,,62540.16,38959,88,18994.13,19686.1,3962.64,3559.3,,28720.32,
2024-10-07T13:00:00-05:00,28.61,22.845,22.793,,,,65704.51,42574,89,18627.28,19638.9,4009.19,3731.7,,30868.17,
2024-10-07T14:00:00-05:00,31.82,26.872,26.278,,,,68215.14,44981,90,18948.58,19836.9,3891.08,3808.1,,33032.18,
2024-10-07T15:00:00-05:00,38.5,25.13,27.133,,,,69720.78,47182,90,19097.64,20019.1,3902.68,3930.3,,34544.23,
2024-10-07T16:00:00-05:00,43.37,26.31,31.335,,,,70296.92,49124,90,18334.51,19639.5,3988.61,3958.8,,35294.85,
2024-10-07T17:00:00-05:00,77.09,55.95,68.485,,,,69378.4,52681,89,14307.59,15535.1,3700.14,3839.1,,38156.35,
2024-10-07T18:00:00-05:00,327.63,119.612,144.1,,,,66940.62,59384,86,4262.91,4863.8,3010.94,3938.1,,41880.8,
2024-10-07T19:00:00-05:00,358.27,61.222,81.085,,,,64850.15,60194,82,55.99,99.9,3829.67,4853.6,,42228.9,
2024-10-07T20:00:00-05:00,113.37,45.723,49.742,,,,62445.18,56969,79,0.6,0,5277.11,6312,,40887.23,
2024-10-07T21:00:00-05:00,43.85,29.337,28.818,,,,59656.5,52776,77,0.67,0,6371.66,7496.4,,37964.45,
2024-10-07T22:00:00-05:00,27.42,27.66,27.188,,,,56173.55,48833,75,0.68,0,6487.48,8398.9,,34433.65,
2024-10-07T23:00:00-05:00,22.23,24.58,24.162,,,,52594.33,44690,73,0.66,0,7072.08,9031.6,,30613.13,
2024-10-08T00:00:00-05:00,21.14,23.325,22.622,,,,49374.22,41154,72,0.68,0,7589.95,9357.6,,28131.43,
2024-10-08T01:00:00-05:00,19.56,19.815,19.08,,,,46729.49,38619,71,0.68,0,8030.94,8978.2,,26379.55,
2024-10-08T02:00:00-05:00,18.52,18.158,17.577,,,,44660.31,36584,69,0.69,0,8443.57,8416.9,,25328.52,
2024-10-08T03:00:00-05:00,18.01,18.15,17.497,,,,43723.01,36067,68,0.7,0,7791.02,7833.3,,25049.32,
2024-10-08T04:00:00-05:00,17.82,18.1,17.502,,,,43567.98,36089,67,0.7,0,7536.27,7150.9,,25182.54,
2024-10-08T05:00:00-05:00,19.48,19.195,19.205,,,,44611.33,37496,66,0.71,0,7281.55,6625.6,,26531.67,
2024-10-08T06:00:00-05:00,23.1,22.832,23.047,,,,46699.8,40468,65,0.69,0,6472.54,6315.8,,27973.38,
2024-10-08T07:00:00-05:00,24.33,22.43,22.738,,,,47649.82,41759,65,263.93,318,5639.04,5892.2,,28074.69,
2024-10-08T08:00:00-05:00,17.06,16.428,16.463,,,,48714.53,36989,70,6936.19,7042.7,4675.87,5001.1,,25348.24,
2024-10-08T09:00:00-05:00,14.77,14.33,14.308,,,,50998.4,32939,75,16853.11,17488.1,2345.79,3191.9,,23419.94,
2024-10-08T10:00:00-05:00,15.61,12.967,12.852,,,,53602.86,31439,79,19418.17,20103.5,1585.21,1954,,22362.93,
2024-10-08T11:00:00-05:00,17.66,15.263,15.142,,,,56378.55,33134,82,19589.51,20317.4,1687.92,1868.9,,24255,
2024-10-08T12:00:00-05:00,21.49,18.802,18.845,,,,59262.42,37384,85,19387.96,20214.8,1009.11,1626.4,,27734.72,
2024-10-08T13:00:00-05:00,25.71,22.205,22.065,,,,62177.35,41028,87,19312.02,19976.7,762.42,1397.8,,29994.15,
2024-10-08T14:00:00-05:00,27.66,23.833,23.988,,,,64591.44,43463,88,19401.21,20157.5,972.48,1413,,31440.22,
2024-10-08T15:00:00-05:00,29.93,24.92,26.735,,,,66267.27,45238,89,19385.66,20418.9,1259.27,1587.9,,32636.03,
2024-10-08T16:00:00-05:00,37.1,26.07,30.943,,,,67075.22,47157,89,18711.58,19752,1343.36,1872,,34069.46,
2024-10-08T17:00:00-05:00,44.64,46.055,56.25,,,,66396.23,50928,87,14446.38,15680.7,1490.11,2277.4,,36866.62,
2024-10-08T18:00:00-05:00,157.92,71.988,89.7,,,,64206.87,56846,84,4315.51,4756.5,1900.23,3329.2,,39269.57,
2024-10-08T19:00:00-05:00,92.72,36.245,45.25,,,,62518.64,56999,80,71.29,97.8,3673.48,5596,,39088.53,
2024-10-08T20:00:00-05:00,39.43,33.473,32.845,,,,60448.12,52618,77,0.65,0,6334.98,8400.9,,37622.35,
2024-10-08T21:00:00-05:00,27.9,25.718,25.76,,,,57912.77,47452,75,0.68,0,8356.43,10792.5,,34011.48,
2024-10-08T22:00:00-05:00,22.32,25,24.678,,,,54116.72,41799,72,0.67,0,10206.64,12686.3,,28785.88,
2024-10-08T23:00:00-05:00,18.75,21.142,21.138,,,,50364.59,36467,71,0.67,0,12251.14,13963.6,,23612.62,
2024-10-09T00:00:00-05:00,14.77,17.938,17.337,,,,47224.96,31658,70,0.74,0,14328.88,14727.5,,20019.38,
2024-10-09T01:00:00-05:00,12.65,15.935,14.765,,,,44778.97,28894,68,0.94,0,15081.51,14830.3,,18413.52,
2024-10-09T02:00:00-05:00,11.17,14.622,13.252,,,,42967.36,27597,67,0.78,0,14732.37,14514.1,,17739.76,
2024-10-09T03:00:00-05:00,11.04,15.233,13.973,,,,42021.48,27709,66,0.69,0,13867.34,13890.4,,17879.36,
2024-10-09T04:00:00-05:00,13.22,15.487,14.387,,,,41828.8,28164,64,0.7,0,13172.69,12950.7,,18204.49,
2024-10-09T05:00:00-05:00,15.57,17.733,16.952,,,,42867.95,30072,63,0.69,0,12392.11,11986.5,,19896.85,
2024-10-09T06:00:00-05:00,17.9,20.815,20.455,,,,44997.9,32180,62,0.7,0,12535.75,11206.8,,21237.75,
2024-10-09T07:00:00-05:00,19.57,21.597,21.945,,,,46053.1,33196,62,305.68,312.3,11907.4,10555.5,,21572.74,
2024-10-09T08:00:00-05:00,14.28,11.697,11.725,,,,47178.02,28361,68,7461.51,7192,10829.26,9409.6,,17775,
2024-10-09T09:00:00-05:00,9.87,11.625,11.595,,,,49527.93,25300,74,17553.17,17818.2,6812.04,6765.2,,15768.4,
2024-10-09T10:00:00-05:00,13.06,12.98,12.945,,,,52190.47,24890,78,19860.33,20494.1,5632.66,4597.8,,15647.94,
2024-10-09T11:00:00-05:00,14.86,14.27,14.23,,,,54999.49,26253,81,19992.9,20692.8,5887.03,4545.2,,17090.65,
2024-10-09T12:00:00-05:00,16.47,17.288,13.395,,,,57980.9,30134,84,19936.42,20339.4,4531.58,4430.9,,20405.47,
2024-10-09T13:00:00-05:00,18.89,20.927,20.96,,,,61018.88,35033,87,19773.27,20042.9,3166.74,4048.3,,24598.99,
2024-10-09T14:00:00-05:00,21.57,21.973,22.03,,,,63656.84,38013,89,19939.88,20225.8,3147.91,3856.2,,26633.88,
2024-10-09T15:00:00-05:00,22.56,23.78,23.855,,,,65476.78,40245,90,19833.09,20482.9,3836.07,3949.1,,28170.21,
2024-10-09T16:00:00-05:00,25.96,23.915,24.03,,,,66398.68,42906,90,18939.91,19959.7,4449.5,4172,,29479.84,
2024-10-09T17:00:00-05:00,38.34,53.08,54.182,,,,65836.88,46938,88,14602.2,15626.4,4774.88,4567.4,,32532.6,
2024-10-09T18:00:00-05:00,92.73,100.837,101.323,,,,63586.81,53602,84,4293.46,4712.2,5418.15,5787.5,,36133.12,
2024-10-09T19:00:00-05:00,53.14,43.3,43.568,,,,61698.84,52646,79,60.56,85.6,8114.6,8607.1,,35420.38,
2024-10-09T20:00:00-05:00,28.79,24.835,25.253,,,,59486.54,47032,77,0.63,0,11647.77,11917.3,,32571.08,
2024-10-09T21:00:00-05:00,21.04,21.793,22.193,,,,56730.34,41679,74,0.88,0,13866.43,14443,,28401.95,
2024-10-09T22:00:00-05:00,18.18,23.39,23.668,,,,53319.72,36905,73,1.13,0,15195.13,16214.7,,23838.18,
2024-10-09T23:00:00-05:00,15.89,19.77,19.958,,,,49898.18,33136,71,1.04,0,15633.58,17204.4,,21050.79,
2024-10-10T00:00:00-05:00,14.75,18.045,18.188,,,,46848.46,29998,70,1.05,0,16143.13,17368.3,,19355.99,
2024-10-10T01:00:00-05:00,14.02,15.51,15.563,,,,44539.11,27721,68,1.06,0,16398.31,16953.9,,18071.84,
2024-10-10T02:00:00-05:00,12.55,13.938,13.868,,,,42815.61,26337,66,1.02,0,16656.58,16342.4,,16853.3,
2024-10-10T03:00:00-05:00,11.95,14.237,14.168,,,,41851.6,26052,66,0.91,0,16270.54,15618.7,,16989.07,
2024-10-10T04:00:00-05:00,12.86,14.3,14.29,,,,41628.64,26012,65,0.86,0,16130.8,14506.7,,17171.47,
2024-10-10T05:00:00-05:00,15.42,16.905,16.905,,,,42607,28031,64,0.89,0,14917.88,13435.6,,18902.66,
2024-10-10T06:00:00-05:00,19.2,20.273,20.288,,,,44715.1,30935,63,0.89,0,14073.58,12660.6,,20506.94,
2024-10-10T07:00:00-05:00,20.11,20.232,20.428,,,,45770.01,32282,64,275.46,292.4,13291.62,11660.3,,20982.02,
2024-10-10T08:00:00-05:00,14.94,14.493,14.563,,,,47028.82,28899,70,6961.87,6900.5,11008.3,10214.4,,18354.82,
2024-10-10T09:00:00-05:00,11.97,13.32,13.295,,,,49654.99,25582,76,17216.24,17309.4,7075.58,7685,,16430.7,
2024-10-10T10:00:00-05:00,13.49,15.227,15.207,,,,52704.66,27312,81,19878.8,19810.5,4797.61,5421.4,,18515.53,
2024-10-10T11:00:00-05:00,15.77,16.035,16.018,,,,55951.8,28486,85,20190.38,20126.2,5228.99,4959.8,,19605.9,
2024-10-10T12:00:00-05:00,18.3,17.818,17.795,,,,59372.71,31744,88,19870.3,19802.4,5334.43,4648.1,,22228.06,
2024-10-10T13:00:00-05:00,22.12,20.11,20.162,,,,62691.06,35461,90,19819,19586.2,5189.12,4223.4,,25302.31,
2024-10-10T14:00:00-05:00,25.21,23.105,23.19,,,,65400.7,38951,92,19779.59,19769.8,5091.75,4091.7,,27555.7,
2024-10-10T15:00:00-05:00,26.69,23.98,23.912,,,,67006.96,41319,92,19588.96,19977.4,5644.08,4348.8,,29073.41,
2024-10-10T16:00:00-05:00,29.69,25.9,25.78,,,,67598.36,43649,92,18761.25,19685.4,6034.54,4812.4,,30647.73,
2024-10-10T17:00:00-05:00,45.23,36.1,36.03,,,,66644.65,47226,90,14504.05,15305.5,6420.87,5513.7,,33447.32,
2024-10-10T18:00:00-05:00,88.05,86.062,86.057,,,,64113.93,53277,86,4119.49,4447.3,7423.3,7092.5,,36209.34,
2024-10-10T19:00:00-05:00,50.61,32.148,32.463,,,,62078.72,51126,82,52.5,70.8,11046.05,10179,,35040.43,
2024-10-10T20:00:00-05:00,26.57,24.435,25.062,,,,59812.16,45224,78,0.79,0,14762.74,13693.7,,31815.16,
2024-10-10T21:00:00-05:00,19.55,20.415,20.845,,,,57021.74,39132,77,1.12,0,18142.36,16368.3,,27374.32,
2024-10-10T22:00:00-05:00,18.06,20.957,21.027,,,,53620.04,34301,75,1.42,0,19862.24,18199,,22741.96,
2024-10-10T23:00:00-05:00,16.43,16.978,16.95,,,,50218.08,30387,73,1.39,0,20224.45,19023.7,,19978.32,
2024-10-11T00:00:00-05:00,13.88,14.798,14.65,,,,47234.76,27201,72,1.27,0,20264.9,20141.2,,17580.08,
2024-10-11T01:00:00-05:00,12.71,13.842,13.875,,,,44772.71,25752,70,1.26,0,19400.38,19572.1,,16744.39,
2024-10-11T02:00:00-05:00,11.87,11.29,11.255,,,,42919.7,24605,68,1.31,0,19410.49,18794,,15466.48,
2024-10-11T03:00:00-05:00,12.1,8.928,8.45,,,,42034.8,24051,67,1.27,0,18954.48,18092.4,,15017.11,
2024-10-11T04:00:00-05:00,12.95,11.627,11.802,,,,41912.58,24426,66,1.16,0,18205.33,17130,,15538.23,
2024-10-11T05:00:00-05:00,14.98,14.565,14.715,,,,42966.6,26744,65,1.07,0,16577.25,16128,,17901.53,
2024-10-11T06:00:00-05:00,19.48,18.747,18.8,,,,45108.63,30269,63,0.91,0,14673.23,15136.8,,20309.35,
2024-10-11T07:00:00-05:00,19.99,20.63,20.665,,,,46284.99,32179,64,218.14,276.5,13340.12,13959.7,,20856.55,
2024-10-11T08:00:00-05:00,14.99,14.573,14.573,,,,47543.64,28605,70,6508.6,6542.6,11856.53,12671.2,,18225.98,
2024-10-11T09:00:00-05:00,12.25,10.725,10.703,,,,50024.2,23905,75,16448.59,16823.9,9647.86,10028.9,,15099.6,
2024-10-11T10:00:00-05:00,13.98,11.8,11.747,,,,52798.57,24421,81,19443.27,19808.6,8917.57,8051.7,,15857.58,
2024-10-11T11:00:00-05:00,15.2,12.307,11.672,,,,55744.36,25150,84,19978.89,20076.7,10480.38,8813.5,,16362.36,
2024-10-11T12:00:00-05:00,17.73,14.175,13.587,,,,58938.59,27343,87,20157.43,19826.6,11030.59,9480.4,,18699.88,
2024-10-11T13:00:00-05:00,19.63,14.98,14.36,,,,62202.62,30733,89,20074.96,19537.4,10854.52,9518.9,,22047.42,
2024-10-11T14:00:00-05:00,21.55,17.1,16.543,,,,64918.72,33973,90,19834.35,19649.8,11072.13,9338.6,,24467.12,
2024-10-11T15:00:00-05:00,24.17,21.065,20.96,,,,66685.7,37101,91,19347.15,19875.5,10756.84,9226.7,,26585.58,
2024-10-11T16:00:00-05:00,26.73,22.53,22.412,,,,67447.98,39202,91,18949.36,19078.3,10176.76,9124.2,,27822.82,
2024-10-11T17:00:00-05:00,43.01,32.335,32.297,,,,66558.3,43061,90,14350.75,14615.4,10159.32,9482.5,,30097.53,
2024-10-11T18:00:00-05:00,76.78,49.923,49.923,,,,63947.6,50317,85,3793.56,4215.1,10166.81,10682.6,,34369.46,
2024-10-11T19:00:00-05:00,34.67,25.023,25.63,,,,61797.64,48137,81,43.24,63.2,13167.43,13803.6,,32983.27,
2024-10-11T20:00:00-05:00,21.71,19.64,20.012,,,,59395.04,40356,78,0.82,0,18421.9,17611,,28296.4,
2024-10-11T21:00:00-05:00,17.99,20.785,16.142,,,,56740.61,34836,76,0.91,0,21545.7,20086,,23496.21,
2024-10-11T22:00:00-05:00,17.6,22.27,15.685,,,,53722.9,31546,74,1.08,0,22165.77,21374.9,,20050.58,
2024-10-11T23:00:00-05:00,16.35,20.09,12.91,,,,50658.52,29228,74,1.1,0,21712.84,21802.1,,18401.33,
2024-10-12T00:00:00-05:00,14.87,18.217,10.922,,,,47881.11,27340,72,1.06,0,20997.54,22209,,17395.52,
2024-10-12T01:00:00-05:00,12.83,16.188,8.688,,,,45526.72,25963,71,1.03,0,19925.66,21696.5,,16551.58,
2024-10-12T02:00:00-05:00,11.52,15.185,7.848,,,,43883.72,25129,70,1.03,0,19072.91,21020.5,,16240.61,
2024-10-12T03:00:00-05:00,9.9,14.758,7.593,,,,42654.03,24848,68,0.99,0,18484.59,20269.9,,16069.98,
2024-10-12T04:00:00-05:00,9.14,14.722,8.298,,,,41920.49,24971,67,0.95,0,17731.74,19266.2,,16028.98,
2024-10-12T05:00:00-05:00,11.37,15.095,10.277,,,,41908.04,25257,66,0.95,0,16875.15,18277.5,,16105.28,
2024-10-12T06:00:00-05:00,13.91,16.585,14.193,,,,42565.37,26183,65,0.84,0,16419.89,17429.9,,16635.63,
2024-10-12T07:00:00-05:00,14.6,17.128,17.765,,,,43284.06,27156,65,184.27,241.1,15623.57,16491.3,,17525.55,
2024-10-12T08:00:00-05:00,10.75,11.64,10.055,,,,45743.96,23988,71,6007.38,5861.7,14948.34,15290.8,,15242.18,
2024-10-12T09:00:00-05:00,8.85,8.088,5.837,,,,49745.43,20988,76,16767.67,16004.3,11755.33,12378.1,,13633.08,
2024-10-12T10:00:00-05:00,11.57,11.223,10.995,,,,53013.92,21940,80,20128.26,19678.2,9673.84,9778,,14506.96,
2024-10-12T11:00:00-05:00,14.59,15.352,15.317,,,,56699.44,24998,85,20495.99,20290.8,9324.82,9641.1,,17504.48,
2024-10-12T12:00:00-05:00,17.27,16.39,16.447,,,,60336.01,28414,88,20335.81,20144.4,9222.29,9614.5,,20373.12,
2024-10-12T13:00:00-05:00,19.07,17.283,17.04,,,,63205.68,31702,91,20148.35,20225.3,9866.27,9347,,23483.3,
2024-10-12T14:00:00-05:00,21.9,18.758,18.507,,,,65442.7,34435,92,20221.14,20412.5,10089.61,8944.4,,25591.89,
2024-10-12T15:00:00-05:00,24.11,21.935,21.568,,,,67277.4,37114,93,20236.16,20686.4,9716.16,8603.5,,27587.27,
2024-10-12T16:00:00-05:00,26.25,22.412,22.23,,,,68085.93,39415,93,19333.81,20052.4,9585.97,8409.1,,28894.05,
2024-10-12T17:00:00-05:00,41.64,35.522,35.43,,,,66880.72,43443,91,14439.43,15264.4,9801.27,8561.9,,31081.61,
2024-10-12T18:00:00-05:00,95.21,42.117,42.117,,,,63932.88,50728,87,3800.86,4126.1,10365.03,10095,,35576.5,
2024-10-12T19:00:00-05:00,36.95,27.345,27.465,,,,60557.29,48013,83,36.66,55,13935.81,13603.4,,33782.47,
2024-10-12T20:00:00-05:00,23.62,19.535,18.135,,,,58175.52,40279,80,0.84,0,19522.8,17424.3,,28529.43,
2024-10-12T21:00:00-05:00,20.79,19.33,13.02,,,,55503.14,34360,78,0.96,0,22749.71,19945.7,,23864.4,
2024-10-12T22:00:00-05:00,18.36,22.23,14.603,,,,52646.06,30461,77,1.1,0,23819.34,21507.7,,19963.62,
2024-10-12T23:00:00-05:00,17.78,20.37,12.75,,,,50215.49,27960,75,1.1,0,23454.63,22388.5,,17884.56,
2024-10-13T00:00:00-05:00,16.79,18.158,10.685,,,,48717.03,26230,73,1,0,22864.79,23782.6,,16772.34,
2024-10-13T01:00:00-05:00,14.13,15.79,8.67,,,,46347.09,24816,72,1.05,0,21884.66,23718.7,,15844.92,
2024-10-13T02:00:00-05:00,12.24,13.785,6.893,,,,44517.86,24029,71,1.08,0,21258.32,23395,,15159.94,
2024-10-13T03:00:00-05:00,11.64,13.02,6.087,,,,43270.06,23631,69,1.05,0,20292.32,22659.1,,14757.29,
2024-10-13T04:00:00-05:00,11.71,12.763,6.065,,,,42413.47,23148,68,0.99,0,19712.46,21459.2,,14448.6,
2024-10-13T05:00:00-05:00,11.78,12.898,7.377,,,,42154.36,23333,67,0.9,0,19055.46,19989.1,,14658.78,
2024-10-13T06:00:00-05:00,14.04,13.928,11.358,,,,42416.64,24272,66,0.79,0,18203.46,18516.9,,15563.47,
2024-10-13T07:00:00-05:00,14.9,14.487,14.062,,,,42864.36,25528,66,218.77,224.4,17092.29,17418.5,,16445.32,
2024-10-13T08:00:00-05:00,12.21,4.918,4.535,,,,44768.8,22172,71,6677.35,5811.9,16055.51,15955.7,,14109.56,
2024-10-13T09:00:00-05:00,9.55,0.007,0.007,,,,48098.9,21413,77,15876.4,15770.7,11322.11,12602.6,,14015.61,
2024-10-13T10:00:00-05:00,12.74,8.032,8.01,,,,51537.36,22195,82,20332.44,19052.3,8540.6,9482.5,,14450.87,
2024-10-13T11:00:00-05:00,15.91,16.487,16.448,,,,55186.53,26417,86,20542.3,19682.5,7870.37,8693.7,,18751.84,
2024-10-13T12:00:00-05:00,18.12,16.185,15.98,,,,59148.87,29663,90,20240.71,19534.8,8425.2,8492.4,,21773.9,
2024-10-13T13:00:00-05:00,20.48,20.142,20.06,,,,62906.06,34791,93,20129.61,19590.8,7632.69,8068.4,,26083.7,
2024-10-13T14:00:00-05:00,24.43,25.867,25.5,,,,66078.65,39885,94,20173.06,19739.8,6023.86,7388.5,,29389.39,
2024-10-13T15:00:00-05:00,27.48,26.755,26.325,,,,68342.95,43900,95,20086.78,19922.1,5079.08,6884.2,,31972.49,
2024-10-13T16:00:00-05:00,31.56,27.408,31.612,,,,69378.89,46392,95,19158.71,19306.2,4884.07,6798.2,,33934.51,
2024-10-13T17:00:00-05:00,60.07,44.653,58.853,,,,68799.54,50380,93,13964.84,14487.5,5384.5,7404,,36453.43,
2024-10-13T18:00:00-05:00,152.3,79.91,98.718,,,,66595.67,56649,88,3520.25,3856.1,6213.27,9203.7,,39901.42,
2024-10-13T19:00:00-05:00,58.8,54.277,59.41,,,,64490.8,54466,82,32.89,45.6,9133.75,12508.3,,39109.63,
2024-10-13T20:00:00-05:00,29.08,26.197,26.68,,,,62023.62,48106,79,0.57,0,13373.57,15905.8,,35086.97,
2024-10-13T21:00:00-05:00,24.95,21.622,22.07,,,,59104.18,41281,77,0.81,0,17131.18,17705.5,,29990.01,
2024-10-13T22:00:00-05:00,20.65,22.315,22.18,,,,55251.94,36477,75,0.95,0,18899.32,18205.6,,25110.28,
2024-10-13T23:00:00-05:00,18.18,20.448,20.287,,,,51396.21,33450,74,0.99,0,18599.39,17799.3,,22356.14,
2024-10-14T00:00:00-05:00,19.85,20.543,20.488,,,,48263.79,32233,73,0.79,0,16593.07,15587,,21169.98,
2024-10-14T01:00:00-05:00,17.88,20.13,20.045,,,,46163.81,31654,71,0.71,0,14733.51,14303.3,,20838.27,
2024-10-14T02:00:00-05:00,17.42,19.605,19.493,,,,44720.66,31338,69,0.72,0,13659.65,13196.4,,20696.43,
2024-10-14T03:00:00-05:00,17.03,18.53,18.395,,,,43860.31,30934,68,0.75,0,13528.3,12425.7,,20552.33,
2024-10-14T04:00:00-05:00,16.98,18.198,18.113,,,,43725.6,30421,66,0.75,0,13651.32,11866.3,,20666.67,
2024-10-14T05:00:00-05:00,19.17,18.32,18.315,,,,44773.1,30844,65,0.76,0,13637.68,11464.8,,21284.02,
2024-10-14T06:00:00-05:00,24.27,19.005,18.998,,,,46722.81,31870,64,0.8,0,13857.09,11042.8,,21849.88,
2024-10-14T07:00:00-05:00,26.7,19.91,19.955,,,,47530.49,32867,64,172,215.9,13378.97,10522,,21997.18,
2024-10-14T08:00:00-05:00,21.26,15.885,15.903,,,,48913.43,29899,68,6481.15,5826,11404.64,9120,,20017.26,
2024-10-14T09:00:00-05:00,16.76,12.828,12.822,,,,52353.29,26039,74,17464.68,15824.3,8109.55,7103.8,,17750.27,
2024-10-14T10:00:00-05:00,18.21,15.192,15.16,,,,54255.73,27840,78,20162.22,18958.3,5068.2,5317.8,,19931.12,
2024-10-14T11:00:00-05:00,19.91,19.267,19.233,,,,57081.37,32406,81,20491.18,19462.1,2590.44,3876.1,,23664.98,
2024-10-14T12:00:00-05:00,23.91,23.133,23.092,,,,60271.62,37002,84,20366.24,19422.7,1596.76,2930.2,,26300.23,
2024-10-14T13:00:00-05:00,27.74,25.495,24.49,,,,63431.15,40756,87,20074.99,19528.4,1289.1,2559.5,,28930.58,
2024-10-14T14:00:00-05:00,28.94,29.425,27.725,,,,66134.66,43311,89,20072.36,19606.9,1546.21,2665.4,,30804.35,
2024-10-14T15:00:00-05:00,30.86,33.85,25.105,,,,68206.94,45331,90,20071.14,19765,2035.43,3130.6,,32677.16,
2024-10-14T16:00:00-05:00,33.77,68.98,29.4,,,,69235.78,46865,89,19252.78,19172.3,2640.82,3928.7,,34023.24,
2024-10-14T17:00:00-05:00,61.23,103.005,65.157,,,,68269.78,50333,88,14212.69,14263.7,3360.01,5008.3,,36840.19,
2024-10-14T18:00:00-05:00,113.77,125.94,117.067,,,,64417.65,56669,83,3515.4,3691.9,4202.2,6566.6,,40016.26,
2024-10-14T19:00:00-05:00,66.25,71.997,72.555,,,,61771.43,55994,79,27.04,39.3,5767.6,9095.6,,39882.37,
2024-10-14T20:00:00-05:00,30.52,46.053,46.252,,,,59839.14,51639,76,0.64,0,8205.54,11965,,37819.98,
2024-10-14T21:00:00-05:00,26.09,28.89,28.28,,,,56802.11,46905,74,0.85,0,10377.55,14254,,34056.81,
2024-10-14T22:00:00-05:00,20.43,25.855,25.207,,,,53441.71,41076,71,0.86,0,12536.58,16003.8,,28643.02,
2024-10-14T23:00:00-05:00,17.12,22.555,22.345,,,,50228.18,34751,70,0.9,0,15029.36,17344.6,,22791.88,
2024-10-15T00:00:00-05:00,14.8,18.487,18.43,,,,47251.31,30189,68,1.06,0,17067.74,18900.9,,19317.49,
2024-10-15T01:00:00-05:00,11.4,14.98,14.638,,,,45270.07,26601,66,1.29,0,18483.48,19417.1,,17096.2,
2024-10-15T02:00:00-05:00,9.89,13.055,10.875,,,,43905.72,23987,66,1.46,0,19515.38,19284.1,,15273.18,
2024-10-15T03:00:00-05:00,9.28,12.938,11.605,,,,42846.11,23535,64,1.54,0,19187.25,18807.1,,14992.02,
2024-10-15T04:00:00-05:00,10.07,13.36,11.882,,,,42620.6,23662,63,1.49,0,18842.68,17844.1,,15286.98,
2024-10-15T05:00:00-05:00,14.76,15.452,15.275,,,,43656.12,25591,62,1.38,0,17696.43,16625.9,,17236.89,
2024-10-15T06:00:00-05:00,18.22,19.245,19.058,,,,45827.01,29148,61,1.23,0,16045.27,15319.8,,19712.09,
2024-10-15T07:00:00-05:00,20.92,21.575,21.383,,,,46693.35,31164,61,192.46,218.1,14602.85,13738,,20683.42,
2024-10-15T08:00:00-05:00,16.04,15.775,15.625,,,,47797.78,28304,67,6860.11,6053.9,12166.14,11745.6,,18537.37,
2024-10-15T09:00:00-05:00,14.2,10.25,10.23,,,,51595.66,24010,73,17755.93,16595.1,7710.87,8334.2,,15826.37,
2024-10-15T10:00:00-05:00,15.42,14.502,14.503,,,,53561.17,25174,79,20337.47,20077.3,6028.76,5749.2,,17242.57,
2024-10-15T11:00:00-05:00,16.8,14.582,14.503,,,,56804.05,26187,84,20345.04,20386.5,7863.98,6189.5,,17999.42,
2024-10-15T12:00:00-05:00,19.54,17.877,17.257,,,,61128.49,30060,89,19994.12,20112,8136.92,7106.2,,21749.97,
2024-10-15T13:00:00-05:00,24.86,28.145,26.123,,,,65398.7,36468,91,19573.91,19872.8,6261.91,6891.8,,26444.62,
2024-10-15T14:00:00-05:00,27.53,33.385,31.54,,,,68725.87,41529,93,19622.22,19966.5,4787.56,6517.4,,29903.62,
2024-10-15T15:00:00-05:00,30.72,40.333,37.485,,,,70725.74,44219,94,19760.79,20136.9,4907.15,7186,,32264.02,
2024-10-15T16:00:00-05:00,36.81,65.42,46.322,,,,71534.13,45939,94,18648.58,19436,6286,8812.7,,33565.25,
2024-10-15T17:00:00-05:00,50.23,159.8,161.623,,,,70294.61,48187,92,13739.36,14486.6,8124.07,10853.3,,34641.48,
2024-10-15T18:00:00-05:00,71.58,108.64,103.195,,,,65851.32,52471,85,3319.07,3653.4,10388.94,13384.5,,37024.54,
2024-10-15T19:00:00-05:00,39.37,86.785,81.21,,,,62705.38,51189,79,19.03,31,11832.3,16577.1,,36801.22,
2024-10-15T20:00:00-05:00,26.97,36.08,36.315,,,,60297.89,44376,77,1,0,14794.95,19642,,32070.54,
2024-10-15T21:00:00-05:00,23.63,24.125,22.595,,,,56745.18,36799,75,1.52,0,20257.87,21922.8,,25240.05,
2024-10-15T22:00:00-05:00,21.19,31.45,25.367,,,,52446.03,32359,72,1.62,0,22058.24,22999.1,,20187.4,
2024-10-15T23:00:00-05:00,17.98,22.078,15.94,,,,48595.39,29089,70,1.64,0,21724.28,23270.5,,17188.14,
2024-10-16T00:00:00-05:00,18.18,22.063,13.88,,,,46100.12,26340,69,1.49,0,21148.3,23208.9,,15204.71,
2024-10-16T01:00:00-05:00,16.06,20.347,12.088,,,,43204.8,24331,68,1.43,0,20842.01,22604.4,,13626.54,
2024-10-16T02:00:00-05:00,14.46,20.015,11.69,,,,40910.38,23270,66,1.49,0,20354.43,21671.7,,13038.19,
2024-10-16T03:00:00-05:00,14.89,19.06,11.408,,,,40192.63,22569,64,1.56,0,19787.83,20320.7,,12746.7,
2024-10-16T04:00:00-05:00,14.77,19.812,12.585,,,,40364.29,22728,63,1.45,0,19182.31,18657.8,,13094.3,
2024-10-16T05:00:00-05:00,18.32,21.508,14.15,,,,41981.39,24015,61,1.47,0,18436.03,17093.3,,13927.84,
2024-10-16T06:00:00-05:00,23.48,23.01,18.128,,,,44968.99,25725,60,1.48,0,18398.34,15820.1,,15198.92,
2024-10-16T07:00:00-05:00,25.84,26.875,26.76,,,,46550.02,27809,59,121.81,217.7,17027.98,14344.9,,16501.76,
2024-10-16T08:00:00-05:00,17.94,19.443,19.113,,,,47040.26,25624,59,4308.83,5588.4,15098.05,13041.8,,14897.11,
2024-10-16T09:00:00-05:00,9.1,15.615,10.343,,,,48109.43,20537,61,12357.15,15359.2,14007.48,12316.7,,11630.9,
2024-10-16T10:00:00-05:00,7.39,14.983,10.562,,,,48838.88,19282,62,15322.95,18477.4,12570.34,11263,,10912.04,
2024-10-16T11:00:00-05:00,10.85,15.332,14.087,,,,49242.38,19853,64,17500.63,18973.7,10081.47,9539.9,,11474.17,
2024-10-16T12:00:00-05:00,11.05,17.38,17.43,,,,49634.49,21032,66,18110.47,18898.5,8363.41,8352.4,,12663.47,
2024-10-16T13:00:00-05:00,12.92,17.2,17.23,,,,50262.15,21123,68,19029.61,18831.9,7861.38,8036.8,,12707.44,
2024-10-16T14:00:00-05:00,14.21,16.69,16.758,,,,50754.28,21623,69,19160.3,18873.9,7907.33,8474.6,,13251.42,
2024-10-16T15:00:00-05:00,14.04,16.972,13.155,,,,51339.31,23113,70,18394.32,18866.2,8004.46,9190.2,,14271.98,
2024-10-16T16:00:00-05:00,14.6,13.388,13.428,,,,52044.04,23369,70,18143.29,18242.9,8433.96,10175.7,,15179,
2024-10-16T17:00:00-05:00,18.65,25.493,25.453,,,,52067.6,27645,69,12809.7,13393.2,9430.87,11333.5,,18389.89,
2024-10-16T18:00:00-05:00,39.32,94.513,93.055,,,,51251.18,35953,67,2917.02,3271.3,10020.54,12434.9,,22737.68,
2024-10-16T19:00:00-05:00,39.34,55.677,55.047,,,,51162.9,36942,63,14.72,22.9,11618.78,13978.6,,23809.21,
2024-10-16T20:00:00-05:00,25.5,24.52,24.303,,,,50314.67,33703,62,0.79,0,15100.07,15820.1,,22115.46,
2024-10-16T21:00:00-05:00,18.59,18.905,18.577,,,,48641.23,29345,60,1,0,17787.43,17302,,19381.48,
2024-10-16T22:00:00-05:00,15.51,16.918,16.572,,,,46069.75,25113,59,1.28,0,19414.21,18204.5,,16196.66,
2024-10-16T23:00:00-05:00,14.96,16.24,16.035,,,,43332.75,21635,57,1.43,0,20525.14,18538.4,,13031.52,
2024-10-17T00:00:00-05:00,15.38,11.933,11.568,,,,41295.58,19796,56,1.16,0,20713.34,19465.5,,11642.62,
2024-10-17T01:00:00-05:00,13.22,12.303,8.587,,,,39825.6,18926,55,1.33,0,20368.61,18941.3,,11080.46,
2024-10-17T02:00:00-05:00,12.13,10.688,6.01,,,,38843.56,18009,54,1.24,0,20423.69,18282.6,,10401.98,
2024-10-17T03:00:00-05:00,11.73,9.515,4.983,,,,38476.06,18017,52,1.16,0,20717.99,17766.9,,10099.76,
2024-10-17T04:00:00-05:00,13.5,11.24,6.688,,,,38963.02,18860,52,1.2,0,20018.52,17296,,10993.98,
2024-10-17T05:00:00-05:00,16.74,13.933,10.215,,,,40891.6,20123,52,1.37,0,20307.79,17031.6,,12110.5,
2024-10-17T06:00:00-05:00,30.76,16.582,15.685,,,,44231.97,22527,51,1.35,0,20131.77,16861.8,,14149.91,
2024-10-17T07:00:00-05:00,30.08,18.517,18.517,,,,45996.94,24658,51,218.99,244.2,19134.31,16570.6,,14952.28,
2024-10-17T08:00:00-05:00,18.7,12.6,12.6,,,,46232.99,21005,55,6343.7,6179.5,17126.1,15723.1,,12347.66,
2024-10-17T09:00:00-05:00,9.95,2.79,2.79,,,,46590.3,16270,60,15716.13,16144.4,13865.3,14836.3,,8817.21,
2024-10-17T10:00:00-05:00,9.07,-0.01,-0.02,,,,46610.94,15343,64,15684.48,18974,15000.14,15403,,8181.55,
2024-10-17T11:00:00-05:00,9.55,-0.068,-0.108,,,,46562.04,15071,68,13707.87,19343,16726.35,16068.3,,8100.28,
2024-10-17T12:00:00-05:00,9.36,-0.022,-0.08,,,,46729.68,14906,70,14125.3,18944.7,17061.93,16166.3,,8046.39,
2024-10-17T13:00:00-05:00,10.1,0.017,-0.208,,,,47341.44,14719,72,14650.43,18749.5,17578.36,16748.9,,8042.48,
2024-10-17T14:00:00-05:00,10.34,0.055,-0.255,,,,47993.03,14942,73,14482.6,18795.3,18084.88,17931.7,,8032.03,
2024-10-17T15:00:00-05:00,10.18,0.555,-0.105,,,,48826.71,15231,74,14306.03,18737.1,19184.47,19475.8,,8348.47,
2024-10-17T16:00:00-05:00,13.57,4.33,2.355,,,,49866.49,16065,74,13573.79,17687.2,20056.42,21028.1,,9275.28,
2024-10-17T17:00:00-05:00,17.52,11.597,7.9,,,,50147.94,19320,73,8869.53,12409.5,21608.48,22261.3,,11817.24,
2024-10-17T18:00:00-05:00,28.39,21.805,22.8,,,,49534.58,24706,70,1727.61,2770.3,22854.17,22516.6,,15001.8,
2024-10-17T19:00:00-05:00,28.49,19.713,19.078,,,,49590.9,25936,67,8.22,14.7,23576.78,22582.8,,15908.3,
2024-10-17T20:00:00-05:00,24.88,18.772,14.1,,,,48846.33,24738,65,1.07,0,24203.25,23560,,15373.37,
2024-10-17T21:00:00-05:00,20.75,16.818,9.81,,,,47285.02,23164,64,1.14,0,24405.6,24585,,13964.68,
2024-10-17T22:00:00-05:00,15.95,14.89,7.403,,,,45019.52,21110,63,1.15,0,24402.47,25273.2,,12485.14,
2024-10-17T23:00:00-05:00,14.81,12.443,4.857,,,,42515.04,19355,62,1.1,0,23619.8,25610.9,,11027.1,
2024-10-18T00:00:00-05:00,15.83,15.21,4.78,,,,40737.82,17894,61,1.29,0,22978.52,25018.6,,9900.24,
2024-10-18T01:00:00-05:00,13.63,12.487,1.815,,,,39261.21,17256,60,1.34,0,22433.9,24666.1,,9260.52,
2024-10-18T02:00:00-05:00,12.84,11.185,0.087,,,,38272.19,16875,59,1.38,0,22002.51,24228.4,,9086.15,
2024-10-18T03:00:00-05:00,12.21,12.31,2.305,,,,37786.42,17069,58,1.37,0,21462.72,23706,,9421.91,
2024-10-18T04:00:00-05:00,13.1,12.782,4.955,,,,38080.99,17332,57,1.34,0,21419.77,22933,,9635.04,
2024-10-18T05:00:00-05:00,15.34,17.335,9.438,,,,39511.54,18775,57,1.37,0,21810.74,22121.2,,10762.94,
2024-10-18T06:00:00-05:00,26.08,19.112,12.675,,,,42134.78,20521,56,1.32,0,22002.26,21419.6,,11768.62,
2024-10-18T07:00:00-05:00,23.06,19.875,17.863,,,,43641.99,22081,57,176.47,166.2,21780.83,20884.2,,12339.38,
2024-10-18T08:00:00-05:00,17.85,13.797,11.125,,,,44550.15,19761,60,4576.27,3921.5,20509.6,20431.1,,10894.28,
2024-10-18T09:00:00-05:00,15.15,7.755,4.298,,,,45759.78,15851,65,10724.12,10069.6,19301.65,20525.1,,8254.02,
2024-10-18T10:00:00-05:00,12.45,4.648,1.272,,,,46681.59,14938,69,11390.95,12453.7,20609.3,21889.1,,7800.33,
2024-10-18T11:00:00-05:00,13.33,4.942,-0.185,,,,47482.9,14784,73,10984.02,13611.9,22332.61,23330.8,,7759.24,
2024-10-18T12:00:00-05:00,14.3,6.982,1.083,,,,48381.29,15131,75,10899.58,14036,22754.55,24210,,8028.1,
2024-10-18T13:00:00-05:00,15.92,9.638,2.688,,,,49643.48,15966,76,11199.95,13178.4,22777.82,24763.2,,8647.12,
2024-10-18T14:00:00-05:00,16.93,11.233,3.475,,,,50862.97,17350,78,11033.69,12801.9,22639.44,24988.2,,9960.19,
2024-10-18T15:00:00-05:00,18.41,12.875,4.572,,,,51510.6,18960,78,10129.67,11928.9,22871.89,25183.6,,11318.58,
2024-10-18T16:00:00-05:00,20.36,12.328,3.982,,,,52077.17,20067,79,9316.98,10371.6,23141.37,25434.6,,12100.52,
2024-10-18T17:00:00-05:00,22.42,18.433,9.8,,,,51757.28,22641,77,5644.38,6705.8,24215.48,25405.7,,14259.53,
2024-10-18T18:00:00-05:00,30.08,19.965,12.372,,,,50453.17,26065,75,945.3,1484.8,24479.17,24738.6,,16112.05,
2024-10-18T19:00:00-05:00,28.12,20.56,13.573,,,,50077.29,27251,73,7.67,10.9,23920.44,24214,,16856.21,
2024-10-18T20:00:00-05:00,25.19,22.125,14.635,,,,49123.77,26487,72,1.14,0,23692.79,24615.4,,16777.28,
2024-10-18T21:00:00-05:00,23.71,20.162,12.525,,,,47671.94,25171,71,1.17,0,23693.63,25164.1,,15688.05,
2024-10-18T22:00:00-05:00,18.59,24.195,15.95,,,,45985.43,23133,69,1.29,0,23936.14,25626.4,,12918.41,
2024-10-18T23:00:00-05:00,17.21,20.355,13.5,,,,43983.66,21466,68,1.12,0,23447.1,25920.2,,11386.28,
2024-10-19T00:00:00-05:00,17.33,18.767,12.33,,,,42212.66,20042,66,1.14,0,22871.19,24307,,11000.33,
2024-10-19T01:00:00-05:00,14.52,15.29,8.275,,,,40493.21,19324,65,1.1,0,22043.92,23674,,10592.86,
2024-10-19T02:00:00-05:00,12.93,13.133,5.915,,,,39338.1,18532,64,1.09,0,21720.28,23149.7,,10269.22,
2024-10-19T03:00:00-05:00,12.67,13.12,6.273,,,,38547.14,18208,63,1.04,0,21566.12,22487.7,,10154.69,
2024-10-19T04:00:00-05:00,14.53,12.9,7.92,,,,38217.32,18040,63,1.18,0,21019.53,21424.4,,10113.45,
2024-10-19T05:00:00-05:00,15.03,15.932,11.035,,,,38556.77,18447,62,1.2,0,20946.41,20088.8,,10494.44,
2024-10-19T06:00:00-05:00,22.64,18.855,14.703,,,,39526.63,20316,62,1.27,0,19943.51,18684.2,,11232.66,
2024-10-19T07:00:00-05:00,24.55,20.623,20.44,,,,40593.06,22397,62,149.08,150.4,18416.86,17381.4,,12132.37,
2024-10-19T08:00:00-05:00,17.34,12.942,12.755,,,,42111.13,20829,65,4477.77,3815.2,17350.14,16354.2,,11960.44,
2024-10-19T09:00:00-05:00,11.02,7.86,6.737,,,,44137.98,17204,68,11164.05,9737,16485.57,16104.4,,9970.48,
2024-10-19T10:00:00-05:00,11.32,3.62,2.665,,,,45935.02,15340,72,13993.86,12101.7,17541.13,16769.3,,8531.07,
2024-10-19T11:00:00-05:00,11.16,2.922,2.06,,,,47413.33,15339,75,15007.85,13138,17714.49,17304.5,,8416.17,
2024-10-19T12:00:00-05:00,12.74,8.67,5.935,,,,48795.28,16708,77,14454.49,13785.4,18184,17332.5,,9722.19,
2024-10-19T13:00:00-05:00,13.15,12.78,8.555,,,,50263.17,18415,78,14044.68,14207.6,18467.23,17337.8,,11030.4,
2024-10-19T14:00:00-05:00,14.6,14.4,9.903,,,,51615.25,20327,79,13813.41,13914,18303.43,17483.2,,12630.83,
2024-10-19T15:00:00-05:00,15.34,14.947,10.818,,,,52910.49,22094,80,13683.4,13196.1,17931.43,17989.5,,14382.45,
2024-10-19T16:00:00-05:00,15.53,13.81,10.425,,,,53802.38,23751,80,12769.17,12102.5,18086.54,18774.3,,15966.48,
2024-10-19T17:00:00-05:00,22.32,22.782,22.115,,,,53529.22,27561,78,8454.93,7644.2,18622.67,19365.8,,18388.68,
2024-10-19T18:00:00-05:00,30.27,28.667,28.667,,,,51998.19,33357,75,1454.44,1518.1,18145.88,19434.8,,20572.81,
2024-10-19T19:00:00-05:00,25.71,27.538,27.455,,,,51019.58,34122,72,3.08,7.9,17878.38,19190.6,,20972.35,
2024-10-19T20:00:00-05:00,18.78,18.672,16.918,,,,49719.75,31144,70,1.06,0,19483.83,19566.6,,20274.11,
2024-10-19T21:00:00-05:00,17.49,18.705,13.068,,,,48073.51,28891,68,1.07,0,20221.42,19960.5,,18865.98,
2024-10-19T22:00:00-05:00,17.17,20.005,13.225,,,,46293.8,27328,67,0.97,0,19743.19,20191.2,,17028.04,
2024-10-19T23:00:00-05:00,16.49,20.702,17.213,,,,44228.43,25421,67,1.03,0,19435.63,20157.7,,15017.36,
2024-10-20T00:00:00-05:00,17.89,17.84,12.215,,,,42602.12,23437,65,0.96,0,19328.95,19289.1,,13771.5,
2024-10-20T01:00:00-05:00,15.82,15.872,10.523,,,,40803.18,22129,64,0.97,0,19050.9,18404.8,,13319.7,
2024-10-20T02:00:00-05:00,15.3,14.35,9.515,,,,39563.17,21271,62,0.98,0,18874.61,17504.1,,12735.98,
2024-10-20T03:00:00-05:00,14.08,13.783,10.362,,,,38792.5,21581,61,0.92,0,18117.56,16706.6,,13262.7,
2024-10-20T04:00:00-05:00,15.02,17.032,14.568,,,,38349.93,21764,61,0.93,0,17137.48,15793.4,,13628.97,
2024-10-20T05:00:00-05:00,16.92,16.69,15.018,,,,38437.98,22551,60,0.94,0,16486.3,14954.7,,13970.01,
2024-10-20T06:00:00-05:00,17.99,20.6,19.245,,,,39065.9,23912,60,0.95,0,15119.47,14113.8,,14798.18,
2024-10-20T07:00:00-05:00,19.27,22.965,21.59,,,,39881.64,25994,60,146.29,165.3,13534.57,13116,,15735.62,
2024-10-20T08:00:00-05:00,18.36,15.377,14.665,,,,41181.23,24591,64,5041.72,4508.8,11824.6,11763,,15161.8,
2024-10-20T09:00:00-05:00,12.27,11.003,11.005,,,,43088.82,21136,69,13090.64,12243.1,10176.98,10514,,13611.69,
2024-10-20T10:00:00-05:00,10.11,8.375,8.383,,,,44818.38,18589,74,16352.5,15187.1,12357.17,10526.3,,12081.67,
2024-10-20T11:00:00-05:00,11.05,6.415,4.923,,,,46594.95,16163,77,17486.49,16130.4,14414.99,11373.9,,10239.2,
2024-10-20T12:00:00-05:00,12.62,9.277,6.945,,,,48410.73,17483,79,17871.81,16349.4,14252.69,11801.1,,11675.62,
2024-10-20T13:00:00-05:00,13.38,13.398,10.467,,,,50377.91,19517,80,17717.27,16581.1,14304.27,12162.8,,13339.75,
2024-10-20T14:00:00-05:00,15.49,13.632,12.12,,,,52252.88,20808,81,17744.96,16570.9,14956.46,12702.6,,14534.26,
2024-10-20T15:00:00-05:00,15.35,13.087,9.898,,,,53938.44,23276,82,17301.3,16245.2,15026.34,13456,,16717.2,
2024-10-20T16:00:00-05:00,17.58,11.985,10.362,,,,55068.35,24712,82,16901.23,15363.3,15399.54,14360.9,,18009.43,
2024-10-20T17:00:00-05:00,27.87,35.577,33.97,,,,55171.57,29618,81,12117.46,9980,15441.04,15166,,20994.82,
2024-10-20T18:00:00-05:00,49.55,58.252,59.54,,,,54001.81,37946,77,2356.87,1959.3,15179.87,15425.2,,25348.92,
2024-10-20T19:00:00-05:00,40.14,95.472,97.98,,,,53286.62,38250,73,5.95,8.1,15855.24,15981,,25283.48,
2024-10-20T20:00:00-05:00,23.28,20.778,19.872,,,,52024.78,34619,71,1,0,18687.02,17621.7,,23937.37,
2024-10-20T21:00:00-05:00,18.48,17.03,15.63,,,,50217.74,30622,69,1.3,0,20609.09,19156,,21679.4,
2024-10-20T22:00:00-05:00,16.47,18.088,11.822,,,,47706.37,26946,67,1.28,0,21398.36,20193.9,,17842.04,
2024-10-20T23:00:00-05:00,16.38,19.505,11.543,,,,44837.9,23726,66,1.36,0,21575.92,20782.6,,14405.86,
2024-10-21T00:00:00-05:00,15.61,17.13,7.43,,,,42752.65,22477,65,1.27,0,20382.33,20782.6,,13223.87,
2024-10-21T01:00:00-05:00,14.13,15.713,6.153,,,,40978.53,21640,63,1.15,0,19690.5,20305.8,,12876.24,
2024-10-21T02:00:00-05:00,14.02,15.32,5.85,,,,39803.54,21297,62,1.08,0,19118.85,19525.9,,12805.03,
2024-10-21T03:00:00-05:00,14.35,16.575,7.165,,,,39450.55,21324,61,0.98,0,18486.77,18664.3,,12810.36,
2024-10-21T04:00:00-05:00,14.69,18.828,10.007,,,,39856.33,21544,59,1.07,0,18730.9,17729,,13243.99,
2024-10-21T05:00:00-05:00,17.66,18.98,10.86,,,,41405.52,22556,59,1.35,0,19077.56,16952.4,,13883.31,
2024-10-21T06:00:00-05:00,23.57,20.487,13.428,,,,44154.88,24563,58,1.36,0,19317.02,16141.5,,15009.18,
2024-10-21T07:00:00-05:00,25.75,20.98,14.867,,,,45708.16,25378,58,159.94,159,19777.9,15361.8,,15742.83,
2024-10-21T08:00:00-05:00,16.95,11.575,9.072,,,,46470.24,22882,63,5385.99,4629.6,18268.9,14835.7,,14384.68,
2024-10-21T09:00:00-05:00,10.35,8.775,5.433,,,,47976.08,19509,69,13335.14,13033.9,15704.76,14577.7,,12045.22,
2024-10-21T10:00:00-05:00,12.21,9.755,5.605,,,,49483.61,19250,73,14295.68,16422.4,16716.11,15296.8,,12485.17,
2024-10-21T11:00:00-05:00,13.7,12.288,6.942,,,,51154.73,20402,77,13913.6,17371.1,17036.13,16543.3,,13869,
2024-10-21T12:00:00-05:00,15.83,14.675,10.06,,,,53043.72,21968,80,14424.84,17713.3,17069.93,16768,,15257.28,
2024-10-21T13:00:00-05:00,19.02,14.942,11.132,,,,55231.55,23555,82,14822.22,18380.2,17114.69,16514.9,,16772.04,
2024-10-21T14:00:00-05:00,17.86,15.597,11.927,,,,57232.71,25415,83,15132.64,18539.3,16934.86,16228.1,,18527.91,
2024-10-21T15:00:00-05:00,17.82,14.838,10.957,,,,58790.94,26382,84,16024.87,18546.3,17013.95,16253.4,,19652.59,
2024-10-21T16:00:00-05:00,18.82,14.85,10.315,,,,59842.98,28038,84,15157.46,17532.4,17723.46,16489.3,,21187.12,
2024-10-21T17:00:00-05:00,28.45,24.158,20.138,,,,59692.57,32297,83,11357.96,11598.4,17500.03,16649.1,,24110.04,
2024-10-21T18:00:00-05:00,57.36,23.408,23.425,,,,58258.9,39739,79,2342.69,2290.5,17223.52,16286.9,,28452.04,
2024-10-21T19:00:00-05:00,41.63,22.605,22.648,,,,57112.24,41006,75,11.11,8.3,16655.04,16703.6,,29170.78,
2024-10-21T20:00:00-05:00,24.56,16.66,15.993,,,,55503.72,37316,72,1.03,0,18805.41,18323.3,,27660.86,
2024-10-21T21:00:00-05:00,20.86,15.587,11.908,,,,53374.68,33318,70,1.02,0,20314.92,19709,,24580.09,
2024-10-21T22:00:00-05:00,17.06,13.382,9.427,,,,50388.09,30355,70,1.01,0,20281.57,20607.7,,22225.16,
2024-10-21T23:00:00-05:00,16.16,13.928,10.07,,,,47122.57,27020,68,0.89,0,20166.85,20885.3,,19235.89,
2024-10-22T00:00:00-05:00,12.28,13.075,12.533,,,,45114.04,24926,68,0.92,0,19731.56,21190,,17364.53,
2024-10-22T01:00:00-05:00,11.26,12.075,13.082,,,,43111.1,24219,66,0.92,0,18922.29,20176.4,,16834.31,
2024-10-22T02:00:00-05:00,10.86,11.815,11.402,,,,41707.57,24138,66,0.93,0,17789.17,18745.4,,16805.57,
2024-10-22T03:00:00-05:00,11.77,13.095,13.9,,,,41095.4,24768,65,0.94,0,16377.96,17227.8,,17385.87,
2024-10-22T04:00:00-05:00,13.76,16.345,17.68,,,,41301.66,26808,65,0.91,0,15028.9,15464.1,,19032.67,
2024-10-22T05:00:00-05:00,18.3,21,21.875,,,,42820.63,29769,64,0.91,0,13057.81,13610.6,,21371.62,
2024-10-22T06:00:00-05:00,22.22,22.392,23.378,,,,45556.63,34038,64,0.99,0,11475.64,11881.4,,24198.81,
2024-10-22T07:00:00-05:00,24.45,23.875,24.952,,,,46972.85,36712,64,85.48,106.2,9963.26,10419.3,,25540.24,
2024-10-22T08:00:00-05:00,20.01,18.87,19.44,,,,47916.39,34542,67,4446.34,3956,8686.42,9108.4,,24844.59,
2024-10-22T09:00:00-05:00,13.79,14.545,13.928,,,,49860.41,30422,72,14162.52,12308.9,6154.48,7487.2,,22604.3,
2024-10-22T10:00:00-05:00,14.61,14.54,13.803,,,,51906.86,29131,76,17057.27,16293.1,5891.35,6130,,22251.72,
2024-10-22T11:00:00-05:00,17.5,17.955,16.985,,,,54214.38,31331,80,18012.49,17554.5,4417.68,5250.7,,24393.78,
2024-10-22T12:00:00-05:00,19.14,22.473,23.755,,,,56857.98,35844,82,17553.68,17734.3,2604.82,4360.6,,26984.37,
2024-10-22T13:00:00-05:00,23.89,21.955,30.4,,,,59597.32,39879,84,17078.42,18190.2,1936.78,3902.5,,29599.34,
2024-10-22T14:00:00-05:00,25.02,20.207,25.747,,,,61885.73,42108,86,17145.15,18279.3,2018.71,3875.4,,31905.53,
2024-10-22T15:00:00-05:00,24.97,23.632,31.448,,,,63628.78,43595,87,17048.57,18109.3,2483.68,4098.5,,33122.49,
2024-10-22T16:00:00-05:00,31.67,36.23,46.528,,,,64657.73,44826,87,16310.87,17119.2,3064.93,4514,,33815.02,
2024-10-22T17:00:00-05:00,66.71,56.89,82.262,,,,64297.55,48435,85,11655.11,11307.1,3359.61,5169.3,,36012.82,
2024-10-22T18:00:00-05:00,124.94,145.815,239.985,,,,62552.12,54130,82,2432.41,2263.9,3842.71,6398.7,,38201.56,
2024-10-22T19:00:00-05:00,55.29,38.76,74.812,,,,61138.71,52893,78,10.04,6.6,6206.44,8699.2,,38437.08,
2024-10-22T20:00:00-05:00,27.49,30.838,33.352,,,,59284.22,48780,75,1,0,9667.02,11451.9,,36476.52,
2024-10-22T21:00:00-05:00,21.87,21.84,22.12,,,,56892.77,44201,73,1.18,0,12154.59,13592.1,,34328.07,
2024-10-22T22:00:00-05:00,17.47,19.702,19.78,,,,53454.52,39108,72,1.22,0,13946.62,15064.7,,30402.78,
2024-10-22T23:00:00-05:00,15.11,17.75,17.753,,,,50012.62,35248,71,1.25,0,14392.94,15838.6,,26759.4,
2024-10-23T00:00:00-05:00,14.71,15.778,15.75,,,,47558.33,32304,69,1.17,0,14915.17,16290.5,,24520.68,
2024-10-23T01:00:00-05:00,12.77,14.855,14.725,,,,45180.85,31146,68,1.17,0,14592.54,15583.1,,23484.47,
2024-10-23T02:00:00-05:00,12.68,13.623,13.605,,,,43500.59,30056,67,1.17,0,13975.56,14272.4,,22626.5,
2024-10-23T03:00:00-05:00,13.29,13.415,13.38,,,,42710.24,29906,66,1.18,0,13012.43,12888.7,,22452.48,
2024-10-23T04:00:00-05:00,15.34,14.125,14.075,,,,42717.11,30493,65,1.17,0,12237.36,11415.3,,23384.85,
2024-10-23T05:00:00-05:00,18.64,17.227,17.203,,,,44040.78,32554,64,1.31,0,11036.63,10049.1,,25012.62,
2024-10-23T06:00:00-05:00,23.73,22.9,23.088,,,,46559.58,36479,63,1.24,0,9488.85,8813.9,,27107.97,
2024-10-23T07:00:00-05:00,25.2,22.685,22.942,,,,47874.23,38681,64,78.63,108.2,8295.65,7514.4,,28273.53,
2024-10-23T08:00:00-05:00,21.92,17.418,17.48,,,,48938.91,36277,68,4731.05,4350,7018.82,6078.9,,27021.13,
2024-10-23T09:00:00-05:00,16.48,13.855,13.86,,,,51186.54,31292,73,15090.35,13918.7,4606.39,4137.3,,23500.68,
2024-10-23T10:00:00-05:00,17.33,15.142,14.377,,,,53687.12,30541,78,18778.76,17991.6,3421.88,2475.6,,22985.61,
2024-10-23T11:00:00-05:00,20.31,20.185,19.035,,,,56420.23,34244,82,18763.28,18816.8,2299.36,2015.8,,26343.43,
2024-10-23T12:00:00-05:00,21.01,23.77,26.288,,,,59416.54,38768,85,18439.49,18800.8,1331.08,1709.9,,29473.94,
2024-10-23T13:00:00-05:00,23.35,27.635,31.008,,,,62525.96,42363,87,18159.57,18968.8,1455.17,1753.4,,32655.27,
2024-10-23T14:00:00-05:00,25.79,24.298,29.57,,,,65125.55,44377,88,18406.88,19175.5,2144.62,2105.6,,34464.41,
2024-10-23T15:00:00-05:00,28.31,34.905,50.47,,,,66998.68,45956,89,18697.98,19186.5,2340.74,2587.6,,35841.22,
2024-10-23T16:00:00-05:00,33.52,29.63,49.485,,,,67886.09,47886,89,17524.66,17926.5,2556.51,3127.8,,37271.48,
2024-10-23T17:00:00-05:00,85.26,103.575,150.015,,,,67251.22,50811,88,12493.42,11692.6,3378.97,3980.4,,38949.89,
2024-10-23T18:00:00-05:00,165.7,155.405,231.825,,,,65082.53,56010,83,2357.09,2177.4,4926.24,5725,,39991.43,
2024-10-23T19:00:00-05:00,71.27,49.082,64.08,,,,63212.5,53194,79,5.19,5.8,8585.9,8941.1,,39521.57,
2024-10-23T20:00:00-05:00,30.49,24.287,24.49,,,,60977.83,47038,77,1.18,0,14037.2,11912.8,,36194.39,
2024-10-23T21:00:00-05:00,22.3,18.09,18.112,,,,58272.21,40066,75,1.4,0,17921.94,14621.6,,31203.22,
2024-10-23T22:00:00-05:00,17.56,17.137,17.037,,,,54698.54,35007,74,1.31,0,19476.84,16766.3,,26909.32,
2024-10-23T23:00:00-05:00,15.15,17.308,16.11,,,,51046.51,31016,72,1.31,0,20001.1,17714.1,,23765.17,
2024-10-24T00:00:00-05:00,16.26,19.193,19.015,,,,47624.26,28314,71,1.16,0,19595.16,19919.7,,20398.62,
2024-10-24T01:00:00-05:00,15.09,17.435,16.525,,,,45304.71,26705,70,1.14,0,19404.41,19663.1,,19076.19,
2024-10-24T02:00:00-05:00,14.48,16.628,15.045,,,,43588.97,25239,68,1.15,0,19083.93,19159.1,,17845.75,
2024-10-24T03:00:00-05:00,13.93,16.623,15.085,,,,42779.27,25029,68,1.15,0,18650.81,18774.4,,17711.44,
2024-10-24T04:00:00-05:00,14.03,17.655,16.013,,,,42746.33,25497,68,1.17,0,18214.84,18438.9,,18138.56,
2024-10-24T05:00:00-05:00,16.06,18.273,16.667,,,,44026.66,26658,67,1.16,0,17986.27,18147.8,,19020.86,
2024-10-24T06:00:00-05:00,17.23,23.843,22.582,,,,46540.32,29616,66,1.18,0,17351.03,17868.2,,20388.63,
2024-10-24T07:00:00-05:00,16.56,23.852,23.048,,,,47830.2,31240,66,70.7,98.2,16810.08,17541.6,,20888.75,
2024-10-24T08:00:00-05:00,14.6,17.932,16.947,,,,48924.22,28148,69,4253.37,4196.2,16399.26,17068.5,,19471.68,
2024-10-24T09:00:00-05:00,11.2,16.258,11.413,,,,51122.99,25335,74,13052.43,13761.6,13196.29,14949.1,,17538.18,
2024-10-24T10:00:00-05:00,11.52,14.945,11.555,,,,53458.82,24602,78,16716.79,17865,12761.83,13343.6,,16963.66,
2024-10-24T11:00:00-05:00,13.64,17.987,15.375,,,,55934.88,25857,81,16723.84,18594.7,13589.22,14500.5,,18112.39,
2024-10-24T12:00:00-05:00,15.32,19.192,17.19,,,,58630.11,28325,84,15015.3,18448.5,15773.34,16431.5,,19546.84,
2024-10-24T13:00:00-05:00,16.73,21.465,20.855,,,,61332.89,31200,87,14195.59,18557.3,17020.24,17977,,21393.27,
2024-10-24T14:00:00-05:00,17.85,27.878,27.955,,,,63504.11,32901,88,14630.21,18722.1,17318.17,18508.6,,23675.62,
2024-10-24T15:00:00-05:00,20.93,22.775,21.59,,,,65063.85,33502,88,14773.36,18742.9,17945.85,18715,,24310.76,
2024-10-24T16:00:00-05:00,22.91,21.202,17.765,,,,65785.04,34583,88,14002.33,17809.5,18752.99,18911.9,,25323.16,
2024-10-24T17:00:00-05:00,27.71,31.23,30.157,,,,65067.23,37609,86,9735.07,11741.4,19135.59,18750.7,,26925.25,
2024-10-24T18:00:00-05:00,42.48,39.55,40.575,,,,62988.77,42451,82,1987.77,2169.1,19075.61,18698.1,,28946.77,
2024-10-24T19:00:00-05:00,28.14,24.765,25.077,,,,61309.22,40766,79,3.02,4.8,20915.84,19540.5,,28611.49,
2024-10-24T20:00:00-05:00,22.05,22.618,19.46,,,,59349.07,36918,77,1.19,0,22888.06,21851.9,,26969.78,
2024-10-24T21:00:00-05:00,20.37,22.08,16.338,,,,56902.58,34363,76,1.29,0,23165.03,23632.5,,24957.78,
2024-10-24T22:00:00-05:00,18.94,23.067,16.04,,,,53633.39,31289,74,1.26,0,23147.31,25142.9,,21813.11,
2024-10-24T23:00:00-05:00,16.54,19.68,12.453,,,,50213.65,27833,73,1.15,0,23137.66,25823.7,,19031.36,
2024-10-25T00:00:00-05:00,18.31,17.61,9.525,,,,47360.13,25156,71,1.05,0,23305.97,26897.3,,17162.74,
2024-10-25T01:00:00-05:00,15.63,15.983,7.338,,,,45049.49,23845,69,1.11,0,22602.14,26319.8,,16466.98,
2024-10-25T02:00:00-05:00,14.82,14.83,6.995,,,,43352.22,23515,69,1.14,0,21342.66,24755.5,,16304.14,
2024-10-25T03:00:00-05:00,15.68,16.182,9.82,,,,42565.23,23863,68,1.17,0,19946.77,22372.3,,16776.23,
2024-10-25T04:00:00-05:00,15.93,17.338,14.767,,,,42551.84,25011,67,1.08,0,19017.68,20092,,17978.3,
2024-10-25T05:00:00-05:00,17.81,19.793,19.605,,,,43763.62,27703,67,1.09,0,17134.1,18499.5,,19905.26,
2024-10-25T06:00:00-05:00,23.43,23.865,22.705,,,,46127.8,31027,67,1.06,0,16035.97,17180,,21444.68,
2024-10-25T07:00:00-05:00,22.84,27.727,26.023,,,,47480.2,32988,66,70.35,77,15050.58,16104.2,,22369.4,
2024-10-25T08:00:00-05:00,18.25,20.607,19.45,,,,48703.23,30736,69,3923.93,3496.9,14168.82,14882.8,,21578.02,
2024-10-25T09:00:00-05:00,14.71,15,13.438,,,,51031.54,26280,74,13267.35,11601.4,13172.35,13971.8,,19176.85,
2024-10-25T10:00:00-05:00,14.83,16.325,13.203,,,,53289.6,26187,78,16572.61,16017.7,12422.48,13184.4,,19312.24,
2024-10-25T11:00:00-05:00,16.11,16.952,14.735,,,,55618.18,28392,80,18211.51,17195.4,10355.88,11380.1,,21455.52,
2024-10-25T12:00:00-05:00,19.76,20.8,19.375,,,,58170.02,33278,82,18412.36,17471.3,7502.73,9067.6,,25558.07,
2024-10-25T13:00:00-05:00,23,38.22,35.627,,,,60886.18,38545,85,18162.34,17913.1,5403.83,7067.5,,29008.01,
2024-10-25T14:00:00-05:00,28.39,25.173,23.745,,,,63063.04,42216,86,18268.52,17922.2,4370.12,5580.1,,31572.35,
2024-10-25T15:00:00-05:00,30.93,28.358,28.527,,,,64626.84,44580,87,18331.54,17806.8,3848.11,4871.3,,33081.82,
2024-10-25T16:00:00-05:00,35.67,24.923,31.74,,,,65377.45,46677,86,17340.33,16594.1,3616.48,4632.7,,34651.88,
2024-10-25T17:00:00-05:00,99.36,55.445,68.112,,,,64604.07,50806,85,11946.82,10698.5,3486.79,4680.8,,36853.72,
2024-10-25T18:00:00-05:00,242.4,133.5,211.55,,,,62247.03,56091,81,2143.69,1850.9,3812.77,5289.1,,38619.95,
2024-10-25T19:00:00-05:00,76.97,41.203,68.113,,,,60275.62,54293,77,1.81,3.3,5389.15,6861.4,,38466.79,
2024-10-25T20:00:00-05:00,46.77,36.358,41.245,,,,58169.48,50594,75,0.91,0,7707.46,8748.2,,37189.86,
2024-10-25T21:00:00-05:00,30.41,32.205,33.975,,,,55902.57,48049,73,1.17,0,8571.23,9659.3,,35513.48,
2024-10-25T22:00:00-05:00,26.57,31.725,32.132,,,,53157.76,45421,72,1.21,0,8639.72,9991.1,,33490.98,
2024-10-25T23:00:00-05:00,24.24,32.427,32.453,,,,50130.49,42742,71,1.2,0,8537.69,9849.3,,30696.74,
2024-10-26T00:00:00-05:00,24.37,25.867,25.69,,,,48118.99,40010,69,1.23,0,8706.91,9862.5,,28242.16,
2024-10-26T01:00:00-05:00,22.93,24.54,24.548,,,,45733.86,37893,68,1.23,0,8756.43,9325,,26245.45,
2024-10-26T02:00:00-05:00,21.02,22.153,22.233,,,,43956.5,36451,67,1.24,0,8617.54,8832.8,,25273.7,
2024-10-26T03:00:00-05:00,20.93,21.1,21.11,,,,42937.91,35218,66,1.23,0,8862.31,8437,,24894.08,
2024-10-26T04:00:00-05:00,20.79,20.623,20.605,,,,42372.72,34387,65,1.26,0,8911.98,8037.7,,24750.42,
2024-10-26T05:00:00-05:00,20.66,20.302,20.295,,,,42470.45,34365,65,1.28,0,8800.88,7866.6,,24798.7,
2024-10-26T06:00:00-05:00,22.03,20.715,20.715,,,,43192.96,34945,64,1.05,0,8516,7857.3,,24987.6,
2024-10-26T07:00:00-05:00,23.26,22.212,22.212,,,,44064.43,36390,64,50.4,70.3,7813.35,7536.4,,25569.13,
2024-10-26T08:00:00-05:00,19.86,19.803,19.803,,,,45856.74,35022,68,3818.17,3616.9,6726.25,6319.6,,24419.43,
2024-10-26T09:00:00-05:00,14.88,17.535,17.015,,,,48557.4,31728,72,14450.67,12557.7,3762.69,4257.5,,22857.26,
2024-10-26T10:00:00-05:00,16.91,20.093,18.832,,,,51037,32337,75,17965.49,16519.1,1675.81,2470.9,,23114.68,
2024-10-26T11:00:00-05:00,18.47,23.383,22.098,,,,53272.04,35403,79,17744.26,17477.9,848.87,1755.9,,25028.82,
2024-10-26T12:00:00-05:00,21.12,25.465,23.365,,,,55507.94,37793,82,17810.27,17427.7,744.22,1365.1,,26857.03,
2024-10-26T13:00:00-05:00,23.22,30.307,27.73,,,,57623.59,40481,84,17624.25,17662.1,996.8,1270.6,,28763.94,
2024-10-26T14:00:00-05:00,25.23,41.612,35.657,,,,59618.9,42601,85,17820.45,17635.3,1078.2,1356.8,,30624.01,
2024-10-26T15:00:00-05:00,27.46,42.275,37.292,,,,61289.01,44335,86,17658.48,17503.8,1225.13,1578.6,,32467.85,
2024-10-26T16:00:00-05:00,30.72,27.748,34.198,,,,62154.69,45866,86,16721.61,16157.3,1517.45,1917.4,,34030.98,
2024-10-26T17:00:00-05:00,68.53,49.405,66.78,,,,61635.44,49457,84,11179.5,10448.9,1929.69,2362.7,,35923.12,
2024-10-26T18:00:00-05:00,141.85,157.493,220.945,,,,59695.75,54622,80,1913.78,1804.9,2331.41,3267.5,,37898.31,
2024-10-26T19:00:00-05:00,64.6,66.623,110.023,,,,57985.82,53350,76,1.9,2.1,3509.46,4870.2,,37554.01,
2024-10-26T20:00:00-05:00,35.97,82.265,101.557,,,,56053.7,50108,74,1.04,0,4949.55,6795.4,,36797.77,
2024-10-26T21:00:00-05:00,33.2,41.37,41.982,,,,54019.19,47824,73,1.29,0,5860.88,8227.3,,34795.27,
2024-10-26T22:00:00-05:00,30,36.532,36.122,,,,51645.36,44688,71,1.3,0,6719.11,9007.3,,31795.39,
2024-10-26T23:00:00-05:00,23.37,28.555,28.345,,,,49010.86,41677,70,1.29,0,7104.8,9492.4,,29060.67,
2024-10-27T00:00:00-05:00,27.54,29.532,29.53,,,,48435.69,38687,68,1.31,0,7619.79,9394,,26542.62,
2024-10-27T01:00:00-05:00,24.72,26.77,26.77,,,,45871.06,37078,67,1.34,0,7613.51,9105.4,,25221.49,
2024-10-27T02:00:00-05:00,22.42,22.218,22.218,,,,43848.31,35519,66,1.33,0,7754.28,8675,,24587.97,
2024-10-27T03:00:00-05:00,20.76,21.67,21.67,,,,43182.94,33924,65,1.34,0,7941.12,8287,,23787.79,
2024-10-27T04:00:00-05:00,21.26,20.918,20.918,,,,42141.63,33565,64,1.36,0,7730,7907,,23649.59,
2024-10-27T05:00:00-05:00,21.15,20.013,20.013,,,,42090.49,32996,63,1.35,0,7911.25,7654.6,,23327.52,
2024-10-27T06:00:00-05:00,19.62,20.273,20.273,,,,42060.43,33046,62,1.72,0,8251.85,7520.2,,23206.25,
2024-10-27T07:00:00-05:00,20.78,20.548,20.548,,,,42505.93,33562,62,46.13,71.8,8169.07,7370.9,,23490.01,
2024-10-27T08:00:00-05:00,15.86,19.115,19.115,,,,44580.25,31519,66,3960.05,3933.8,7851.41,7026.7,,21693.18,
2024-10-27T09:00:00-05:00,11.77,14.162,14.102,,,,48202.81,27742,72,14184.04,13531.8,5455.85,5498.2,,19918.43,
2024-10-27T10:00:00-05:00,11.92,16.26,16.133,,,,51762.16,27378,77,17775.99,17640.9,4830.41,4682.3,,20298.28,
2024-10-27T11:00:00-05:00,12.7,16.645,16.392,,,,53296.21,27643,81,18467.07,18475.9,6666.2,6298.7,,20571.36,
2024-10-27T12:00:00-05:00,15.44,18.2,17.927,,,,55797.6,29502,85,18745.88,18337.9,7422.09,7932.6,,21821.43,
2024-10-27T13:00:00-05:00,18.91,20.578,20.257,,,,58400.18,32339,86,18378.9,18613.7,7650.6,8454.1,,23353.66,
2024-10-27T14:00:00-05:00,22.72,24.283,23.938,,,,61050.91,35028,88,18229.66,18739.9,7977.01,8619.3,,24807.3,
2024-10-27T15:00:00-05:00,25.93,23.54,22.02,,,,63537.35,36687,89,18262.39,18761.8,8411.72,8977.2,,26040.33,
2024-10-27T16:00:00-05:00,29.51,23.562,20.535,,,,64935.81,37733,88,17189.88,17515.9,9495.33,9729.7,,27325.81,
2024-10-27T17:00:00-05:00,52.19,43.35,39.278,,,,64873.78,41635,86,11433.16,11062.7,10794.22,11018.9,,29399.87,
2024-10-27T18:00:00-05:00,79.92,74.275,74.275,,,,62720.85,47835,82,1868.85,1845.5,11568.9,13177.6,,32299.62,
2024-10-27T19:00:00-05:00,32.93,42.1,42.1,,,,60671.71,44171,79,6.52,1.4,15945.25,16258.6,,30682.09,
2024-10-27T20:00:00-05:00,23.78,21.572,17.612,,,,59225.26,37305,77,1.09,0,21738.88,20280.6,,26066.48,
2024-10-27T21:00:00-05:00,23.25,21.133,13.632,,,,56794.87,33899,76,1.3,0,22517.82,22955.3,,23342.4,
2024-10-27T22:00:00-05:00,23.01,20.845,13.023,,,,53472.91,30899,75,1.28,0,22484.25,25004.2,,20610.53,
2024-10-27T23:00:00-05:00,20.61,21.503,14.957,,,,50068.77,28037,74,1.3,0,22212.67,26009.2,,17598,
2024-10-28T00:00:00-05:00,21.63,20.645,13.1,,,,47440.6,25516,72,1.34,0,21925.06,26803.4,,15488.61,
2024-10-28T01:00:00-05:00,19.7,19.14,11.615,,,,45756.02,23965,71,1.32,0,21379.93,26744.1,,14574.38,
2024-10-28T02:00:00-05:00,17.72,18.012,10.025,,,,44504.51,23142,70,1.32,0,21022.68,26679.2,,14252.9,
2024-10-28T03:00:00-05:00,16.84,17.863,9.117,,,,43722.33,22785,70,1.35,0,20678.95,26626.5,,14154.46,
2024-10-28T04:00:00-05:00,16.58,18.627,9.645,,,,43928.07,23350,69,1.36,0,20243.03,26361.7,,14462.98,
2024-10-28T05:00:00-05:00,19.92,21.343,13.14,,,,44861.54,24910,68,1.42,0,19944.75,25990.4,,15287.72,
2024-10-28T06:00:00-05:00,19.48,26.993,19.2,,,,46910.41,27445,68,1.38,0,20003.27,25610.7,,16606.03,
2024-10-28T07:00:00-05:00,19.65,26.76,19.285,,,,48029.8,28458,68,49.33,64.1,20121.78,25114.3,,17118.53,
2024-10-28T08:00:00-05:00,16.94,21.372,14.795,,,,49291.76,26654,71,2807.86,3768.3,19741.5,24431.6,,16014.89,
2024-10-28T09:00:00-05:00,12.84,19.048,11.602,,,,52326.49,24672,74,8160.5,13017.5,18661.86,23803.7,,15355.49,
2024-10-28T10:00:00-05:00,13.13,20.48,12.625,,,,54719.51,25093,78,10855.44,17144.5,18947.78,23970,,15761.37,
2024-10-28T11:00:00-05:00,15.72,19.588,13.178,,,,56534.75,25886,81,11459.36,18056.4,19672.16,24869.7,,16585.61,
2024-10-28T12:00:00-05:00,18.14,23.943,16.395,,,,59001.07,27533,85,11798.64,17946.7,19782.36,25536.7,,17838.58,
2024-10-28T13:00:00-05:00,24.37,21.327,14.015,,,,61506.23,29239,86,11993.37,17921.4,20387.3,25973.9,,19388.68,
2024-10-28T14:00:00-05:00,26.82,22.36,13.43,,,,63771.55,30174,87,12025.68,17908.4,21413.38,26374.1,,20688.02,
2024-10-28T15:00:00-05:00,29.37,24.597,14.247,,,,65506.19,31557,88,11452.12,17593.4,22245.37,26734.8,,21818.49,
2024-10-28T16:00:00-05:00,31.18,30.073,19.46,,,,66681.12,33108,87,10157.58,16046,22807.01,27053.7,,22808.94,
2024-10-28T17:00:00-05:00,36.62,37.853,33.24,,,,66232.25,35504,85,6545.42,9911.6,23598.04,27158.8,,24014.07,
2024-10-28T18:00:00-05:00,50.4,35.977,36.2,,,,63595.36,38852,83,1130.81,1626.4,23690.68,27106.8,,25191.38,
2024-10-28T19:00:00-05:00,38.85,29.625,22.463,,,,61869.02,39314,80,1.41,0.7,23549.16,26520.2,,25342.38,
2024-10-28T20:00:00-05:00,31.02,26.497,18.668,,,,60505.57,37185,79,0.84,0,24181.26,27173.9,,24926.02,
2024-10-28T21:00:00-05:00,23.17,24.335,17.39,,,,58027.36,34342,77,1.09,0,24591.84,27871.9,,23358.06,
2024-10-28T22:00:00-05:00,24.2,21.642,13.2,,,,54840.69,31057,76,1.07,0,24874.19,28444.7,,20643.88,
2024-10-28T23:00:00-05:00,21.9,19.6,12.075,,,,51339.5,28096,75,1.13,0,24905.66,28733.6,,18468.18,
2024-10-29T00:00:00-05:00,18.69,18.547,11.535,,,,49508.58,25867,74,1.09,0,24746.73,29945.6,,17145.23,
2024-10-29T01:00:00-05:00,17.33,18.885,14.09,,,,47983.07,24386,74,1.11,0,24366.47,29755.5,,16099.99,
2024-10-29T02:00:00-05:00,16,17.057,11.425,,,,46634.13,23219,73,1.14,0,24211.81,29672.9,,15436.97,
2024-10-29T03:00:00-05:00,15.79,16.862,10.785,,,,45704.59,22711,73,1.13,0,24022.15,29503.4,,15211.42,
2024-10-29T04:00:00-05:00,15.65,17.648,11.827,,,,46042.15,22978,72,1.15,0,24168.52,29202.7,,15329.24,
2024-10-29T05:00:00-05:00,18.06,18.293,14.497,,,,46581.98,23802,72,1.26,0,24608.34,28912.9,,15611.81,
2024-10-29T06:00:00-05:00,18.64,21.885,21.903,,,,48662.46,26372,72,1.22,0,24474.29,28507.2,,16137.67,
2024-10-29T07:00:00-05:00,21.57,23.06,24.893,,,,49583.17,27426,72,36.68,47.4,24515.35,27984.6,,16492.27,
2024-10-29T08:00:00-05:00,18.51,16.233,16.622,,,,50292.09,25683,74,2412.91,2531.8,24236.08,27829.9,,15451.64,
2024-10-29T09:00:00-05:00,17.07,19.712,21.827,,,,53261.04,24426,76,6007.75,8978.7,24008.41,28528.4,,14872.31,
2024-10-29T10:00:00-05:00,16.59,25.045,28.615,,,,54823.52,25552,79,6832.71,12772.3,24446.72,29570.6,,15384.68,
2024-10-29T11:00:00-05:00,19.85,24.63,26.213,,,,56165.84,26099,82,7872.19,13849.2,24640.68,30102.5,,15889.39,
2024-10-29T12:00:00-05:00,22.47,20.42,16.335,,,,57939.1,26868,83,8586.72,14251.3,24940,30411.3,,17194.35,
2024-10-29T13:00:00-05:00,26.7,21.417,16.25,,,,60158.1,28094,84,8897.75,14738.2,24928.9,30668.8,,18358.29,
2024-10-29T14:00:00-05:00,35.21,22.938,17.7,,,,62177.64,29349,86,8925.98,14577.3,25298.45,30916.9,,19276.81,
2024-10-29T15:00:00-05:00,35.02,26.41,19.488,,,,63699.54,30663,86,8634.49,14029.5,25168.4,31159.8,,20481.03,
2024-10-29T16:00:00-05:00,40.84,32.357,20.14,,,,64793.15,32009,85,7878.61,13379,25287.3,31294.5,,21349.47,
2024-10-29T17:00:00-05:00,35.43,37.115,33.38,,,,64208.4,34095,84,5318.71,8334.9,25322.55,31326.7,,22589.62,
2024-10-29T18:00:00-05:00,33.99,27.55,29.61,,,,61583.61,36474,81,908.81,1377.2,25531.57,30998.9,,23452.37,
2024-10-29T19:00:00-05:00,33.32,27.235,29.23,,,,60467.29,37075,80,0.37,0.6,25622.34,29728.4,,23293.39,
2024-10-29T20:00:00-05:00,29.42,22.03,20.645,,,,59799.66,35502,78,0.32,0,25863.94,29642,,23449.66,
2024-10-29T21:00:00-05:00,24.04,20.372,18.628,,,,57885.78,33214,77,0.53,0,25867.67,29737.7,,22508.15,
2024-10-29T22:00:00-05:00,26.13,21.147,17.403,,,,55011.47,30540,76,0.56,0,25535.86,29968.2,,20286.49,
2024-10-29T23:00:00-05:00,24.31,18.62,13.945,,,,52148.48,27935,75,0.56,0,25039.57,30099,,18468.65,
2024-10-30T00:00:00-05:00,17.87,17.835,11.738,,,,50112.73,25746,75,0.6,0,24835.73,30092.7,,17088.27,
2024-10-30T01:00:00-05:00,16.25,17.253,9.35,,,,48502.83,24199,74,0.62,0,24332.22,29947.7,,15871.84,
2024-10-30T02:00:00-05:00,16.06,16.065,7.92,,,,47310.86,22637,74,0.61,0,24519.17,29810.3,,15159.94,
2024-10-30T03:00:00-05:00,15.52,16.058,8.13,,,,46375.88,22511,73,0.62,0,24299.51,29529.9,,15103.33,
2024-10-30T04:00:00-05:00,15.44,17.615,9.67,,,,46311.29,22982,73,0.62,0,24176.33,29032.8,,15574.19,
2024-10-30T05:00:00-05:00,17.06,18.738,12.65,,,,47249.31,24516,73,0.72,0,24142.8,28343.3,,16804.48,
2024-10-30T06:00:00-05:00,21.76,20.55,15.028,,,,49431.7,27240,73,0.72,0,23923.58,27546.1,,18636.62,
2024-10-30T07:00:00-05:00,20.42,21.313,17.185,,,,50543.82,28881,73,16.72,32.4,23597.27,26779.6,,19637.27,
2024-10-30T08:00:00-05:00,20.73,20.867,18.09,,,,51254.59,28463,74,2024.48,1990.4,23081.23,26031.9,,19720.23,
2024-10-30T09:00:00-05:00,17.89,17.11,14.983,,,,53500.25,27448,76,5973.49,7456.3,22372.17,25956.5,,19213.28,
2024-10-30T10:00:00-05:00,17.18,17.88,13.587,,,,55276.3,27600,78,6821.11,11079.6,23377.04,26292.3,,19077.27,
2024-10-30T11:00:00-05:00,18.64,22.355,13.663,,,,56869.85,27340,81,8757.09,12634.9,23227.95,25888.7,,18927.47,
2024-10-30T12:00:00-05:00,19.54,25.585,13.135,,,,58481.41,28260,83,10324.54,13513.2,22975.63,24833.7,,19783.31,
2024-10-30T13:00:00-05:00,21.76,20.87,12.913,,,,60333.44,29531,84,11621.92,14713.2,22095.81,24008.6,,21349.03,
2024-10-30T14:00:00-05:00,23.54,24.08,16.512,,,,61766.05,31475,85,12268.51,14322.4,20958.85,23430.7,,23334.72,
2024-10-30T15:00:00-05:00,24.97,24.683,17.747,,,,62803,33629,86,12156.16,13534.8,20221.42,23020.6,,24827.61,
2024-10-30T16:00:00-05:00,26.45,27.787,21.588,,,,63438.03,35378,86,11517.8,12370.9,19715.24,22718,,26402.21,
2024-10-30T17:00:00-05:00,35.39,38.455,37.875,,,,62803.81,38946,84,7444.68,7890,19570.61,21768.1,,28796,
2024-10-30T18:00:00-05:00,70.32,125.277,129.325,,,,60677.19,45016,82,1220.48,1319.1,17287.27,20667.7,,31594.12,
2024-10-30T19:00:00-05:00,55.96,76.465,78.245,,,,59734.02,45449,80,1.39,0.5,16951.78,19537.4,,32748.93,
2024-10-30T20:00:00-05:00,45.48,49.095,50.07,,,,58727.16,43146,79,0.67,0,18625.39,19504.9,,32114.29,
2024-10-30T21:00:00-05:00,37.39,43.502,43.06,,,,56665.24,42432,77,0.89,0,17865.79,19240.6,,31800.72,
2024-10-30T22:00:00-05:00,31.6,31.163,30.302,,,,53845.77,40752,75,0.88,0,16765.43,18727.4,,30744.14,
2024-10-30T23:00:00-05:00,25.29,24.005,23.1,,,,50685.34,37986,74,0.83,0,16626.25,17816.4,,28670.42,
2024-10-31T00:00:00-05:00,25.55,24.025,23.115,,,,48848.98,36214,73,0.72,0,15495.34,17690.2,,26925.23,
2024-10-31T01:00:00-05:00,22.14,20.625,19.895,,,,46791.57,35196,72,0.62,0,15336.92,15885.4,,26376.29,
2024-10-31T02:00:00-05:00,20.58,24.662,24.627,,,,45199.56,36282,71,0.69,0,12880.37,14251.8,,26668.22,
2024-10-31T03:00:00-05:00,22.39,22.73,23.008,,,,44377.26,36227,69,0.68,0,11948.25,12995.6,,26615.96,
2024-10-31T04:00:00-05:00,22.17,20.405,20.467,,,,44421.36,34439,68,0.64,0,13279.1,12346,,25653.21,
2024-10-31T05:00:00-05:00,24.89,20.438,21.582,,,,45549.55,34610,66,0.73,0,13869.74,12186.3,,25847.13,
2024-10-31T06:00:00-05:00,31.84,31.913,25.575,,,,47991.66,36627,65,0.79,0,13469.04,12113.6,,27015.1,
2024-10-31T07:00:00-05:00,32.88,28.612,29.33,,,,49161.11,39360,64,9.74,35.2,11640.73,11728.1,,28645.04,
2024-10-31T08:00:00-05:00,25.25,27.32,27.362,,,,49746.55,39812,65,1645.09,2648.9,9660.63,10417,,28841.58,
2024-10-31T09:00:00-05:00,21.83,23.29,23.287,,,,51878.77,38251,68,8046.16,10437.1,7079.43,8495.6,,28100.08,
2024-10-31T10:00:00-05:00,22.53,21.507,20.617,,,,53732.17,36869,69,12399.84,15240.1,5043.35,6866.4,,26999.93,
2024-10-31T11:00:00-05:00,26.43,22.08,21.477,,,,54927.67,36553,71,13986.25,16386.6,3381.92,5176.5,,27096.94,
2024-10-31T12:00:00-05:00,30.49,24.55,23.162,,,,56356.07,37174,74,15045.44,16467.6,2595.91,3573.3,,27637.98,
2024-10-31T13:00:00-05:00,28.83,20.24,19.055,,,,57978.62,38287,76,15142.31,16624.7,2826.47,2688.3,,28891.21,
2024-10-31T14:00:00-05:00,27.08,20.197,18.91,,,,59333.69,38673,78,15728.62,16412.4,3288.38,2395.3,,29412.82,
2024-10-31T15:00:00-05:00,27.09,19.623,18.367,,,,60103.67,38731,78,16262.23,15960.9,3658.84,2512,,29507.05,
2024-10-31T16:00:00-05:00,34.8,23.257,22.283,,,,60729.78,39868,78,15583.05,14979.2,3950.07,2877.5,,30395.92,
2024-10-31T17:00:00-05:00,83.63,52.79,52.268,,,,60146.66,44745,76,10066.01,9216.4,3652.25,3512.8,,33742.18,
2024-10-31T18:00:00-05:00,179.57,71.777,71.582,,,,58221.52,50111,73,1523.27,1432.4,4289.39,4704.7,,36029.05,
2024-10-31T19:00:00-05:00,90.67,33.47,33.048,,,,57369.59,48301,70,0.41,0.4,6093.59,6875.5,,35010.72,
2024-10-31T20:00:00-05:00,42.97,29.832,29.21,,,,56205.94,45275,68,0.28,0,8064.75,8931.2,,33740.4,
2024-10-31T21:00:00-05:00,33.98,24.67,24.115,,,,54303.01,42983,67,0.31,0,9368.95,10479.2,,32655.81,
2024-10-31T22:00:00-05:00,24.62,22.117,21.528,,,,51715.38,40014,67,0.41,0,10048.34,11782.1,,30226.28,
2024-10-31T23:00:00-05:00,20.57,19.667,19.19,,,,48836.01,36737,66,0.44,0,11125.39,12603.7,,27256.43,
2024-11-01T00:00:00-05:00,17.58,20.655,20.27,,,,46580.57,34452,65,0.46,0,10893.76,13570.6,,25851.43,
2024-11-01T01:00:00-05:00,17.26,20.35,19.828,,,,44697.89,33425,64,0.43,0,10291.74,12678.6,,25021.27,
2024-11-01T02:00:00-05:00,16.87,20.37,19.668,,,,43383.82,33013,64,0.44,0,9777.7,11430.5,,24871.25,
2024-11-01T03:00:00-05:00,17.71,20.273,19.465,,,,42643.04,32922,64,0.44,0,9091.5,10185.3,,24853.18,
2024-11-01T04:00:00-05:00,19.28,21.56,20.668,,,,42818.78,33783,64,0.46,0,8102.39,9199.6,,25257.71,
2024-11-01T05:00:00-05:00,22.69,24.392,23.435,,,,43973,35253,63,0.47,0,7582.88,8394.9,,26147.31,
2024-11-01T06:00:00-05:00,31.72,26.952,26.04,,,,46460.56,38058,64,0.45,0,6873.98,7555.2,,28353.57,
2024-11-01T07:00:00-05:00,33.63,27.685,26.888,,,,47820.76,40308,65,9.77,25,6181.67,6753.8,,29492.38,
2024-11-01T08:00:00-05:00,31.63,28.107,27.43,,,,48525.62,40798,66,1151.65,1794.6,5291.1,5860.3,,30097.32,
2024-11-01T09:00:00-05:00,27.14,31.82,31.82,,,,50495.27,41695,67,3573.1,6368.1,3993.92,4678.5,,30150.36,
2024-11-01T10:00:00-05:00,25.9,30.372,30.372,,,,52095.38,41228,69,5681.23,9309.3,3633.12,4158.7,,29859.72,
2024-11-01T11:00:00-05:00,29.52,25.395,25.395,,,,53159.89,39639,71,7894.9,10843.8,4380.08,4876.2,,28548.06,
2024-11-01T12:00:00-05:00,31.3,22.203,22.203,,,,54351.68,37767,73,9630.07,11721.2,5414.1,5799.7,,27193.8,
2024-11-01T13:00:00-05:00,33.23,21.087,21.087,,,,55838.84,36507,74,10198.44,12019.3,6423.27,6723.5,,26747.76,
2024-11-01T14:00:00-05:00,29,21.398,21.387,,,,57252.41,36362,75,9777,11231.5,7622.1,7559.8,,27087.93,
2024-11-01T15:00:00-05:00,31.63,21.677,21.675,,,,58118.72,36897,76,8542.33,9934.9,8915.86,8413,,27325.93,
2024-11-01T16:00:00-05:00,33.85,20.697,20.683,,,,58603.48,36350,76,8022.25,8489.7,10230.35,9643.7,,27270.53,
2024-11-01T17:00:00-05:00,35.64,22.86,22.862,,,,57837.09,37175,76,5057.13,4997.7,11938.29,11453.3,,27364.97,
2024-11-01T18:00:00-05:00,39.12,22.623,23.392,,,,55818.13,39790,74,746.65,841.1,13212.72,12924.3,,27881.16,
2024-11-01T19:00:00-05:00,32.27,21.865,22.06,,,,55006.76,39349,73,0.47,0.3,14326.18,13571.1,,27736.69,
2024-11-01T20:00:00-05:00,25.09,21.372,20.77,,,,53866.14,37462,72,0.46,0,15708.02,15348.1,,26967.24,
2024-11-01T21:00:00-05:00,19.63,19.895,19.138,,,,52336.92,35479,72,0.44,0,16607.94,17190.5,,26239.77,
2024-11-01T22:00:00-05:00,19.98,20.992,20.07,,,,50646.07,32720,71,0.41,0,17502.7,18406.1,,23734.63,
2024-11-01T23:00:00-05:00,18.22,19.39,18.415,,,,48632.78,30483,71,0.43,0,17914.51,18709.5,,21949.23,
2024-11-02T00:00:00-05:00,16.58,21.567,20.885,,,,45778.01,28337,70,0.48,0,17960.16,19623.6,,19553.33,
2024-11-02T01:00:00-05:00,14.56,20.185,19.71,,,,44139.5,27165,70,0.42,0,17609.37,19103.3,,19005.08,
2024-11-02T02:00:00-05:00,13.7,15.768,15.015,,,,43074.08,25927,70,0.42,0,17706.87,18281.1,,18325.36,
2024-11-02T03:00:00-05:00,13.21,15.22,14.25,,,,41928.88,25338,70,0.5,0,17690.94,17632.1,,18027.74,
2024-11-02T04:00:00-05:00,12.68,16.532,15.78,,,,41163.14,25404,70,0.51,0,17341.19,17235.3,,18144.34,
2024-11-02T05:00:00-05:00,14.14,19.412,19.202,,,,40896.87,26256,69,0.5,0,16866,17181.4,,18698.78,
2024-11-02T06:00:00-05:00,15.47,20.78,20.78,,,,41224.89,27925,69,0.43,0,15981.33,17209.9,,19746.23,
2024-11-02T07:00:00-05:00,15.58,22.555,22.555,,,,41951.66,29988,69,4.53,20.8,14880.75,17303.6,,20090.51,
2024-11-02T08:00:00-05:00,15.61,28.037,28.037,,,,43252.63,32417,70,649.64,1326.9,13186.12,17418.2,,21474.94,
2024-11-02T09:00:00-05:00,15.81,22.952,22.952,,,,46160.06,31765,71,3235.08,4504,13296.63,18300.8,,20886.48,
2024-11-02T10:00:00-05:00,14.17,19.53,19.108,,,,48030.57,28357,73,6290.46,6718.6,15725,19741.7,,19545.4,
2024-11-02T11:00:00-05:00,15.24,17.835,17.503,,,,49598.82,26908,74,7723.25,8332.9,17502,20919,,19213.77,
2024-11-02T12:00:00-05:00,16.24,19.695,19.505,,,,50925.27,27427,75,7941.57,9351,17879.9,21626.4,,19633.27,
2024-11-02T13:00:00-05:00,16.65,19.528,19.378,,,,52208.29,28370,77,7341.41,9838.8,18408,21988.2,,20243.67,
2024-11-02T14:00:00-05:00,16.58,15.857,15.24,,,,53367.37,27787,78,7769.03,9158.2,18978.34,22219,,20006.02,
2024-11-02T15:00:00-05:00,17.47,13.628,11.617,,,,54370.87,26264,78,8043.98,7749.6,20658.57,21950.4,,19019.78,
2024-11-02T16:00:00-05:00,22.06,17.888,13.837,,,,55159.09,27586,78,6187.74,6283.9,21107.01,21266.6,,20238.08,
2024-11-02T17:00:00-05:00,31.93,22.088,20.952,,,,54505.98,29324,77,4504.96,3653.6,20508.4,20627.4,,21406.55,
2024-11-02T18:00:00-05:00,34.44,24.405,24.23,,,,52579.59,33009,75,720.03,613.9,20116.3,20314,,22627.2,
2024-11-02T19:00:00-05:00,30.18,25.72,25.675,,,,51876.21,34480,74,0.55,0.3,19550.7,20521.6,,22900.99,
2024-11-02T20:00:00-05:00,22.16,23.543,23.277,,,,50719.75,33611,74,0.56,0,19808.77,21860.2,,22402.46,
2024-11-02T21:00:00-05:00,17.39,20.932,20.82,,,,49224.63,31976,74,0.66,0,20683.96,23782.3,,21950.36,
2024-11-02T22:00:00-05:00,18.7,21.438,21.245,,,,47988.42,28996,73,0.66,0,22122.87,25121.6,,18875.93,
2024-11-02T23:00:00-05:00,16.65,20.395,19.982,,,,46254.91,26945,73,0.61,0,22575.49,25810.9,,17604.78,
2024-11-03T00:00:00-05:00,14.34,20.957,20.237,,,,44727.76,26776,72,0.54,0,22178.52,25913.1,,16379.13,
2024-11-03T01:00:00-05:00,11.63,20.328,20.557,,,,44204.28,26776,72,0.55,0,20556.17,25632.1,,15831.45,
2024-11-03T01:00:00-06:00,14.13,21.202,21.532,,,,,,,,,,,,,
2024-11-03T02:00:00-06:00,9.49,17.78,18.028,,,,43889.19,23222,72,0.57,0,21076.66,25461.1,,15016.79,
2024-11-03T03:00:00-06:00,9.06,19.548,19.84,,,,42759.68,22966,72,0.56,0,20871.05,25009,,15007.21,
2024-11-03T04:00:00-06:00,8.77,22.297,22.628,,,,42124.04,24543,72,0.61,0,19514.88,24478.4,,15686.37,
2024-11-03T05:00:00-06:00,11.42,20.953,21.258,,,,41629.88,24314,71,0.6,0,19684.54,24155.8,,15418.49,
2024-11-03T06:00:00-06:00,11.45,20.455,20.745,,,,41545.41,24792,72,9.12,17.8,19811.33,23809.7,,15429.01,
2024-11-03T07:00:00-06:00,10.55,19.928,20.557,,,,41524.22,24651,73,1313.84,1454.4,19757.15,23674.9,,15329.22,
2024-11-03T08:00:00-06:00,10.08,15.665,15.663,,,,43200.8,22777,74,5828.3,5533.4,19886.22,24267.2,,14778.9,
2024-11-03T09:00:00-06:00,12.06,15.467,14.745,,,,46908.56,21863,76,9345.22,9046,20224.14,25285.2,,14572.07,
2024-11-03T10:00:00-06:00,13.85,16.268,14.94,,,,48722.71,21777,78,11841.49,10593,20179.38,25407.7,,14595.42,
2024-11-03T11:00:00-06:00,14.77,15.03,13.555,,,,50411.35,22538,78,12013.9,11530.4,21086.71,24835,,15154.38,
2024-11-03T12:00:00-06:00,15.37,15.73,14.345,,,,51866.43,23351,79,12517.21,12179.2,20676.96,23934.8,,15936.48,
2024-11-03T13:00:00-06:00,16.85,17.433,16.658,,,,53150.36,25239,81,12387.05,12057.7,19440.69,23169.4,,17524.76,
2024-11-03T14:00:00-06:00,19.94,21.297,19.427,,,,54561.74,27152,82,11867.74,11404.8,18602.38,22638.8,,18962.72,
2024-11-03T15:00:00-06:00,19.38,21.105,21.062,,,,55354.65,30309,82,10701.27,10764.4,17219.08,21981.6,,21428.29,
2024-11-03T16:00:00-06:00,26.89,35.285,35.837,,,,55553.21,34752,81,6960.63,6820.8,16202.77,20871.1,,23593.18,
2024-11-03T17:00:00-06:00,43.74,66.64,68.152,,,,55228.84,40730,79,1051.56,1077.7,15593.81,20184.9,,26594.67,
2024-11-03T18:00:00-06:00,40.2,91.135,93.007,,,,54223.17,41281,77,1.42,0,16052.86,20361.7,,27317.85,
2024-11-03T19:00:00-06:00,29.28,67.205,68.293,,,,53249.7,39204,76,0.83,0,17121.36,21169,,26613.34,
2024-11-03T20:00:00-06:00,23.09,27.055,27.11,,,,52392.42,37101,74,0.63,0,19116.49,22327.7,,25301.26,
2024-11-03T21:00:00-06:00,18.09,22.882,22.928,,,,50848.8,34817,74,0.63,0,20001.08,23586.5,,23627.86,
2024-11-03T22:00:00-06:00,17.9,28.6,28.793,,,,49209.36,31839,74,0.67,0,20501.26,24341.4,,20222.17,
2024-11-03T23:00:00-06:00,14.86,23.557,23.79,,,,47135.96,29474,73,0.55,0,20809.99,25045.1,,18136.73,
2024-11-04T00:00:00-06:00,20.7,19.25,19.48,,,,45941.9,26074,73,0.61,0,22465.03,23465.8,,16174.22,
2024-11-04T01:00:00-06:00,17.15,17.747,17.862,,,,44873.86,24394,73,0.59,0,23351.05,23978.3,,15479.41,
2024-11-04T02:00:00-06:00,16.24,18.997,13.528,,,,44240.59,22665,72,0.69,0,24903.22,24000.8,,14699.65,
2024-11-04T03:00:00-06:00,17.15,17.448,11.62,,,,43786.41,22262,72,0.61,0,24884.71,23402.5,,14773.66,
2024-11-04T04:00:00-06:00,18.2,17.68,15.582,,,,43938.03,23437,72,0.56,0,24316.69,22224,,16035.57,
2024-11-04T05:00:00-06:00,22.09,22.35,22.4,,,,45156.2,26114,71,0.6,0,22267.92,20878,,17661.21,
2024-11-04T06:00:00-06:00,31.69,26.445,27.005,,,,47288.1,30236,71,14.73,17.8,20422.54,19278.4,,19041.22,
2024-11-04T07:00:00-06:00,31.51,26.1,26.438,,,,48212.74,31840,72,1714.05,1806.2,18256.63,17837.5,,19521.59,
2024-11-04T08:00:00-06:00,23.99,23.923,24.103,,,,49534.6,30373,74,6598.51,7291.7,16655.42,17062.4,,19252.99,
2024-11-04T09:00:00-06:00,19.19,24.765,24.9,,,,51461.22,30038,76,9242.82,10925.6,16310.06,17079.7,,18960.86,
2024-11-04T10:00:00-06:00,19.44,32.702,32.09,,,,53136.7,30966,76,10502.47,12599.2,16340.8,17796.7,,19619.95,
2024-11-04T11:00:00-06:00,21.79,22.905,21.952,,,,54204.58,30550,77,10768.64,13076.2,17741.03,18454.1,,19657.58,
2024-11-04T12:00:00-06:00,27.87,29.515,28.508,,,,55153.56,31294,78,10066.51,13390.4,18445.28,19305.5,,20020.54,
2024-11-04T13:00:00-06:00,25.3,49.895,49.515,,,,55907.11,33019,79,9960.51,12942.1,17579.84,20334.7,,20657.99,
2024-11-04T14:00:00-06:00,22.36,36.53,36.99,,,,56329.12,34326,78,9227.5,12151.5,17333.95,21209.4,,22644.19,
2024-11-04T15:00:00-06:00,23.88,30.39,30.747,,,,56183.5,35832,76,7781.27,10868.6,17344.4,21815.6,,24340.62,
2024-11-04T16:00:00-06:00,33.55,49.043,48.845,,,,55764.39,37074,75,4467.93,6824.5,17968.48,21847.1,,24957.18,
2024-11-04T17:00:00-06:00,55.6,56.25,57.51,,,,55100.49,40430,72,643.81,1093.2,17764.25,21313.7,,27060.59,
2024-11-04T18:00:00-06:00,36.73,105.05,107.858,,,,54759.52,41846,71,0.31,0,16065.36,20803.5,,27928.08,
2024-11-04T19:00:00-06:00,29.56,97.222,100.357,,,,53698.34,40518,70,0.5,0,16123.1,21059.3,,28096.68,
2024-11-04T20:00:00-06:00,25.98,44.312,45.347,,,,52383.26,39167,68,0.47,0,16740.28,21901.8,,27315.6,
2024-11-04T21:00:00-06:00,20,25.642,25.62,,,,50878.87,36518,65,0.43,0,17426.81,22536.1,,25432.11,
2024-11-04T22:00:00-06:00,18.98,20.317,20.332,,,,48372.54,32331,63,0.61,0,18652.47,22844.9,,22377.1,
2024-11-04T23:00:00-06:00,17.17,20.235,20.393,,,,45778.48,28958,62,0.44,0,19216.53,22664.6,,19657.24,
2024-11-05T00:00:00-06:00,13.4,19.463,19.238,,,,44574.14,26863,62,0.41,0,19330.91,22793.5,,18091.64,
2024-11-05T01:00:00-06:00,11.01,20.16,19.963,,,,42839.29,26041,62,0.41,0,18800.57,22030,,17908.55,
2024-11-05T02:00:00-06:00,11.67,19.9,19.685,,,,41580.25,26009,62,0.43,0,17973.91,21075.2,,18075.26,
2024-11-05T03:00:00-06:00,12.94,22.155,22.05,,,,41132.09,27656,61,0.43,0,16221.24,19463.6,,18837.37,
2024-11-05T04:00:00-06:00,16.45,21.367,21.268,,,,41455.2,28580,61,0.45,0,14925.05,17128.3,,19474.73,
2024-11-05T05:00:00-06:00,21,21.437,21.412,,,,43045.02,30038,60,0.45,0,14375.52,14737.9,,20969.71,
2024-11-05T06:00:00-06:00,33.04,20.398,20.503,,,,45743.25,31213,60,5.68,8.8,15015.42,12790.7,,22045.85,
2024-11-05T07:00:00-06:00,31.59,16.56,16.953,,,,46970.88,31096,59,1209.35,1454.9,14646.54,11244.5,,21918.48,
2024-11-05T08:00:00-06:00,21,13.22,13.225,,,,47628.8,28017,60,7183.67,6708.4,12596.28,9703.8,,20033.92,
2024-11-05T09:00:00-06:00,16.7,11.325,11.295,,,,48639.13,25893,62,10905.56,11139.7,11653.84,8415.6,,18628.86,
2024-11-05T10:00:00-06:00,16.37,10.985,10.788,,,,49064.11,25580,64,13789.35,12522,8640.82,7605.3,,18156.08,
2024-11-05T11:00:00-06:00,14.48,10.67,10.332,,,,49226.76,25162,66,15806.22,13375.4,7018.34,6997.8,,17569.62,
2024-11-05T12:00:00-06:00,14.04,9.442,9.285,,,,49434.97,24881,68,16773.37,14964.8,6941.24,6543.5,,17343.32,
2024-11-05T13:00:00-06:00,13.78,9.445,9.355,,,,49622.53,25854,70,16931.13,15162.7,6894.77,6202.3,,18442.79,
2024-11-05T14:00:00-06:00,14.3,11.722,11.678,,,,49586.29,27646,70,17020.54,15131.9,6044.51,5845.5,,20278.84,
2024-11-05T15:00:00-06:00,16.31,12.038,11.967,,,,49359.66,29344,71,16930.63,14849.3,4943.41,5506.5,,21953.71,
2024-11-05T16:00:00-06:00,35.17,37.108,37.088,,,,49255.32,35987,70,11074.06,9128.2,3954.98,5080.2,,27137.08,
2024-11-05T17:00:00-06:00,91.78,149.452,149.452,,,,49291.03,45568,65,1533.38,1291,2884.06,5051.5,,31490.31,
2024-11-05T18:00:00-06:00,63.37,57.615,58.267,,,,49561.55,46134,62,0.29,0,3944.39,6232.3,,32012.19,
2024-11-05T19:00:00-06:00,42.15,34.195,33.693,,,,49128.91,43772,59,0.39,0,5962.66,8370.8,,31269.66,
2024-11-05T20:00:00-06:00,29.65,21.402,21.057,,,,48334.49,39880,58,0.41,0,8764.17,10782.9,,29745.82,
2024-11-05T21:00:00-06:00,18.32,16.138,15.912,,,,47154.47,35029,56,0.41,0,12160.86,13161.1,,26813.72,
2024-11-05T22:00:00-06:00,14.31,14.46,14.413,,,,44901.58,29838,56,0.42,0,15349.48,15074.2,,22346.22,
2024-11-05T23:00:00-06:00,11.43,9.173,9.08,,,,42725.4,25673,55,2.35,0,17800.28,16363.2,,18634.88,
2024-11-06T00:00:00-06:00,12.38,8.765,8.127,,,,41054.13,22495,54,0.83,0,19204.38,17038.5,,15714.21,
2024-11-06T01:00:00-06:00,11.33,8.415,6.183,,,,39563.36,21127,53,0.85,0,19460.64,17095.9,,14633.28,
2024-11-06T02:00:00-06:00,10.44,5.772,4.375,,,,38586.43,20315,52,0.52,0,19433.03,17012.9,,13884.39,
2024-11-06T03:00:00-06:00,10.26,5.62,4.495,,,,38416.87,20041,52,0.47,0,19128.85,16715,,13843.03,
2024-11-06T04:00:00-06:00,10.9,7.53,5.39,,,,39007.32,20373,51,0.62,0,18976.87,16290.1,,14235.84,
2024-11-06T05:00:00-06:00,15.1,9.458,7.767,,,,40970.52,21684,51,0.84,0,19191.31,15862.6,,15343.45,
2024-11-06T06:00:00-06:00,21.6,11.082,10.892,,,,44116.03,24591,51,16.28,21.5,19042.64,15446.4,,17915.32,
2024-11-06T07:00:00-06:00,18.91,6.153,6.142,,,,45484.41,23302,55,3765.6,3014.9,17659.17,14831.7,,16262.88,
2024-11-06T08:00:00-06:00,10.38,0,-0.005,,,,46335.94,19259,60,12931.54,12435.9,13260.96,13044.9,,13139.49,
2024-11-06T09:00:00-06:00,8.94,0.053,0.04,,,,47012.9,18891,65,17380.17,17640.4,9903.43,10656,,12882.43,
2024-11-06T10:00:00-06:00,9.53,2.32,2.005,,,,47320.57,19201,69,17839.66,18424.7,10230.79,9787.9,,13132.32,
2024-11-06T11:00:00-06:00,9.96,9.067,7.493,,,,47717.94,20931,72,17684.69,18092,9777.29,9913.8,,15040.32,
2024-11-06T12:00:00-06:00,12.03,13.18,11.067,,,,48406.41,23676,75,17257.57,17769,8655.19,9765.5,,17558.02,
2024-11-06T13:00:00-06:00,13.69,25.003,16,,,,49410.78,26428,76,16589.5,17977.1,8290.89,9553.7,,19456.12,
2024-11-06T14:00:00-06:00,15.97,25.273,15.278,,,,50343.07,28258,77,16338.37,18015.7,8270.44,9566.1,,20758.32,
2024-11-06T15:00:00-06:00,17.33,19.358,11.968,,,,51051.14,28286,77,16217.61,16283.3,9100.18,9840.4,,21176.45,
2024-11-06T16:00:00-06:00,36.64,31.433,30.225,,,,51519.52,33168,76,9946.44,9523.3,10480.22,10425,,24620.14,
2024-11-06T17:00:00-06:00,67.75,34.083,33.2,,,,51859.29,40462,71,1242.72,1193.7,11649.51,11797,,27545.67,
2024-11-06T18:00:00-06:00,39.08,22.508,21.362,,,,52134.89,39028,68,15.41,0,14439.42,14198.4,,27134.41,
2024-11-06T19:00:00-06:00,29.44,18.165,17.182,,,,50966.79,34514,67,0.5,0,18201.86,16488.8,,25214.58,
2024-11-06T20:00:00-06:00,25.48,17.505,16.595,,,,49567.9,32431,66,0.71,0,19265.79,17691.6,,24232.39,
2024-11-06T21:00:00-06:00,22.1,16.06,14.348,,,,48010.97,30038,65,0.77,0,20311.3,18217.7,,22435.53,
2024-11-06T22:00:00-06:00,17.07,17.483,14.172,,,,45846.66,27489,64,0.47,0,20479.7,18288.5,,20309.65,
2024-11-06T23:00:00-06:00,15.16,13.63,12.888,,,,43592.72,25765,64,0.26,0,19649.24,17690.8,,19177.49,
2024-11-07T00:00:00-06:00,13.04,15.832,15.31,,,,43240.61,24265,64,0.27,0,19186.74,16978.8,,17587.11,
2024-11-07T01:00:00-06:00,12.29,15.855,15.697,,,,41953.85,23908,64,0.32,0,18622.74,16105.5,,17314.6,
2024-11-07T02:00:00-06:00,12.87,16.15,16.108,,,,41149.26,24443,64,0.33,0,17408.64,15363.6,,17382.79,
2024-11-07T03:00:00-06:00,14.13,15.957,15.942,,,,40863.22,24934,64,0.34,0,17192.66,14817.1,,17666.11,
2024-11-07T04:00:00-06:00,14.93,18.272,18.265,,,,41266.47,25771,64,0.36,0,13296.38,14546.1,,18472.79,
2024-11-07T05:00:00-06:00,17.59,24.277,24.277,,,,42878.49,29894,64,0.42,0,11558.93,14064.9,,20773.52,
2024-11-07T06:00:00-06:00,19.92,41.075,41.075,,,,45575.22,34430,65,4.6,9.5,10499.82,13175,,22622.07,
2024-11-07T07:00:00-06:00,20.27,42.025,42.025,,,,46954.93,35548,66,725.97,1109.5,9174.24,12491,,23653.68,
2024-11-07T08:00:00-06:00,20.92,38.093,38.093,,,,48086.55,35049,66,3293.03,4300.1,8670.14,12015.4,,23886.52,
2024-11-07T09:00:00-06:00,20.33,40.798,40.735,,,,49940.41,35123,68,5711.49,6568.8,8106.68,11673,,23852.6,
2024-11-07T10:00:00-06:00,19.8,39.512,39.26,,,,51214.44,35301,70,7808.45,7923,7592.3,12174.9,,24299.69,
2024-11-07T11:00:00-06:00,18.51,38.125,36.642,,,,52450.94,35755,71,9107.9,8783.5,7932.51,12935.3,,24970.08,
2024-11-07T12:00:00-06:00,19.62,31.63,28.77,,,,53616.6,35770,73,10257.35,9021.2,8699.07,13890.3,,25206.01,
2024-11-07T13:00:00-06:00,20.81,34.995,31.223,,,,54866.09,36758,74,10038.17,8533.9,8986.63,14694.1,,26213.32,
2024-11-07T14:00:00-06:00,22.46,31.198,30.748,,,,55575.76,37282,75,9805.04,7589,9677.42,15463,,26625.39,
2024-11-07T15:00:00-06:00,22.21,49.243,50.25,,,,55675.59,38248,75,8316.88,6649.2,10293.48,15827.8,,27304.87,
2024-11-07T16:00:00-06:00,30.11,102.423,107.223,,,,55306.26,41431,74,3976.59,3730.5,10936.47,15476.7,,30057.78,
2024-11-07T17:00:00-06:00,54.92,236.535,243.075,,,,54784.96,43417,73,544.95,530.5,11809.57,14983.1,,31147.48,
2024-11-07T18:00:00-06:00,37.6,94.378,95.353,,,,54486.19,42737,72,0.74,0,12624.52,15083.9,,31159.52,
2024-11-07T19:00:00-06:00,30.3,60.385,60.715,,,,53545.61,41286,71,0.37,0,13647.83,15740.1,,30621.12,
2024-11-07T20:00:00-06:00,27.45,45.102,45.053,,,,52379.79,40695,70,0.52,0,13821.77,16200.1,,29838.86,
2024-11-07T21:00:00-06:00,21.47,46.435,46.49,,,,51022.44,39972,69,0.46,0,13166.53,16699,,28990.42,
2024-11-07T22:00:00-06:00,20.35,46.722,46.905,,,,48741.28,37874,69,0.41,0,12655.6,17433.1,,26870.06,
2024-11-07T23:00:00-06:00,18.44,33.455,33.578,,,,46376.14,35842,68,0.49,0,12447.85,18053.7,,25120.13,
2024-11-08T00:00:00-06:00,18.79,28.68,28.76,,,,45917.48,33073,68,0.53,0,13065.05,19126.9,,22538.22,
2024-11-08T01:00:00-06:00,15.92,24.468,24.548,,,,44592.67,31122,67,0.54,0,13597.21,19594.5,,20990.07,
2024-11-08T02:00:00-06:00,15,21.383,21.383,,,,43662.21,29624,66,0.55,0,15017.87,19675,,20329.4,
2024-11-08T03:00:00-06:00,15.61,19.432,19.427,,,,43529.78,29019,66,0.55,0,16173.14,19486.9,,19988.55,
2024-11-08T04:00:00-06:00,16.6,19.827,19.825,,,,43823.39,28385,66,0.55,0,16005.62,19185.2,,20089.62,
2024-11-08T05:00:00-06:00,20.13,20.07,20.065,,,,45530.19,28827,66,0.58,0,16408.05,18736.4,,20565.77,
2024-11-08T06:00:00-06:00,25.16,21.812,21.795,,,,48098.75,30247,66,2.71,6.6,17293.59,18389.2,,20924.91,
2024-11-08T07:00:00-06:00,24.05,20.648,20.08,,,,49508.27,30436,67,529.1,1014.1,18087.4,18258.2,,20900.02,
2024-11-08T08:00:00-06:00,21.66,22.82,22.012,,,,50588.24,29947,68,2458.34,4411.2,18286.46,18115.5,,20237.08,
2024-11-08T09:00:00-06:00,22.41,18.055,16.345,,,,52411.97,28795,69,5521.65,7712.6,18939.98,17934.7,,20192.64,
2024-11-08T10:00:00-06:00,22.71,20.46,17.195,,,,53961.38,28280,71,7798.7,9077,19159.84,17727.2,,19983.07,
2024-11-08T11:00:00-06:00,23.29,29.108,21.945,,,,55396.88,29032,73,8672.6,9812.5,17899.5,17342.2,,20149.45,
2024-11-08T12:00:00-06:00,28.76,33.01,22.83,,,,56446.08,30358,74,8530.3,10501.5,17770.03,17146.9,,21286.22,
2024-11-08T13:00:00-06:00,28.92,43.637,29.177,,,,57458.42,32097,75,7427.89,10220.6,17815.43,17270.6,,22406.17,
2024-11-08T14:00:00-06:00,32.5,48.105,29.058,,,,57979.72,32780,76,7624.79,9621.9,17278.11,17252.1,,23200.24,
2024-11-08T15:00:00-06:00,28.85,53.675,32.357,,,,57883,33670,73,6922.73,8978.3,16751.72,16516,,24186.72,
2024-11-08T16:00:00-06:00,43.67,44.865,28.372,,,,57190.95,35889,69,4583.34,5712.2,16055.92,15152.2,,26153.98,
2024-11-08T17:00:00-06:00,71.42,57.323,56.83,,,,56406.98,40099,66,1015.96,894,13902.25,14035.4,,27648.17,
2024-11-08T18:00:00-06:00,58.78,35.082,35.055,,,,55667.68,41396,64,0.39,0,12613.94,13821.4,,28699.68,
2024-11-08T19:00:00-06:00,49.35,33.355,33.352,,,,54060.92,40839,63,0.49,0,11812.22,14001.7,,28682.48,
2024-11-08T20:00:00-06:00,42.08,42.622,42.622,,,,53039.58,41090,63,0.5,0,10270.3,13834.7,,28699.12,
2024-11-08T21:00:00-06:00,37.26,58.585,58.493,,,,51497.38,41257,63,0.59,0,8829.02,13250.7,,28814.48,
2024-11-08T22:00:00-06:00,26.68,64.395,64.09,,,,49456.43,40623,62,0.64,0,7545.56,12518.7,,28469.61,
2024-11-08T23:00:00-06:00,23.1,40.608,39.8,,,,46834.55,39402,62,0.59,0,7056,11684.3,,27733.71,
2024-11-09T00:00:00-06:00,29.36,34.358,33.805,,,,42987.53,37543,60,0.59,0,6904.95,8190.6,,25842.14,
2024-11-09T01:00:00-06:00,24.96,27.325,28.267,,,,41583.89,35608,58,0.65,0,7054.24,7984.5,,24256.78,
2024-11-09T02:00:00-06:00,20.62,23.735,25.565,,,,40581.29,34251,57,0.67,0,6930.46,8143.8,,23163.24,
2024-11-09T03:00:00-06:00,19.29,21.775,22.525,,,,40217.83,33061,55,0.62,0,7174.38,8499.9,,22749.58,
2024-11-09T04:00:00-06:00,18.91,21.285,22.027,,,,40210.83,32491,55,0.6,0,7473.28,9012.2,,22689.53,
2024-11-09T05:00:00-06:00,19.32,21.39,22.202,,,,40728.81,32339,54,0.62,0,7998.07,9547.2,,22711.56,
2024-11-09T06:00:00-06:00,19.28,21.207,21.492,,,,41658.93,32747,53,5.46,5.4,8292.25,9704.9,,23228.36,
2024-11-09T07:00:00-06:00,17.89,15.7,15.452,,,,42513.9,31120,56,2929.21,1915.9,8309.03,9512.1,,22057.59,
2024-11-09T08:00:00-06:00,10.05,8.643,8.643,,,,44252.09,24513,60,13384,9574.4,7280.35,8875.9,,16692.37,
2024-11-09T09:00:00-06:00,9.41,7.245,7.245,,,,45998.28,22820,64,18207.01,14875.3,5264.62,7373.7,,15566.04,
2024-11-09T10:00:00-06:00,9.61,7.962,7.962,,,,46677.81,23222,67,18654.5,16064.5,4774,6228.9,,16018.57,
2024-11-09T11:00:00-06:00,9.82,8.312,8.285,,,,47070.85,23563,70,18312.03,16110.6,4967.29,6165.6,,16332.5,
2024-11-09T12:00:00-06:00,9.24,10.028,9.993,,,,47404.7,24830,73,18047.52,16157.9,5400.65,6363.9,,17532.52,
2024-11-09T13:00:00-06:00,9.79,10.098,10.062,,,,47716.57,25625,74,18252.16,16250.2,5876.55,6650.2,,17979.09,
2024-11-09T14:00:00-06:00,10.82,10.405,10.178,,,,47963.93,26316,76,18693.12,16161.7,6221.44,6846.5,,18557.92,
2024-11-09T15:00:00-06:00,12.84,15.102,8.733,,,,48206.88,27661,75,17757.42,14792.5,6634.26,6839.9,,19788,
2024-11-09T16:00:00-06:00,31.17,36.092,35.572,,,,48191.18,35245,74,10388.47,8526.7,6277.94,6504,,25350.24,
2024-11-09T17:00:00-06:00,64.67,73.007,72.982,,,,48165.17,43609,69,1143.31,1059.7,5818.98,6636,,29362.7,
2024-11-09T18:00:00-06:00,38.18,32.365,32.213,,,,48305.38,43331,66,0.41,0,7121.15,8034.8,,29430.12,
2024-11-09T19:00:00-06:00,26.92,25.977,25.947,,,,47436.55,41330,63,0.56,0,8060.79,9358.9,,28473.28,
2024-11-09T20:00:00-06:00,22.05,23.657,23.287,,,,46477.85,39731,62,0.57,0,8579.87,10786,,27538.23,
2024-11-09T21:00:00-06:00,19.35,22.263,21.497,,,,45751.95,37943,60,0.6,0,9262.29,11713.6,,26938.72,
2024-11-09T22:00:00-06:00,17.33,20.472,19.84,,,,44389.19,35992,60,0.6,0,9410.52,12210.8,,26246.17,
2024-11-09T23:00:00-06:00,15.99,21.06,20.435,,,,42927.94,34872,60,0.63,0,8755.67,12332,,25269.59,
2024-11-10T00:00:00-06:00,16.56,22.387,22.305,,,,42198.88,34247,59,0.65,0,7849.92,12399.2,,23738.5,
2024-11-10T01:00:00-06:00,16.01,21.68,21.68,,,,40836.32,34151,59,0.63,0,6734.28,11551.3,,23443.51,
2024-11-10T02:00:00-06:00,15.65,21.388,21.388,,,,39986.02,33896,58,0.65,0,6171.34,10803.2,,23590.05,
2024-11-10T03:00:00-06:00,15.9,21.338,21.338,,,,39536.66,33718,56,0.66,0,5904.21,10013.2,,23554.98,
2024-11-10T04:00:00-06:00,15.71,21.81,21.425,,,,39408.56,33896,56,0.7,0,5542.1,9243.4,,23571.96,
2024-11-10T05:00:00-06:00,17.63,23.18,22.632,,,,39691.37,34440,56,0.69,0,5303.92,8534.6,,23784.75,
2024-11-10T06:00:00-06:00,18.85,25.49,25.945,,,,40531.31,35105,55,4.53,7,5255.65,8010.2,,23988.86,
2024-11-10T07:00:00-06:00,15.6,19.783,19.795,,,,42056.58,34313,58,2265.07,2110.1,4934.84,7408.9,,23481.92,
2024-11-10T08:00:00-06:00,8.44,11.16,11.16,,,,43558.2,28873,64,12003.86,10224.6,3293.12,5801.9,,20703.02,
2024-11-10T09:00:00-06:00,7.59,12.025,12.025,,,,45416.69,27804,69,16741.82,15549.7,1531.45,3470.2,,20557.98,
2024-11-10T10:00:00-06:00,11.36,13.31,13.31,,,,46980.45,28531,73,17176.79,16900.6,1508.58,2044.3,,21407.23,
2024-11-10T11:00:00-06:00,14.69,13.983,13.983,,,,48388.17,29410,77,17209.82,17095.9,1753.34,1640.3,,22079.57,
2024-11-10T12:00:00-06:00,17.52,15.235,15.183,,,,49497.85,30590,78,17662.74,17137.8,1727.6,1572.4,,23187.16,
2024-11-10T13:00:00-06:00,16.98,19.095,19.017,,,,50740.45,32725,80,17984.2,17501.6,1423.16,1571.5,,24678.78,
2024-11-10T14:00:00-06:00,18.14,16.21,16.14,,,,52189.25,34172,81,18309.8,17721.5,1528.78,1545.7,,25599.52,
2024-11-10T15:00:00-06:00,21.6,19.213,20.05,,,,52921.79,35540,81,17940.99,16420,1401.33,1441.7,,26656.48,
2024-11-10T16:00:00-06:00,70.47,73.42,74.717,,,,52674.13,43174,79,10588.84,9203,1226.08,1336.8,,31082.91,
2024-11-10T17:00:00-06:00,165.92,297.763,298.823,,,,52065.46,50108,73,1167.84,1065,1194.48,1382,,33942.83,
2024-11-10T18:00:00-06:00,153.21,486.14,492.605,,,,51835.74,50239,69,0.57,0,1318.65,1383.7,,34298.7,
2024-11-10T19:00:00-06:00,93.1,1080.278,1106.758,,,,50981.07,48544,66,0.56,0,1321.26,1568.1,,34682.61,
2024-11-10T20:00:00-06:00,58.46,227.148,239.01,,,,50091.36,47400,65,0.57,0,1342.65,1793.2,,34481.74,
2024-11-10T21:00:00-06:00,35.42,111.335,122.93,,,,48678.94,46335,63,0.59,0,1362.92,1989.9,,33791.75,
2024-11-10T22:00:00-06:00,28.01,41.097,46.425,,,,46561.41,44769,62,0.61,0,1662.44,2108.2,,32272.84,
2024-11-10T23:00:00-06:00,24.07,37.447,46.483,,,,44024.63,42672,60,0.61,0,1768.42,2102.7,,30190.51,
2024-11-11T00:00:00-06:00,24.4,23.165,30.938,,,,41831.49,40580,59,0.64,0,1839.55,2254.8,,28543.1,
2024-11-11T01:00:00-06:00,22.23,21.273,26.832,,,,40416.52,39213,58,0.63,0,1925.42,2026.9,,27610.22,
2024-11-11T02:00:00-06:00,20.23,21.503,28.925,,,,39531.13,38496,57,0.63,0,1738.32,1930.7,,27131.62,
2024-11-11T03:00:00-06:00,20.36,21.19,31.405,,,,39364.61,38118,56,0.62,0,1611.36,1879.7,,26867.13,
2024-11-11T04:00:00-06:00,20.92,22.96,36.262,,,,39953.33,38407,56,0.62,0,1577.79,1860.6,,26956.01,
2024-11-11T05:00:00-06:00,24.15,31.015,53.795,,,,41736.72,39870,56,0.62,0,1502.42,1854.4,,27670.67,
2024-11-11T06:00:00-06:00,40.26,57.6,84.708,,,,44612.15,41805,56,7.43,9.3,1414.31,1851.3,,28867.34,
2024-11-11T07:00:00-06:00,25.93,24.762,37.735,,,,46008.84,41034,59,2863.15,2594,1309.43,1762.2,,28651.82,
2024-11-11T08:00:00-06:00,16.25,15.067,16.925,,,,47150.62,34396,64,12998.91,12178.9,1122.27,1509.4,,25029.12,
2024-11-11T09:00:00-06:00,13.18,18.17,18.438,,,,48563.77,31951,68,17357.02,17742.9,649.53,1104.5,,23483.28,
2024-11-11T10:00:00-06:00,15.3,17.822,18.067,,,,49510.9,32531,73,18130.48,18738.2,530.51,854.5,,23709.52,
2024-11-11T11:00:00-06:00,17.27,19.253,18.968,,,,50544.1,33240,76,18217.05,18536.3,987.27,939.5,,24837.97,
2024-11-11T12:00:00-06:00,21.97,20.832,20.77,,,,51781.7,34000,78,18158.64,18107,1333.46,1222.6,,25331.42,
2024-11-11T13:00:00-06:00,25.25,26.408,24.48,,,,53242.26,35802,79,18322.89,18459.6,1438.06,1496.5,,25945.69,
2024-11-11T14:00:00-06:00,25.33,23.337,21.402,,,,54438.5,36874,80,18694.13,18948.2,1567.51,1718.3,,26790.98,
2024-11-11T15:00:00-06:00,31.95,21.088,20.48,,,,55147.19,37796,80,17847.64,17169.7,1961.55,1959.4,,27957.34,
2024-11-11T16:00:00-06:00,74.48,88.535,88.535,,,,55227.84,44243,77,10210.75,9374.1,2013.77,2470,,31427.67,
2024-11-11T17:00:00-06:00,184.18,119.822,120.043,,,,54953.47,50341,72,1079.98,981.6,2549.57,3737.9,,34367.73,
2024-11-11T18:00:00-06:00,86.9,62.505,62.505,,,,54584.22,49245,69,0.43,0,4553.22,6021.8,,33678.02,
2024-11-11T19:00:00-06:00,39.95,40.862,40.862,,,,52970.79,46542,66,0.48,0,6486.06,8384.2,,32375.31,
2024-11-11T20:00:00-06:00,28.14,24.222,24.222,,,,51325.08,43061,64,0.51,0,8388.17,9903.1,,30818.32,
2024-11-11T21:00:00-06:00,24.23,17.288,17.288,,,,49443.57,39380,62,0.58,0,10476.42,11398.3,,29176.66,
2024-11-11T22:00:00-06:00,16,14.483,14.48,,,,46784.73,34236,61,0.61,0,12343.12,12509,,25373.92,
2024-11-11T23:00:00-06:00,14.63,11.057,11.057,,,,44076.59,31348,60,0.63,0,12748.61,13218.2,,22828.92,
2024-11-12T00:00:00-06:00,14.75,11.57,11.478,,,,41998.79,28104,59,0.64,0,13675.47,13857,,19693.61,
2024-11-12T01:00:00-06:00,12.5,9.562,9.51,,,,40498.32,25755,57,0.72,0,14805.94,13649.5,,17782.84,
2024-11-12T02:00:00-06:00,11.44,7.793,7.785,,,,39534.19,24487,56,0.7,0,15326.21,13616.2,,16562.22,
2024-11-12T03:00:00-06:00,9.97,6.707,6.692,,,,39279.68,23840,56,0.73,0,15697.22,13735.5,,15923.67,
2024-11-12T04:00:00-06:00,9.77,4.675,4.61,,,,39801.98,22953,55,0.8,0,17162.88,14128.8,,14927.55,
2024-11-12T05:00:00-06:00,12.74,4.908,4.713,,,,41531.22,23090,55,1,0,18212.41,14675.5,,15160.11,
2024-11-12T06:00:00-06:00,19.33,7.815,7.735,,,,44488.15,25163,55,8.92,10.2,18692.52,15108.3,,17225,
2024-11-12T07:00:00-06:00,15.89,4.15,4.097,,,,45771.18,24193,58,2726.32,2574.3,18152.64,14871.1,,15933.08,
2024-11-12T08:00:00-06:00,6.49,0,0,,,,46869.05,21079,63,9655.94,11905.3,15505.72,14128.7,,13073.4,
2024-11-12T09:00:00-06:00,6.17,0,0,,,,48135.4,20492,68,13357.38,16619.7,13622.07,13120.4,,12527.27,
2024-11-12T10:00:00-06:00,6.66,0.012,-0.02,,,,48876.81,20310,72,13072.5,17582.4,14754.44,13977.9,,12457.55,
2024-11-12T11:00:00-06:00,7.54,4.023,3.025,,,,49713.77,21367,75,13567.11,17364.9,14852.47,16148,,13472.53,
2024-11-12T12:00:00-06:00,9.5,6.683,3.908,,,,50820.02,22461,77,13711.01,16437.2,14430.93,17729.3,,14703.62,
2024-11-12T13:00:00-06:00,11.59,9.06,5.55,,,,52184.43,23542,78,13573.01,16565.2,15554.12,18453.6,,15714.98,
2024-11-12T14:00:00-06:00,13.76,10.472,6.895,,,,53384.58,24677,78,13416.39,16554,15955.38,18849.4,,16828.44,
2024-11-12T15:00:00-06:00,16.53,9.888,6.548,,,,54227.07,25235,78,12527.26,14580.3,14972.43,19003.2,,17254.73,
2024-11-12T16:00:00-06:00,23.05,18.675,15.105,,,,54504.56,30415,76,7104.16,7288.6,14116.8,18846.1,,21423.84,
2024-11-12T17:00:00-06:00,38.52,15.92,26.71,,,,54356.54,35965,72,658.31,700.4,15459.71,19080.2,,24328.51,
2024-11-12T18:00:00-06:00,24.87,13.88,13.628,,,,54127.63,34605,69,1.48,0,19232.76,19798.3,,23809.54,
2024-11-12T19:00:00-06:00,21.04,12.098,11.318,,,,52711.4,31590,68,1.79,0,21016.42,20790.1,,21586.64,
2024-11-12T20:00:00-06:00,18.25,10.8,9.908,,,,51160.04,29781,66,1.56,0,21504.48,21690.4,,20318.08,
2024-11-12T21:00:00-06:00,13.32,9.017,7.423,,,,49422.11,27808,65,0.74,0,21771.57,22538.8,,18775.63,
2024-11-12T22:00:00-06:00,10.9,7.775,5.23,,,,46811.85,25158,63,0.76,0,21624.88,23303.7,,16174.53,
2024-11-12T23:00:00-06:00,9.32,6.715,3.81,,,,44230.13,23176,62,0.68,0,20979.78,23050,,14424.48,
2024-11-13T00:00:00-06:00,6.83,9.68,8.368,,,,41902.02,21479,61,0.69,0,20772.28,23757.1,,12863.96,
2024-11-13T01:00:00-06:00,5.19,10.045,8.333,,,,40285.94,21695,60,0.63,0,19197.26,22389,,13103.28,
2024-11-13T02:00:00-06:00,4.65,9.628,7.457,,,,39221.86,22173,59,0.6,0,17632.54,21175.5,,13564.56,
2024-11-13T03:00:00-06:00,5.78,10.892,8.848,,,,38917.22,22671,58,0.61,0,16731.58,20298.9,,14104.03,
2024-11-13T04:00:00-06:00,7.71,12.628,10.172,,,,39369.06,23545,57,0.62,0,16082.89,19798.7,,14795.91,
2024-11-13T05:00:00-06:00,11.37,13.622,12.04,,,,41127.12,24573,57,0.64,0,16779.36,19409.5,,15806.45,
2024-11-13T06:00:00-06:00,16.02,14.572,13.74,,,,44126.6,26782,57,9.79,7.8,17256.18,19213.7,,17456.7,
2024-11-13T07:00:00-06:00,11.92,10.767,10.297,,,,45494.96,24732,60,2516.16,2389.8,17990.87,19082.1,,15928.14,
2024-11-13T08:00:00-06:00,6.97,2.502,1.933,,,,46655.73,21153,65,10232.68,11237.3,15582.76,18512.3,,12916.96,
2024-11-13T09:00:00-06:00,8,7.725,6.427,,,,48090.88,20712,70,13372.29,16007.2,14025.31,17971.1,,12552.91,
2024-11-13T10:00:00-06:00,9.41,23.043,8.585,,,,49072.63,21642,74,14340.23,17088.3,13888.22,18379,,13256.68,
2024-11-13T11:00:00-06:00,10.36,34.445,11.885,,,,50160.45,22571,76,15003.75,17217.6,13584.86,18362.2,,13912.84,
2024-11-13T12:00:00-06:00,12.58,18.11,11.168,,,,51608.7,23703,78,16104,17539.7,12736.45,17589.6,,15157.35,
2024-11-13T13:00:00-06:00,13.96,15.598,11.34,,,,53162.59,24574,79,17134.76,17986.2,12406,16193.1,,16119.72,
2024-11-13T14:00:00-06:00,16.75,16.715,11.01,,,,54415.49,25843,79,16875.13,18424.6,12534.56,14467.6,,16845.64,
2024-11-13T15:00:00-06:00,18.5,17.485,7.725,,,,55040.65,27532,78,16170.59,17343.6,12108.49,12743.3,,18659.17,
2024-11-13T16:00:00-06:00,35.79,38.258,34.775,,,,55042.02,34106,76,10119.57,9520.8,11007.61,10520.4,,23852.11,
2024-11-13T17:00:00-06:00,113.44,60.96,61.747,,,,54619.37,44499,70,1050.2,985.5,8447.43,8645.6,,29964.59,
2024-11-13T18:00:00-06:00,90.18,31.962,32.415,,,,54052.66,45363,67,0.55,0,8176.33,8119.4,,30447.05,
2024-11-13T19:00:00-06:00,52.53,42.097,42.375,,,,52250.66,44529,65,0.6,0,7678.21,7766.9,,30312.43,
2024-11-13T20:00:00-06:00,52.32,36.27,36.743,,,,50574.77,44143,63,0.69,0,6699.89,7247.9,,29678.7,
2024-11-13T21:00:00-06:00,36.47,32.772,33.203,,,,48666.77,42894,60,0.67,0,6065.09,6792,,29075.14,
2024-11-13T22:00:00-06:00,23.9,22.92,22.935,,,,45969.74,40488,59,0.65,0,6041,6599.9,,27623.85,
2024-11-13T23:00:00-06:00,22.33,22.05,23.01,,,,43302.32,38037,57,0.65,0,5650.14,6481.8,,25504.85,
2024-11-14T00:00:00-06:00,23.61,27.102,30.952,,,,40894.7,36105,56,0.66,0,5462.98,6524,,22795.84,
2024-11-14T01:00:00-06:00,21.76,25.863,32.315,,,,39538.49,34878,54,0.64,0,5448.32,6172.2,,21718.07,
2024-11-14T02:00:00-06:00,20.04,22.648,28.05,,,,38597.49,33503,53,0.61,0,6175.17,6339.3,,21451.62,
2024-11-14T03:00:00-06:00,19.51,19.397,20.855,,,,38412.17,31535,51,0.64,0,8080.9,6985.3,,20682.38,
2024-11-14T04:00:00-06:00,19.73,19.61,21.275,,,,38941.57,31377,50,0.71,0,9046.67,7757.7,,20698.44,
2024-11-14T05:00:00-06:00,23.01,19.838,20.598,,,,40801.38,31847,50,0.63,0,9341.9,8337.6,,21323.06,
2024-11-14T06:00:00-06:00,30.75,22.035,22.747,,,,43933.24,34247,48,8.53,8.7,9604.63,8668.8,,22098.8,
2024-11-14T07:00:00-06:00,21.17,20.215,20.932,,,,45404.63,32145,52,3359.42,2785.7,9493.29,8413.3,,20001.28,
2024-11-14T08:00:00-06:00,12.52,8.327,8.327,,,,46168.04,22438,59,15257.16,13690.1,8192.35,7981.6,,13619.71,
2024-11-14T09:00:00-06:00,8.41,12.693,12.538,,,,46933.89,20512,64,19674.64,19692.8,6687.85,6916.2,,12483.42,
2024-11-14T10:00:00-06:00,8.94,14.12,13.527,,,,46972.65,20560,68,19407.08,20246.8,6574.44,6361.5,,12416.28,
2024-11-14T11:00:00-06:00,9.93,14.405,14.247,,,,46906.74,21204,70,18775.98,19516.2,6345.71,6669.6,,12906.06,
2024-11-14T12:00:00-06:00,11.41,15.253,15.253,,,,47095.76,22198,72,18402.54,18817.1,6241.16,6762.4,,13653.38,
2024-11-14T13:00:00-06:00,12.62,15.48,15.463,,,,47585.89,22649,74,18716.08,19257,6498.88,6658,,14163.37,
2024-11-14T14:00:00-06:00,13.47,15.395,15.36,,,,48001.7,23049,74,19266.65,20026.7,6652.42,6530.4,,14540.42,
2024-11-14T15:00:00-06:00,14.94,14.67,14.612,,,,48324.23,24795,74,18479.56,18708,6598.01,6525.2,,15987.79,
2024-11-14T16:00:00-06:00,25.87,40.455,40.44,,,,48531.98,32719,72,10581.48,10223.8,6302.22,6862.3,,20903.56,
2024-11-14T17:00:00-06:00,52.27,69.985,70.372,,,,48759.91,41125,66,1026.61,1050.8,7022.04,8421.2,,24556.11,
2024-11-14T18:00:00-06:00,25.4,34.547,34.142,,,,49142.03,38865,61,0.57,0,10227.5,11779.9,,23425.66,
2024-11-14T19:00:00-06:00,19.63,21.918,21.705,,,,48061.85,33970,58,0.64,0,13946.46,15089.7,,21672.61,
2024-11-14T20:00:00-06:00,16.84,18.177,18.177,,,,46934.62,30047,55,0.83,0,17059.87,17850.2,,19643.27,
2024-11-14T21:00:00-06:00,15.37,18.935,18.807,,,,45527.12,26950,53,1.11,0,18768.15,19324.7,,16998.37,
2024-11-14T22:00:00-06:00,14.53,20.517,19.965,,,,43578.19,23794,52,1.11,0,20055.39,20466.5,,13204.2,
2024-11-14T23:00:00-06:00,12.06,18.92,17.578,,,,41601.26,21271,51,0.99,0,20830.63,20807.8,,11303.67,
2024-11-15T00:00:00-06:00,12.04,18.127,16.177,,,,40784.99,19810,50,0.71,0,20888.72,20609.7,,10339.49,
2024-11-15T01:00:00-06:00,10.85,17.55,15.462,,,,39839.98,19019,48,0.71,0,20700.14,20189.5,,10015.83,
2024-11-15T02:00:00-06:00,10.04,16.8,15.928,,,,39513.36,18846,48,0.73,0,20342.93,19904.1,,9940.84,
2024-11-15T03:00:00-06:00,11.46,16.39,16.135,,,,39687.58,18712,47,0.7,0,20164.38,19571.8,,9906.06,
2024-11-15T04:00:00-06:00,13.66,18.57,18.36,,,,40141.31,19414,46,0.78,0,19981.05,19170.1,,10271.86,
2024-11-15T05:00:00-06:00,19.85,22.18,22.045,,,,41945.38,21879,46,0.64,0,19389.88,18678.9,,10681.05,
2024-11-15T06:00:00-06:00,27.21,27.575,27.282,,,,45037.96,25193,45,7.22,7,18947.64,18346.1,,11623.56,
2024-11-15T07:00:00-06:00,22.91,18.578,18.58,,,,46711.7,23343,50,3134.23,2730.4,19077.52,18191.3,,10959.92,
2024-11-15T08:00:00-06:00,9.4,6.035,5.28,,,,47526.45,16706,58,13811.57,13701.4,16263.6,17300.1,,7312.95,
2024-11-15T09:00:00-06:00,8.41,5.978,4.668,,,,48018.34,14905,64,18536.93,19705.8,13441.45,14641.3,,6295.95,
2024-11-15T10:00:00-06:00,7.98,6.175,3.875,,,,47871.58,14544,68,17816.95,20233.8,13908.8,13315,,6274.15,
2024-11-15T11:00:00-06:00,7.16,9.838,7.423,,,,47281.66,15062,71,17706.62,19495.1,13534.72,14157.6,,7069.95,
2024-11-15T12:00:00-06:00,7.82,10.445,8.395,,,,47195.7,15397,73,17632.59,18720.4,13498.4,14875,,7301.62,
2024-11-15T13:00:00-06:00,8.08,12.987,9.163,,,,47571.09,15957,74,17752.55,19111.1,13830.6,16023.1,,7890.48,
2024-11-15T14:00:00-06:00,8.34,12.385,9.723,,,,47976.64,16247,75,17342.86,19750,15348,17725.3,,8186.29,
2024-11-15T15:00:00-06:00,9,9.475,8.383,,,,48258.4,16617,75,15772.17,18404.5,16584.95,19029.6,,8506.39,
2024-11-15T16:00:00-06:00,19.07,28.825,25.99,,,,48336.33,22198,72,8676.67,9741.7,17995.89,19719.9,,12006.69,
2024-11-15T17:00:00-06:00,26.95,36.65,35.583,,,,48189.8,28708,67,800.72,885.7,19404.45,20695.8,,13859.61,
2024-11-15T18:00:00-06:00,25.47,21.075,19.638,,,,48404.2,27240,64,0.46,0,21419.34,22748.8,,13499.92,
2024-11-15T19:00:00-06:00,19.27,21.085,18.005,,,,47274.33,25071,62,0.58,0,22570.6,24505.3,,13249.88,
2024-11-15T20:00:00-06:00,15.96,20.188,16.898,,,,46030.46,24043,61,0.62,0,22580.83,25758.3,,13051.24,
2024-11-15T21:00:00-06:00,13.75,19.39,16,,,,44753.02,22759,60,0.65,0,22689.57,26535.8,,12317.66,
2024-11-15T22:00:00-06:00,14.61,20.883,17.357,,,,43335.8,21095,59,0.49,0,22804.77,26972.8,,10259.02,
2024-11-15T23:00:00-06:00,11.95,19.197,15.773,,,,41993.84,19585,59,0.36,0,22690.87,26942,,9541.29,
2024-11-16T00:00:00-06:00,16.36,17.345,14.207,,,,41605.76,18726,58,0.36,0,22665.19,27528.1,,9115.42,
2024-11-16T01:00:00-06:00,14.71,15.213,12.38,,,,40502.44,17675,57,0.43,0,22298.57,27120.6,,8836.47,
2024-11-16T02:00:00-06:00,14.18,14.362,11.598,,,,39755.66,17128,56,0.46,0,22198.06,26719,,8574.52,
2024-11-16T03:00:00-06:00,13.19,15.635,12.703,,,,39227.07,17215,56,0.46,0,21941.76,26097.2,,8698.4,
2024-11-16T04:00:00-06:00,12.78,16.357,13.952,,,,39240.05,17280,55,0.47,0,21925.73,25334.9,,8853.99,
2024-11-16T05:00:00-06:00,16.36,17.898,15.682,,,,39805.4,17598,55,0.48,0,21904.43,24587.6,,8967.38,
2024-11-16T06:00:00-06:00,17.09,19.412,17.475,,,,40833.11,18799,54,2,2,21594.67,23897.4,,9104.8,
2024-11-16T07:00:00-06:00,16.22,18.028,15.963,,,,42100.07,18949,56,1183.53,1532.8,21360.32,23197.3,,9140.82,
2024-11-16T08:00:00-06:00,12.64,15.705,13.765,,,,44216.95,17814,61,5512.25,8393.6,19810.03,22091.4,,8863.85,
2024-11-16T09:00:00-06:00,10.34,14,11.763,,,,45134.39,17049,67,9021.44,13258,19254.55,21327.7,,8596.28,
2024-11-16T10:00:00-06:00,10.9,9.945,8.175,,,,45782.18,15938,72,10171.5,14971,20507.98,21378.5,,7746.71,
2024-11-16T11:00:00-06:00,11.37,9.557,8.015,,,,46335.69,16167,75,11253,15419.5,19578.02,21118.6,,8320.2,
2024-11-16T12:00:00-06:00,12.44,11.46,10.38,,,,47275.07,16750,77,12040.4,15569.7,18488.23,20594.1,,8741.26,
2024-11-16T13:00:00-06:00,14.33,10.82,9.96,,,,48221.22,17443,78,12977.1,15534.5,17692.21,20162.9,,9256.52,
2024-11-16T14:00:00-06:00,15,12.203,10.6,,,,48951.53,18299,79,13289.44,15330.9,17229.47,19951.7,,10134.23,
2024-11-16T15:00:00-06:00,15.04,12.757,11.772,,,,49182.44,19921,78,11809.09,13910.9,17753.3,19961.1,,11667.94,
2024-11-16T16:00:00-06:00,26.99,23.538,23.51,,,,48714.22,24420,76,6880.6,7212.4,18311.42,19848.7,,13969.48,
2024-11-16T17:00:00-06:00,45.46,31.057,31.035,,,,48102.55,30296,73,658.24,684.6,18836.91,20301,,16514.99,
2024-11-16T18:00:00-06:00,25.23,18.308,17.78,,,,48576.49,28182,71,0.44,0,21597.62,21759.5,,16438.63,
2024-11-16T19:00:00-06:00,20.23,14.655,13.492,,,,47978.06,25310,70,0.61,0,23566.72,23882.3,,15718.22,
2024-11-16T20:00:00-06:00,18.6,13.57,11.87,,,,47000.68,24169,68,0.49,0,24088.33,25432.7,,15246.1,
2024-11-16T21:00:00-06:00,15.55,13.28,10.905,,,,46196.53,23335,67,0.38,0,23947.26,26235.4,,14685.2,
2024-11-16T22:00:00-06:00,17.68,14.44,11.567,,,,44883.09,21871,66,0.34,0,23937.95,26420.6,,13119.5,
2024-11-16T23:00:00-06:00,16.23,12.837,10.248,,,,43581.99,20524,65,0.33,0,23185.11,25903.5,,12168.57,
2024-11-17T00:00:00-06:00,15.05,13.09,10.79,,,,42481.92,19720,65,0.29,0,22814.97,24828.5,,11143.52,
2024-11-17T01:00:00-06:00,13.56,10.733,9.325,,,,41289.51,18759,65,0.29,0,22603.64,23547.8,,10330.39,
2024-11-17T02:00:00-06:00,15.18,12.163,10.857,,,,40466.29,19062,65,0.29,0,21769.72,21932.3,,10559.09,
2024-11-17T03:00:00-06:00,19.28,13.092,12.54,,,,39549.85,20450,65,0.28,0,19784.81,19902,,11795.41,
2024-11-17T04:00:00-06:00,20.64,17.205,16.743,,,,39037.52,23381,65,0.27,0,16884.91,17371.5,,14271.42,
2024-11-17T05:00:00-06:00,24.85,22.425,23.953,,,,39127.52,26917,65,0.41,0,13694.53,14210.7,,16118.72,
2024-11-17T06:00:00-06:00,23.11,23.947,27.585,,,,39504.83,29882,65,1.04,1.7,11183.28,11586.1,,16995.62,
2024-11-17T07:00:00-06:00,25.99,27.682,31.29,,,,40431.22,31555,66,379.43,848.7,9686.32,10217.5,,17742.8,
2024-11-17T08:00:00-06:00,26.14,37.062,38.468,,,,42938.12,31941,67,2129.74,3862.6,9551,9507,,18568.41,
2024-11-17T09:00:00-06:00,22.27,37.74,38.87,,,,44657.08,32054,70,4791.22,5961.8,9396.34,9915,,18805.84,
2024-11-17T10:00:00-06:00,21.31,27.975,28.98,,,,46022.04,31289,73,7524.26,7307.1,10064.71,11191.4,,18407.17,
2024-11-17T11:00:00-06:00,25.34,31.455,33.2,,,,47238.12,31594,75,8396.95,8194.7,10384.43,11744.1,,18595.35,
2024-11-17T12:00:00-06:00,32.25,44.835,47.275,,,,49092.04,33092,77,8038.75,7895.9,10337.76,12066.2,,19852.75,
2024-11-17T13:00:00-06:00,40.55,83.71,87.355,,,,50868.15,34728,78,6650.83,7139.9,10996.64,12371,,21675.37,
2024-11-17T14:00:00-06:00,50.43,192.935,224.835,,,,52342.39,37158,77,5332.07,5896.5,9973.95,12826.9,,23410.78,
2024-11-17T15:00:00-06:00,56.96,1348.683,1494.605,,,,52918.36,39485,77,3421.56,4255.1,8509.5,13396.4,,25538.49,
2024-11-17T16:00:00-06:00,72.91,1057.57,1235.807,,,,52373.3,40695,76,1275.15,2188.3,8881.49,14118.2,,26642.75,
2024-11-17T17:00:00-06:00,77.31,138.15,149.762,,,,51198.61,40068,74,96.35,221.2,12066.1,15153.6,,25974.78,
2024-11-17T18:00:00-06:00,59.59,93.238,96.86,,,,51583.61,38737,73,0.6,0,14722.38,16882.3,,25484.44,
2024-11-17T19:00:00-06:00,47.46,47.612,49.245,,,,51178.69,37509,72,0.72,0,16663.45,18977.3,,24504.92,
2024-11-17T20:00:00-06:00,38.22,24.492,25.23,,,,50450.03,35379,72,0.6,0,18417.84,20722.8,,23045.63,
2024-11-17T21:00:00-06:00,27.67,22.76,22.83,,,,49382.93,32090,72,0.39,0,20697.53,22566.3,,20331.06,
2024-11-17T22:00:00-06:00,20.68,22.69,22.858,,,,47327.49,28087,71,0.42,0,22982.48,24887.2,,17212.94,
2024-11-17T23:00:00-06:00,18.49,16.99,17.088,,,,45049.94,23756,71,0.69,0,24935.54,26722.4,,13627.31,
2024-11-18T00:00:00-06:00,14.09,18.495,21.053,,,,44372.11,21535,70,0.53,0,24749.37,28714.7,,11994.8,
2024-11-18T01:00:00-06:00,12.15,14.21,14.465,,,,43100.95,19737,70,0.49,0,25255,29702.7,,11592.78,
2024-11-18T02:00:00-06:00,9.93,13.68,12.997,,,,42457.54,19324,70,0.43,0,25020.94,30771.9,,11367.58,
2024-11-18T03:00:00-06:00,10.05,13.645,12.753,,,,42131.98,19222,69,0.39,0,24768.74,30898.1,,11307.9,
2024-11-18T04:00:00-06:00,11.64,15.538,15.143,,,,42458.03,19985,69,0.37,0,24382.45,30334.6,,11626.88,
2024-11-18T05:00:00-06:00,16.58,19.32,19.185,,,,43851.79,21707,69,0.47,0,23794.88,30092.4,,12251.3,
2024-11-18T06:00:00-06:00,20.53,22.935,22.825,,,,46360.31,24248,69,1.27,1,23919.19,30035.5,,13050.04,
2024-11-18T07:00:00-06:00,18.56,20.247,20.04,,,,47637.4,24147,70,504.08,905.5,25118.84,29602.8,,13012.18,
2024-11-18T08:00:00-06:00,17.92,20.615,18.055,,,,48798.82,23481,70,3543.08,5183.8,24116.5,29193.3,,12522.27,
2024-11-18T09:00:00-06:00,15.94,20.858,17.995,,,,50247.95,23156,64,4827.47,8860.3,24377.14,29318.1,,12536.92,
2024-11-18T10:00:00-06:00,17.02,20.702,18.2,,,,51244.99,23351,65,5283.64,10423.7,24006.04,29441.6,,12823.57,
2024-11-18T11:00:00-06:00,17.88,21.727,19.6,,,,51897.97,23778,68,5525.2,11336,23573.29,29152.5,,12770.75,
2024-11-18T12:00:00-06:00,17.61,19.957,18.023,,,,52280.27,23726,70,6470.46,12546.9,22948.52,28522.1,,12941.79,
2024-11-18T13:00:00-06:00,20,19.73,17.155,,,,52474.85,23821,72,6607.89,12811.2,23084.5,27777.4,,13521.76,
2024-11-18T14:00:00-06:00,20.47,17.61,15.49,,,,52367.56,23888,74,8062.35,12978.9,21964.28,26666.4,,13957.18,
2024-11-18T15:00:00-06:00,21.94,13.412,11.28,,,,51973.02,23884,73,9404.71,13630.5,20368.99,24733.3,,14089.5,
2024-11-18T16:00:00-06:00,23.55,18.34,16.265,,,,51418.01,26522,71,6467.97,7683.7,19506.61,22120.5,,16493.86,
2024-11-18T17:00:00-06:00,53.57,37.59,42.55,,,,50947.99,33618,67,761.95,814.7,17679.17,20340.5,,19662.59,
2024-11-18T18:00:00-06:00,34.57,22.102,25.068,,,,51150.06,33458,64,10.23,0,18049.09,20084.6,,19694.22,
2024-11-18T19:00:00-06:00,26.76,15.893,25.448,,,,50104.84,32008,62,6.17,0,18604.24,20578.8,,19505.99,
2024-11-18T20:00:00-06:00,20.43,15.693,19.04,,,,48945.06,29845,60,0.36,0,19384.52,20936.8,,18797.84,
2024-11-18T21:00:00-06:00,15.98,16.285,18.913,,,,47523.56,27799,59,0.35,0,19752.43,21232.5,,17347.99,
2024-11-18T22:00:00-06:00,15.47,14.493,16.108,,,,45221.79,25045,58,0.39,0,20098.37,21251.3,,15431.96,
2024-11-18T23:00:00-06:00,15.35,14.042,15.417,,,,42777.77,22734,57,0.39,0,20330.83,20847.6,,13754.47,
2024-11-19T00:00:00-06:00,18.44,11.66,12.347,,,,41088.77,20665,56,0.39,0,20690.56,20948.6,,12343.68,
2024-11-19T01:00:00-06:00,16.09,10.507,11.837,,,,39605.38,19721,54,0.39,0,20412.83,20484.1,,11615.42,
2024-11-19T02:00:00-06:00,14.31,10.745,11.938,,,,38598.62,19510,53,0.38,0,19918.14,20039.8,,11402.88,
2024-11-19T03:00:00-06:00,14.75,11.402,12.328,,,,38437.26,19665,52,0.39,0,19214.81,19496.9,,11599.32,
2024-11-19T04:00:00-06:00,15.39,12.963,13.89,,,,39068.75,20363,51,0.41,0,18870.67,18839,,12283.63,
2024-11-19T05:00:00-06:00,17.84,15.645,16.585,,,,41029.07,22677,50,0.41,0,17839.78,18147.2,,13895.78,
2024-11-19T06:00:00-06:00,27.59,21.57,22.383,,,,44220.45,26415,49,1.96,3.5,17013,17590.5,,16414.63,
2024-11-19T07:00:00-06:00,21.06,16.712,17.17,,,,45679.37,26277,53,2671.63,2320.5,15657.19,16765.7,,16106.23,
2024-11-19T08:00:00-06:00,11.32,6.257,6.27,,,,46534.99,19034,59,14555.01,12726,13061.45,15027.7,,10858.67,
2024-11-19T09:00:00-06:00,10.79,8.658,8.655,,,,47473.21,17900,65,19831.97,19331.9,9016.99,11482.5,,10243.19,
2024-11-19T10:00:00-06:00,12.15,5.132,5.112,,,,47697.72,17791,69,19769.94,20085.9,9218.1,9462.2,,9821.32,
2024-11-19T11:00:00-06:00,13.33,5.575,5.562,,,,48056.44,17622,72,19055.18,19333.6,10334.04,9838.1,,9892.43,
2024-11-19T12:00:00-06:00,14.72,12.075,12.035,,,,48812.41,19762,74,18624.15,18577,9756.26,9946.5,,12244.36,
2024-11-19T13:00:00-06:00,16.94,11.967,11.867,,,,49947.59,21154,75,18797.23,19141.7,9316.29,9800,,13473.02,
2024-11-19T14:00:00-06:00,15.77,11.133,11.018,,,,50901.48,22149,77,19268.88,19980.3,9118.89,9899.8,,14448.87,
2024-11-19T15:00:00-06:00,17.1,11.118,10.908,,,,51530.87,24234,77,18578.64,18458.2,8902.13,9862.4,,16478.29,
2024-11-19T16:00:00-06:00,42.12,49.1,52.495,,,,51835.56,33558,74,10260.6,9725,8159.61,9533.4,,23016.13,
2024-11-19T17:00:00-06:00,88.3,55.233,64.1,,,,51871.27,41820,68,886.48,901.1,7919.83,10258.9,,25955.02,
2024-11-19T18:00:00-06:00,40.22,21.458,23.345,,,,51975.97,39244,63,0.16,0,11270.87,12695.4,,25558.72,
2024-11-19T19:00:00-06:00,25.4,21.675,24.815,,,,50626.34,36354,61,0.16,0,12834.12,15439.5,,24497.43,
2024-11-19T20:00:00-06:00,19.49,19.7,22.235,,,,49181.58,33484,60,0.23,0,13877.57,17287.6,,22934.36,
2024-11-19T21:00:00-06:00,18.15,17.398,19.392,,,,47462.31,31032,58,0.29,0,14795.64,18340.6,,21163.86,
2024-11-19T22:00:00-06:00,15.49,17.41,18.855,,,,45052.43,27669,57,0.3,0,16047.61,18831.2,,18193.17,
2024-11-19T23:00:00-06:00,15.17,15.835,16.908,,,,42831.19,24486,56,0.34,0,17152.06,19023.3,,15025.36,
2024-11-20T00:00:00-06:00,14.66,14.678,15.755,,,,40941.99,23139,55,0.51,0,16968.58,18226.5,,13682.2,
2024-11-20T01:00:00-06:00,13.65,14.57,15.892,,,,40003.72,22040,54,0.57,0,17027.77,17890.5,,13480.98,
2024-11-20T02:00:00-06:00,12.82,15.28,16.175,,,,39594.42,21795,53,0.53,0,16581.93,17664.9,,13585.38,
2024-11-20T03:00:00-06:00,13.29,16.84,17.73,,,,39537.95,22768,52,0.44,0,15462.03,17430.3,,14390.67,
2024-11-20T04:00:00-06:00,15.59,15.043,16.435,,,,40179.96,23498,51,0.46,0,15662.61,16670.7,,15321.12,
2024-11-20T05:00:00-06:00,17.97,17.553,19.86,,,,42116.61,25765,50,0.5,0,15439.03,15539.2,,17142.55,
2024-11-20T06:00:00-06:00,22.26,19.552,23.37,,,,45265.71,27895,49,2.88,2.6,15826.54,14387.3,,17923.19,
2024-11-20T07:00:00-06:00,20.42,15.678,17.822,,,,46816.13,27462,50,2713.14,2315.7,14568.96,12824.2,,17697.15,
2024-11-20T08:00:00-06:00,11.3,5.047,6.085,,,,47664.3,21123,54,14601.82,12969.2,10655.81,10329,,12483.23,
2024-11-20T09:00:00-06:00,7.48,6.845,9.102,,,,47857.02,19336,57,19740.36,19640,7983.43,8018.7,,11019.42,
2024-11-20T10:00:00-06:00,9.99,5.868,8.025,,,,47711.01,19374,60,19496.23,20369.4,7360.26,6860.4,,10886.29,
2024-11-20T11:00:00-06:00,10.81,8.293,8.928,,,,47267.45,19506,63,19246.59,19523.8,6731.35,6326.9,,11162.02,
2024-11-20T12:00:00-06:00,11.51,11.308,11.395,,,,47138.85,20252,64,19145.81,18688.6,6180.37,5798.3,,11985.17,
2024-11-20T13:00:00-06:00,10.49,11.378,11.33,,,,47225.94,20677,65,19430.77,19197.2,5764.76,5382.5,,12405.37,
2024-11-20T14:00:00-06:00,9.49,9.405,9.58,,,,47498.08,20485,66,20050.79,20162,5470.88,5142.4,,12204.89,
2024-11-20T15:00:00-06:00,11.11,9.86,9.65,,,,47572.59,21830,65,19285.76,18760.1,5151.84,5000.4,,13659.81,
2024-11-20T16:00:00-06:00,27.21,36.672,51.06,,,,47520.79,31750,63,10544.7,9846.5,4440.42,4770,,21370.15,
2024-11-20T17:00:00-06:00,65.71,36.157,104.27,,,,47867.56,42016,58,1015.18,888,3377.58,4895.3,,25900.44,
2024-11-20T18:00:00-06:00,42.88,54.163,127.542,,,,49146.16,43067,54,118.37,0,3982.5,6100.1,,26618.29,
2024-11-20T19:00:00-06:00,31.42,54.355,104.41,,,,49096.97,41946,52,118.34,0,5160.16,7631.8,,26766.13,
2024-11-20T20:00:00-06:00,26.7,37.575,54.085,,,,48784.97,41037,49,40.46,0,6021.21,8987.4,,26652.5,
2024-11-20T21:00:00-06:00,24.15,35.585,43.615,,,,47775.57,39642,47,0.34,0,6641.15,10570.5,,25701.7,
2024-11-20T22:00:00-06:00,19.32,26.95,29.53,,,,45951.46,36960,46,0.33,0,7205.92,12562.7,,23796,
2024-11-20T23:00:00-06:00,17.82,22.352,25.55,,,,44086.05,35008,45,0.34,0,7503.93,14337.8,,21496.93,
2024-11-21T00:00:00-06:00,20.99,22.173,25.295,,,,43465.04,33430,44,0.35,0,7791.03,11402.5,,19948.61,
2024-11-21T01:00:00-06:00,19.34,22.25,25.04,,,,42892.46,32698,43,0.35,0,8122.05,12279.3,,19434.44,
2024-11-21T02:00:00-06:00,17.85,21.983,23.867,,,,42739.94,32299,42,0.37,0,8950.29,12938.8,,19245.17,
2024-11-21T03:00:00-06:00,18.12,21.517,22.557,,,,42885.21,32218,41,0.42,0,9574.47,12931.1,,19155.99,
2024-11-21T04:00:00-06:00,20.3,20.812,21.11,,,,43821.36,32006,40,0.66,0,10443,12592.6,,20184.84,
2024-11-21T05:00:00-06:00,22.12,23.955,24.52,,,,45640.01,33540,40,0.37,0,10561.2,11987.8,,21656.32,
2024-11-21T06:00:00-06:00,39.69,45.875,49.205,,,,48880.93,37888,40,2.55,1.6,9613.09,11073.7,,23747.39,
2024-11-21T07:00:00-06:00,26.63,70.677,82.678,,,,50183.69,37598,43,2569.37,2172.9,8466,9879.7,,24229,
2024-11-21T08:00:00-06:00,15.69,15.203,16.39,,,,50166.04,29256,51,14627.6,12497.1,6200.65,8107.5,,18363.49,
2024-11-21T09:00:00-06:00,12.9,16.803,17.055,,,,49280.62,26276,58,20024.92,19012.5,2832.65,4905.6,,16716.12,
2024-11-21T10:00:00-06:00,14.04,19.088,19.775,,,,47593.01,26489,62,19647.06,19753.9,1607.89,2588,,17232.22,
2024-11-21T11:00:00-06:00,12.56,19.57,20.082,,,,46047.34,26307,66,18868.39,18944.2,1315.54,1858.7,,16761.15,
2024-11-21T12:00:00-06:00,12.9,19.922,20.015,,,,45058.04,26775,68,18481.18,18123.1,807.64,1272.6,,16963.74,
2024-11-21T13:00:00-06:00,12.91,18.115,18.115,,,,44775.96,26911,69,18670.21,18614.7,515.08,854.8,,17275.37,
2024-11-21T14:00:00-06:00,11.68,17.157,17.157,,,,44801.96,26652,70,19198.42,19495.6,459.75,628.3,,17497.87,
2024-11-21T15:00:00-06:00,12.6,14.053,14.053,,,,45033.18,27615,70,18503.63,17979.7,463.4,570.5,,18054.19,
2024-11-21T16:00:00-06:00,38.7,42.655,43.638,,,,45232.64,36082,68,10195.98,9294.6,729.77,703.1,,24449.23,
2024-11-21T17:00:00-06:00,77.25,73.643,78.93,,,,45907.93,45410,61,844.44,821.9,1040.37,1155.5,,29927.88,
2024-11-21T18:00:00-06:00,69.65,61.08,65.597,,,,46932.46,46342,57,0.27,0,1594.77,1737.9,,30332.16,
2024-11-21T19:00:00-06:00,36.11,64.345,68.51,,,,46527.38,44912,54,0.3,0,2573.21,2513.4,,30294.72,
2024-11-21T20:00:00-06:00,31.69,54.773,59.165,,,,46017.02,43816,51,0.3,0,3469.23,3404.6,,29616.18,
2024-11-21T21:00:00-06:00,25.44,41.053,43.413,,,,45094.02,42737,50,0.32,0,4138.47,4298.5,,28825.78,
2024-11-21T22:00:00-06:00,25.29,32.458,34.71,,,,43804.34,41186,48,0.39,0,4684.2,5047.6,,27612.85,
2024-11-21T23:00:00-06:00,23.72,26.44,27.367,,,,42558.05,39480,48,0.38,0,5295.58,5337.7,,26333.74,
2024-11-22T00:00:00-06:00,27.5,24.503,24.95,,,,41936.23,37337,47,0.38,0,5632.24,4879.3,,24451.67,
2024-11-22T01:00:00-06:00,26.43,22.918,23.013,,,,41368.61,36031,45,0.4,0,6277.8,4413,,23379.4,
2024-11-22T02:00:00-06:00,25.27,21.882,21.967,,,,41268.91,34660,45,0.39,0,6326.88,4108.9,,22523.32,
2024-11-22T03:00:00-06:00,25.26,22.695,22.79,,,,41248.93,35234,44,0.37,0,5861.97,3707.5,,22769.44,
2024-11-22T04:00:00-06:00,26.59,23.712,24.09,,,,42091.44,36467,43,0.4,0,5393.88,3405.1,,23758.53,
2024-11-22T05:00:00-06:00,38.85,27.213,28.325,,,,44195.75,38739,43,0.38,0,5285.71,3258.9,,25337.15,
2024-11-22T06:00:00-06:00,70.81,28.422,28.74,,,,47480.11,41639,43,1.96,0.8,5552.22,3179.3,,27091.74,
2024-11-22T07:00:00-06:00,42.94,22.42,22.897,,,,48980.38,40326,46,2419.14,1983.3,5616.67,3148.8,,26139.13,
2024-11-22T08:00:00-06:00,20.51,11.395,12.228,,,,49319.73,29675,53,13825.7,12016.4,4984.66,3086.4,,18411.85,
2024-11-22T09:00:00-06:00,18.48,14.428,14.547,,,,48644.08,25198,59,19659.79,18485.9,2849.74,2411.2,,15687.44,
2024-11-22T10:00:00-06:00,17.5,15.835,15.835,,,,47136.12,25143,63,19559.64,19328.5,1998.12,1800.5,,15898.28,
2024-11-22T11:00:00-06:00,15.79,16.678,16.678,,,,45797.77,25592,66,18767.51,18749.1,1881.35,1927.7,,16220.12,
2024-11-22T12:00:00-06:00,14.78,17.93,17.93,,,,44910.41,26237,69,18129.05,17988.1,1736.86,2243.6,,16541.76,
2024-11-22T13:00:00-06:00,14.74,16.345,16.345,,,,44719.39,25247,71,18674.27,18463,2502.37,2635.2,,15670.53,
2024-11-22T14:00:00-06:00,14.49,15.155,15.155,,,,44848.42,24234,72,19124.5,19273,3471.05,3074,,15060.57,
2024-11-22T15:00:00-06:00,14.73,13.673,13.673,,,,44864.88,24607,72,18240.31,17595.9,4335.8,3697.4,,15638.3,
2024-11-22T16:00:00-06:00,33.03,29.655,29.655,,,,45009.76,32563,69,9696.57,8938.2,5091.02,4811,,21622.63,
2024-11-22T17:00:00-06:00,54.02,32.935,33.18,,,,45600.03,40233,64,793.22,752.1,6790.02,7137.4,,24735.43,
2024-11-22T18:00:00-06:00,27.74,20.878,21.475,,,,46349.41,37165,58,0.46,0,10708.6,10358.5,,22853.23,
2024-11-22T19:00:00-06:00,21.47,18.64,19.262,,,,45652.43,32254,56,0.55,0,14947.69,14273.2,,19671.08,
2024-11-22T20:00:00-06:00,20.13,17.03,17.703,,,,44954.74,27906,53,0.73,0,18830.89,17323,,17063.17,
2024-11-22T21:00:00-06:00,20.63,20.27,20.982,,,,44072.25,24760,52,1.02,0,21300.71,19046.4,,13694.83,
2024-11-22T22:00:00-06:00,18.08,20.32,21.295,,,,43064.76,22267,50,0.99,0,22382.01,20045.1,,11114.76,
2024-11-22T23:00:00-06:00,18.04,19.575,20.318,,,,42052.13,21256,49,0.91,0,22143.73,20491.8,,10457.23,
2024-11-23T00:00:00-06:00,14.14,18.817,20.075,,,,41212.3,20257,48,1.02,0,21971.43,20252.5,,9792.53,
2024-11-23T01:00:00-06:00,12.82,17.637,18.867,,,,40373.07,19566,47,0.9,0,22210.4,20079.3,,9367.73,
2024-11-23T02:00:00-06:00,12.35,17.175,18.565,,,,39974.84,19553,46,0.94,0,21698.27,19976.9,,9358.7,
2024-11-23T03:00:00-06:00,13.88,18.193,19.543,,,,39724.96,19722,46,0.89,0,21170.61,19704.5,,9565.38,
2024-11-23T04:00:00-06:00,14.76,19.87,20.835,,,,39875.49,20615,45,0.68,0,20574.27,19320.6,,9801.16,
2024-11-23T05:00:00-06:00,19.71,21.28,21.795,,,,40625.73,21684,45,0.66,0,20207.42,18931.3,,10223.87,
2024-11-23T06:00:00-06:00,22.16,22.307,23.188,,,,41965.55,23597,45,1.91,0.4,19766.17,18609,,10445.29,
2024-11-23T07:00:00-06:00,19.64,16.892,17.712,,,,43097.41,22448,48,2258,1899.7,19989.54,18426.3,,9859.24,
2024-11-23T08:00:00-06:00,7.65,1.712,1.85,,,,44555.15,16159,55,13100.19,11902.9,18038.21,18206.3,,6242.17,
2024-11-23T09:00:00-06:00,7.51,0.65,0.632,,,,45273.51,13718,62,19500.41,18728.2,14288.36,16420.7,,5057.96,
2024-11-23T10:00:00-06:00,5.59,0.22,0.223,,,,45205.75,13382,68,19020,19456.6,14286.15,14808.1,,4980.03,
2024-11-23T11:00:00-06:00,3.28,0.677,0.458,,,,44985.73,13450,71,18039.46,18820.2,14878.8,15825.7,,5048.12,
2024-11-23T12:00:00-06:00,3.41,1.168,0.77,,,,44914.66,13869,74,16767.38,18002.7,15563.94,16950.3,,5355.01,
2024-11-23T13:00:00-06:00,3.54,0.002,0.01,,,,44976.6,13329,75,16499.92,18503.2,16614.98,17989.9,,4816.9,
2024-11-23T14:00:00-06:00,4.6,0.002,-0.022,,,,45219.02,13324,76,16011.77,19307.3,17827.97,19076.5,,4793.39,
2024-11-23T15:00:00-06:00,6.66,2.11,1.755,,,,45518.11,13607,75,14768.87,17949.3,19192.98,20078.3,,4973.25,
2024-11-23T16:00:00-06:00,20.51,21.755,19.857,,,,45717.98,18661,73,8270.45,8950.2,20594.94,20894.2,,8360.44,
2024-11-23T17:00:00-06:00,26.63,23.945,23.875,,,,46119.67,24909,68,736.82,743.8,22031.9,22384.2,,10412.39,
2024-11-23T18:00:00-06:00,21.16,22.285,20.92,,,,46516.73,24084,65,0.68,0,24248.39,25059,,10683.22,
2024-11-23T19:00:00-06:00,17.16,22.472,19.01,,,,45469.51,21972,63,0.59,0,25575.95,27463.4,,10363.52,
2024-11-23T20:00:00-06:00,16.61,19.963,16.333,,,,44322.59,20721,62,0.59,0,25815.78,28677.2,,10088.54,
2024-11-23T21:00:00-06:00,11.98,17.11,14.57,,,,43223.56,19600,62,0.61,0,25977.91,29450.9,,9462.81,
2024-11-23T22:00:00-06:00,11.7,25.537,29.74,,,,42099.86,18782,61,0.65,0,25882.61,29870.7,,7889.49,
2024-11-23T23:00:00-06:00,7.61,15.63,17.897,,,,40924.79,16878,60,0.65,0,26394.65,29791.1,,6963.58,
2024-11-24T00:00:00-06:00,10.42,13.22,16.34,,,,40095.4,15874,59,0.64,0,26111.27,29456.1,,6441.92,
2024-11-24T01:00:00-06:00,7.33,11.128,13.638,,,,38997.97,14813,58,0.65,0,26071.47,29268.2,,5980.16,
2024-11-24T02:00:00-06:00,5.86,8.742,11.062,,,,38442.04,14534,57,0.64,0,25683.23,29045.8,,5839.76,
2024-11-24T03:00:00-06:00,4.98,9.36,11.098,,,,37961.56,14361,56,0.64,0,25324.25,28554.4,,5815.22,
2024-11-24T04:00:00-06:00,5.21,11.582,14.405,,,,37721.32,14452,56,0.68,0,24899.82,27981,,5874.53,
2024-11-24T05:00:00-06:00,7.91,11.122,13.947,,,,37972.01,14870,56,0.68,0,24898.67,27453.7,,5899.88,
2024-11-24T06:00:00-06:00,11.62,12.482,15.618,,,,38679.06,15878,57,1.48,0,24758.17,26966.1,,6249.22,
2024-11-24T07:00:00-06:00,11.42,8.875,11.587,,,,39374.1,15321,59,1468.92,1316.4,24464.5,26327.8,,5868.26,
2024-11-24T08:00:00-06:00,5.38,1.907,3.955,,,,41095.29,13196,64,7734.53,8587,22814.74,25006.1,,4939.59,
2024-11-24T09:00:00-06:00,3.07,1.04,2.15,,,,42831.31,12369,69,11626.89,13886.7,21712.21,23776.8,,4267.33,
2024-11-24T10:00:00-06:00,3.45,2.123,3.272,,,,43940.74,12395,73,12465.57,15410.3,21556.67,23458.9,,4223.2,
2024-11-24T11:00:00-06:00,6.54,2.057,2.743,,,,45036.43,12353,76,13072.38,15659.5,21737.4,23286.5,,4240.23,
2024-11-24T12:00:00-06:00,8.69,3.223,3.877,,,,46324.61,12654,78,13702.82,15231.4,21651.75,23247.2,,4386.15,
2024-11-24T13:00:00-06:00,10.81,6.19,6.875,,,,47582.23,13127,80,14450.5,15409,21187.27,23254.9,,4667.01,
2024-11-24T14:00:00-06:00,13.86,7.125,7.597,,,,48784.83,13852,81,15110.56,15584.4,20814.54,23055.8,,5482.08,
2024-11-24T15:00:00-06:00,16.79,12.158,12.892,,,,49685.59,16506,80,14217.01,14157.9,19956.43,22531.9,,7865.74,
2024-11-24T16:00:00-06:00,31.08,24.733,23.85,,,,49965.1,23682,78,7640.89,7090.4,19717.93,22082.9,,12745.97,
2024-11-24T17:00:00-06:00,44.4,21.78,20.442,,,,50178.16,29434,74,561.41,630.2,21093.53,22661.9,,15835.71,
2024-11-24T18:00:00-06:00,25.74,19.008,19.662,,,,50328.83,27397,71,0.52,0,24013.13,24526.8,,14885.11,
2024-11-24T19:00:00-06:00,22.9,17.59,16.763,,,,49134.05,24992,69,0.6,0,25609.63,26526.3,,13580.44,
2024-11-24T20:00:00-06:00,18.14,17.735,14.298,,,,47837.38,23419,68,0.66,0,25840.96,27688.9,,13013.32,
2024-11-24T21:00:00-06:00,16.1,13.89,11.777,,,,46482.21,22058,67,0.68,0,25893.9,28133.6,,12245.77,
2024-11-24T22:00:00-06:00,15.6,18.09,20.072,,,,44649.21,20755,66,0.68,0,25298.1,28176.1,,10106.31,
2024-11-24T23:00:00-06:00,14.58,16.275,18.283,,,,42516.19,18942,65,0.68,0,24985.54,27770.6,,8043.77,
2024-11-25T00:00:00-06:00,13.29,11.288,12.207,,,,41460.72,17350,65,0.7,0,24776.86,26867.7,,7325.38,
2024-11-25T01:00:00-06:00,10.71,10.847,11.2,,,,40224.67,16947,64,0.72,0,23845.87,25719.7,,7148.98,
2024-11-25T02:00:00-06:00,10.43,10.838,11.438,,,,39489.05,16692,63,0.71,0,23243.28,24394.2,,7220.4,
2024-11-25T03:00:00-06:00,10.1,15.055,13.938,,,,39169.43,17238,62,0.76,0,22207.78,23149,,7669.08,
2024-11-25T04:00:00-06:00,13.54,17.917,17.34,,,,39620.09,18246,60,0.77,0,21626,22152.9,,8455.16,
2024-11-25T05:00:00-06:00,18.38,19.032,18.742,,,,41257.57,19923,59,0.91,0,21324.14,21454.3,,9220.06,
2024-11-25T06:00:00-06:00,25.07,18.8,19.037,,,,44093.8,20931,59,1.2,0,22107.44,21262.3,,9268.76,
2024-11-25T07:00:00-06:00,25.08,16.027,16.765,,,,45581.17,20804,61,1376.5,1166.6,21790,21247.4,,9202.21,
2024-11-25T08:00:00-06:00,14.21,11.032,12.532,,,,46609.33,18074,63,8742.39,7794.6,20251.67,20876.4,,7905.74,
2024-11-25T09:00:00-06:00,12.81,9.78,12.748,,,,48200.77,16930,65,12163.06,12451,19934.48,20603.1,,7164.8,
2024-11-25T10:00:00-06:00,14.46,13.35,17.312,,,,49453.93,18636,66,10884.17,14079,20830.51,20782.8,,7868.79,
2024-11-25T11:00:00-06:00,17.1,12.028,13.175,,,,50573.25,19069,67,11498.06,14633.4,20994.04,20089.9,,8394.55,
2024-11-25T12:00:00-06:00,22.04,15.848,13.525,,,,51696.57,20318,67,12722.11,14608.2,19469.76,18570.7,,9775.68,
2024-11-25T13:00:00-06:00,22.85,19.658,14.645,,,,52798.78,22416,68,13387.59,14837,17866.17,17009,,12094.87,
2024-11-25T14:00:00-06:00,26.58,20.733,15.712,,,,53439.87,23812,67,14028.29,14796.1,16307.37,15563.1,,14037.94,
2024-11-25T15:00:00-06:00,32.8,17.265,16.05,,,,53543.17,27547,66,12219.38,13375.7,14789.83,14251.8,,16496.94,
2024-11-25T16:00:00-06:00,37.41,28.665,28.68,,,,53297.72,34778,64,6119.33,6615.5,12890.12,13149.9,,21949.22,
2024-11-25T17:00:00-06:00,66.4,33.822,35.36,,,,53138.86,41990,60,400.6,558.5,10885.08,12284.3,,25963.58,
2024-11-25T18:00:00-06:00,54.2,30.155,31.485,,,,53331.59,42838,58,0.5,0,10467.89,12212.6,,26360.42,
2024-11-25T19:00:00-06:00,48.23,24.925,25.74,,,,52215.48,40730,55,0.61,0,11280.57,12360.7,,25636.22,
2024-11-25T20:00:00-06:00,41.29,22.41,22.343,,,,51046.89,38672,53,0.61,0,12043.03,11685,,25057.19,
2024-11-25T21:00:00-06:00,33.55,21.798,21.86,,,,49518.69,37188,52,0.62,0,11833.28,10704,,24252.82,
2024-11-25T22:00:00-06:00,29.97,21.39,22.27,,,,46989.15,36325,50,0.68,0,10627.23,9866.9,,23343.14,
2024-11-25T23:00:00-06:00,32.3,21.54,22.735,,,,44454.83,35329,48,0.67,0,9335.77,8826.8,,22299.48,
2024-11-26T00:00:00-06:00,25.79,22.973,26.977,,,,43265.82,34662,47,0.7,0,8693.36,7938,,21048.01,
2024-11-26T01:00:00-06:00,25.52,23.602,30.718,,,,41877.22,34103,46,0.7,0,8164.82,7087.7,,20607.28,
2024-11-26T02:00:00-06:00,24.84,23.275,31.497,,,,40827.27,34502,46,0.65,0,7937.41,6557.5,,21143.91,
2024-11-26T03:00:00-06:00,26.68,23.512,34.615,,,,40874.14,34472,45,0.66,0,7424.73,6207.1,,20826.38,
2024-11-26T04:00:00-06:00,27.99,25.705,44.678,,,,41874.97,35545,44,0.67,0,6751.34,6064.4,,21367.99,
2024-11-26T05:00:00-06:00,33.12,26.005,47.36,,,,44233.23,37034,43,0.55,0,6714.87,6003.9,,22654.13,
2024-11-26T06:00:00-06:00,48.12,26.662,40.292,,,,48033.78,39737,43,1.74,0,6615.74,5916.6,,24141.75,
2024-11-26T07:00:00-06:00,42.71,25.562,42.74,,,,49945.59,40118,44,1475.25,1328.4,5915.26,5855.5,,24193.72,
2024-11-26T08:00:00-06:00,23.49,21.017,22.773,,,,50594.28,33625,48,10553.35,9063.8,5300.8,5632.8,,20486.02,
2024-11-26T09:00:00-06:00,22.13,18.353,18.652,,,,50739.38,27512,51,16932.92,15188,4817.23,5397.1,,15795.67,
2024-11-26T10:00:00-06:00,18.69,20.515,21.57,,,,49782.93,25462,54,17509.65,16682.2,5485.44,5992.9,,13365.73,
2024-11-26T11:00:00-06:00,17.59,17.977,18.053,,,,48626.43,24221,58,17252.07,16703.7,6512.62,7258.4,,12744.32,
2024-11-26T12:00:00-06:00,14.88,17.473,17.48,,,,47647.4,23010,60,16798.22,16448,7363.97,8648.4,,12118.7,
2024-11-26T13:00:00-06:00,12.25,15.245,15.26,,,,47268.98,21650,62,17395.99,16846.7,8329.53,10168.2,,10929.18,
2024-11-26T14:00:00-06:00,7.1,15.728,15.745,,,,47124.99,20665,64,17814.28,17300.5,9791.62,11992,,10152.23,
2024-11-26T15:00:00-06:00,10.84,14.105,14.105,,,,47176.26,21167,64,15501.72,15943.9,11504.28,14049.4,,10346.36,
2024-11-26T16:00:00-06:00,16.82,35.553,35.553,,,,47498.45,27365,64,7533.05,7734.8,12748.94,15879,,13905.94,
2024-11-26T17:00:00-06:00,24.06,42.648,42.903,,,,48575.74,32867,61,532.19,604.7,14973.01,18286.5,,16003.22,
2024-11-26T18:00:00-06:00,23.25,23.01,22.735,,,,50094.3,29948,60,0.75,0,19364.24,21467.4,,15209.43,
2024-11-26T19:00:00-06:00,19.3,21.763,20.435,,,,49881.17,27879,59,0.86,0,20983.76,24016.3,,14397.41,
2024-11-26T20:00:00-06:00,19.14,23.947,22.003,,,,49503.88,26896,58,0.49,0,21127.93,25938.4,,13796.05,
2024-11-26T21:00:00-06:00,16.72,23.755,21.928,,,,48306.85,25637,57,0.48,0,21701.91,27166.5,,12815.66,
2024-11-26T22:00:00-06:00,15.89,22.878,21.22,,,,46094.54,23799,56,0.37,0,21856.82,27782.6,,10689.87,
2024-11-26T23:00:00-06:00,13.69,68.582,18.62,,,,43763.31,21814,56,0.35,0,22190.3,27878.5,,9406.42,
2024-11-27T00:00:00-06:00,13.72,118.355,16.288,,,,41388.07,20064,56,0.37,0,22334.05,25984.2,,8297.98,
2024-11-27T01:00:00-06:00,10.24,119.265,14.872,,,,40123.63,19184,55,0.36,0,22299.82,25679.9,,7846.69,
2024-11-27T02:00:00-06:00,9.42,118.815,13.365,,,,39426.19,19058,56,0.38,0,22206.09,25582.6,,7672.92,
2024-11-27T03:00:00-06:00,8.88,117.73,12.325,,,,39232.78,19031,57,0.41,0,22104.18,25349.5,,7566.1,
2024-11-27T04:00:00-06:00,9.23,117.222,13.265,,,,39801.59,19064,57,0.41,0,22045.2,25064.7,,7672.78,
2024-11-27T05:00:00-06:00,14.49,119.715,16.735,,,,41548.19,19838,58,0.41,0,21957.45,24764.6,,8129.88,
2024-11-27T06:00:00-06:00,20.22,120.41,19.95,,,,44558.88,21563,58,0.56,0,22214.54,24493.4,,8677.42,
2024-11-27T07:00:00-06:00,20.67,42.99,20.02,,,,45980.01,21691,60,867.07,1075.6,22761.6,24167.5,,8745.52,
2024-11-27T08:00:00-06:00,16.51,15.353,13.775,,,,46770.6,19167,63,5986.63,7407.6,21383.89,23486.8,,7997.73,
2024-11-27T09:00:00-06:00,12.93,15.747,13.6,,,,47687.64,17905,66,9582.43,12523,20193.84,22938.1,,7559.95,
2024-11-27T10:00:00-06:00,10.82,11.735,10.138,,,,48404.27,16271,71,12269,14472.7,20460.62,22956,,6618.62,
2024-11-27T11:00:00-06:00,8.95,8.275,7.21,,,,49347.27,16029,74,13673.86,15083.5,20461.98,23048.8,,6508.72,
2024-11-27T12:00:00-06:00,11.81,8.1,7.025,,,,50585.29,15842,77,13537.61,15180.8,20622.18,23056.6,,6377.27,
2024-11-27T13:00:00-06:00,14.75,12.517,11.99,,,,52054.59,17198,79,12999.15,14964.8,20525.12,22699.1,,7783.06,
2024-11-27T14:00:00-06:00,17.42,14.945,14.37,,,,53301.89,19283,79,11873.94,14375.2,20195.75,21932.3,,9539.96,
2024-11-27T15:00:00-06:00,23.17,16.855,16.473,,,,53980.14,22772,78,8893.83,11245.2,20156.46,20957.2,,12099.77,
2024-11-27T16:00:00-06:00,35.07,24.76,25.055,,,,53995.63,27382,75,3500.56,5005.8,20879.64,20359.2,,14803.15,
2024-11-27T17:00:00-06:00,39.17,20.72,21.205,,,,53714.41,28608,71,204.12,382.5,23090.83,20803.3,,14847.65,
2024-11-27T18:00:00-06:00,26.82,20.207,19.493,,,,53476.96,28182,67,0.25,0,23724.68,22321.8,,14367.24,
2024-11-27T19:00:00-06:00,22,19.77,19.118,,,,52140.78,27328,65,0.31,0,23293.02,24299,,14127.92,
2024-11-27T20:00:00-06:00,20.71,19.677,17.883,,,,50552.8,25661,63,0.3,0,23905.49,26322.3,,13279.64,
2024-11-27T21:00:00-06:00,18.4,19.875,17.58,,,,48686.88,24477,61,0.29,0,24135.95,27207.5,,12623.82,
2024-11-27T22:00:00-06:00,16.34,21.935,21.04,,,,46416.14,23506,60,0.38,0,23240.52,27098.6,,11322.56,
2024-11-27T23:00:00-06:00,13.31,26.203,26.21,,,,44033.74,23498,60,0.41,0,21082.39,26315.8,,10687.66,
2024-11-28T00:00:00-06:00,21.03,25.102,25.11,,,,42068.27,23154,58,0.42,0,19607.42,21712.7,,10449.31,
2024-11-28T01:00:00-06:00,19.58,27.2,27.205,,,,41123.54,23502,56,0.39,0,17821.38,20589,,10711.32,
2024-11-28T02:00:00-06:00,16.48,28.992,29,,,,40317.58,24387,55,0.39,0,16450.55,19896.4,,11391.12,
2024-11-28T03:00:00-06:00,15.64,26.308,26.318,,,,39735.16,24782,54,0.41,0,15495.69,19550.1,,11394.96,
2024-11-28T04:00:00-06:00,16.67,25.898,25.902,,,,39838.76,24850,52,0.35,0,15176.44,19284.4,,11391,
2024-11-28T05:00:00-06:00,19.51,24.13,24.133,,,,40517.7,25170,51,0.31,0,15438.57,18627.1,,11801.79,
2024-11-28T06:00:00-06:00,22.2,24.742,24.745,,,,41652.21,26736,50,0.43,0,15018.57,17406.7,,13222.02,
2024-11-28T07:00:00-06:00,22.9,28.573,28.573,,,,43023.63,29452,50,392.88,715.2,13041.57,15394,,15020.94,
2024-11-28T08:00:00-06:00,24.86,29.685,33.97,,,,45399.2,30453,51,3525.61,4493.9,11492.71,13236.9,,16325.38,
2024-11-28T09:00:00-06:00,23.79,27.14,29.257,,,,47529.57,29904,52,5787.89,7766.3,11767.08,11582,,16201.03,
2024-11-28T10:00:00-06:00,23.47,29.503,34.18,,,,48421.65,29436,53,8168.47,10139.1,11063.8,10042.8,,16082.48,
2024-11-28T11:00:00-06:00,23.5,27.66,31.61,,,,48379.83,30047,54,9613.26,11649.8,9799.71,8984.7,,16459.76,
2024-11-28T12:00:00-06:00,22.91,24.775,26.81,,,,47474.69,28795,54,10556.73,12318.9,8845.64,8312.2,,15633.46,
2024-11-28T13:00:00-06:00,23.62,24.467,24.48,,,,46227.52,29055,55,10451.35,11926.6,7818.72,7736.2,,15965,
2024-11-28T14:00:00-06:00,23.66,24.472,24.472,,,,45180.52,30100,55,9085.61,11343.4,6810.9,7326.8,,16693.91,
2024-11-28T15:00:00-06:00,25.58,28.068,28.068,,,,44341.63,32344,55,6353.38,9486.3,6456.93,7075.3,,18729.05,
2024-11-28T16:00:00-06:00,32.48,33.952,34.665,,,,43888.41,36158,54,2785.85,4824.6,5888.12,6818.3,,22220.45,
2024-11-28T17:00:00-06:00,45.02,32.993,37.915,,,,44764.19,39693,52,213.19,441.5,5622.23,6580.1,,24584.85,
2024-11-28T18:00:00-06:00,38.87,33.235,36.712,,,,45280.73,40391,51,0.36,0,5647.73,6718.6,,25103.75,
2024-11-28T19:00:00-06:00,35.19,29.787,31.745,,,,45011.14,39231,49,0.35,0,6559.98,6956.4,,24641.41,
2024-11-28T20:00:00-06:00,38.37,29.633,31.205,,,,45004.35,38866,48,0.34,0,6896.5,7256.3,,24818.95,
2024-11-28T21:00:00-06:00,33.23,27.22,27.825,,,,44981.67,38067,48,0.36,0,7451.05,7643,,23903.9,
2024-11-28T22:00:00-06:00,33.35,25.678,26.12,,,,44435.69,36751,47,0.41,0,8198.24,8015.6,,22903.9,
2024-11-28T23:00:00-06:00,31.54,23.043,23.428,,,,43470.26,35094,45,0.42,0,8963.46,8287.1,,21579.42,
2024-11-29T00:00:00-06:00,31.55,23.155,23.8,,,,43317.95,33974,44,0.35,0,9228.84,9049.2,,20748.6,
2024-11-29T01:00:00-06:00,35.65,24.515,25.85,,,,42500.38,34000,43,0.42,0,8751.91,8762.1,,20492.53,
2024-11-29T02:00:00-06:00,35.79,22.59,23.512,,,,41895.73,33502,42,0.4,0,8982.86,8448.6,,20562.92,
2024-11-29T03:00:00-06:00,36.36,24.387,25.412,,,,42055.39,34267,42,0.4,0,9094.88,8112.3,,21146.09,
2024-11-29T04:00:00-06:00,35.96,25.1,26.038,,,,42938.75,34923,40,0.4,0,8749.53,7743.4,,21649.8,
2024-11-29T05:00:00-06:00,48.26,27.82,29.432,,,,44645.16,36517,40,0.42,0,8295.6,7328.9,,22830.38,
2024-11-29T06:00:00-06:00,61.4,29.535,30.89,,,,46694.88,38365,39,0.64,0,8074.84,6895.4,,23733.25,
2024-11-29T07:00:00-06:00,49.71,28.55,29.49,,,,48444.21,38481,40,1324.64,1343,8053.46,6495.8,,23565.14,
2024-11-29T08:00:00-06:00,29.3,18.348,18.428,,,,49693.36,30259,43,10813,9333.1,8034.44,5849.3,,17723.97,
2024-11-29T09:00:00-06:00,25.42,13.38,13.38,,,,49921.45,24254,46,17271.26,15937.4,7069.95,4915.7,,13649.14,
2024-11-29T10:00:00-06:00,20.37,13.045,13.03,,,,48848.52,22128,50,17788.92,17192.5,7536.1,4476.7,,11994.91,
2024-11-29T11:00:00-06:00,19.37,12.068,12.068,,,,47470.8,21441,52,17641.06,16977.2,6994.29,4726.6,,11674.37,
2024-11-29T12:00:00-06:00,18.44,10.505,10.505,,,,46170.09,20821,55,17648.15,16578.8,6566.73,5271,,11067.43,
2024-11-29T13:00:00-06:00,16.59,4.16,4.16,,,,45400.4,20099,56,17711.15,16707.2,6789.8,5961.7,,10537.19,
2024-11-29T14:00:00-06:00,14.68,1.017,1.017,,,,45148.05,19856,57,17722.13,16978.8,6584.84,6649.8,,10755.12,
2024-11-29T15:00:00-06:00,18.73,5.727,5.727,,,,45604.05,21679,57,15623.43,14466.8,6721.34,7368.7,,12348.68,
2024-11-29T16:00:00-06:00,29.53,26.067,26.067,,,,46767.6,30502,55,7069.49,6681.3,6980.96,8026.9,,19122.64,
2024-11-29T17:00:00-06:00,49.4,34.95,34.95,,,,49162.4,39253,52,402.96,513.5,6959.91,8871.1,,24265.12,
2024-11-29T18:00:00-06:00,35.57,27.472,27.367,,,,50427.92,38847,49,0.47,0,9314.92,10389.2,,23803.82,
2024-11-29T19:00:00-06:00,31.67,23.715,23.445,,,,49835.43,36005,47,0.55,0,12230.77,12796.5,,21723.17,
2024-11-29T20:00:00-06:00,26.49,21.97,21.763,,,,49472.16,33458,46,0.56,0,14846.96,15350.3,,20464.21,
2024-11-29T21:00:00-06:00,23.55,19.105,19.13,,,,49023.82,30587,45,0.58,0,17757.48,17556.8,,18539.78,
2024-11-29T22:00:00-06:00,25.08,19.43,19.588,,,,47407.2,27600,45,0.82,0,20092.12,19253,,15760.18,
2024-11-29T23:00:00-06:00,21.64,18.665,18.912,,,,45568.37,25438,44,1.06,0,21294.53,20394.3,,13940.08,
2024-11-30T00:00:00-06:00,20.55,16.365,16.61,,,,44701.56,23556,44,1.01,0,22234.11,20919.9,,12703.42,
2024-11-30T01:00:00-06:00,20.13,17.195,17.307,,,,43810.04,23391,43,0.82,0,21817.07,20992.9,,12716.22,
2024-11-30T02:00:00-06:00,19.5,17.615,17.628,,,,43363.03,23281,43,0.61,0,21718.15,20781.3,,12702.57,
2024-11-30T03:00:00-06:00,19.91,18.992,19.023,,,,43492.66,24007,42,0.45,0,20790.41,20099.8,,13315.59,
2024-11-30T04:00:00-06:00,20.64,17.747,17.935,,,,44061.46,24377,41,0.39,0,20424.99,19176.9,,13600.53,
2024-11-30T05:00:00-06:00,22.97,19.47,19.757,,,,45288.74,25513,41,0.44,0,19856.11,18022.5,,14509.83,
2024-11-30T06:00:00-06:00,26.72,19.13,19.253,,,,47088.01,27044,41,0.57,0,19663.2,16736,,15667.31,
2024-11-30T07:00:00-06:00,28.41,19.543,19.602,,,,48610.99,28574,42,541,1081.2,18780.38,15415.3,,16341.12,
2024-11-30T08:00:00-06:00,24.09,18.657,18.665,,,,49892.84,26772,46,6551.38,7623.2,15592.36,13176.1,,15255.24,
2024-11-30T09:00:00-06:00,24.03,19.833,19.79,,,,49714.89,26612,50,12281.76,13153.8,10711.07,9727.9,,15162.9,
2024-11-30T10:00:00-06:00,20.64,18.048,18.043,,,,48324.89,25364,53,14397.57,14993.8,8892.2,7208.9,,14162.49,
2024-11-30T11:00:00-06:00,19.73,19.618,19.618,,,,46591.21,26155,56,14790.71,15225.5,6222.9,5659.1,,15218.88,
2024-11-30T12:00:00-06:00,20.46,19.925,19.925,,,,45010.88,27008,59,15189.11,14767.9,3703.5,4019.1,,15708.35,
2024-11-30T13:00:00-06:00,19.61,20.44,20.44,,,,43909.09,27887,61,15070.44,14674.8,2162.95,2665.4,,16433.47,
2024-11-30T14:00:00-06:00,21.94,20.408,20.408,,,,43215.66,28783,62,14319.91,14597,1296.56,1700.7,,17044.92,
2024-11-30T15:00:00-06:00,26.93,21.285,21.285,,,,42926.03,30709,62,12833.31,12147.2,941.62,1160,,18940.07,
2024-11-30T16:00:00-06:00,33.72,42.007,42.07,,,,43059.93,38292,60,5948.73,5942.9,793.41,1047.1,,24568.56,
2024-11-30T17:00:00-06:00,48.69,63.54,69.105,,,,44186.91,45357,57,486.76,501.3,747.23,1311.2,,28434.46,
2024-11-30T18:00:00-06:00,46.23,96.327,101.317,,,,45896.06,46030,55,0.55,0,1157.05,1717.3,,29439.8,
2024-11-30T19:00:00-06:00,45.05,48.44,53.66,,,,45972.02,45043,52,0.67,0,1804.12,2434.1,,30036.83,
2024-11-30T20:00:00-06:00,40.49,49.267,56.262,,,,45901.05,44877,50,0.76,0,2307.97,3128.4,,30426.79,
2024-11-30T21:00:00-06:00,36.42,50.347,54.858,,,,45527.99,44436,49,0.66,0,2935.5,3806.5,,29965.45,
2024-11-30T22:00:00-06:00,37.94,38.688,44.393,,,,44750.35,42717,48,0.72,0,3723.18,4480.6,,28555.66,
2024-11-30T23:00:00-06:00,36.29,32.518,35.545,,,,43753.4,41339,47,0.66,0,4440.26,4940.3,,27050.52,
2024-12-01T00:00:00-06:00,32.64,33.165,33.91,,,,43975.34,39645,46,0.64,0,5138.44,4858.7,,25429.3,
2024-12-01T01:00:00-06:00,31.92,30.418,31.1,,,,43210.61,38705,46,0.52,0,5448.15,4438.6,,24484.43,
2024-12-01T02:00:00-06:00,34.29,28.405,28.405,,,,42832.08,37762,46,0.45,0,5680.33,4185.3,,23590.28,
2024-12-01T03:00:00-06:00,31.28,28.135,28.135,,,,42719.46,37946,45,0.43,0,5509.68,4066.1,,23824.75,
2024-12-01T04:00:00-06:00,35.36,27.517,27.517,,,,42925.34,38072,45,0.4,0,5393.26,3962.9,,23964.99,
2024-12-01T05:00:00-06:00,39.81,31.707,31.877,,,,43942.65,39017,44,0.41,0,4875.03,3769.2,,25327.96,
2024-12-01T06:00:00-06:00,41.79,30.04,30.355,,,,45390.88,40836,44,0.4,0,4104.55,3561.5,,26355.75,
2024-12-01T07:00:00-06:00,37.94,30.408,30.795,,,,46717.1,41156,46,868.9,929.8,3989.59,3386.6,,26392.5,
2024-12-01T08:00:00-06:00,25.61,20.965,20.965,,,,48309.74,34667,50,8957.56,7893.9,3556.76,2986.9,,21526.52,
2024-12-01T09:00:00-06:00,24.44,19.335,19.335,,,,48007.01,28351,55,16301.65,14480.5,2055.49,2056.8,,16771.13,
2024-12-01T10:00:00-06:00,22.29,18.512,18.512,,,,46598.9,26303,59,17691.76,15516.8,2064.31,1467.5,,15214.64,
2024-12-01T11:00:00-06:00,18.87,19.347,19.347,,,,45247.83,26225,63,17343.17,15317.1,2079.03,1445.3,,15413.19,
2024-12-01T12:00:00-06:00,18.94,19.827,19.827,,,,44163.67,26608,65,16904.67,14940.1,1722.12,1368.5,,15678.35,
2024-12-01T13:00:00-06:00,18.7,20.407,20.407,,,,43491.83,27292,66,16404.36,15065,1708.37,1296.7,,16030.62,
2024-12-01T14:00:00-06:00,17,20.27,20.27,,,,43116.8,27387,67,16439.9,15448.6,1881.24,1269.9,,16037.87,
2024-12-01T15:00:00-06:00,18.91,19.188,19.188,,,,43018.81,27602,67,15024.07,13989.4,2410.74,1406.7,,16527.78,
2024-12-01T16:00:00-06:00,27.57,41.812,41.812,,,,43319.64,35048,65,7187.26,6984.5,3096.98,1940.2,,22249.96,
2024-12-01T17:00:00-06:00,50.54,52.062,54.207,,,,44877.11,42246,60,524.89,567.8,4354.94,3334.1,,26223,
2024-12-01T18:00:00-06:00,36.69,51.548,51.593,,,,46889.58,42232,57,0.37,0,6487.11,5349,,27017.43,
2024-12-01T19:00:00-06:00,32.56,40.775,40.775,,,,47505.79,40672,55,0.39,0,7996.52,6739.1,,26626.52,
2024-12-01T20:00:00-06:00,31.97,33.18,33.18,,,,47564.23,39225,53,0.46,0,9150.48,7333.3,,25801.32,
2024-12-01T21:00:00-06:00,32.47,32.762,32.762,,,,47311.08,38555,52,0.62,0,9329.91,7474.2,,25245.83,
2024-12-01T22:00:00-06:00,33.69,29.965,29.975,,,,45991.6,37099,50,0.69,0,9036.2,7404.4,,23887.66,
2024-12-01T23:00:00-06:00,31.82,27.923,27.925,,,,44313.01,35982,49,0.71,0,8437.36,7171.1,,22805.09,
2024-12-02T00:00:00-06:00,30.3,31.673,31.673,,,,43217.95,35346,47,0.68,0,7724.7,6288,,22133.26,
2024-12-02T01:00:00-06:00,30.34,31.852,31.852,,,,42223.19,35413,46,0.77,0,6984.47,5549.3,,22081.58,
2024-12-02T02:00:00-06:00,30.67,30.448,30.463,,,,41807.4,35782,45,0.8,0,6754.66,4975.5,,22399.07,
2024-12-02T03:00:00-06:00,32.22,34.127,34.235,,,,42087.79,36186,44,0.75,0,6600.52,4552.3,,22973.48,
2024-12-02T04:00:00-06:00,36.44,37.328,39.938,,,,43341.56,38881,43,0.71,0,5622.86,4224.9,,25524.72,
2024-12-02T05:00:00-06:00,46.74,49.135,52.208,,,,46177.48,41323,43,0.47,0,5338.52,4091.6,,27630.69,
2024-12-02T06:00:00-06:00,82.38,66.29,70.313,,,,50409.93,44645,43,0.84,0,5268.7,4065.6,,28704.8,
2024-12-02T07:00:00-06:00,63.68,91.837,96.08,,,,52456.25,45037,44,1201.94,1056,5192.22,3952,,29666.34,
2024-12-02T08:00:00-06:00,35.82,27.645,30.14,,,,52284.33,38079,50,8961.53,7697.2,4792.71,3924.1,,25098.08,
2024-12-02T09:00:00-06:00,25.77,22.412,24.085,,,,51080.77,32274,55,13932.11,13034.4,4411.57,3839.1,,20355.22,
2024-12-02T10:00:00-06:00,25.91,22.245,23,,,,49524.69,31056,59,14452.66,14150.6,4506.86,3909.7,,19152.73,
2024-12-02T11:00:00-06:00,21.36,20.085,21.88,,,,48001.19,29940,62,14549.56,14059.8,4500.33,4097.7,,18379.05,
2024-12-02T12:00:00-06:00,20.99,19.585,21.04,,,,46811.98,28903,65,14799.11,13599.1,4927.23,4323.8,,17660.82,
2024-12-02T13:00:00-06:00,20.51,21.185,21.24,,,,46142.3,28574,66,14944.03,13703.1,5304.15,4571.3,,17580.9,
2024-12-02T14:00:00-06:00,20.46,21.003,21.068,,,,45589.94,28689,66,14515.44,13686.9,5522.61,4868,,17542.92,
2024-12-02T15:00:00-06:00,23.74,21.635,21.725,,,,45355.3,29775,66,12267.69,11919.4,5553.85,5329.5,,18539.49,
2024-12-02T16:00:00-06:00,38.13,52.67,53.703,,,,45897.55,37085,64,4741.71,5252,5721.69,6144.6,,23610.08,
2024-12-02T17:00:00-06:00,55.09,53.658,54.545,,,,48016.29,42010,60,226.8,347,6611.54,7518.7,,26426.8,
2024-12-02T18:00:00-06:00,43.6,53.787,54.325,,,,50449.4,42577,56,0.49,0,7670.14,9298.1,,26823.56,
2024-12-02T19:00:00-06:00,32.09,48.945,49.395,,,,50824.96,41019,55,0.54,0,9160.42,10968.6,,26538.35,
2024-12-02T20:00:00-06:00,29.38,39.72,40.442,,,,50616.01,39046,53,0.55,0,10695.63,12283,,25105.13,
2024-12-02T21:00:00-06:00,28.67,31.14,31.742,,,,49931.03,37598,52,0.59,0,11157.81,12804.4,,23395.2,
2024-12-02T22:00:00-06:00,26.89,28.395,29.055,,,,48312.91,35616,51,0.63,0,11614.41,12763.4,,21551.12,
2024-12-02T23:00:00-06:00,25.81,30.962,31.495,,,,46471.15,34521,50,0.44,0,11351.86,12284.4,,20812.18,
2024-12-03T00:00:00-06:00,26.4,33.86,34.012,,,,44366.26,34231,49,0.45,0,9957.02,11007.1,,20742.35,
2024-12-03T01:00:00-06:00,27.83,34.318,34.92,,,,43518.83,34580,48,0.45,0,9024.58,10260.7,,20933.03,
2024-12-03T02:00:00-06:00,28.28,35.602,37.125,,,,43146.36,34877,47,0.51,0,8368.09,9756,,21482.46,
2024-12-03T03:00:00-06:00,29.06,37.845,41.298,,,,43294.44,35730,46,0.45,0,7938.04,9154.4,,22362.6,
2024-12-03T04:00:00-06:00,30.4,32.503,34.757,,,,44275.19,36801,46,0.44,0,8025.97,8548.2,,23583.98,
2024-12-03T05:00:00-06:00,42.76,37.638,40.645,,,,46680.01,39467,45,0.43,0,7569.46,8125.8,,26178.01,
2024-12-03T06:00:00-06:00,62.65,54.608,57.402,,,,50377.95,42656,44,0.46,0,7569.7,7840.4,,28248.51,
2024-12-03T07:00:00-06:00,64.44,44.988,47.193,,,,52113.9,42728,45,939.57,778.7,8058.63,7599.5,,28699.6,
2024-12-03T08:00:00-06:00,41.45,26.887,27.185,,,,52076.28,36563,49,7142.35,5469,7652.59,7132.8,,24021.04,
2024-12-03T09:00:00-06:00,30.78,22.023,22.12,,,,51384.29,33074,52,11265.84,9184.2,6268.9,6638.3,,21723.48,
2024-12-03T10:00:00-06:00,25.68,21.258,21.317,,,,50294.26,31100,56,11617.23,10399.4,6428.28,6970.2,,20230.37,
2024-12-03T11:00:00-06:00,20.56,20.923,20.935,,,,49146.38,30222,59,11269.16,11140.8,7296.62,7584.2,,19246.05,
2024-12-03T12:00:00-06:00,18.58,19.242,19.242,,,,48243.06,28252,61,11690.36,11272,7783.65,8082.3,,17393.48,
2024-12-03T13:00:00-06:00,18.04,19.473,19.473,,,,47838.26,28010,62,11374.77,11050.6,8384.15,8583.7,,17647.63,
2024-12-03T14:00:00-06:00,19.04,19.365,19.365,,,,47485.04,28177,63,10329.74,10236.7,8439.38,8968.2,,17657.25,
2024-12-03T15:00:00-06:00,21.56,19.883,19.883,,,,47495.82,29404,63,8860.03,7754.9,8258.2,9226.5,,18994.69,
2024-12-03T16:00:00-06:00,33.9,29.105,29.105,,,,48014.18,34960,61,3885.4,3378.1,8514.03,9429.3,,22858.58,
2024-12-03T17:00:00-06:00,44.98,36.012,36.985,,,,49700.52,40473,58,227.99,254.1,8764.73,9830.8,,25442.22,
2024-12-03T18:00:00-06:00,30.85,29.96,30.545,,,,51177.66,40030,56,0.58,0,10550.02,11265,,25198.48,
2024-12-03T19:00:00-06:00,25.75,29.003,29.545,,,,50928.33,38232,55,0.59,0,12232.19,13883.3,,24465.19,
2024-12-03T20:00:00-06:00,24.72,26.065,26.28,,,,50158.5,36107,55,0.7,0,14099.91,16112,,22635.01,
2024-12-03T21:00:00-06:00,23.86,22.385,22.747,,,,49058.37,33030,55,0.71,0,16056.61,17552.5,,20351.11,
2024-12-03T22:00:00-06:00,23.41,21.173,21.51,,,,46962.7,29735,55,0.72,0,17437.15,18499.7,,17821.91,
2024-12-03T23:00:00-06:00,20.09,19.652,19.995,,,,44882.75,28221,55,0.77,0,17236.68,18822.9,,16986.02,
2024-12-04T00:00:00-06:00,20.37,18.148,18.66,,,,42584,26797,55,0.75,0,16591.39,17755.9,,16118.38,
2024-12-04T01:00:00-06:00,19.76,19.1,19.7,,,,41396.04,27351,54,0.73,0,15531.97,16647.7,,16458.04,
2024-12-04T02:00:00-06:00,20.25,20.647,21.225,,,,40695.3,28635,54,11.28,0,13371.66,15224.8,,17596.38,
2024-12-04T03:00:00-06:00,23.16,22.852,22.682,,,,40544.29,30614,53,1.84,0,11179.78,13259.1,,18907.64,
2024-12-04T04:00:00-06:00,25.36,21.207,21.45,,,,40980.52,32206,53,0.74,0,10086.02,11377.7,,20490.52,
2024-12-04T05:00:00-06:00,27.72,24.202,24.423,,,,42639.1,35164,52,0.72,0,8846.49,9999.2,,22631.32,
2024-12-04T06:00:00-06:00,32.51,34.218,34.372,,,,45399.33,39026,52,0.79,0,7976.42,8846.4,,24748.74,
2024-12-04T07:00:00-06:00,38.35,47.238,47.025,,,,46747.21,40795,53,89.56,204.6,6858.14,7562.5,,26772.17,
2024-12-04T08:00:00-06:00,41.64,49.072,49.242,,,,47539.26,41263,54,1627.11,2223.9,5451.61,6186,,28096.51,
2024-12-04T09:00:00-06:00,44.51,42.247,42.1,,,,48193.4,39865,56,4904.66,4512.4,4586.61,4657,,27146.57,
2024-12-04T10:00:00-06:00,39.11,48.615,48.423,,,,48311.11,38821,58,6642.95,6073.8,4132.72,3824.8,,26324.37,
2024-12-04T11:00:00-06:00,36.81,42.44,42.27,,,,48186.05,38388,59,8034.72,7008.2,3455.04,3473.2,,25987.35,
2024-12-04T12:00:00-06:00,33.5,42.593,42.425,,,,48128.67,38500,60,8950.21,7715.6,2716.37,2910.4,,26121.77,
2024-12-04T13:00:00-06:00,35.04,40.302,40.183,,,,48194.58,38709,61,8847.75,7583.1,2560.85,2621.1,,26422.78,
2024-12-04T14:00:00-06:00,33.92,33.078,33.03,,,,48119.65,39135,62,8494.82,7340,2427.41,2452.3,,26642.27,
2024-12-04T15:00:00-06:00,35.25,29.8,29.722,,,,48138.24,39673,62,7497.74,7032.9,2301.41,2495.9,,27104.66,
2024-12-04T16:00:00-06:00,49.41,48.485,48.2,,,,48486.52,42770,61,4432.98,4027.1,2336.4,2813,,29249.92,
2024-12-04T17:00:00-06:00,70,96.1,95.05,,,,49650.56,47558,59,436.16,406.7,2501.26,3632.7,,32272.12,
2024-12-04T18:00:00-06:00,69.51,76.235,75.35,,,,50599.29,47459,58,0.84,0,3593.18,4962,,32214.24,
2024-12-04T19:00:00-06:00,47.22,50.223,50.873,,,,50125.9,45250,58,0.7,0,5120,6437,,31643.98,
2024-12-04T20:00:00-06:00,44.17,43.207,43.925,,,,49485.92,43892,57,0.65,0,5770.35,7398.6,,30897.06,
2024-12-04T21:00:00-06:00,35.72,51.212,51.185,,,,48389.94,43269,56,0.66,0,5801.04,7771,,30122.52,
2024-12-04T22:00:00-06:00,29.51,35.457,35.73,,,,46555.92,40626,56,0.7,0,5993.47,7973.2,,27377.36,
2024-12-04T23:00:00-06:00,26.49,34.93,35.495,,,,44573.28,38267,55,0.7,0,6221.76,8140.7,,25191.72,
2024-12-05T00:00:00-06:00,29.99,30.11,30.862,,,,43142.56,36483,55,0.7,0,6374.26,8432.2,,23738.71,
2024-12-05T01:00:00-06:00,26.87,24.725,25.077,,,,42249.57,35099,55,0.72,0,6901.63,8848,,22266.86,
2024-12-05T02:00:00-06:00,25.32,22.295,22.282,,,,41692.6,33692,55,0.75,0,7731.92,9467.7,,21132.38,
2024-12-05T03:00:00-06:00,23.42,24.36,24.543,,,,41848.95,33765,54,0.74,0,7889.71,9825.9,,21332.92,
2024-12-05T04:00:00-06:00,24.45,21.688,21.8,,,,42449.55,33410,53,0.75,0,8344.56,9879.9,,21176.68,
2024-12-05T05:00:00-06:00,24.02,20.12,20.193,,,,44458.3,33066,53,0.76,0,10473.79,9974.9,,21230.16,
2024-12-05T06:00:00-06:00,29.55,20.275,20.427,,,,47709,34141,53,0.74,0,12589.16,10322.4,,21889.07,
2024-12-05T07:00:00-06:00,27.68,20.445,20.955,,,,49536.22,34406,53,297.87,480.2,13662.93,10625.1,,21763.39,
2024-12-05T08:00:00-06:00,24.14,18.595,18.707,,,,49946.76,31594,54,3772.81,4602.3,13795.93,10242.1,,19684.36,
2024-12-05T09:00:00-06:00,22.17,19.503,15.55,,,,50262.61,29126,55,8180.69,8763.8,12561.69,9644,,17784.62,
2024-12-05T10:00:00-06:00,19.6,21.975,15.075,,,,50021.16,28012,56,10061.96,10247.6,11890.47,9634.9,,17010.11,
2024-12-05T11:00:00-06:00,18.4,22.685,17.263,,,,49535.02,28030,57,10832.03,10926,10625.77,9442.3,,17072.82,
2024-12-05T12:00:00-06:00,19.79,21.675,19.047,,,,49013.2,29175,59,10662.28,10395.5,8424.13,8867.5,,18128.92,
2024-12-05T13:00:00-06:00,21.56,19.718,18.695,,,,48731.47,29265,59,10816.38,9911.5,7512.57,8508.2,,18391.14,
2024-12-05T14:00:00-06:00,22.85,19.425,19.33,,,,48504.61,29572,59,10437.86,8833.8,7542.81,8520.3,,18729.71,
2024-12-05T15:00:00-06:00,26.34,20.162,20.165,,,,48432.87,31371,58,8857.8,6341.4,7325.78,8802.2,,20202.11,
2024-12-05T16:00:00-06:00,35.04,26.602,26.535,,,,48898.09,36194,57,4335.5,2947.6,7511.91,9141.8,,23642.58,
2024-12-05T17:00:00-06:00,44.73,30.648,30.635,,,,50819.54,41567,54,350.65,242.6,8155.44,9590.9,,26639.01,
2024-12-05T18:00:00-06:00,38.74,25.545,25.895,,,,52029.04,41427,53,1.26,0,10049.5,10605.5,,26694.52,
2024-12-05T19:00:00-06:00,32.92,24.952,25.427,,,,52222.08,40479,52,1.3,0,11152.07,11981.8,,26152.09,
2024-12-05T20:00:00-06:00,37.97,25.578,25.813,,,,52071.78,40298,50,1.35,0,11470.15,12463.6,,26349.82,
2024-12-05T21:00:00-06:00,40.82,25.97,26,,,,51400.11,39598,49,1.37,0,11284.18,12090.7,,25776.32,
2024-12-05T22:00:00-06:00,29.78,25.273,25.24,,,,49686.93,38458,48,1.36,0,10865.33,11484.3,,25012.91,
2024-12-05T23:00:00-06:00,30.33,21.735,21.735,,,,48114.14,36301,47,1.31,0,11022.56,10974,,23768.49,
2024-12-06T00:00:00-06:00,29.62,22.372,22.445,,,,46448.85,36278,46,1.33,0,10242.74,9721.6,,23967.26,
2024-12-06T01:00:00-06:00,31.33,24.617,25.527,,,,45950.17,37620,45,1.32,0,8460.94,8881.5,,24893.28,
2024-12-06T02:00:00-06:00,34.8,25.535,27.058,,,,45929.32,38027,44,1.26,0,7720.96,8391,,24888.44,
2024-12-06T03:00:00-06:00,33.15,26.438,28.198,,,,46406.31,38350,43,1.02,0,7747.52,8109.6,,25232.43,
2024-12-06T04:00:00-06:00,35.63,28.175,29.845,,,,47336.98,39630,43,1.01,0,7818.59,8003,,26452.31,
2024-12-06T05:00:00-06:00,38.95,31.305,33.215,,,,49845.33,42277,42,1.06,0,7551.49,8084.7,,28708.2,
2024-12-06T06:00:00-06:00,71.97,40.788,42.58,,,,53473.04,45716,41,1.14,0,7674.95,7988.9,,30804.03,
2024-12-06T07:00:00-06:00,93.65,37.705,39.702,,,,55294.73,46783,41,816.64,615.8,7666.33,7605.7,,31382.91,
2024-12-06T08:00:00-06:00,58.01,28.003,22.018,,,,55232.96,42890,43,6323.41,4619,6472.13,7108.9,,28809.51,
2024-12-06T09:00:00-06:00,47.88,24.418,26.148,,,,55024.14,38456,45,10537.37,7807.2,6057.82,6401.1,,25925.33,
2024-12-06T10:00:00-06:00,40.21,24.845,25.175,,,,54521.28,37072,47,11359.07,8857.9,5656.15,5860.8,,25453.07,
2024-12-06T11:00:00-06:00,34.89,21.255,21.412,,,,53567.15,35815,49,11603.49,9435.5,5652.94,5595.2,,24432.96,
2024-12-06T12:00:00-06:00,33.64,20.31,20.443,,,,52596.3,34709,50,11345.52,9127.4,5697.79,5257.5,,23531.53,
2024-12-06T13:00:00-06:00,31.24,20.977,21.195,,,,51710.84,35548,52,10160.3,8698.8,5491.51,4935.6,,24304.35,
2024-12-06T14:00:00-06:00,33.99,21.802,22.263,,,,51242.22,37109,52,8008.41,7535.8,5170.89,4700.4,,25371.72,
2024-12-06T15:00:00-06:00,35.19,24.415,25.502,,,,51163.52,38700,52,6239.43,4955.2,5095.51,4758.5,,26653.11,
2024-12-06T16:00:00-06:00,45.87,37.152,38.268,,,,51692.09,44216,51,1886.39,2104.1,4960.61,5067.9,,30723.32,
2024-12-06T17:00:00-06:00,70.36,37.828,39.36,,,,53469.82,47940,50,194.61,156.7,4736.68,5725.4,,32808.22,
2024-12-06T18:00:00-06:00,56.97,32.38,33.675,,,,54147.46,48659,50,139.33,0,4818.77,6614,,32573.68,
2024-12-06T19:00:00-06:00,48.21,32.87,33.887,,,,53497.51,48194,49,134.65,0,4746.02,7206.7,,32696.27,
2024-12-06T20:00:00-06:00,43.04,30.4,31.015,,,,53097.87,47028,49,100.95,0,5403.35,7522.1,,32164.44,
2024-12-06T21:00:00-06:00,35.87,29.197,29.627,,,,52231.22,45275,48,0.92,0,6489.3,7805.8,,30585.69,
2024-12-06T22:00:00-06:00,36.72,28.037,28.662,,,,50677.74,43614,48,0.93,0,6661.37,7876.4,,28943.12,
2024-12-06T23:00:00-06:00,33.29,27.445,28.125,,,,49117.14,42206,48,0.92,0,6328.28,7716.3,,27652.08,
2024-12-07T00:00:00-06:00,31.9,26.628,28.48,,,,48479.67,41246,47,0.95,0,5854.38,6984.1,,27069.13,
2024-12-07T01:00:00-06:00,28.81,25.848,28.247,,,,47574.38,40958,47,0.99,0,5149.05,6484.9,,26875.17,
2024-12-07T02:00:00-06:00,28.43,27.42,30.187,,,,46881.39,40886,47,0.98,0,4820.87,6264.8,,26673.34,
2024-12-07T03:00:00-06:00,29.85,26.357,29.795,,,,46339.04,40544,46,0.95,0,5092.72,6089.2,,26538.58,
2024-12-07T04:00:00-06:00,27.91,24.82,27.548,,,,46236.28,40454,45,0.95,0,5470.09,5968.2,,26748.23,
2024-12-07T05:00:00-06:00,32.01,24.135,25.82,,,,46550.97,41269,45,0.94,0,5126.31,5760.3,,27477.99,
2024-12-07T06:00:00-06:00,36.59,25.35,25.785,,,,47546.38,43064,45,0.98,0,4862.25,5480.5,,28371.73,
2024-12-07T07:00:00-06:00,41.37,29.5,29.735,,,,48948.2,44593,45,74.7,211.9,4777.11,5125.9,,29799.36,
2024-12-07T08:00:00-06:00,40.58,33.34,33.945,,,,51108.94,45158,45,1211.05,1531.9,4835.46,4608.6,,30682,
2024-12-07T09:00:00-06:00,50.21,37.29,38.193,,,,52924,45898,45,2506.67,3086.7,4410.95,3862.4,,31310.88,
2024-12-07T10:00:00-06:00,48.64,33.325,32.938,,,,53239.74,45726,46,4262.83,4368.7,3776.66,3473.2,,31323.74,
2024-12-07T11:00:00-06:00,38.39,33.613,32.837,,,,52931.37,44894,47,5206.13,5274.5,3532.44,3633.6,,30812.72,
2024-12-07T12:00:00-06:00,35.26,31.622,31.202,,,,52138.58,44228,48,5755.27,5537.7,3638.39,3835.2,,30148.22,
2024-12-07T13:00:00-06:00,33.7,34.388,33.828,,,,51748.82,44027,48,5133.45,5239.3,3745.33,4098.4,,29642.18,
2024-12-07T14:00:00-06:00,34.17,43.682,42.783,,,,51151.43,45237,48,3827.36,4329.9,3484.74,4310.8,,30495.26,
2024-12-07T15:00:00-06:00,39.65,45.948,45.852,,,,51062.41,46448,49,2915.4,3213.1,3178.22,4351.6,,31430.28,
2024-12-07T16:00:00-06:00,46.98,50.86,50.855,,,,51472.02,47918,48,1713.1,1656.3,2750.14,4422.2,,32631.58,
2024-12-07T17:00:00-06:00,54.04,74.363,74.038,,,,52861.13,50223,48,203.52,201.7,2743.71,4822.7,,33394.08,
2024-12-07T18:00:00-06:00,47.56,69.165,68.742,,,,53400.07,49493,47,0.92,0,3667.74,5568.8,,33303.95,
2024-12-07T19:00:00-06:00,38.16,61.77,61.092,,,,52684.51,47450,47,1.05,0,5177.52,6799.5,,32749.13,
2024-12-07T20:00:00-06:00,35.57,47.63,47.527,,,,52103.49,45268,47,1.1,0,6777.69,7767.6,,31039.32,
2024-12-07T21:00:00-06:00,33.11,36.328,36.028,,,,51590.87,43408,47,1.12,0,7830.04,8532.8,,29548.62,
2024-12-07T22:00:00-06:00,26.58,49.568,49.307,,,,49868.11,42271,47,1.16,0,7456.13,9158.1,,28427.79,
2024-12-07T23:00:00-06:00,25.17,57.082,56.685,,,,48092.06,41097,47,1.17,0,6883.51,9643.9,,27638.03,
2024-12-08T00:00:00-06:00,28.27,59.625,59.418,,,,46336.51,39585,46,1.17,0,6588.68,10545.9,,26335.9,
2024-12-08T01:00:00-06:00,27.51,34.11,34.035,,,,44779.84,37963,47,1.15,0,7582.9,10613.5,,24642.83,
2024-12-08T02:00:00-06:00,26.87,29.505,29.37,,,,43367.9,36355,47,1.18,0,8211.38,11003.9,,23333.77,
2024-12-08T03:00:00-06:00,26.66,33.525,33.068,,,,42915.61,35443,47,1.21,0,8904.35,11409.5,,22620.21,
2024-12-08T04:00:00-06:00,25.03,33.017,32.555,,,,42781.93,35702,47,1.17,0,8958.42,11715.6,,22891.73,
2024-12-08T05:00:00-06:00,24.25,31.428,30.985,,,,43123.34,35500,47,1.21,0,9005.46,11862.1,,22627.82,
2024-12-08T06:00:00-06:00,24.46,34.775,35.142,,,,43936.84,36060,47,1.18,0,9351.76,12213.5,,22413.3,
2024-12-08T07:00:00-06:00,23.25,37.382,38.338,,,,45112.2,36063,47,41.74,239,10180.67,12806.2,,22335.42,
2024-12-08T08:00:00-06:00,20.46,31.38,31.585,,,,47049.84,34095,49,2263.3,3134.5,11657.36,13362.5,,20996.17,
2024-12-08T09:00:00-06:00,18.5,24.938,24.975,,,,48173.67,30542,50,6144.01,7169.1,12638.49,12942.2,,17783.08,
2024-12-08T10:00:00-06:00,19.01,23.015,23.185,,,,48263.68,28617,52,7396.89,9182.3,14165.15,13240.6,,16235.57,
2024-12-08T11:00:00-06:00,17.44,22.505,20.61,,,,48040.42,26773,55,7815.06,9805.8,16038.12,15653.2,,14655.95,
2024-12-08T12:00:00-06:00,14.57,22.357,20.103,,,,47739.5,25523,57,7959.79,10193.8,16687.71,18087.4,,13560.13,
2024-12-08T13:00:00-06:00,13.66,21.92,19.602,,,,47729.35,24788,58,8005.81,9995.1,17019.51,19950.8,,12937.22,
2024-12-08T14:00:00-06:00,12.79,22.77,20.088,,,,47605.99,24802,60,7466.48,9822.2,17961.72,21094.6,,12988.86,
2024-12-08T15:00:00-06:00,14.29,20.145,17.312,,,,47350.12,23928,60,7068.98,9411.6,17886.7,21358.8,,12769.72,
2024-12-08T16:00:00-06:00,16.84,23.487,21.44,,,,47511.91,26338,59,4458.99,5310.5,17406.49,20286.3,,14748.56,
2024-12-08T17:00:00-06:00,26.84,36.073,36.558,,,,48953.36,32173,57,483.19,555.8,16656.19,19101.2,,17672.8,
2024-12-08T18:00:00-06:00,25.31,28.025,28.922,,,,50180.83,32621,56,1.32,0,17715.08,19516.3,,17937.63,
2024-12-08T19:00:00-06:00,20.61,28.245,29.037,,,,49919.02,30759,55,1.6,0,19517.91,20832.1,,16949.37,
2024-12-08T20:00:00-06:00,20.79,36.105,36.852,,,,49440.53,30091,55,1.51,0,19692.74,21804.6,,16402.5,
2024-12-08T21:00:00-06:00,19.78,33.463,34.173,,,,48684.64,28432,54,1.59,0,20291.17,22403.7,,15009.62,
2024-12-08T22:00:00-06:00,17.43,26.132,27.125,,,,46742.25,27105,54,1.33,0,19915.03,22592.6,,14137.08,
2024-12-08T23:00:00-06:00,15.66,22.927,23.45,,,,44507.36,25597,54,1.21,0,19395.56,22275.3,,13435.18,
2024-12-09T00:00:00-06:00,17.13,22.155,22.4,,,,42894.09,24846,53,1.18,0,18568.5,21702.7,,13117.19,
2024-12-09T01:00:00-06:00,17.84,21.17,21.085,,,,41642.91,24328,52,1.22,0,18250.79,20636.6,,12939.74,
2024-12-09T02:00:00-06:00,16.96,21.517,21.585,,,,40974.7,24079,53,1.23,0,18694.41,19853.8,,13182.35,
2024-12-09T03:00:00-06:00,19.26,21.222,20.933,,,,40949.93,24676,52,1.21,0,17780.98,19097.3,,13693.54,
2024-12-09T04:00:00-06:00,19.92,21.28,21.347,,,,41952.9,25725,52,1.23,0,17369.32,18188.1,,14720.12,
2024-12-09T05:00:00-06:00,22.85,23.44,23.482,,,,44177.9,27655,51,1.31,0,17492.53,17286.7,,15950.13,
2024-12-09T06:00:00-06:00,28.75,30.698,30.778,,,,47730.24,30503,51,1.34,0,17825.97,16514.9,,17069.13,
2024-12-09T07:00:00-06:00,29.92,33.05,33.025,,,,49473.96,31615,52,316.21,644.8,17996.54,15836.6,,17793.73,
2024-12-09T08:00:00-06:00,18.56,25.63,25.877,,,,50014.25,28398,54,5821.86,6865.5,16186.24,14698.1,,15712.96,
2024-12-09T09:00:00-06:00,16.05,19.315,19.542,,,,50014.18,25823,58,12283.83,14797.2,12148.64,12287.9,,14835.27,
2024-12-09T10:00:00-06:00,16.91,18.215,17.83,,,,49967.64,24686,63,13855.23,16649.5,10889.54,10720.7,,14073.26,
2024-12-09T11:00:00-06:00,17.46,18.885,11.832,,,,50073.4,22036,67,14835.78,16830.7,12626.38,11207.7,,11886.46,
2024-12-09T12:00:00-06:00,18.36,12.672,5.085,,,,50546.08,21084,70,14306.37,16990.5,13110.11,11595.5,,11566.78,
2024-12-09T13:00:00-06:00,18.65,0.522,0.088,,,,51553.11,21008,73,13762.49,17250.9,13442.78,10920.8,,11934.42,
2024-12-09T14:00:00-06:00,17.86,25.918,1.86,,,,52244.45,21916,75,13272.57,17983.7,13340.47,9756.7,,12836.31,
2024-12-09T15:00:00-06:00,18.18,0,0,,,,52135.35,22881,75,13158.22,16687.8,11300.76,8699.2,,13827.05,
2024-12-09T16:00:00-06:00,35.1,28.9,20.285,,,,52484.47,29252,72,8482.74,8241.6,10196.52,7997.7,,19475,
2024-12-09T17:00:00-06:00,60.92,23.875,24.775,,,,53479.14,38240,65,818.04,663.8,11199.5,8452.1,,24446.17,
2024-12-09T18:00:00-06:00,39.09,21.667,21.683,,,,54296.07,37705,61,71.29,0,12385.55,10320.1,,23547.88,
2024-12-09T19:00:00-06:00,30.2,22.163,20.372,,,,53495.87,34626,60,41.95,0,14905.05,13163.9,,21611.41,
2024-12-09T20:00:00-06:00,22.59,22.628,19.27,,,,52535.84,32059,57,42.01,0,16470.84,16016.5,,19726.82,
2024-12-09T21:00:00-06:00,19.2,23.535,19.128,,,,51192.69,29813,56,34.4,0,17427.6,18367.6,,17722.33,
2024-12-09T22:00:00-06:00,18.77,21.893,21.153,,,,48797.16,27472,54,1.21,0,19235.68,19853.6,,15491.18,
2024-12-09T23:00:00-06:00,16.46,16.583,16.317,,,,46262.31,25386,53,1.25,0,19596.7,20613.3,,13535.39,
2024-12-10T00:00:00-06:00,22.35,14.105,14.76,,,,44375.89,23404,52,1.26,0,19709.42,19328.5,,12054.1,
2024-12-10T01:00:00-06:00,19.05,12.497,13.748,,,,43447.36,22305,52,1.3,0,19961.61,19574.9,,11522.62,
2024-12-10T02:00:00-06:00,19.08,12.927,13.817,,,,42771.69,22083,51,1.25,0,20014.49,20052.2,,11574.82,
2024-12-10T03:00:00-06:00,18.72,12.102,13.083,,,,42856.92,22009,50,1.45,0,19862.78,20473.4,,11560.72,
2024-12-10T04:00:00-06:00,20.33,9.947,10.857,,,,43758.18,21694,50,1.65,0,21150.19,20598.8,,11779.45,
2024-12-10T05:00:00-06:00,22.95,14.418,15.007,,,,45983.97,23371,50,1.63,0,21747.36,20494.7,,12990.54,
2024-12-10T06:00:00-06:00,28.3,20.088,18.97,,,,49439.69,26796,49,1.34,0,21909.54,20460.6,,15043.12,
2024-12-10T07:00:00-06:00,30.05,21.012,20.692,,,,51281.97,29105,48,334.74,671.2,20914.47,20307.9,,16582.24,
2024-12-10T08:00:00-06:00,23.13,21.62,17.797,,,,51982.03,26454,49,4141.25,6122.8,19586.12,19804.5,,14594.18,
2024-12-10T09:00:00-06:00,17.9,24.16,13.71,,,,52279.22,22992,50,8164.21,11590.5,19017.43,20071.8,,11598.17,
2024-12-10T10:00:00-06:00,17.64,13.295,6.155,,,,51813.62,20503,52,10487.88,13552.4,19626.78,20817,,10507.35,
2024-12-10T11:00:00-06:00,19.82,2.24,0.312,,,,51530.58,19011,53,12090.05,14301.5,20004.32,20840.9,,9730.43,
2024-12-10T12:00:00-06:00,15.35,17.215,0.2,,,,51144.62,19188,53,11588.55,15031.2,20146.02,21149.3,,9957.43,
2024-12-10T13:00:00-06:00,17.81,22.055,-0.78,,,,51204.37,19851,54,10757.39,15123.3,19803.29,21683.1,,10403.05,
2024-12-10T14:00:00-06:00,18.32,21.927,-0.453,,,,50926.15,20539,54,9503.22,15026.7,19305.07,22141.8,,10872.51,
2024-12-10T15:00:00-06:00,22.52,14.373,-0.935,,,,50762.95,22423,53,9105.61,13740.5,18196.23,22307,,13109.65,
2024-12-10T16:00:00-06:00,31.45,26.605,7.847,,,,51580.83,27092,52,5662.22,6915.3,17898.96,21357.6,,17270.18,
2024-12-10T17:00:00-06:00,41.22,32.005,32,,,,53526.53,37559,49,684.51,577.7,15266.77,18677.7,,25616.26,
2024-12-10T18:00:00-06:00,49.86,25.198,24.96,,,,55173.22,41753,48,0.82,0,13458.41,15856.9,,27521.5,
2024-12-10T19:00:00-06:00,51.02,29.655,29.447,,,,55488.17,42659,46,0.72,0,12909.58,14172.7,,28523.31,
2024-12-10T20:00:00-06:00,56.91,31.23,31.188,,,,55560.24,43690,44,0.78,0,11933.51,13232.7,,28621.42,
2024-12-10T21:00:00-06:00,44.28,33.992,34.26,,,,55203.17,43976,42,0.77,0,10859.9,13036.5,,29271.66,
2024-12-10T22:00:00-06:00,31,35.64,37.875,,,,53638.73,43537,41,0.78,0,9565.3,13265.1,,29040.01,
2024-12-10T23:00:00-06:00,29.16,31.232,34.59,,,,52117.93,42021,39,0.78,0,9348.47,13608.6,,27870.81,
2024-12-11T00:00:00-06:00,27.75,26.85,30.015,,,,49820.58,40295,38,0.78,0,9839.07,14719.4,,26968.02,
2024-12-11T01:00:00-06:00,27.47,24.99,26.245,,,,49278.85,38943,37,0.79,0,11082.85,16110.8,,25849.06,
2024-12-11T02:00:00-06:00,24.36,25.642,26.118,,,,49023.88,38941,36,0.79,0,11521.09,17141,,25665.57,
2024-12-11T03:00:00-06:00,23.95,26.362,26.52,,,,49423.16,39648,36,0.78,0,11308.06,17348.1,,26132.09,
2024-12-11T04:00:00-06:00,27.12,27.922,28.26,,,,50732.79,40425,35,0.77,0,11579.76,16842.2,,26705.98,
2024-12-11T05:00:00-06:00,32.88,33.8,34.077,,,,53537.04,43421,34,0.79,0,11162.6,15548.9,,29387.08,
2024-12-11T06:00:00-06:00,66.23,37.592,38.795,,,,57650.28,47867,34,0.77,0,10605.51,13649.1,,31907.63,
2024-12-11T07:00:00-06:00,60.97,46.315,45.64,,,,59210.21,49378,36,1107.99,995.5,9734.19,11704,,32747.52,
2024-12-11T08:00:00-06:00,30.76,18.142,18.555,,,,58244.31,38403,42,11408.88,9565.6,9199.7,9505.4,,24850.68,
2024-12-11T09:00:00-06:00,24.27,15.653,14.165,,,,56038.97,30503,48,19589.91,18434.8,6831.11,6749.2,,19112.43,
2024-12-11T10:00:00-06:00,22.53,91.595,19.485,,,,53552.07,29206,53,19545.95,19569.4,5169.45,4106.8,,18046.16,
2024-12-11T11:00:00-06:00,21.42,14.757,12.325,,,,51264.14,26824,57,18787.95,18833.4,5880.43,2714.6,,16168.59,
2024-12-11T12:00:00-06:00,19.7,15.3,3.32,,,,49386.02,25277,59,17796.4,18255.6,7072.14,2588,,15097.58,
2024-12-11T13:00:00-06:00,18.36,3.08,0.273,,,,48259.96,24262,60,16805.12,18535,7826.52,3293.1,,14840.62,
2024-12-11T14:00:00-06:00,15.93,8.017,0.52,,,,47527.85,23863,61,16424.67,19367,7661.38,4508.5,,14618.83,
2024-12-11T15:00:00-06:00,16.63,4.8,0.258,,,,47139.37,24037,61,15092.68,18071,8282.75,5973.6,,14733.21,
2024-12-11T16:00:00-06:00,22.15,18.778,16.953,,,,47694.93,29339,59,9266.8,9056.4,9098.51,7425.9,,19185.71,
2024-12-11T17:00:00-06:00,35.05,27.345,27.235,,,,49824.91,39519,52,656.12,758.9,9353.55,9424,,25351.56,
2024-12-11T18:00:00-06:00,26.5,21.948,22.312,,,,52137.51,38339,49,0.92,0,13694.97,13338.7,,24286.38,
2024-12-11T19:00:00-06:00,21.82,19.868,20.102,,,,52664.74,33212,47,1.32,0,19572.08,18257.8,,20726.57,
2024-12-11T20:00:00-06:00,23.8,19.658,17.155,,,,52918.41,31243,45,1.5,0,22469.96,21768.4,,19400.18,
2024-12-11T21:00:00-06:00,21.78,20.477,17.188,,,,52752.8,29845,44,1.63,0,23643.97,24092.2,,17875.98,
2024-12-11T22:00:00-06:00,21.01,20.672,18.195,,,,51346.8,27896,42,1.46,0,23940.44,25523.3,,15917.16,
2024-12-11T23:00:00-06:00,19.64,18.937,14.695,,,,49767.1,26124,41,1.27,0,24251.11,26579.1,,14480.91,
2024-12-12T00:00:00-06:00,18.66,18.597,13.967,,,,49816.6,25312,40,1.27,0,24177.41,27034.2,,13867.98,
2024-12-12T01:00:00-06:00,17.74,18.642,14.093,,,,49565.12,25224,40,1.27,0,24150.1,26961,,13826.86,
2024-12-12T02:00:00-06:00,18.58,19.105,14.625,,,,49956.72,25764,38,1.28,0,23848.2,26957.4,,14404.48,
2024-12-12T03:00:00-06:00,19.85,20.292,15.558,,,,50237.27,26637,38,1.07,0,23323.08,26750.4,,15056.46,
2024-12-12T04:00:00-06:00,20.81,21.81,16.898,,,,50968.46,27900,37,1.3,0,23183.11,26309.1,,16029.77,
2024-12-12T05:00:00-06:00,23.6,28.273,21.608,,,,53354.28,30602,37,1.31,0,22973.24,25858,,17559.14,
2024-12-12T06:00:00-06:00,31.6,34.832,28.978,,,,56861.8,34618,36,1.14,0,23171.52,25595.8,,19214.72,
2024-12-12T07:00:00-06:00,31.3,33.825,28.648,,,,58229.44,35089,38,922.19,805.5,23314.5,25424.4,,19606.15,
2024-12-12T08:00:00-06:00,26.49,16.465,14.315,,,,57163.9,27110,45,8335.05,7134.8,22519.15,25065.4,,14359.09,
2024-12-12T09:00:00-06:00,22.78,12.765,7.798,,,,55148.57,21338,52,13860.78,12916.3,20509.6,24213.6,,10850.13,
2024-12-12T10:00:00-06:00,20.18,19.743,2.557,,,,52807.75,19214,57,13182.82,14394.4,20889.41,23885.4,,9281.82,
2024-12-12T11:00:00-06:00,16.11,5.75,-0.545,,,,50934.71,17905,60,10852.23,14828,22947.39,24944,,8556.18,
2024-12-12T12:00:00-06:00,15.29,5.057,-3.52,,,,49835.16,17479,61,8712.7,13712.7,23616.44,26002.9,,8203.06,
2024-12-12T13:00:00-06:00,14.57,13.605,-1.4,,,,49098.41,16975,62,8804.43,12950.5,23021.95,26402.4,,7728.17,
2024-12-12T14:00:00-06:00,15.14,16.888,3.482,,,,48647.32,17285,62,8478.71,11328.9,22593.66,26077.8,,7934.55,
2024-12-12T15:00:00-06:00,18.91,19.543,15.332,,,,48572.26,19511,61,7426.74,7288.9,21534.37,25248.4,,9702.48,
2024-12-12T16:00:00-06:00,19.59,33.325,31.125,,,,48825.61,26194,59,2968.24,3375.3,19928.53,24250.6,,13657.08,
2024-12-12T17:00:00-06:00,27.68,31.93,30.873,,,,50512.2,31069,58,144.08,289.5,19356.86,23863.5,,15364.48,
2024-12-12T18:00:00-06:00,25.99,30.193,30.173,,,,52049.2,30704,56,0.47,0,20828.48,24735.7,,15129.33,
2024-12-12T19:00:00-06:00,27.36,28.298,27.82,,,,51985.87,29062,56,0.72,0,22601.77,25982.4,,14553.34,
2024-12-12T20:00:00-06:00,25.65,23.8,23.63,,,,51594.83,27100,56,1.02,0,24516.11,27065.6,,13700.04,
2024-12-12T21:00:00-06:00,21.61,22.138,20.555,,,,50371.66,25247,55,1.15,0,25416.56,27918.8,,12914.73,
2024-12-12T22:00:00-06:00,20.52,21.675,20.367,,,,48482.44,23512,55,1.19,0,25197.54,28397.7,,11380.83,
2024-12-12T23:00:00-06:00,18.47,19.305,18.513,,,,46513.64,21791,55,0.92,0,25093.7,28168.4,,10154.99,
2024-12-13T00:00:00-06:00,18.77,17.262,14.878,,,,44702.47,20377,54,1.01,0,24806.91,27442.2,,9241.5,
2024-12-13T01:00:00-06:00,17.69,16.787,14.49,,,,43361.7,19945,54,1.11,0,24085.08,26847.1,,9083.91,
2024-12-13T02:00:00-06:00,16.87,17.323,14.755,,,,42545.83,20334,54,0.83,0,23099.76,26389.1,,9329.23,
2024-12-13T03:00:00-06:00,17.76,18.013,15.457,,,,42357.45,20870,54,0.98,0,22444.66,25866,,9421.81,
2024-12-13T04:00:00-06:00,19,19.762,18.405,,,,42952.69,21494,53,1.13,0,22316.64,25301.9,,9951.98,
2024-12-13T05:00:00-06:00,23.48,22.375,20.938,,,,44792.4,23024,53,1.25,0,22374.79,24769.7,,10782.98,
2024-12-13T06:00:00-06:00,25.5,27.505,24.532,,,,47886.63,26033,52,1.16,0,22241.77,24442.5,,11948.52,
2024-12-13T07:00:00-06:00,26.49,24.747,22.99,,,,49485.79,26512,53,103.12,250.1,22822.43,24246,,12013.42,
2024-12-13T08:00:00-06:00,22.66,29.92,26.512,,,,50138.11,25398,55,2734.07,3017.8,21891.58,24038.6,,10977.82,
2024-12-13T09:00:00-06:00,19.95,29.37,24.62,,,,50588.23,25072,57,6174.28,6722,19409.25,23761.6,,10637.47,
2024-12-13T10:00:00-06:00,20.21,28.485,24.065,,,,50537.97,24614,59,6567.79,8410.7,19251.98,23906.8,,10552.81,
2024-12-13T11:00:00-06:00,18.29,23.253,20.407,,,,50417.39,23292,60,7240.54,9155.1,20023.23,24321.5,,10019.95,
2024-12-13T12:00:00-06:00,18.24,22.068,19.52,,,,50137.8,22489,61,7900.9,9021.3,20033.38,24420.2,,9947.38,
2024-12-13T13:00:00-06:00,18.08,23.087,20.095,,,,50142.3,22878,62,7054.76,8521.6,20030.34,24269.6,,10154.72,
2024-12-13T14:00:00-06:00,16.78,23.778,20.843,,,,49896.28,23706,62,6362.68,7720.1,19865.04,24073.7,,10363.19,
2024-12-13T15:00:00-06:00,16.63,23.83,21.205,,,,49836.36,24051,62,5590.27,6399.7,20541.23,23807.7,,10497.96,
2024-12-13T16:00:00-06:00,21.27,29.635,29.582,,,,50291.62,26021,62,3025.12,3541,20810.67,23529.7,,11667.65,
2024-12-13T17:00:00-06:00,28.58,33.087,34.972,,,,51333.4,28783,61,268.12,420.2,21648.36,23955.7,,13076.63,
2024-12-13T18:00:00-06:00,27.21,27.698,27.86,,,,51623.89,27594,61,0.71,0,23215.78,25354.8,,12230.91,
2024-12-13T19:00:00-06:00,23.7,24.537,23.73,,,,50511.31,25585,60,0.86,0,24529.93,26645.9,,11578.48,
2024-12-13T20:00:00-06:00,20.38,22.418,22.183,,,,49444.9,24227,60,1.01,0,25127.78,27519,,11208.57,
2024-12-13T21:00:00-06:00,18.77,21.057,21.408,,,,48185.94,22921,60,0.96,0,25653.37,28086.5,,10643.9,
2024-12-13T22:00:00-06:00,18.55,20.315,20.385,,,,46531.53,22064,60,0.99,0,25167.41,27994.5,,10302.95,
2024-12-13T23:00:00-06:00,15.94,20.787,20.78,,,,44559.71,21599,60,0.69,0,24136.26,27147.2,,10024.3,
2024-12-14T00:00:00-06:00,14.88,20.775,20.967,,,,42849.83,21639,60,0.69,0,22469.61,25859.3,,10297.72,
2024-12-14T01:00:00-06:00,15.71,20.653,20.433,,,,41332.81,21866,60,0.67,0,20930.74,24146.4,,10418.07,
2024-12-14T02:00:00-06:00,16.74,23.03,22.945,,,,40265.11,23134,60,0.67,0,18659.26,22278.5,,11030.28,
2024-12-14T03:00:00-06:00,19.26,22.858,22.842,,,,39727.1,24280,60,0.69,0,16757.9,20057.9,,11940.46,
2024-12-14T04:00:00-06:00,20.51,23.702,24.63,,,,39703.65,26431,59,0.72,0,14751.59,17699.1,,13772.49,
2024-12-14T05:00:00-06:00,22.84,25.253,26.655,,,,40271.42,28849,59,0.7,0,12541.09,15212.6,,16168.88,
2024-12-14T06:00:00-06:00,27,22.423,24.023,,,,41747.02,31146,59,0.7,0,11506.62,12803.5,,18852.38,
2024-12-14T07:00:00-06:00,30.13,25.077,27.345,,,,43243.58,33147,60,101.98,207.4,9964.72,10714.3,,19945.52,
2024-12-14T08:00:00-06:00,27.54,29.01,30.913,,,,45347.7,33824,62,3687.25,3375.1,7399.9,8813.6,,20983.76,
2024-12-14T09:00:00-06:00,24.82,28.875,30.045,,,,47036.99,32539,65,9750.68,8092.7,4247.94,6750.8,,20428.58,
2024-12-14T10:00:00-06:00,25.9,28.968,30.225,,,,47935.47,32148,68,12691.64,10064.4,2347.67,5055.2,,20449.99,
2024-12-14T11:00:00-06:00,24.77,27.525,28.305,,,,48301.2,31611,70,13733.36,10942.1,2588.73,3950.6,,20395.83,
2024-12-14T12:00:00-06:00,25.6,25.685,26.31,,,,48480.78,31202,72,14372.23,11966.8,2912.73,3073.5,,20221.29,
2024-12-14T13:00:00-06:00,24.39,23.435,23.725,,,,48372.42,31301,73,14711.92,12080.1,2763.11,2584.9,,20334.18,
2024-12-14T14:00:00-06:00,23.87,22.175,22.2,,,,48418.34,31383,74,14790.04,11800.8,2276.88,2460.9,,20348.99,
2024-12-14T15:00:00-06:00,22.81,20.602,21.138,,,,48002.35,31902,73,14136.67,11005.7,2237.4,2620.1,,21124.97,
2024-12-14T16:00:00-06:00,40.53,52.54,54.452,,,,47591.22,38348,70,7394.2,5931.7,2246.03,2990.5,,25509.11,
2024-12-14T17:00:00-06:00,63.15,437.603,449.555,,,,48122.62,44648,66,658.19,597.1,2355.46,3733.9,,28651.59,
2024-12-14T18:00:00-06:00,45.74,68.302,71.48,,,,48545.51,45115,64,0.59,0,3464.83,5195.4,,29375.82,
2024-12-14T19:00:00-06:00,35.88,47.072,48.327,,,,47682.38,42867,62,0.66,0,5493.39,7102.6,,28696.23,
2024-12-14T20:00:00-06:00,33.68,31.595,32.58,,,,46805.47,40771,60,0.66,0,7638.59,8624.7,,27112.1,
2024-12-14T21:00:00-06:00,29.16,26.142,26.243,,,,45820.4,37895,59,0.69,0,9640.41,9844.9,,24865.03,
2024-12-14T22:00:00-06:00,24.98,24.008,23.54,,,,44472.94,34731,59,0.71,0,11697.23,11158.5,,22034.55,
2024-12-14T23:00:00-06:00,22.12,23.832,23.52,,,,42797.77,30986,59,0.72,0,14085.32,13225.4,,18384.91,
2024-12-15T00:00:00-06:00,22.49,23.738,23.503,,,,41837.75,26607,59,0.73,0,17038.33,17723.8,,13828.41,
2024-12-15T01:00:00-06:00,18.64,21.868,21.595,,,,40433.43,23050,59,0.73,0,19379.51,19174.5,,11374.88,
2024-12-15T02:00:00-06:00,17.06,20.082,19.693,,,,39487.2,21271,59,0.75,0,20861.88,19943.1,,10046.46,
2024-12-15T03:00:00-06:00,15.44,19.587,19.142,,,,38873.48,20993,59,0.78,0,20845.28,19941.4,,10043.87,
2024-12-15T04:00:00-06:00,15.98,19.395,18.907,,,,38572.67,20926,59,0.72,0,20278.45,19460.8,,9970.08,
2024-12-15T05:00:00-06:00,19.04,20.773,20.535,,,,38885.27,21428,60,0.74,0,19970.14,18773.8,,10364.22,
2024-12-15T06:00:00-06:00,20.39,21.95,21.635,,,,39723.3,22549,61,0.74,0,19423.38,18091.9,,10831.02,
2024-12-15T07:00:00-06:00,22.27,22.325,22.095,,,,40758.24,24044,61,287.35,318.4,18543.79,17447.3,,11131.72,
2024-12-15T08:00:00-06:00,19.8,21.642,21.63,,,,42613.89,22915,63,4006.74,3512.4,17618.8,16941.6,,10814.74,
2024-12-15T09:00:00-06:00,17.98,17.983,18.12,,,,44383.33,20333,66,8701.68,7461.7,17100.64,17436.4,,8808.77,
2024-12-15T10:00:00-06:00,16.66,17.61,17.955,,,,45384.94,19158,69,10459.59,9477.6,18045.94,18996.7,,8365.63,
2024-12-15T11:00:00-06:00,15.17,16.497,16.825,,,,46127.21,18394,71,11417.48,10597.2,19284.04,20658.5,,7907.59,
2024-12-15T12:00:00-06:00,15.01,14.395,13.08,,,,46859.36,17330,73,11617.91,11473.7,21948.99,22266.2,,7362.32,
2024-12-15T13:00:00-06:00,16.78,13.803,12.062,,,,47423.3,17515,74,10720.45,11015,23102.11,23269.3,,7538.3,
2024-12-15T14:00:00-06:00,18.52,15.033,13.023,,,,48185.03,18435,75,9231.9,10160.6,23546.68,23598.4,,8350.69,
2024-12-15T15:00:00-06:00,20.19,14.267,12.428,,,,48760.18,19469,75,8287.44,9107.5,23485.35,23147.3,,9233.74,
2024-12-15T16:00:00-06:00,28.91,23,22.148,,,,48985.48,23620,73,4788.04,4796.1,22079.76,22090.7,,12494.06,
2024-12-15T17:00:00-06:00,43.97,28.812,29.092,,,,49705.27,29911,71,436.74,478.9,20531.35,21557.8,,15135.4,
2024-12-15T18:00:00-06:00,32.89,30.235,30.388,,,,50287.18,30332,69,0.74,0,21414.79,22406.7,,15404.23,
2024-12-15T19:00:00-06:00,25.1,26.915,26.84,,,,49482.81,28157,68,0.71,0,23319.6,23532.3,,14639.89,
2024-12-15T20:00:00-06:00,20.57,22.645,22.242,,,,48629.16,25663,67,0.94,0,25313.62,24495.1,,13469.43,
2024-12-15T21:00:00-06:00,18.41,20.18,19.56,,,,47599.03,23671,67,1.21,0,26378.44,25317.9,,12365.42,
2024-12-15T22:00:00-06:00,17.42,21.785,21.102,,,,45836.17,21942,67,0.96,0,26213.63,25766.8,,10407.53,
2024-12-15T23:00:00-06:00,15.67,18.428,17.392,,,,43575.35,20697,66,0.92,0,25260.52,25638.2,,9590.93,
2024-12-16T00:00:00-06:00,15.2,17.402,17.175,,,,43048.71,20629,65,0.9,0,23530.88,25252,,9675.33,
2024-12-16T01:00:00-06:00,15.63,16.935,17.51,,,,41854.28,20323,65,0.89,0,22530.76,23772.7,,9534.41,
2024-12-16T02:00:00-06:00,16.75,19.043,21.435,,,,41215.88,21263,65,1.24,0,20207.31,21973.9,,10228.79,
2024-12-16T03:00:00-06:00,21.6,21.763,23.587,,,,40927.04,23026,64,0.95,0,17870.14,19423.4,,11432.66,
2024-12-16T04:00:00-06:00,22.88,19.585,21.84,,,,41087.34,24119,64,0.96,0,16987.99,16117.7,,12464.78,
2024-12-16T05:00:00-06:00,27.65,23.997,25.59,,,,42652.33,27333,63,0.98,0,15453.44,12947.2,,15323.53,
2024-12-16T06:00:00-06:00,34.15,32.417,33.358,,,,45185.24,32584,63,0.97,0,13029.6,11023.3,,18106.84,
2024-12-16T07:00:00-06:00,34.51,28.562,29.205,,,,46374.19,33452,63,225.97,267.3,12965.73,10230.4,,18182.68,
2024-12-16T08:00:00-06:00,31.06,29.022,29.25,,,,47140.69,32254,65,4060.16,3536.6,11639.51,9878,,17801.97,
2024-12-16T09:00:00-06:00,20.6,23.062,23.062,,,,48497.1,29428,67,9948.29,8471.7,10183.14,9515.2,,15739.93,
2024-12-16T10:00:00-06:00,21.01,22.065,22.065,,,,49857.79,28778,70,12179.38,10181.7,10623.43,9691,,15745.33,
2024-12-16T11:00:00-06:00,21.55,28.985,28.985,,,,50790.57,30289,72,12111.73,10821.8,9455.65,10139.2,,16441.09,
2024-12-16T12:00:00-06:00,23.7,30.847,30.847,,,,51266.41,31395,74,12623.69,10748.9,8504.91,9827.6,,17024.34,
2024-12-16T13:00:00-06:00,24.31,32.787,32.835,,,,51613.39,32160,75,13084.9,10321.5,7976.75,9210.7,,17606.93,
2024-12-16T14:00:00-06:00,25.85,26.847,26.847,,,,51832.21,32711,75,13597.27,9797.4,7586.7,8718.7,,18533.6,
2024-12-16T15:00:00-06:00,29.69,21.395,21.38,,,,51875.39,33495,75,12962.48,8850.9,7448.7,8347,,20039.28,
2024-12-16T16:00:00-06:00,35.36,40.505,40.728,,,,51565.25,38275,72,7717.72,4900,7432.38,8219.9,,23694.62,
2024-12-16T17:00:00-06:00,51.54,74,74.882,,,,52011.12,44700,69,907.23,529.6,7863.08,8711.3,,27014.78,
2024-12-16T18:00:00-06:00,40.55,36.47,38.902,,,,52427.71,43618,65,22.77,0,9955.04,9677.1,,27578.97,
2024-12-16T19:00:00-06:00,33.92,34.693,36.945,,,,51804.7,42324,63,1.17,0,10344.12,10291.4,,27052.02,
2024-12-16T20:00:00-06:00,33.1,29.73,32.438,,,,51166.88,41069,62,1.14,0,10577.09,10126.7,,26386.23,
2024-12-16T21:00:00-06:00,30.3,26.445,29.495,,,,49769.4,39054,61,0.8,0,10656.46,9438.3,,25003.06,
2024-12-16T22:00:00-06:00,29.01,24.62,27.28,,,,47521.65,38339,60,0.76,0,8984.86,8526.9,,24486.34,
2024-12-16T23:00:00-06:00,24.94,25.003,27.283,,,,45117.13,37560,59,0.79,0,7339.33,7619.1,,23912.11,
2024-12-17T00:00:00-06:00,25.05,23.973,25.31,,,,44005.8,37236,58,0.81,0,5839.21,7029,,23864.67,
2024-12-17T01:00:00-06:00,23.84,24.23,26.185,,,,42765.77,37095,57,0.77,0,4513.54,6151,,23714.55,
2024-12-17T02:00:00-06:00,22.63,24.13,26.427,,,,41855.4,36973,56,0.81,0,3830.05,5612.5,,23710.45,
2024-12-17T03:00:00-06:00,21.99,23.89,26.64,,,,41481.16,36979,57,0.81,0,3457.28,5204.2,,23609.46,
2024-12-17T04:00:00-06:00,25.1,22.772,24.985,,,,41686.69,37065,56,0.8,0,3476.19,4962,,23938.22,
2024-12-17T05:00:00-06:00,27.4,24.562,25.992,,,,43039.98,38469,56,0.79,0,3676.92,4937.8,,24832.25,
2024-12-17T06:00:00-06:00,33.18,30.68,31.892,,,,45707.2,40659,56,0.85,0,4477.17,5086.5,,26411.59,
2024-12-17T07:00:00-06:00,39.4,28.062,28.885,,,,46866.73,41356,56,199.32,309.7,5390.36,5220.1,,26452.06,
2024-12-17T08:00:00-06:00,30.59,23.652,23.822,,,,47661.46,37981,59,3912.35,3970.5,5768.61,5252.8,,24250.76,
2024-12-17T09:00:00-06:00,23.92,19.56,19.56,,,,49057.77,34933,63,8983.95,8990.4,5418.94,5045.1,,22572.07,
2024-12-17T10:00:00-06:00,24.95,18.565,18.575,,,,50065.55,32660,67,10645.55,10994.7,6303.12,5130.7,,20831.3,
2024-12-17T11:00:00-06:00,22.46,17.955,17.965,,,,50770.6,30749,71,11365.19,11687.8,7775.69,5989.7,,19266.56,
2024-12-17T12:00:00-06:00,20.84,14.777,14.86,,,,51189.87,27702,73,11909.55,12282.7,11050.05,7466.6,,16841.05,
2024-12-17T13:00:00-06:00,20.58,11.32,11.533,,,,51601.21,26223,75,11820.76,12110.7,14010.18,8965.9,,15637.44,
2024-12-17T14:00:00-06:00,20.41,9.788,9.415,,,,51708.61,25675,75,11039.98,11440.9,15580.99,10202.6,,15107.57,
2024-12-17T15:00:00-06:00,21.03,9.255,8.09,,,,51825.14,25650,76,10761.81,11054.2,16086.79,10814.1,,15245.14,
2024-12-17T16:00:00-06:00,27.88,16.57,16.42,,,,51470.83,29906,74,6989.08,5823.4,15678.04,10714.8,,19204.18,
2024-12-17T17:00:00-06:00,44.2,23.878,24.72,,,,51878.23,37746,70,772.08,558.4,14003.32,10829.7,,23505.8,
2024-12-17T18:00:00-06:00,31.87,21.168,21.927,,,,52261.33,37482,68,18.84,0,15247.7,12065.7,,22927.01,
2024-12-17T19:00:00-06:00,25.78,19.077,19.738,,,,51619.86,34198,67,0.81,0,17678.23,15153,,21535.64,
2024-12-17T20:00:00-06:00,21.96,19.872,20.185,,,,51027.77,33233,66,0.76,0,18813.42,17796.7,,21521.5,
2024-12-17T21:00:00-06:00,22.38,19.62,20.08,,,,49799.34,31712,65,0.61,0,18975.34,18590.2,,20101.14,
2024-12-17T22:00:00-06:00,21.48,21.137,21.3,,,,47512.53,29161,64,0.67,0,18777.92,17777.8,,17559.86,
2024-12-17T23:00:00-06:00,21.27,18.407,18.72,,,,45100.45,26576,63,0.63,0,18861.23,16328.9,,15203.37,
2024-12-18T00:00:00-06:00,19.09,16.96,17.197,,,,43902.26,23872,62,0.7,0,19349.52,19856,,12668.39,
2024-12-18T01:00:00-06:00,18,14.32,14.875,,,,42585.12,22124,62,0.72,0,19865.02,19807.5,,11291.8,
2024-12-18T02:00:00-06:00,16.61,11.79,12.7,,,,41753,21482,62,0.74,0,19794.08,20459.7,,10773.6,
2024-12-18T03:00:00-06:00,15.24,12.368,13.387,,,,41454.32,21726,61,0.75,0,19135.3,21292.1,,11007.68,
2024-12-18T04:00:00-06:00,13.36,12.085,13.115,,,,41810.09,21881,59,0.87,0,19196.41,21805.6,,10952.48,
2024-12-18T05:00:00-06:00,15.28,13.958,14.442,,,,43317.81,21862,58,0.86,0,20642.89,22208.5,,11200.6,
2024-12-18T06:00:00-06:00,19.26,15.97,15.618,,,,45860.03,24193,57,1.07,0,21504.09,22415.2,,12631.7,
2024-12-18T07:00:00-06:00,18.84,16.575,16.152,,,,47702.24,25699,56,227.58,347.4,21043.66,21709.1,,13022.61,
2024-12-18T08:00:00-06:00,16.93,12.233,10.883,,,,48829.63,23185,57,4674.85,4771.7,20040.5,20463.7,,11628.45,
2024-12-18T09:00:00-06:00,15.6,7.3,3.422,,,,50070.6,20956,58,9906.66,11453.6,18912.23,19384,,10485.84,
2024-12-18T10:00:00-06:00,15.03,5.363,0.853,,,,50412.15,20583,60,12837.16,13709.9,16566.81,18039.3,,10340.72,
2024-12-18T11:00:00-06:00,16.06,14.205,10.835,,,,50483.81,21274,62,14575.26,14319.5,13730.39,15298.4,,10680.26,
2024-12-18T12:00:00-06:00,17.87,20.205,18.923,,,,50559.2,24075,63,15458.26,15130.2,9560.69,12091.1,,12965.52,
2024-12-18T13:00:00-06:00,18.63,20.2,20.217,,,,50507.08,26406,64,15396.9,15151.4,7169.34,9742.5,,14618.92,
2024-12-18T14:00:00-06:00,20.14,16.048,15.96,,,,50317.31,25900,64,16214.9,15289.4,6528.6,8264.7,,14136.87,
2024-12-18T15:00:00-06:00,20.08,12.275,11.628,,,,50142.95,26044,63,15985.51,14665.1,6329.78,7403,,15050.01,
2024-12-18T16:00:00-06:00,26.47,22.563,22.785,,,,50007.93,34019,61,8722.88,7535,5834.98,6832,,22585.98,
2024-12-18T17:00:00-06:00,45.41,31.55,35.62,,,,51235.23,43643,57,755.85,718.1,5443.15,6579.6,,28017.01,
2024-12-18T18:00:00-06:00,41.97,28.582,31.875,,,,52783.47,44973,55,1.75,0,5925.92,7104.8,,28043.81,
2024-12-18T19:00:00-06:00,39.48,29.545,33.703,,,,52570.09,43999,52,1.07,0,6573.44,7775,,27788.32,
2024-12-18T20:00:00-06:00,38.03,28.1,33.05,,,,52323.11,42588,51,0.7,0,7505.74,8127.7,,26965.65,
2024-12-18T21:00:00-06:00,31.2,27.83,33.275,,,,51520.92,41581,49,0.73,0,7758.15,8433.3,,26394.72,
2024-12-18T22:00:00-06:00,21.54,26.885,33.99,,,,49894.09,39406,48,0.72,0,8310.58,8816.2,,24672.43,
2024-12-18T23:00:00-06:00,20.47,24.803,30.59,,,,48139.76,37518,46,0.72,0,8322.91,9222.5,,23348.57,
2024-12-19T00:00:00-06:00,21.52,24.375,30.343,,,,46927.86,36252,45,0.73,0,8008.62,8798.7,,22247.85,
2024-12-19T01:00:00-06:00,23.14,23.02,27.785,,,,46362.55,35719,44,0.75,0,8104.66,8975.3,,21775.22,
2024-12-19T02:00:00-06:00,22.23,21.99,23.93,,,,46191.75,34884,43,0.75,0,8759.23,9435.3,,21549.18,
2024-12-19T03:00:00-06:00,21.3,21.605,22.6,,,,46414.54,34781,42,0.74,0,9495.67,10188.5,,21925.58,
2024-12-19T04:00:00-06:00,21.69,20.902,21.37,,,,47488.14,34967,41,0.73,0,10228.34,11050,,22777.41,
2024-12-19T05:00:00-06:00,25.73,22.035,21.85,,,,49861.33,36083,40,0.77,0,11557.92,11862.7,,23473.27,
2024-12-19T06:00:00-06:00,31.27,23.613,23.662,,,,53437.55,39247,40,0.72,0,12345.61,12281.6,,25088.26,
2024-12-19T07:00:00-06:00,31.13,21.82,21.88,,,,55414.16,39680,41,570.5,518.7,13207.06,12362.3,,24826.27,
2024-12-19T08:00:00-06:00,21.36,14.767,16.578,,,,55048.32,32290,46,8148.16,6996.3,13081.4,11978.1,,19359.05,
2024-12-19T09:00:00-06:00,20.25,16.482,18.332,,,,53686.29,25958,50,16191.87,15437.2,9980.41,10041.5,,14037.97,
2024-12-19T10:00:00-06:00,18.37,16.405,16.985,,,,51964.44,24235,54,17300.21,17034.2,9246.01,8240.7,,12991.39,
2024-12-19T11:00:00-06:00,17.15,15.81,15.99,,,,50190.5,23081,58,17116.99,16932,9442.23,8025.2,,12271.47,
2024-12-19T12:00:00-06:00,15.81,16.017,15.965,,,,48562.52,22740,61,16547.38,17047.4,8920.6,8041.9,,11676.77,
2024-12-19T13:00:00-06:00,15.41,17.05,17.037,,,,47666.4,23061,64,16891.69,17323,8000.39,7579.7,,12268.23,
2024-12-19T14:00:00-06:00,15.92,18.117,18.162,,,,47105.36,24181,65,17567.54,18059.5,6372.35,6525.9,,13337.57,
2024-12-19T15:00:00-06:00,17.72,12.908,14.905,,,,47301.95,25795,66,17275.31,17801.3,4589.07,5268.9,,15000.54,
2024-12-19T16:00:00-06:00,26.23,25.31,26.917,,,,47785.93,34517,64,9426.37,9254.5,3726.58,4333.8,,23037.71,
2024-12-19T17:00:00-06:00,44.14,31.435,32.635,,,,49805.43,43823,59,822.3,824.2,4207.7,4460.4,,28218.18,
2024-12-19T18:00:00-06:00,36.39,26.255,27.278,,,,51871.47,43334,56,0.55,0,6898.13,5757.1,,27578.24,
2024-12-19T19:00:00-06:00,32.52,22.507,23.085,,,,52240.47,40422,53,0.67,0,9941.29,7099.2,,26137.63,
2024-12-19T20:00:00-06:00,31.46,21.043,21.465,,,,52361.79,37861,52,0.69,0,12387.69,7948,,24909.15,
2024-12-19T21:00:00-06:00,27.88,19.68,20.367,,,,51760.09,35436,49,0.67,0,13835.17,8383.2,,23312.64,
2024-12-19T22:00:00-06:00,22.91,20.1,20.718,,,,50287.64,34414,48,1.35,0,13029.97,8437.6,,22503.34,
2024-12-19T23:00:00-06:00,22.43,21.41,22.08,,,,48671.35,34793,47,31.16,0,10718.06,8332.5,,22510.2,
2024-12-20T00:00:00-06:00,20.82,22.372,22.967,,,,45464.49,35369,46,34.54,0,9175.04,9275.7,,22268.29,
2024-12-20T01:00:00-06:00,20.77,22.618,23.462,,,,44345.33,35834,45,0.72,0,7994.82,8278,,22192.8,
2024-12-20T02:00:00-06:00,20.71,22.425,23.502,,,,43729.17,36047,44,0.7,0,7435.59,7684,,22010.71,
2024-12-20T03:00:00-06:00,21.48,22.207,23.622,,,,43806.33,35811,44,0.71,0,7817.65,7380.2,,21772.26,
2024-12-20T04:00:00-06:00,22.77,22.16,23.775,,,,44881.85,35990,43,0.72,0,8575.1,7278.3,,22116.26,
2024-12-20T05:00:00-06:00,24.88,23.535,25.463,,,,47259.92,37607,43,0.71,0,9023.27,7307.1,,23129.92,
2024-12-20T06:00:00-06:00,31.04,26.18,27.992,,,,50900.91,40693,43,0.73,0,9021.32,7316.1,,24717.55,
2024-12-20T07:00:00-06:00,28.41,26.17,28.795,,,,53201.36,41420,44,457.49,577.5,9443.13,7167.9,,25069.18,
2024-12-20T08:00:00-06:00,21.23,20.615,21.055,,,,53474.15,35303,49,8455.22,7716,8253.91,6687.6,,20979.85,
2024-12-20T09:00:00-06:00,18.98,19.44,20.578,,,,52891.13,27182,54,18392.63,17253.2,5696.14,5589.5,,14455.83,
2024-12-20T10:00:00-06:00,19.48,19.495,24.388,,,,51453.95,26074,58,19358.77,19005.6,4529.73,4944.7,,13679.02,
2024-12-20T11:00:00-06:00,17.55,20.342,20.367,,,,49763.49,26145,60,18352.69,18319.3,4515.18,5419.5,,13732.48,
2024-12-20T12:00:00-06:00,16.56,20.323,20.33,,,,48425.79,25947,62,17837.57,17739.8,4716.91,5846.6,,13587.94,
2024-12-20T13:00:00-06:00,15.15,20.56,20.573,,,,47653.55,26238,64,18080.93,17991.5,4497.44,5884.2,,13720.82,
2024-12-20T14:00:00-06:00,12.73,19.913,19.928,,,,47067.51,25805,64,18913.99,18791.4,4154.2,5961.1,,13489.9,
2024-12-20T15:00:00-06:00,14.89,19.522,19.522,,,,46999.79,26075,64,18520.51,18237.4,4008.87,6200.8,,14147.74,
2024-12-20T16:00:00-06:00,20.46,36.467,36.512,,,,47392.38,33360,61,10201.55,9444.7,4096.32,6461.5,,19523.97,
2024-12-20T17:00:00-06:00,39.26,52.65,56.485,,,,49695.04,42446,56,878.21,859.7,4792.43,7148.6,,23574.21,
2024-12-20T18:00:00-06:00,33.39,39.035,46.84,,,,52353.17,42327,53,0.65,0,6455.84,8632.7,,24105.05,
2024-12-20T19:00:00-06:00,30.31,40.012,46.6,,,,52754.97,40377,51,0.8,0,8583.57,10366.4,,23922.01,
2024-12-20T20:00:00-06:00,27.18,31.545,32.925,,,,52970.78,39422,49,0.84,0,10241.05,12401,,23533.71,
2024-12-20T21:00:00-06:00,22.65,29.342,29.76,,,,52856.98,37464,47,0.8,0,12272.78,15180.2,,21891.03,
2024-12-20T22:00:00-06:00,20.34,25.733,26.322,,,,52006.17,34538,45,0.74,0,14677.29,17805.5,,19182.42,
2024-12-20T23:00:00-06:00,19.41,22.52,22.797,,,,50735.27,31120,43,0.75,0,17273.92,19269.4,,16529.67,
2024-12-21T00:00:00-06:00,20.92,24.423,25.075,,,,49249.36,29718,42,0.77,0,17435.62,18038.2,,15570.62,
2024-12-21T01:00:00-06:00,20.18,24.568,25.09,,,,48490.46,29532,41,0.77,0,17679.11,17699.7,,15635.39,
2024-12-21T02:00:00-06:00,23.22,22.49,22.44,,,,48160.74,28865,40,0.77,0,18201.59,17289.4,,15462.17,
2024-12-21T03:00:00-06:00,20.29,22.86,22.838,,,,48276.53,29663,39,0.72,0,18045.96,16767.8,,16495.96,
2024-12-21T04:00:00-06:00,24.62,22.465,22.425,,,,48876.07,29966,38,0.74,0,17415.1,15990.9,,16986.47,
2024-12-21T05:00:00-06:00,25.97,25.715,25.715,,,,50218.41,31752,38,0.74,0,16704.71,14800.8,,18207.17,
2024-12-21T06:00:00-06:00,32.52,25.642,25.642,,,,52275.66,33335,37,0.69,0,16927.4,13682.3,,18660.47,
2024-12-21T07:00:00-06:00,37.09,24.445,24.452,,,,53904.84,34605,38,616.94,629,17013.36,12709.3,,18775.17,
2024-12-21T08:00:00-06:00,21.45,17.495,19.305,,,,54646.38,29345,43,9336.03,8261.2,15006.92,11220.5,,15645.82,
2024-12-21T09:00:00-06:00,18.61,17.52,17.535,,,,53564.33,24571,47,18624.73,17994.7,9987.3,8849.9,,12839.24,
2024-12-21T10:00:00-06:00,18.31,18.04,18.065,,,,51785.35,23950,51,19216.86,19531.5,8249.73,7083,,12876.66,
2024-12-21T11:00:00-06:00,16.93,19.56,19.662,,,,49924.82,24959,54,18285.02,18756.3,6551.49,6326.5,,13721.53,
2024-12-21T12:00:00-06:00,16.85,19.617,19.66,,,,48285.49,25631,57,17732.82,18133.1,4381.32,5423.7,,14234.02,
2024-12-21T13:00:00-06:00,16.74,19.975,20.023,,,,47009.51,25670,59,17982.49,18327.9,3112.98,4659.8,,14223.87,
2024-12-21T14:00:00-06:00,16.52,18.16,18.208,,,,46166.09,25153,61,18607.35,19105.4,2804.79,4174.2,,13751.55,
2024-12-21T15:00:00-06:00,17.1,17.643,17.685,,,,45847,25159,61,18130.96,18487.4,2891.94,4124.5,,13891.53,
2024-12-21T16:00:00-06:00,27,36.485,36.958,,,,46101.7,32429,59,10034.33,9509.8,3700.3,4724.9,,18918.52,
2024-12-21T17:00:00-06:00,41.08,52.335,58.472,,,,47799.12,40979,54,892.76,837.8,5251.52,6472,,21929.88,
2024-12-21T18:00:00-06:00,35.36,34.513,36.185,,,,49873.62,39481,52,0.67,0,9362.58,9293.1,,21833.72,
2024-12-21T19:00:00-06:00,25.83,23.92,24.9,,,,50182.51,35560,50,0.67,0,13857.26,12467.3,,20049.61,
2024-12-21T20:00:00-06:00,22.15,21.025,22.615,,,,50181.33,32797,48,0.68,0,16866.78,15720.9,,18828.18,
2024-12-21T21:00:00-06:00,21.03,20.272,22.15,,,,50029.72,30933,48,0.71,0,18458.74,18114.4,,17832.21,
2024-12-21T22:00:00-06:00,21.34,20.977,22.945,,,,49299.11,29842,47,0.7,0,19112.08,19461.5,,15807.66,
2024-12-21T23:00:00-06:00,20.8,21.132,23.052,,,,48326.81,28807,46,0.7,0,18631.02,20152.6,,15166.38,
2024-12-22T00:00:00-06:00,21.02,20.94,22.37,,,,47810.58,27599,45,0.69,0,18678.27,19177.4,,14265.25,
2024-12-22T01:00:00-06:00,19.75,20.132,21.74,,,,46913.63,26394,45,0.66,0,19395.96,19328.7,,13603.74,
2024-12-22T02:00:00-06:00,18.66,18.223,20.055,,,,46492.34,24963,44,0.71,0,20496.79,19642.8,,12782.03,
2024-12-22T03:00:00-06:00,19.43,18.128,20.052,,,,46426.07,24509,44,0.77,0,21057.06,19860.7,,12666.59,
2024-12-22T04:00:00-06:00,19.97,18.013,20.067,,,,46897.45,24815,44,0.75,0,20711.47,20009.2,,12972.04,
2024-12-22T05:00:00-06:00,20.12,17.535,19.555,,,,48089.4,25158,44,0.7,0,20882.22,20205.6,,13473.36,
2024-12-22T06:00:00-06:00,25.95,17.815,19.865,,,,49881.98,26223,43,0.71,0,21088.93,20545.2,,14276.3,
2024-12-22T07:00:00-06:00,25.96,17.342,19.052,,,,51424.41,26647,44,327.48,491,21711.17,20930.5,,14148.72,
2024-12-22T08:00:00-06:00,19.75,16.822,17.283,,,,52415.19,23408,47,5387.48,6660.1,21078.24,20988.7,,11404.27,
2024-12-22T09:00:00-06:00,17.73,15.217,15.173,,,,51736.91,19973,51,11576.69,14781.3,18680.92,20178,,8226.88,
2024-12-22T10:00:00-06:00,14.69,6.445,6.545,,,,50015.39,17438,56,13136,16566.7,20361.73,19969.4,,6628.85,
2024-12-22T11:00:00-06:00,9.89,0.025,0.035,,,,48311.94,16160,59,13186.83,16436.7,20240.07,20990.2,,5826.97,
2024-12-22T12:00:00-06:00,6.51,-0.75,-0.725,,,,46946.72,15786,63,11743.3,16051.7,19995.33,21688.5,,5734.19,
2024-12-22T13:00:00-06:00,5.21,-2.78,-2.678,,,,46104.18,15833,65,10362.44,16227.9,20476.34,22120.7,,5735.34,
2024-12-22T14:00:00-06:00,5.54,-4.215,-4.063,,,,45588.61,15838,66,9534.9,16418.7,20836.06,22525.2,,5763.94,
2024-12-22T15:00:00-06:00,6.4,-3.818,-3.68,,,,45512.82,16123,66,8833.46,14925.6,21066.25,22650.4,,6091.1,
2024-12-22T16:00:00-06:00,17.4,7.19,6.142,,,,45977.63,17989,64,5577.22,7609.9,22284.8,22337.4,,7770.81,
2024-12-22T17:00:00-06:00,25.99,18.867,20.2,,,,47757.91,23254,62,714.35,740.5,23172.13,22428.9,,10692.67,
2024-12-22T18:00:00-06:00,28.84,18.378,19.865,,,,49865.16,24478,61,0.66,0,24150.21,23761.1,,11039.29,
2024-12-22T19:00:00-06:00,24.77,18.027,18.325,,,,50128.78,23593,59,0.7,0,24904.32,25480,,10901.49,
2024-12-22T20:00:00-06:00,23.94,17.67,17.077,,,,49796.17,22930,58,0.68,0,25227.36,26905.4,,10621.38,
2024-12-22T21:00:00-06:00,19.2,15.365,14.84,,,,49019.39,21607,57,0.68,0,26011.32,27941.9,,9709.28,
2024-12-22T22:00:00-06:00,17.81,15.48,15.567,,,,47147.13,20457,56,0.72,0,26417.46,28422.1,,8362.87,
2024-12-22T23:00:00-06:00,16.46,13.428,13.61,,,,44855.22,19074,56,0.71,0,26374.93,28407.8,,7528.57,
2024-12-23T00:00:00-06:00,13.8,5.56,6.437,,,,43861.35,17930,55,0.71,0,26002.96,28301.9,,6874.88,
2024-12-23T01:00:00-06:00,10.95,5.01,6.06,,,,43069.43,17677,55,0.72,0,25625.84,27319.1,,6814.14,
2024-12-23T02:00:00-06:00,12.01,1.578,3.21,,,,42634.16,17430,54,0.72,0,24706.68,26413.2,,6816.02,
2024-12-23T03:00:00-06:00,13.55,0.678,2.477,,,,42532.82,17247,54,0.73,0,24235.57,25354.7,,6831.76,
2024-12-23T04:00:00-06:00,15.7,9.777,11.673,,,,42839.57,17658,54,0.72,0,24186.53,24290.8,,6884.37,
2024-12-23T05:00:00-06:00,18.44,16.63,18.58,,,,44481.26,19137,53,0.73,0,23906.5,23454.2,,7657.6,
2024-12-23T06:00:00-06:00,19.54,19.64,21.618,,,,46510.84,21522,53,0.74,0,23457.38,22858.6,,8711.39,
2024-12-23T07:00:00-06:00,19.84,21.578,23.693,,,,47683.19,23455,54,210.99,213.9,22472.72,22210.3,,9080.45,
2024-12-23T08:00:00-06:00,19.33,19.898,20.83,,,,48393.15,22063,57,3896.31,3264.6,21238.52,21385.8,,8653.18,
2024-12-23T09:00:00-06:00,17.4,12.042,12.145,,,,48930.46,18616,60,10138.74,8079.6,20101.68,20809,,6801.53,
2024-12-23T10:00:00-06:00,14.56,1.285,1.327,,,,48680.81,16944,64,11425.68,10507.6,21583.93,20746.7,,6410.86,
2024-12-23T11:00:00-06:00,15.07,-0.14,-0.165,,,,48406.35,17195,68,10163.5,11522.8,21801.92,20299,,6491.57,
2024-12-23T12:00:00-06:00,16.69,0.115,0.035,,,,48207.68,16836,69,11424.86,12631.4,20329.06,19098.4,,6401.51,
2024-12-23T13:00:00-06:00,18.74,5.575,5.465,,,,48190.74,16541,71,12668.9,12382.7,18770.3,17480.7,,6586.88,
2024-12-23T14:00:00-06:00,20.35,15.503,15.34,,,,48188.26,18935,72,12356.64,11465.5,16456.68,15656.7,,8467.67,
2024-12-23T15:00:00-06:00,21.67,19.02,18.772,,,,48167.06,22614,72,11057.31,9781.6,14054.05,14051.4,,11401.73,
2024-12-23T16:00:00-06:00,31.49,25.113,24.783,,,,47949.43,28035,71,6625.11,5358.3,13230.76,12824.7,,15018.47,
2024-12-23T17:00:00-06:00,37.89,26.495,27.98,,,,48513.18,33836,68,640.61,602.4,13949.7,12747.1,,16739.91,
2024-12-23T18:00:00-06:00,28.73,21.793,22.01,,,,49307.83,32050,66,0.44,0,17081.14,14960.9,,16381.99,
2024-12-23T19:00:00-06:00,24.08,19.34,19.448,,,,49213.12,28574,64,0.59,0,20156,18263.3,,15349.1,
2024-12-23T20:00:00-06:00,22.12,20.83,20.91,,,,48829.55,27767,63,0.68,0,20054.79,20112.2,,15083.77,
2024-12-23T21:00:00-06:00,20.66,21.055,21.18,,,,47798.77,27636,62,0.68,0,19407.17,20550.1,,14836.96,
2024-12-23T22:00:00-06:00,20.3,22.778,22.912,,,,45852.04,26012,62,0.7,0,17744.41,20033.5,,13997.03,
2024-12-23T23:00:00-06:00,19.62,28.747,28.905,,,,43824.69,24458,62,0.72,0,15000.21,18818.1,,14028.45,
2024-12-24T00:00:00-06:00,20.3,27.65,29.293,,,,41809.03,28814,62,0.68,0,13602.31,15977.5,,13817.82,
2024-12-24T01:00:00-06:00,20.38,23.628,25.485,,,,40765.18,27986,61,0.72,0,13125.44,13824.9,,13186.88,
2024-12-24T02:00:00-06:00,18.94,21.193,22.34,,,,40013.72,26984,60,0.7,0,13158.92,12565.7,,12930.74,
2024-12-24T03:00:00-06:00,19.66,21.82,23.165,,,,39628.32,27097,60,0.7,0,12549.44,11697,,13091.77,
2024-12-24T04:00:00-06:00,19.68,23.09,23.977,,,,39686.09,28193,60,0.76,0,11378.2,10849.8,,13588.2,
2024-12-24T05:00:00-06:00,20.52,23.205,23.705,,,,40470.42,29497,59,0.79,0,10646.95,10093.6,,14646.37,
2024-12-24T06:00:00-06:00,22.83,22.673,23.075,,,,41939.07,30421,59,0.79,0,10984.44,9571.6,,15649.67,
2024-12-24T07:00:00-06:00,25.05,22.298,22.895,,,,43055.69,31642,60,205.34,225,10548.86,9177.5,,16019.26,
2024-12-24T08:00:00-06:00,24.16,23.945,26.38,,,,44594.39,31164,61,3169.08,3286.4,9621.04,8781.6,,15918.38,
2024-12-24T09:00:00-06:00,20.42,20.83,21.29,,,,46275.33,28909,63,8150.15,7633.9,9007.97,8495.5,,14621.71,
2024-12-24T10:00:00-06:00,19.95,20.9,20.875,,,,47494.57,27783,65,9411.92,9534.7,10130.25,8910.8,,14652.07,
2024-12-24T11:00:00-06:00,20.48,21.008,21.325,,,,48131.8,28316,66,9698.98,10512.4,10200.72,9346.9,,15049.68,
2024-12-24T12:00:00-06:00,20.06,20.985,21.195,,,,48063.49,28029,67,10367.52,10889.1,10674.03,9311,,15014.54,
2024-12-24T13:00:00-06:00,20.86,21.188,21.14,,,,47971.33,28616,68,10113.4,10490.6,10732.47,9240.7,,15368.22,
2024-12-24T14:00:00-06:00,19.94,21.915,21.312,,,,47855.83,29900,68,9384.75,9974.8,10364.17,9248.5,,16373.17,
2024-12-24T15:00:00-06:00,21.23,19.288,18.722,,,,47835.66,30461,67,8512.6,9072.1,10426.23,9360.2,,17370.56,
2024-12-24T16:00:00-06:00,24.45,20.543,20.26,,,,47794.89,32659,65,5204.86,5527.1,11035.88,9529.9,,19616.55,
2024-12-24T17:00:00-06:00,33.96,24.787,25.65,,,,48155.57,37065,63,643,697,10965.92,9672.6,,21131.03,
2024-12-24T18:00:00-06:00,28.8,22.995,24.495,,,,48226.87,37042,61,0.81,0,11112.11,9884.5,,20890.68,
2024-12-24T19:00:00-06:00,26.29,21.178,23.093,,,,47630.42,35357,60,0.73,0,11493.12,10242.6,,20121.78,
2024-12-24T20:00:00-06:00,25.91,20.93,23.07,,,,47094.41,34210,59,0.72,0,11278.63,10275.8,,19822.32,
2024-12-24T21:00:00-06:00,27.34,21.472,23.84,,,,46127.22,33951,58,0.78,0,10495.63,9927.8,,19519,
2024-12-24T22:00:00-06:00,24.67,23.11,26.472,,,,44787.09,34632,58,0.75,0,8771.75,9327.6,,20063.8,
2024-12-24T23:00:00-06:00,21.89,23.943,28.678,,,,43177.4,34574,57,0.78,0,7433.34,8433.9,,20109.81,
2024-12-25T00:00:00-06:00,22.09,24.933,29.323,,,,41040.11,35071,57,0.78,0,5866.63,5905.4,,20353.23,
2024-12-25T01:00:00-06:00,21.15,25.588,30.7,,,,39906.38,35290,56,0.77,0,4701.97,4684.9,,20671.05,
2024-12-25T02:00:00-06:00,20.84,25.775,32.395,,,,39288.38,35294,55,0.78,0,3921.06,3905.3,,20766.3,
2024-12-25T03:00:00-06:00,20.38,23.07,31.092,,,,39024.12,34984,54,0.78,0,3492.7,3353.8,,20996.99,
2024-12-25T04:00:00-06:00,20.2,24.367,32.885,,,,39057.15,35369,54,0.8,0,3040.33,2914.5,,21271.31,
2024-12-25T05:00:00-06:00,24.4,23.137,40.642,,,,39631.44,36334,54,0.8,0,2397.34,2614.5,,21760.85,
2024-12-25T06:00:00-06:00,23.65,23.3,41.86,,,,40894.71,37117,53,0.77,0,2409.64,2406.8,,22144.16,
2024-12-25T07:00:00-06:00,25.24,25.617,45.29,,,,42049.76,37729,53,73.88,226.7,2581.03,2240.2,,22237.99,
2024-12-25T08:00:00-06:00,23.6,27.795,37.395,,,,43342.79,37761,54,1767.12,3477.3,2574.68,2085,,22353.01,
2024-12-25T09:00:00-06:00,20.37,22.628,23.617,,,,44859.23,36126,56,4953.01,7896.4,2852.45,1980.6,,21121.58,
2024-12-25T10:00:00-06:00,20.54,23.737,29.557,,,,45557.47,36350,57,5940.38,10119.6,3020.38,2251.4,,21465.46,
2024-12-25T11:00:00-06:00,20.5,32.925,74.48,,,,45678.05,35636,58,6472.28,11255.1,2746.69,2691.9,,19805.69,
2024-12-25T12:00:00-06:00,18.78,43.523,48.357,,,,45387.46,35516,59,7630.48,12375.1,2284.37,2944,,20021.76,
2024-12-25T13:00:00-06:00,17.45,36.25,43.267,,,,44732.15,35228,60,7716.01,12349,2576.12,3263.1,,20009.76,
2024-12-25T14:00:00-06:00,16.6,24.985,27.653,,,,44259.98,34254,61,8255.4,11975.8,3055.62,3855.7,,19397.74,
2024-12-25T15:00:00-06:00,16.19,22.235,24.283,,,,43944.03,33920,61,8033.55,11915.8,3755.13,4855.6,,19103.48,
2024-12-25T16:00:00-06:00,20.69,24.887,31.312,,,,43854.84,35511,60,5185.37,6885.7,4119.5,6163.5,,20483.53,
2024-12-25T17:00:00-06:00,31.37,38.865,44.178,,,,44423.38,39813,59,645.98,790.2,4643.81,7696.6,,22083.11,
2024-12-25T18:00:00-06:00,26.2,32.723,32.678,,,,45512.05,38928,58,0.64,0,6663.06,9791.1,,22130.54,
2024-12-25T19:00:00-06:00,20.2,26.365,26.372,,,,45195.14,36194,57,0.72,0,8991.36,12550.2,,20440.24,
2024-12-25T20:00:00-06:00,18.94,24.285,24.46,,,,44913.41,33604,57,0.74,0,11164.51,15497.5,,18382.78,
2024-12-25T21:00:00-06:00,16.04,22.035,22.025,,,,44449.65,31561,57,0.72,0,12784.68,17781.6,,17614.63,
2024-12-25T22:00:00-06:00,15.87,25.34,25.34,,,,43584.13,31038,56,0.73,0,12607.16,18954.7,,16654.78,
2024-12-25T23:00:00-06:00,14.42,22.832,23.125,,,,42129.48,30266,56,0.71,0,11791.67,19351.6,,15864.82,
2024-12-26T00:00:00-06:00,16.72,24.398,25.62,,,,41635.26,30937,56,0.72,0,9630.75,17474,,15979.33,
2024-12-26T01:00:00-06:00,16.97,25.243,27.12,,,,40580.22,31175,56,0.73,0,8655.11,16119.2,,16346.6,
2024-12-26T02:00:00-06:00,17.88,24.513,25.725,,,,39923.1,30631,56,0.74,0,8466.19,14276.9,,15994.28,
2024-12-26T03:00:00-06:00,19.07,28.82,32.89,,,,39635.62,32022,56,0.74,0,7094.88,12295.4,,16807.48,
2024-12-26T04:00:00-06:00,20.98,33.57,39.55,,,,39906.54,33568,56,0.76,0,5810.98,10685.7,,17926.86,
2024-12-26T05:00:00-06:00,22.81,40.635,45.515,,,,41151.34,35771,56,0.76,0,4644.76,9526.1,,19896.38,
2024-12-26T06:00:00-06:00,22.11,51.73,56.945,,,,42889.66,36992,56,0.82,0,4947.61,8959.1,,20620.25,
2024-12-26T07:00:00-06:00,24,62.86,76.575,,,,44115.55,37798,56,42.78,163.6,4903.55,8784.2,,21025.26,
2024-12-26T08:00:00-06:00,22.64,77.897,80.453,,,,45145.22,37076,57,1621.14,3078.9,4825.02,8399.7,,21333.82,
2024-12-26T09:00:00-06:00,20.37,53.023,53.025,,,,46776.98,36219,59,5106.13,7947.7,4769.57,7948.1,,20445.64,
2024-12-26T10:00:00-06:00,19.88,40.812,40.695,,,,47728.55,35795,60,6761.08,9775.6,6315.92,8239.9,,20305.38,
2024-12-26T11:00:00-06:00,18.64,30.087,31.53,,,,48474.55,33814,62,7701.23,10383.5,7741.8,8803,,18795.33,
2024-12-26T12:00:00-06:00,17.72,30.322,30.137,,,,48634.18,32757,64,8382.2,10801.7,8539.5,9013.5,,18301.38,
2024-12-26T13:00:00-06:00,17.3,26.957,26.98,,,,48566.02,32344,66,9186.45,10863,8614.21,9060.6,,18088.68,
2024-12-26T14:00:00-06:00,17.38,22.457,22.585,,,,48344.27,31196,67,10512.98,10813.1,8261.05,8610.5,,17461.25,
2024-12-26T15:00:00-06:00,17.47,23.098,23.44,,,,48147.61,31919,68,10530.29,11150.5,7176.77,7483.5,,18585.77,
2024-12-26T16:00:00-06:00,24.83,45.815,45.955,,,,48107.05,36360,66,7289.28,6749.8,5073.24,5905.5,,22393.51,
2024-12-26T17:00:00-06:00,45.36,80.657,84.9,,,,48406.02,44119,63,795.98,841.2,3565.86,4528.5,,26789.84,
2024-12-26T18:00:00-06:00,40.6,83.605,86.322,,,,49124.48,44820,60,0.7,0,4078.73,3897.7,,27366.86,
2024-12-26T19:00:00-06:00,38.06,57.77,67.637,,,,48530.89,43899,59,0.82,0,4642.24,3845.9,,27247.87,
2024-12-26T20:00:00-06:00,32.45,40.163,55.37,,,,47972.69,42926,57,0.86,0,5262.18,3874.3,,26661.43,
2024-12-26T21:00:00-06:00,27.65,28.963,33.573,,,,47058.03,41783,56,0.77,0,5623.78,4059.6,,25734.73,
2024-12-26T22:00:00-06:00,27.34,24.298,24.955,,,,45543.45,39043,55,0.69,0,6928.88,4551.6,,23732.36,
2024-12-26T23:00:00-06:00,24.84,18.765,21.098,,,,43864.64,35300,53,0.69,0,9265.26,5378.1,,21291.92,
2024-12-27T00:00:00-06:00,24.04,19.39,22.72,,,,42583.94,31344,52,0.7,0,11624.91,9564.8,,17757.53,
2024-12-27T01:00:00-06:00,21.36,19.805,22.028,,,,41655.95,28735,51,0.68,0,13048.58,11570.1,,15641.94,
2024-12-27T02:00:00-06:00,18.74,16.05,18.047,,,,41125.92,26245,50,0.69,0,15086.73,13620.2,,13654.99,
2024-12-27T03:00:00-06:00,16.13,15.755,17.043,,,,41006.97,24882,49,0.68,0,16491.99,15614.3,,12777.71,
2024-12-27T04:00:00-06:00,15.78,14.553,14.907,,,,41223.91,23475,48,0.71,0,18277.12,17120.6,,12128.27,
2024-12-27T05:00:00-06:00,17.74,14.635,14.932,,,,42537.47,23351,47,0.77,0,19614.5,18064.6,,12093.43,
2024-12-27T06:00:00-06:00,18.09,16.218,16.19,,,,44547.43,24458,47,0.81,0,20299.23,18811.5,,12654.53,
2024-12-27T07:00:00-06:00,18.7,16.42,16.388,,,,45882.31,25771,48,355.91,305.5,20105.22,19254.7,,12588.87,
2024-12-27T08:00:00-06:00,15.86,14.652,14.5,,,,46801.78,22824,52,5445.68,5381.8,18996.75,19183.4,,10645.16,
2024-12-27T09:00:00-06:00,7.79,8.203,8.165,,,,47578.45,19034,57,14135.91,13438.7,15091.39,17852.6,,7799.84,
2024-12-27T10:00:00-06:00,7.5,12.59,12.58,,,,47549,19152,63,16062.35,15992.1,12687.23,16504.4,,8015.05,
2024-12-27T11:00:00-06:00,6.67,13.982,13.977,,,,47393.7,19558,67,16290.27,16454,12662.03,16764.8,,8511.14,
2024-12-27T12:00:00-06:00,5.67,13.195,13.13,,,,47758.64,19368,70,16462.37,17011.8,12995.91,16526.2,,8280.35,
2024-12-27T13:00:00-06:00,9.72,16.648,16.712,,,,48301.18,20630,73,15161.99,17164.2,12414.34,14674.9,,9387.24,
2024-12-27T14:00:00-06:00,13.91,20.005,20.097,,,,48824.34,23733,74,13346.74,17535.6,11048.12,12371.3,,11489.41,
2024-12-27T15:00:00-06:00,16.12,34.495,34.495,,,,49178.89,30381,74,11008.59,16714.1,6869.59,9778.2,,15971.87,
2024-12-27T16:00:00-06:00,28.14,57.325,57.675,,,,48976.81,37861,72,5480.93,8908.2,5074.9,6931.6,,21518.98,
2024-12-27T17:00:00-06:00,51.19,37.415,37.442,,,,48644.47,41782,67,477.81,920.5,6809.36,5219.6,,24014.76,
2024-12-27T18:00:00-06:00,38.13,25.533,25.56,,,,49080.7,39033,64,0.52,0,10190.33,5849.3,,22580.61,
2024-12-27T19:00:00-06:00,36.37,20.137,20.655,,,,48202.33,34856,63,0.55,0,13565.96,7745.4,,20550.17,
2024-12-27T20:00:00-06:00,25.85,19.16,19.46,,,,47635.49,32480,63,0.64,0,15331.58,9638.9,,19886.65,
2024-12-27T21:00:00-06:00,20.34,16.905,16.93,,,,46816.35,29975,62,0.68,0,17486.08,11925.8,,17984.33,
2024-12-27T22:00:00-06:00,18.52,19.182,19.263,,,,45509.48,27333,62,0.68,0,19143.63,15484.2,,15183.04,
2024-12-27T23:00:00-06:00,17.15,15.808,15.872,,,,43906.67,24083,63,0.69,0,20259.68,19112.1,,12040.86,
2024-12-28T00:00:00-06:00,14.54,20.66,20.97,,,,42330.13,22648,63,0.75,0,19939.24,22933.1,,10300.37,
2024-12-28T01:00:00-06:00,13.04,23.66,23.778,,,,41382.41,23076,63,0.73,0,18343.4,22504.3,,9922.92,
2024-12-28T02:00:00-06:00,13.34,26.322,26.275,,,,40781.87,24230,63,0.73,0,16363.88,21895.3,,10341.94,
2024-12-28T03:00:00-06:00,14.14,28.79,28.787,,,,40418.93,24931,63,0.74,0,15703.43,21197.3,,10636.58,
2024-12-28T04:00:00-06:00,15.52,22.355,22.355,,,,40303.03,24413,63,0.73,0,15976.46,20715.6,,10248.78,
2024-12-28T05:00:00-06:00,16.43,21.545,21.545,,,,40497.16,24312,63,0.74,0,16353.87,20402.6,,10479.28,
2024-12-28T06:00:00-06:00,18.73,24.11,24.11,,,,41236.11,26075,63,0.73,0,15310.84,20214.8,,10942.02,
2024-12-28T07:00:00-06:00,18.03,23.015,23.015,,,,42097.37,27050,63,76.03,198,15150.32,20187.7,,10996.76,
2024-12-28T08:00:00-06:00,15.17,21.707,21.707,,,,43840.86,25336,64,3080.41,4142,15298.36,20012.3,,10255.02,
2024-12-28T09:00:00-06:00,9.18,18.298,17.755,,,,45893.36,21464,64,8742.24,11142.4,15688.59,19987.9,,8454.64,
2024-12-28T10:00:00-06:00,10.06,16.625,15.868,,,,47120.87,20223,64,10916.4,14085.1,16447.08,21028.3,,8059.7,
2024-12-28T11:00:00-06:00,10.09,17.59,16.925,,,,47638.28,20419,67,10458.01,15119.5,17806.62,22087.5,,8453.58,
2024-12-28T12:00:00-06:00,8,13.273,13.528,,,,47905.07,19764,68,11684.01,16385.9,18288.41,22213.3,,8202.76,
2024-12-28T13:00:00-06:00,4.61,12.553,13.08,,,,47901.17,19096,70,13162.07,16407.6,17552.56,21894.8,,7777.2,
2024-12-28T14:00:00-06:00,4.93,7.898,8.132,,,,47865.61,18954,71,13724.82,16544.2,17438.46,21241.4,,7669.36,
2024-12-28T15:00:00-06:00,4.54,0.113,0.127,,,,48145.73,19592,71,13196.2,16632.8,17721.24,19935.1,,8855.85,
2024-12-28T16:00:00-06:00,18.51,7.997,7.975,,,,47740.36,23707,70,8993.58,9609.4,16021.12,17166,,12824.08,
2024-12-28T17:00:00-06:00,41.79,29.965,29.965,,,,47693.5,35764,65,1193.71,1110.8,11339.66,13437,,20658.98,
2024-12-28T18:00:00-06:00,36.71,29.177,30.187,,,,48222.53,39164,61,0.54,0,9508.38,10998.8,,21923.39,
2024-12-28T19:00:00-06:00,31.87,24.585,26.143,,,,47533.87,38151,57,0.58,0,9695.3,9696,,21595.74,
2024-12-28T20:00:00-06:00,33,24.352,25.525,,,,46874.96,38178,56,0.66,0,9171.52,8493.9,,21658.64,
2024-12-28T21:00:00-06:00,26.3,26.622,30.19,,,,46021.95,37715,54,0.7,0,8439.27,7692.6,,21378.5,
2024-12-28T22:00:00-06:00,24.72,30.463,38.327,,,,44761.53,37754,54,0.67,0,6950.48,7395.7,,21448.38,
2024-12-28T23:00:00-06:00,22.61,30.828,37.74,,,,43259.34,36972,53,0.68,0,5995.08,7433.4,,21410.89,
2024-12-29T00:00:00-06:00,24.02,32.963,37.98,,,,41719.41,35442,52,0.71,0,6082.29,8164.1,,19418.8,
2024-12-29T01:00:00-06:00,25.26,43.605,46.615,,,,40715.82,34425,51,0.77,0,6060.99,8964.9,,17751.72,
2024-12-29T02:00:00-06:00,20.85,30.417,30.793,,,,40068.58,33249,50,0.76,0,6951.69,10103.3,,16919.45,
2024-12-29T03:00:00-06:00,17.11,24.938,25.428,,,,39842.76,32091,49,0.77,0,8024.85,11243.1,,16089.92,
2024-12-29T04:00:00-06:00,16.97,25.67,25.695,,,,39804.43,31738,49,0.79,0,8508.01,12179,,15810.55,
2024-12-29T05:00:00-06:00,16.76,22.295,23.12,,,,40000.33,31022,48,0.76,0,9577.15,12576,,15662.53,
2024-12-29T06:00:00-06:00,16.96,21.178,21.902,,,,40830.4,30231,47,0.78,0,11053.4,12436.9,,15552.07,
2024-12-29T07:00:00-06:00,17.4,19.355,19.905,,,,42022.5,29724,47,295.72,360.6,12432.13,12143.7,,15328.63,
2024-12-29T08:00:00-06:00,15.67,16.748,16.748,,,,43616.21,27104,52,4948.12,6258.1,12280.77,11194.8,,13961.92,
2024-12-29T09:00:00-06:00,14.67,16.215,16.215,,,,44740.16,25962,57,12039.44,14838,8164.01,8663,,13853.72,
2024-12-29T10:00:00-06:00,15.74,20.832,20.832,,,,44998.05,26962,61,14188.71,17377.2,4049.98,5225.8,,14675.15,
2024-12-29T11:00:00-06:00,17.84,19.57,19.57,,,,45174.85,26820,65,15248.57,17501,2564.67,3032.8,,14632.85,
2024-12-29T12:00:00-06:00,18.94,17.207,17.207,,,,45310.24,26298,69,15775.57,17847.1,2111,2393.5,,14148.22,
2024-12-29T13:00:00-06:00,18.77,17.903,17.903,,,,45550.31,26384,71,16105.14,18222.4,1672.29,2132.7,,14360.09,
2024-12-29T14:00:00-06:00,16.43,15.61,15.61,,,,45963.55,26447,73,17063.34,18780.6,1621.76,2011.1,,14551.51,
2024-12-29T15:00:00-06:00,16.07,12.24,12.24,,,,46247.53,26039,72,17675.09,18994.5,1980.43,2180.4,,14595.62,
2024-12-29T16:00:00-06:00,29.07,24.08,24.08,,,,46265.5,31347,71,11235.95,10920.9,3038.95,2692.6,,18843.12,
2024-12-29T17:00:00-06:00,55.4,35.312,35.325,,,,46286.54,41187,65,1341.79,1238.2,3966.04,3934.5,,23205.8,
2024-12-29T18:00:00-06:00,38.71,29.455,29.33,,,,47139.96,41605,61,0.58,0,5939.01,6392,,23107.58,
2024-12-29T19:00:00-06:00,27.08,22.535,22.142,,,,46942.35,38253,59,0.56,0,8833.48,9661.5,,22210.38,
2024-12-29T20:00:00-06:00,20.39,18.29,18.005,,,,46511.29,33190,57,0.56,0,13210.02,13179.3,,19570.36,
2024-12-29T21:00:00-06:00,16.05,14.485,14.068,,,,45739.48,27096,56,0.56,0,18749.06,18009.9,,15033.79,
2024-12-29T22:00:00-06:00,15.96,12.77,12.348,,,,44303.32,21828,55,0.78,0,22705.09,21502.8,,10097.74,
2024-12-29T23:00:00-06:00,12.28,4.732,4.355,,,,42549.96,18292,56,0.76,0,25376.92,23675.2,,7210.15,
2024-12-30T00:00:00-06:00,11.76,-2.13,-2.242,,,,41880.4,17658,55,0.75,0,24894.16,24239.3,,6643.75,
2024-12-30T01:00:00-06:00,6.25,-9.4,-9.295,,,,41043.5,17220,53,0.77,0,24330.05,25613.1,,6675.39,
2024-12-30T02:00:00-06:00,2.74,-13.705,-13.512,,,,40626.93,16778,53,0.76,0,24056.45,26706.8,,6394.94,
2024-12-30T03:00:00-06:00,1.53,-19.192,-18.892,,,,40557.99,16769,52,0.76,0,23691.47,27315.4,,6261.77,
2024-12-30T04:00:00-06:00,5.76,-14.665,-14.22,,,,40865.93,16836,52,0.75,0,23972.64,27478.7,,6330.84,
2024-12-30T05:00:00-06:00,13.75,-2.458,-2.583,,,,42203.5,17173,52,0.86,0,24946.21,27444.2,,6535.89,
2024-12-30T06:00:00-06:00,17.16,10.755,9.073,,,,44185.97,18383,52,0.89,0,25787.33,27327.9,,6886.22,
2024-12-30T07:00:00-06:00,17.6,11.433,9.597,,,,45464.96,19453,52,338.04,406.9,25956.96,27123.3,,7071.58,
2024-12-30T08:00:00-06:00,10.66,-2.717,-2.805,,,,46313.2,17409,57,4663.86,7264.2,24512.22,26583.9,,6112.68,
2024-12-30T09:00:00-06:00,5.01,-3.92,-3.92,,,,47051.87,16803,63,9294.41,16867.3,21277.54,25226,,5840.37,
2024-12-30T10:00:00-06:00,2.21,-3.728,-3.713,,,,47271.56,16651,69,10401.58,19104.2,20641.37,24011.6,,5881.7,
2024-12-30T11:00:00-06:00,3.16,-4.58,-4.542,,,,47714.38,16427,74,9068.73,18736.7,22045.44,24130.4,,5924.12,
2024-12-30T12:00:00-06:00,3.19,-4.265,-4.885,,,,48281.78,16623,79,8738.49,18436.9,22668.89,24859.6,,6119.17,
2024-12-30T13:00:00-06:00,5.33,-2.63,-2.99,,,,48996.2,16897,82,10308.84,18850.9,21814.54,24685.3,,6423.58,
2024-12-30T14:00:00-06:00,8.1,-0.987,-1.365,,,,49937.88,17392,82,12919.12,19667.2,19820.55,23086.4,,6954.72,
2024-12-30T15:00:00-06:00,13.28,-0.447,-0.815,,,,50585.44,19605,82,13880.78,19889.4,17393.29,20290.6,,9371.48,
2024-12-30T16:00:00-06:00,15.61,17.045,16.94,,,,50391.96,26003,79,10174.55,11571.2,14320.08,15606.2,,14433.18,
2024-12-30T17:00:00-06:00,43.57,44.783,44.785,,,,50107.95,38427,72,1310.44,1338,10388.9,11955.1,,21147.71,
2024-12-30T18:00:00-06:00,36.78,33.195,33.158,,,,50105.56,39740,67,0.71,0,10772.57,11664.4,,21955.51,
2024-12-30T19:00:00-06:00,28.93,25.54,25.21,,,,49428.07,37301,62,0.67,0,12288.57,12673.1,,21145.6,
2024-12-30T20:00:00-06:00,23.91,21.61,20.84,,,,48641.83,33850,60,0.71,0,14752.63,14251.5,,19303.91,
2024-12-30T21:00:00-06:00,17.08,16.025,14.85,,,,47396.78,29094,58,0.71,0,18693.31,16319.9,,16446.64,
2024-12-30T22:00:00-06:00,16.89,14.93,13.618,,,,45452.62,25150,57,0.7,0,21028.25,18391.9,,13330.29,
2024-12-30T23:00:00-06:00,16.17,13.868,12.483,,,,43385.87,22608,56,0.68,0,21915.85,19476,,10709.75,
2024-12-31T00:00:00-06:00,19.46,15.835,14,,,,41409.57,20376,54,0.68,0,22177.18,17145.7,,8400.57,
2024-12-31T01:00:00-06:00,14.93,12.198,10.637,,,,40761.82,19413,54,0.68,0,22369.34,17972.1,,7853.54,
2024-12-31T02:00:00-06:00,12.22,10.062,8.947,,,,40459.63,18797,54,0.77,0,22404.5,18804.5,,7824.91,
2024-12-31T03:00:00-06:00,11.74,12.622,11.605,,,,40183.91,18972,52,0.75,0,21485.75,19169.9,,8164.11,
2024-12-31T04:00:00-06:00,14.87,16.52,15.183,,,,40470.6,20053,52,0.74,0,20557.57,19024.1,,8561.68,
2024-12-31T05:00:00-06:00,19.09,19.665,18.357,,,,41785.73,21375,51,0.85,0,20592.16,18795,,9213.84,
2024-12-31T06:00:00-06:00,25.93,21.315,20.885,,,,44067.51,23543,49,0.73,0,20123.96,18523.1,,10290.26,
2024-12-31T07:00:00-06:00,26.23,20.175,20.165,,,,45439.43,24852,49,373.65,451.4,19892.56,17723.4,,10308,
2024-12-31T08:00:00-06:00,16.98,6.515,6.492,,,,46205.23,20629,52,8254.13,7806.8,18328.82,15854.2,,8463.43,
2024-12-31T09:00:00-06:00,7.38,-0.39,-0.39,,,,46508.81,18066,55,15134.56,18475.1,16346.96,13710.8,,7506.11,
2024-12-31T10:00:00-06:00,6.19,-0.568,-0.568,,,,46406.79,17638,58,15060.48,20402.7,15326.75,12656.5,,7501.73,
2024-12-31T11:00:00-06:00,10.78,10.6,10.6,,,,46320.7,18255,60,18390.23,19642,9881.7,10791.3,,8334.52,
2024-12-31T12:00:00-06:00,17.06,20.852,20.852,,,,46240.65,20904,62,18457.52,18953.4,6732.65,7929,,10111.22,
2024-12-31T13:00:00-06:00,17.98,22.13,22.13,,,,46151.64,22163,63,18809.02,19265.1,5085.57,5998.2,,10574.58,
2024-12-31T14:00:00-06:00,16.14,21.467,21.467,,,,46248.84,22958,64,19536.22,20176.8,4113.24,5022,,11027.21,
2024-12-31T15:00:00-06:00,17.77,15.13,15.13,,,,46634.6,23743,64,19389.7,20091.2,3637.42,4703.4,,12056.59,
2024-12-31T16:00:00-06:00,20.5,27.798,27.798,,,,46931.18,31371,62,11953.91,11826.1,3814.16,4948.2,,19253.52,
2024-12-31T17:00:00-06:00,44.27,42.115,50.082,,,,48049.75,42503,57,1447.51,1373,4073.26,5712.1,,24646.59,
2024-12-31T18:00:00-06:00,35.29,42.885,55.327,,,,49807.12,43000,54,0.59,0,5212.15,6964.7,,25197.36,
2024-12-31T19:00:00-06:00,32.31,30.168,34.585,,,,49397.29,40337,52,0.61,0,7349.27,8577.3,,24566.51,
2024-12-31T20:00:00-06:00,30.28,25.767,26.497,,,,49036.65,38137,50,0.68,0,8892.64,9809.9,,23128.01,
2024-12-31T21:00:00-06:00,24.78,22.48,22.625,,,,48780.67,35897,49,0.68,0,10501.28,10858.8,,22123.3,
2024-12-31T22:00:00-06:00,20.68,22.225,22.233,,,,47719,33494,48,0.7,0,11806.17,11663.9,,20548.57,
2024-12-31T23:00:00-06:00,20.1,20.288,20.288,403,8511,,46647.33,31441,47,0.7,0,13288.81,12057.2,,18980.47,
