Timestamp,ERCOT - Price - Load Zone: LZ_HOUSTON - ISO: Actual - DA LMP - Latest (Now),ERCOT - Price - Load Zone: LZ_HOUSTON - ISO: Actual - RT SPP (15 min) - Latest (Now),ERCOT - Price - Hub: HB_BUSAVG - ISO: Actual - RT SPP (15 min) - Latest (Now),ERCOT - Grid Conditions - System Wide - ISO: Actual - Dispatchable Outages (Planned) - Latest (Now),ERCOT - Grid Conditions - System Wide - ISO: Actual - Dispatchable Outages (Unplanned) - Latest (Now),ERCOT - Load - System Wide - ISO: Actual - Load - Latest (Now),ERCOT - Load - System Wide - ISO: Forecast - Load - Prior Day (Rolling),ERCOT - Load - System Wide - ENV: Actual - Net Load - Latest (Now),ERCOT - Load - System Wide - ENV: Actual - Temperature - Latest (Now),ERCOT - Generation - Solar - System Wide - ISO: Actual - Generation - Latest (Now),ERCOT - Generation - Solar - System Wide - ISO: Forecast - Generation (STPF) - Prior Day (Rolling),ERCOT - Generation - Wind - System Wide - ISO: Actual - Generation (5 min) - Latest (Now),ERCOT - Generation - Wind - System Wide - ISO: Forecast - Generation (STPF) - Prior Day (Rolling),ERCOT - Grid Conditions - System Wide - ISO: Actual - PRC - Latest (Now),ERCOT - Grid Conditions - System Wide - ISO: Actual - Fuel Mix (Natural Gas) - Latest (Now),ERCOT - Grid Conditions - System Wide - ISO: Actual - Energy Storage Resources (Net Output) - Latest (Now)
2026-01-01T00:00:00-06:00,20.51,17.807,18.337,1077,12335.5,46223.92,47770.67,25448,47,0.26,0,20745.91,19835.3,12729.33,18030.95,-3178.25
2026-01-01T01:00:00-06:00,20.79,19.355,20.04,1077,12404.83,46209.83,47027.23,26311,46,0.29,0,19962.73,19354.9,13863.08,18711.36,-2842.64
2026-01-01T02:00:00-06:00,20.98,20.597,21.3,1077,12701,46147.25,46767.94,27900,45,0.33,0,18286.77,18496.3,14320.27,18989.06,-1226.11
2026-01-01T03:00:00-06:00,21.77,21.805,22.552,1077,12701,46249.33,46862.89,29727,44,0.29,0,16516.56,17480.8,14229.83,19871.66,-672.03
2026-01-01T04:00:00-06:00,23.65,22.628,23.19,1077,12805.33,46722.67,47393.94,30955,44,0.32,0,15721.3,16417,14046.49,20419.74,-361.33
2026-01-01T05:00:00-06:00,28.59,23.413,23.793,1077,12159,47436.92,48553.71,32469,43,0.29,0,14918.38,15248.9,13545.18,20994.75,219.55
2026-01-01T06:00:00-06:00,32.38,23.392,23.603,1077,11999.67,48468.83,49975.7,34744,42,0.28,0,13670.34,14213.6,12387.09,21027.45,2011.17
2026-01-01T07:00:00-06:00,32.07,23.23,23.392,1077,11929,49000.92,51137.87,35384,43,590.46,480.6,12995.57,13427,11538.43,20959.08,2528.28
2026-01-01T08:00:00-06:00,21.23,17.777,17.845,1077,11970,48735.33,51002.61,27426,50,9085.62,8205.4,12346.68,12569.8,12992.22,17147.75,-496.94
2026-01-01T09:00:00-06:00,17.09,14.747,15.482,1077,12141.5,47992.25,49790.63,20674,56,17991.8,17515.2,9543.97,10374.4,14305.46,12632.03,-1346.82
2026-01-01T10:00:00-06:00,17.35,15.347,19.18,1077,12092,47157.58,48461.87,20861,62,19571.73,19197.8,6777.22,7428.1,14461.94,12589.27,-751.09
2026-01-01T11:00:00-06:00,15.28,14.088,18.46,1077,12278.17,46421.5,47364.33,20633,66,19601.04,19135.3,6197.61,6407.1,14437.54,12146.2,-774.99
2026-01-01T12:00:00-06:00,15.31,14.568,15.93,1077,12069,46117.5,46572.18,20878,70,18312.66,18193.3,6847.08,7359.5,14730.4,12073.83,-1042.01
2026-01-01T13:00:00-06:00,13.64,12.26,13.71,1077,12064,45836.58,46142.49,19845,71,17676.81,17785.6,8275.58,9219.6,15261.2,11416.93,-1356.38
2026-01-01T14:00:00-06:00,9.91,14.85,14.925,1077,12081.5,45736,46152.89,19031,72,15996.45,17233.3,10575.41,11109.6,15246.55,11589.54,-2322.79
2026-01-01T15:00:00-06:00,13.19,15.018,15.018,1077,12106.5,45796.17,46330.62,21091,71,11524.64,15153.1,13058.7,12522.4,15146.25,12358.82,-1453.37
2026-01-01T16:00:00-06:00,20.78,18.795,18.795,1077,12111,46208.42,46524.71,25310,69,5742.48,8787.8,15041.16,13858,14658.25,15059.53,-537.45
2026-01-01T17:00:00-06:00,25.62,22.08,22.08,1077,11985.67,47517.58,47540.82,30878,67,1054.38,1010.7,15385.87,16045.4,12332.02,16327.96,3040.76
2026-01-01T18:00:00-06:00,25.14,20.015,20.05,1077,11909,48577.25,49094.91,30026,65,0.64,0,18364.26,19228.6,12316.96,16092.4,2196.12
2026-01-01T19:00:00-06:00,20.25,17.467,17.742,1077,11920.92,48221.67,48902.09,27106,64,0.59,0,21050.63,22279,12790.49,15408.57,472.88
2026-01-01T20:00:00-06:00,16.71,14.363,15.12,1077,11804,47670.25,48684.87,24306,63,0.6,0,23319.6,24824.5,13379.28,13701.18,79.53
2026-01-01T21:00:00-06:00,14.24,13.005,13.555,1077,11811,46938,47961.64,21783,63,0.63,0,25160.32,26780.9,13819.44,12099.65,10.57
2026-01-01T22:00:00-06:00,15.72,14.8,15.165,1077,11771,45606.33,46628.92,20474,63,0.65,0,25467.69,28117.9,13803.24,10596.43,-106.75
2026-01-01T23:00:00-06:00,13.75,14.495,14.578,1077,11810.58,44105.58,45136.38,18985,62,0.64,0,25004.6,28953.2,14316.82,10152.51,-701.24
2026-01-02T00:00:00-06:00,15.67,14.95,14.97,1077,12269.33,42846.17,43797.26,18600,61,0.62,0,24249.05,28809.4,14162.6,9371.55,-539.72
2026-01-02T01:00:00-06:00,12.48,13.197,13.105,1077,12281,41719.42,42456.71,17638,60,0.67,0,24143.94,28575.3,14555.74,8906.19,-886.43
2026-01-02T02:00:00-06:00,10.43,12.255,12.07,1077,12286.33,41128,41719.69,17153,59,0.86,0,23968.95,28101.8,15183.61,8797.46,-1336.96
2026-01-02T03:00:00-06:00,10.46,9.257,9.065,1077,12289.67,41003.17,41564.17,17005,59,0.71,0,23997.16,27414.1,15623.38,8425.82,-1101.82
2026-01-02T04:00:00-06:00,13.78,10.572,10.373,1077,12290,41479.25,41913.06,17863,57,0.66,0,23559.35,26590.5,15257.17,8546.86,-264.9
2026-01-02T05:00:00-06:00,16.77,13.737,13.512,1077,12302.5,42527.75,43228.98,18809,57,0.81,0,23569.3,25873,14724.36,8848.24,326.52
2026-01-02T06:00:00-06:00,18.99,16.582,16.36,1077,12591.33,44257.08,45109.27,20744,56,0.7,0,23377.31,25223.6,13974.47,9471.57,1177.51
2026-01-02T07:00:00-06:00,19.89,16.403,16.178,1077,13002.5,45542.33,46588.71,21620,56,493.33,374.5,23335.02,24314.1,13194.77,9514.4,1830.58
2026-01-02T08:00:00-06:00,15.47,2.893,2.828,1077,12980,46167.25,47580.27,15686,62,9533.94,8067.1,21113.14,20729.9,15129.35,8100.64,-1871.5
2026-01-02T09:00:00-06:00,2.77,-2.522,-2.522,1077,12977.58,46705.08,48468.05,12413,67,17888.58,19506.2,16481.71,18412.1,16732.8,7176.62,-3199.5
2026-01-02T10:00:00-06:00,2.16,-2.06,-2.06,1077,13137.17,47282.5,48914.46,12227,72,19074.94,22710.9,15937.63,16680.9,16861.74,7055.03,-2889.68
2026-01-02T11:00:00-06:00,2.85,-2.022,-2.022,1077,13236.5,47943.75,49336.56,13484,76,18532.32,23131.9,15865.54,16167.8,16480.6,7035.28,-1484.12
2026-01-02T12:00:00-06:00,4.79,-1.182,-1.18,1077,12946,48968,50002.08,14131,78,19409.83,22736.1,15349.99,15672.6,15763.58,7204.04,-1026.58
2026-01-02T13:00:00-06:00,9.82,-0.487,-0.512,1077,12895,50001.75,50910.28,15072,80,20035.54,23033.9,14827.72,14962.8,15582.85,7539.57,-413.98
2026-01-02T14:00:00-06:00,10.22,-0.883,-0.63,1077,12894.33,51031.33,51795.6,16098,81,20427.95,24166.2,14407.97,14219.3,15702.4,8288.65,-92.93
2026-01-02T15:00:00-06:00,9.34,-1.095,-0.658,1077,12797,52033.17,52501.11,17910,81,19926.59,23797.5,13972.5,13674.4,15765.1,10440.64,-378.34
2026-01-02T16:00:00-06:00,19.43,13.78,13.14,1077,12795,52555.17,52567,23890,79,13565.13,14459.1,15008.53,13063.5,15087.47,15068.46,564
2026-01-02T17:00:00-06:00,41.52,23.507,23.47,1077,12633,52175.83,52376.88,35190,73,1685.22,1620.7,15228.85,14922.9,11558.16,19468.95,4640.06
2026-01-02T18:00:00-06:00,31.11,21.525,21.525,1077,12480,52084.92,52362.21,34959,68,0.28,0.1,17091.36,16434.1,11844.54,19435.54,3595.46
2026-01-02T19:00:00-06:00,23.97,17.993,17.993,1077,12318.75,50809.75,51198.32,31329,66,0.18,0,19467.7,18562.3,12844.62,18548.56,782.54
2026-01-02T20:00:00-06:00,21.97,16.247,16.247,1077,11812.5,49834.33,50434.9,29026,64,0.2,0,20829.64,20167.9,13493.76,17448.68,241.34
2026-01-02T21:00:00-06:00,19.97,15.885,15.907,1077,11740,48694.83,49250.47,27787,63,0.18,0,20910.36,21162.9,13705.28,16708.71,-7.74
2026-01-02T22:00:00-06:00,20.54,15.83,15.845,1077,11726.67,47209.5,47790.18,26294,61,0.2,0,21879.97,21484.7,14095.15,15176.12,-719.57
2026-01-02T23:00:00-06:00,19.15,14.368,14.26,1077,11729,45515.92,46027.26,24619,60,0.21,0,22280.15,21442.9,14853.37,13351,-548.08
2026-01-03T00:00:00-06:00,15.63,16.312,16.057,1077,11721.33,43953.25,44890.44,22847,58,0.22,0,21221.36,22612.9,15125.62,13662.22,-1102.44
2026-01-03T01:00:00-06:00,15.78,15.225,14.882,1077,11788.17,42788.25,43783.08,22626,57,0.24,0,20223.98,21296.2,15942.49,13027.43,-1286.76
2026-01-03T02:00:00-06:00,16.12,15.985,15.615,1077,12086.5,41957,43261.14,23333,57,0.19,0,18715.21,20000.9,15790.31,13733.52,-1402.81
2026-01-03T03:00:00-06:00,17.52,14.298,14.35,1077,11988.25,41395.92,43029.06,22865,57,0.21,0,18512.41,18717.8,16027.28,13198.51,-1012.54
2026-01-03T04:00:00-06:00,16.49,13.97,13.97,1077,11662,41304.17,43322.71,22986,56,0.21,0,18313.16,17566.2,16050.83,13390.91,-711.56
2026-01-03T05:00:00-06:00,20.06,15.012,15.495,1077,11662,41655,45271.49,24660,54,0.21,0,16997.93,16569.7,15440.69,13921.48,197.64
2026-01-03T06:00:00-06:00,22.32,17.7,18.145,1077,11628.67,42616.17,48053.36,27284,53,0.24,0,15309.8,15176.7,14528.67,15409.46,933.74
2026-01-03T07:00:00-06:00,24.52,17.907,17.915,1077,11618.67,43789.17,49975.03,28700,53,405.52,434,14600.44,13508.6,13618.93,15907.64,1621.37
2026-01-03T08:00:00-06:00,18.4,13.528,13.543,1077,11632,45211.25,50596.28,23504,57,9080.29,8191.5,12688.06,11270,15000.08,13472.82,-704.34
2026-01-03T09:00:00-06:00,14.2,4.575,9.163,1077,11664,46253.25,51475.42,17961,61,21046.19,19260,7383.88,8147.5,16116.86,10649.56,-2094.77
2026-01-03T10:00:00-06:00,13.8,7.835,14.293,1077,11687.67,46862.67,51584.35,18760,65,23064.71,22134.3,5017,5974.9,16034.96,11123.95,-1448.1
2026-01-03T11:00:00-06:00,13.91,11.793,17.277,1077,11668.33,47333.58,51166.44,19504,68,22979.93,22542.2,4802.03,5460.9,15964.38,11886.84,-1387.59
2026-01-03T12:00:00-06:00,14.15,13.112,13.707,1077,11645.5,47864.58,50547.6,20281,70,22701.45,22425,4872.84,4905.5,15578.07,11584.22,-1000.76
2026-01-03T13:00:00-06:00,15,13.962,13.962,1077,11547.67,48217.5,49787.59,21327,71,23410.12,22734.2,3500.35,4074.3,15574.42,11965.76,-837.32
2026-01-03T14:00:00-06:00,14.48,11.182,11.182,1077,11530.33,48524.42,49398.69,20747,71,24628.27,23828.4,3117.84,3428.5,15873.19,11668.57,-805.89
2026-01-03T15:00:00-06:00,14.37,2.015,2.015,1077,11410,48889.08,49415.66,21632,71,24174.24,23833.6,3087.82,3146.7,16151.44,13198.13,-828.4
2026-01-03T16:00:00-06:00,24.29,25.51,25.51,1077,11299.08,49149.42,49207.83,31185,69,15097.89,14800.6,2856.59,3161.8,14636.72,20873.62,843.62
2026-01-03T17:00:00-06:00,46.95,37.988,41.665,1077,11347.67,49585.92,49559.5,44866,64,1909.65,1768,2749.38,3799.2,10245.74,25792.77,6031.53
2026-01-03T18:00:00-06:00,41.35,30.957,35.227,1077,11215.17,49989.17,51109.31,46222,61,0.18,0,3737.25,5312.5,8986.4,25744.82,6341.47
2026-01-03T19:00:00-06:00,37.58,36.448,45.22,1077,11216,48914.92,50957.08,44084,58,0.07,0,4867.94,6994.3,7244.12,25823.69,4061.26
2026-01-03T20:00:00-06:00,31.61,38.525,48.62,1077,11355.67,47569.17,50486.55,40925,56,0.09,0,6612.3,8403.9,6861.84,26017.27,941.61
2026-01-03T21:00:00-06:00,27.89,25.48,29.485,1077,11200,47313.83,49080.04,38830,54,0.09,0,8415.06,9626.7,7412.02,25086.46,-150.96
2026-01-03T22:00:00-06:00,26.55,22.193,23.263,1077,10584.83,46308,47779.06,37883,53,0.12,0,10148.11,10791.2,8548.98,24224.88,-923.42
2026-01-03T23:00:00-06:00,25.51,19.38,19.38,1092.42,10377.67,44742.83,46559.41,36353,51,0.18,0,11839.86,11709.6,9736.65,22669.14,-1470.17
2026-01-04T00:00:00-06:00,21.63,19.648,19.57,1262,10358,43488,44363.53,31127,50,0.13,0,12389.6,13181.2,10269.92,20627.01,-893.08
2026-01-04T01:00:00-06:00,21.05,19.882,19.747,1262,10338,42649.67,43765.73,29639,49,0.11,0,13013.93,13810.5,10735.08,19087.59,-951.54
2026-01-04T02:00:00-06:00,19.57,19.257,19.193,1262,10345,42352.58,43603.11,29103,48,0.11,0,13257.05,14385.6,11132.48,18652.56,-984.91
2026-01-04T03:00:00-06:00,19.68,22.132,22.135,1262,10357.83,42372.92,43559.15,29705,46,0.1,0,12668.75,14762.7,11055.44,18483.79,-551.11
2026-01-04T04:00:00-06:00,20.07,19.337,19.337,1262,10412,42624.83,44167.15,29830,46,0.13,0,12732.94,15038.4,11192.78,18291.51,-376.43
2026-01-04T05:00:00-06:00,20.63,18.74,18.74,1262,10412,43309.33,46315.16,29905,44,0.12,0,13311.13,15338.6,11379.82,18225.72,-274.29
2026-01-04T06:00:00-06:00,19.63,17.803,17.803,1262,10412,44599.92,48193.93,30103,44,0.13,0,14345.87,15619.1,11125.88,17917.85,486.32
2026-01-04T07:00:00-06:00,19.74,15.643,15.643,1262,10398.67,45998.67,49886.71,29394,44,337.76,421.8,16068.56,15746,10345.64,16585.52,1246.75
2026-01-04T08:00:00-06:00,15.96,12.265,12.262,1262,10486.67,47023.83,50292.1,22697,49,7468.97,7738.1,16827.69,15641.9,10684.08,11575.25,549.06
2026-01-04T09:00:00-06:00,6.31,8.472,8.968,1262,10685.67,47577.58,49473.83,17490,53,16199.85,17737.9,13968.81,14413.9,11902.31,8237.2,-369.61
2026-01-04T10:00:00-06:00,5.46,3.228,4.155,1262,10701.83,46966.17,48048.56,13837,58,19291.02,20244.8,13834.81,13549.7,12749.62,7010.3,-2763.46
2026-01-04T11:00:00-06:00,1.56,0.725,0.92,1262,10703,46600.5,46640.51,13157,61,20157.74,21399,13297.84,14609.5,14783.23,6956.89,-2975.63
2026-01-04T12:00:00-06:00,0.45,0.722,1.077,1262,10651,46690.42,45478.33,12098,64,20708.32,21288.8,13810.15,15647.3,16148.53,7015.68,-3583.21
2026-01-04T13:00:00-06:00,0.47,0.742,1.468,1262,10643.33,46823.33,44714.64,13462,66,19573.2,21325.3,13779.92,16279.8,16452.84,7025.07,-2352.51
2026-01-04T14:00:00-06:00,0.45,11.675,11.92,1262,10630,47095,44237.37,14930,67,19233.11,21736.1,13001.25,16576.7,15685.36,7741.2,-1531.45
2026-01-04T15:00:00-06:00,0.22,21.305,22.743,1262,10609.33,47490.17,44314.69,17628,68,17694.61,19797.4,12111.58,16631.4,15490.48,9911.87,-2521.95
2026-01-04T16:00:00-06:00,9.95,32.12,32.273,1262,10612.83,48205.5,44528,25802,67,10532.99,12278.1,11806.77,16613.4,12904.25,12175.14,1598.05
2026-01-04T17:00:00-06:00,22.91,31.755,31.755,1262,10689,49382.75,45760.91,34944,63,1166.25,1506.2,13053.38,17538.3,9417.13,15008.8,5807.09
2026-01-04T18:00:00-06:00,22.95,28.227,28.227,1262,10632.67,50396.5,47926.17,33707,60,0.13,0,16445.8,20233.7,8806.93,15535.99,3643.03
2026-01-04T19:00:00-06:00,19.45,23.117,23.062,1262,10621,50053.08,48422.02,29448,59,0.1,0,20514.79,23247.1,9694.62,15236.82,1125.69
2026-01-04T20:00:00-06:00,16.2,20.535,20.53,1262,10621,49510.17,48156.46,26905,58,0.12,0,22534.26,25482.8,10027.96,14502.78,-204.33
2026-01-04T21:00:00-06:00,15.03,17.145,17.05,1262,10621,48402.25,47390.39,24605,57,0.14,0,23789.58,26820.4,10733.65,13461.41,-542.43
2026-01-04T22:00:00-06:00,15.94,14.242,14.08,1262,10621,46845.25,45933.82,23069,56,0.19,0,24957.72,27546.7,11409.28,12083.94,-809.77
2026-01-04T23:00:00-06:00,14.11,11.913,12.18,1268.25,10554.08,45073.83,44263.99,21301,54,0.23,0,25024.8,27756.1,12444.44,11093.67,-1125.89
2026-01-05T00:00:00-06:00,10.14,12.227,12.54,1337,10784.67,43785.33,43775.76,19578,54,0.17,0,24230.38,26847.7,13018.2,10466.77,-1174.35
2026-01-05T01:00:00-06:00,9.74,13.428,13.838,1337,10818,43057.5,42861.32,19182,53,0.14,0,23921.89,26284.9,13313.83,10931.42,-1951.89
2026-01-05T02:00:00-06:00,9.76,13.685,13.952,1337,10818,42543.17,42352.47,19631,53,0.27,0,22985.7,25567.3,13559.07,11110.98,-1757.44
2026-01-05T03:00:00-06:00,12.26,13.683,14.195,1337,10818,42617,42418.29,20325,52,0.3,0,22229.64,24564.1,13987.94,11119.47,-1353.46
2026-01-05T04:00:00-06:00,13.53,14.165,14.75,1337,10818,43673.33,43397.51,21682,52,0.26,0,21841.28,23553.1,13985.26,11586.14,-442.93
2026-01-05T05:00:00-06:00,16.66,16.112,16.748,1337,10818,45489.83,46453.34,23276,52,0.23,0,22055.79,22736.8,13560.19,12300.05,105.68
2026-01-05T06:00:00-06:00,20.97,18.663,19.043,1361.58,10826.58,48022.92,49797.87,26026,52,0.25,0,21855.59,22120.5,11918.67,13111.82,1519.48
2026-01-05T07:00:00-06:00,22.03,21.68,21.775,1632,11116.17,49556.17,51615.08,28409,53,293.36,320.8,20820.25,21746,10264.28,13672.93,2481.72
2026-01-05T08:00:00-06:00,20.26,17.657,17.488,1633,11231.5,49957.75,51610.37,24907,56,5895.84,5954.4,19287.72,20997.4,10995.6,12855.42,325.37
2026-01-05T09:00:00-06:00,15.79,19.688,19.23,1644,11280.67,50276.92,51819.62,22016,60,14353.27,14340.4,14029.65,19124.9,11822.2,11216.54,-776.48
2026-01-05T10:00:00-06:00,12.7,17.198,16.738,1644,11241,50525.25,51758.38,20719,65,16766.59,17010.8,12954.36,17896.3,12434.8,10257.3,-1094.69
2026-01-05T11:00:00-06:00,11.43,15.328,17.128,1644,11331.33,50566.67,51462.54,18957,68,17960.98,17750.9,13571.54,17636.6,13561.95,9942.32,-1551
2026-01-05T12:00:00-06:00,9.29,15.838,16.8,1644,11286.33,50575.17,51122.36,18522,70,18312.84,18389.8,13727.46,17855.4,14574.68,10301.96,-2250.16
2026-01-05T13:00:00-06:00,8.75,12.973,14.467,1644,11307.58,50784.92,50878.66,17378,72,19017.81,18405.4,14362.09,18148,15771.06,9632.74,-2359.94
2026-01-05T14:00:00-06:00,7.46,14.095,13.96,1644,11345.17,51327.58,50448.31,17858,74,18707.27,18629.3,14633.56,18620.8,15807.14,10257.15,-2214.73
2026-01-05T15:00:00-06:00,6.17,16.273,15.828,1644,11605.17,51617,50415.81,19957,74,16407.52,17746.3,15137.14,18730,15760.15,12140.73,-2303.01
2026-01-05T16:00:00-06:00,17.19,26.665,26.123,1644,11623.08,51953.83,50531.27,28377,72,8626.85,10647.3,14875.82,18322.3,13659.68,16084.69,1010.3
2026-01-05T17:00:00-06:00,30.87,31.522,30.635,1644,11452.42,52498.08,51448.75,37125,69,1057.05,1400.9,14160.26,18455.3,10044.45,18297.82,5376.17
2026-01-05T18:00:00-06:00,25.86,33.55,32.968,1612.17,11367,53330.25,52472.77,37944,66,0.24,0.3,15258.51,20022.8,8750.08,18857.23,4711.31
2026-01-05T19:00:00-06:00,22.74,39.797,39.22,1453,11242.67,52650.83,52259.16,35616,65,0.16,0,16819.63,21742.4,8277.35,19208.08,1835.8
2026-01-05T20:00:00-06:00,21.24,26.55,26.945,1453,11053,51558.42,51327.45,33069,64,0.22,0,18329.09,23328.3,8971.42,18723.57,164.84
2026-01-05T21:00:00-06:00,17.28,22.675,23.79,1453,11063,50071,49782.97,30836,63,0.28,0,19231.23,24114,9471.54,17796.56,-70.51
2026-01-05T22:00:00-06:00,16.36,19.817,20.832,1453,11126,47810.83,47717.06,28633,62,0.3,0,19982.94,24584.3,9678.42,16650.85,-609.88
2026-01-05T23:00:00-06:00,14.98,15.987,16.858,1453,11179.92,45596.58,45747.66,26395,61,0.34,0,20556.7,24825.8,10790.47,15731.33,-2014.73
2026-01-06T00:00:00-06:00,15.28,15.017,15.725,1453,11038.17,43909.75,43507.94,23228,61,0.47,0,20548.34,22345.4,12179.63,14542.68,-2260.55
2026-01-06T01:00:00-06:00,15.16,15.092,16.072,1453,11037,42880.17,42260.17,22711,61,0.26,0,20233.68,21263.2,13522.96,14394.75,-2514.13
2026-01-06T02:00:00-06:00,15.04,14.983,15.715,1453,10932,42196.58,41356.51,22742,60,0.35,0,19380.48,19968.5,14591.14,14407.23,-2506.18
2026-01-06T03:00:00-06:00,14.42,16.02,16.682,1453,11211,41842.5,41228.49,23527,60,0.43,0,18282.52,18660.6,14790.61,14709.37,-2203.78
2026-01-06T04:00:00-06:00,14.53,15.728,16.05,1453,11493.33,42556.58,42179.26,25018,60,0.48,0,17462.14,17459.3,14496.12,15116.85,-1421.68
2026-01-06T05:00:00-06:00,17.51,14.932,15.717,1453,11495,44195.83,44940.57,26604,60,0.54,0,17461.12,16056.9,14217.6,15985.71,-515.94
2026-01-06T06:00:00-06:00,20.81,20.4,21.143,1479.67,11495,47018,48912.24,30700,59,0.36,0,16265.9,14490.1,13208.76,18465.65,708.65
2026-01-06T07:00:00-06:00,23.32,25.437,25.655,1773,11578.67,48220.08,50758.42,34590,59,261.11,321.4,13434.91,12846.5,11417.27,19241.29,2404.44
2026-01-06T08:00:00-06:00,19.76,22.1,22.19,1790,11644.17,48584.67,50861.47,31675,61,5856.18,6655.3,11120.9,10989,12550.05,18835.37,-471.9
2026-01-06T09:00:00-06:00,16.87,13.062,13.207,1977,11657,49093.83,51223.45,24396,65,16501.18,16157,8105.15,8048.6,14584.17,15775.23,-2845.8
2026-01-06T10:00:00-06:00,16.3,12.815,12.812,1977,11687.42,49587.17,51589.13,23456,68,19699.26,19679.9,6288.12,5266.8,15251.1,15031.83,-2063.53
2026-01-06T11:00:00-06:00,16.05,13.025,13.025,1977.08,11875.83,50287.25,51925.98,24470,71,20745.02,21016.5,4946.92,3824,14829.96,15101.84,-820.52
2026-01-06T12:00:00-06:00,16.81,14.328,14.328,1977,11933.83,51135.5,52565.92,26051,74,21280.08,21062.4,3602.93,3872.1,14724.3,16037.57,-488.9
2026-01-06T13:00:00-06:00,18.53,14.77,14.77,1977,11954.67,52181.83,53289.12,27595,76,21645.84,21160.5,2717,2941.8,14468.15,16784.07,-45.59
2026-01-06T14:00:00-06:00,17.97,14.172,14.243,1943,11886.75,53299.67,53503.06,28042,78,22819.15,21556,2222.85,2566.5,14825.46,18160.16,-924.87
2026-01-06T15:00:00-06:00,17.74,12.715,12.762,1773,11363.83,54018.08,53592.99,29557,78,22197.17,20995.5,2037.37,2497.1,15530.21,19639.74,-734.22
2026-01-06T16:00:00-06:00,27.12,32.505,32.537,1666.33,11240.5,54593.17,53452.34,38600,77,13740.9,13115.6,2084,2731.6,14048.4,25444.21,1333.14
2026-01-06T17:00:00-06:00,48.45,44.783,48.28,1453,11395.33,54428.5,53110.71,50318,70,1659.26,1691.3,2253.05,3348.8,10467.61,30289.71,5784.51
2026-01-06T18:00:00-06:00,39.05,48.443,53.49,1453,11499,54320.08,53514.87,51431,65,0.4,0.4,2726.43,4319.1,9898.84,31298.51,5180.44
2026-01-06T19:00:00-06:00,38.3,47.448,53.977,1453,11490.83,53209.5,52795.93,50314,63,0.3,0,2908.88,5390,8500.22,31713.53,3498.37
2026-01-06T20:00:00-06:00,33.65,42.075,49.913,1453,11585.33,51830.08,51649.23,48075,59,0.33,0,3762.23,6506,7858.12,31782.65,1166.98
2026-01-06T21:00:00-06:00,27.91,29.783,35.39,1453,11655,50240.58,49867.95,45132,58,0.38,0,5131.67,7693.9,7966.38,30066.42,-25.06
2026-01-06T22:00:00-06:00,24.94,22.937,24.545,1453,11442,48106.5,47546.98,43054,56,0.34,0,6607.56,8918.6,8881.14,28250.64,-449.29
2026-01-06T23:00:00-06:00,19.34,21.31,22.153,1453,11513.17,45712.92,45349.91,40811,55,0.5,0,7419.43,9990.2,9027.35,26345.64,-922.41
2026-01-07T00:00:00-06:00,20.99,19.385,20.342,1453,12402,44003.17,43952.55,35467,54,0.54,0,8504.18,10357.1,9774.68,24330.11,-845.58
2026-01-07T01:00:00-06:00,20.31,18.44,19.22,1453,12425.33,42879.5,42695.79,33450,53,0.36,0,9390.19,10896,11165.78,22983.81,-1568.54
2026-01-07T02:00:00-06:00,18.94,16.295,16.992,1453,13102,42527.08,41987.88,32089,52,0.35,0,10338.98,11373.5,12558.59,22431.18,-2084.7
2026-01-07T03:00:00-06:00,17.85,15.01,15.795,1453,13237,42430.92,41920.37,31950,51,0.36,0,10364.02,11608.2,13643.77,21683.5,-1191.91
2026-01-07T04:00:00-06:00,18.16,15.62,16.383,1453,12697,43268.75,42823.25,32902,50,0.35,0,10177.78,11867.5,13402.16,22052.4,-487.86
2026-01-07T05:00:00-06:00,19.79,20.69,21.003,1446.67,12445.67,45396.92,45735.9,35227,50,0.38,0,9895.54,12322.4,12384.6,23131.3,400.52
2026-01-07T06:00:00-06:00,25.07,24.457,24.702,1377,12683.33,48578.67,49386.49,38321,50,0.4,0,9928.59,12662.6,10785.15,23786.91,1759.72
2026-01-07T07:00:00-06:00,26.24,24.085,23.665,1393.67,12826.5,50028,51131.77,39085,50,306.19,434,10505.15,12708.3,9089.45,23646.61,2178.1
2026-01-07T08:00:00-06:00,16.66,16.377,16.145,1577,12883,49920.83,50950.4,32210,56,6920.38,7482.4,10785.17,12753.7,10313.14,19912.37,-70.34
2026-01-07T09:00:00-06:00,14.16,12.578,12.575,1577,13110.5,49577.5,51226.76,23619,61,16504.7,16953.9,9494.23,12462.6,12084.36,14583.4,-1725.14
2026-01-07T10:00:00-06:00,12.73,13.405,13.417,1577,13148.5,49569.5,51320.54,21870,68,19325.7,19564.1,8350.67,11527.4,12244.97,13073.53,-1520.52
2026-01-07T11:00:00-06:00,11.81,12.14,11.79,1577,13145.5,49957.92,51445.31,19570,71,20068.04,19759.7,10259.39,11544.6,12895.54,11652.05,-1964.59
2026-01-07T12:00:00-06:00,10.75,10.788,10.27,1577,13128,50996.92,51906.1,18952,75,19647.01,19625.4,12275.35,13279.7,13763.06,11365.34,-2175.83
2026-01-07T13:00:00-06:00,8.59,14.665,13.648,1577,13148.5,51986.58,52737.96,20376,77,17659.79,19654,13848.81,15320,14488.16,11769.05,-1452.24
2026-01-07T14:00:00-06:00,8.24,20.68,18.7,1542.33,12882,52487.67,53381.99,23076,78,14899.46,19723.1,14483.73,17269.5,14190.93,13297.72,-1674.29
2026-01-07T15:00:00-06:00,10.85,29.07,27.6,1504.67,12540,52719.83,54243.75,25927,78,12790.21,17847.3,13990.52,18939.6,13838.88,15196.36,-1605.01
2026-01-07T16:00:00-06:00,19.4,32.85,33.717,1530,12358.83,52832.58,54630.64,31886,75,6384.44,10455.7,14551.11,19808.7,11879.38,17465.11,1029.13
2026-01-07T17:00:00-06:00,31.18,31.273,31.945,1396.67,12413.67,53472.83,55028.66,36505,72,618.53,1316.9,16226.94,20821.2,9655.27,18840.62,3764.37
2026-01-07T18:00:00-06:00,26.44,23.137,23.84,1330,12243,54492.25,55476.32,34584,70,0.08,0.3,19914.04,22813.8,9329.75,18377.65,2895.02
2026-01-07T19:00:00-06:00,21.86,19.918,21.028,1330,12464.67,53772.25,54761.03,30471,69,0.09,0,23330.36,24937.7,9183.84,16950.75,1290.07
2026-01-07T20:00:00-06:00,18.99,16.798,17.977,1330,12670,52971.42,53413.36,27555,68,0.13,0,25487.14,26924.8,9345.39,15526.14,348.5
2026-01-07T21:00:00-06:00,16.22,16.3,17.358,1330,12784.17,51674.92,51528.53,26090,67,0.14,0,25697.7,28645.8,9282.82,14585.07,364.45
2026-01-07T22:00:00-06:00,14.74,13.913,15.12,1330,13949.33,49401.92,48985.09,23852,67,0.15,0,25545.77,29762.7,9396.04,12821.07,-369.7
2026-01-07T23:00:00-06:00,12.27,12.273,13.652,1330,13837.25,46978,46452.59,21451,67,0.18,0,25555.26,30145.6,9900.49,11017.68,-702.27
2026-01-08T00:00:00-06:00,11.41,8.848,10.562,1330,13655.17,45078.83,44631.09,20125,66,0.21,0,25024.26,30791.2,10815.1,9940.28,-721.38
2026-01-08T01:00:00-06:00,10.73,8.99,11.267,1330,13552.83,43942.58,43397.34,19391,66,0.19,0,24532.88,30567.9,11466.84,9943.5,-878.11
2026-01-08T02:00:00-06:00,10.56,9.305,10.755,1330,13530.5,43393.08,42772.65,18987,66,0.15,0,24432.51,30083.4,12280.62,10055.26,-1434.27
2026-01-08T03:00:00-06:00,11.2,9.557,9.86,1330,13476.33,43012.17,42450.25,18726,66,0.17,0,24220.51,29008.6,12925.38,10004.28,-1651.1
2026-01-08T04:00:00-06:00,11.43,7.95,8.81,1330,13483,43447,43044.79,19093,66,0.24,0,24271.47,28302.5,13750.21,9585.36,-817.51
2026-01-08T05:00:00-06:00,13.21,11.723,12.295,1330,13483,45067.75,45375.12,20685,66,0.24,0,24229.77,28372.8,13208.13,10446.27,-127.44
2026-01-08T06:00:00-06:00,14.64,15.91,16.413,1330,13456.67,47847.17,48688.7,22997,66,0.27,0,24614.27,29629.4,11464.8,11561.22,1255.24
2026-01-08T07:00:00-06:00,14.77,16.72,16.952,1299.17,13443.5,49390,50321.48,23687,66,87.5,184.7,25515.98,30786.9,10790.54,11750.6,1328.49
2026-01-08T08:00:00-06:00,13.88,14.462,14.072,1145,13740.58,49950.92,50411.11,21529,67,3223.69,4223,24930.75,31667.4,10956.78,11451.54,-72.6
2026-01-08T09:00:00-06:00,11.37,11.788,10.69,1145,14372.25,50812.92,51382.58,17814,69,8818.38,11525.7,24003.15,32854.7,12534.47,10354.69,-2079.17
2026-01-08T10:00:00-06:00,7.44,9.207,8.94,1145,14484.92,51441.42,52116.12,17198,71,10723.59,14779.5,23417.52,32907.3,13629.72,9686.72,-2301.57
2026-01-08T11:00:00-06:00,6.47,11.693,11.27,1145,14633.67,52206.83,52742.46,16897,73,11688.6,16429.2,23550.59,32251.4,14601.49,10413.19,-3440.07
2026-01-08T12:00:00-06:00,6.43,10.76,10.16,1160.83,14673.58,52647,53381.2,17290,75,12581.12,16927.7,22706.3,30968.6,15738.89,10342.78,-2959.46
2026-01-08T13:00:00-06:00,9.14,11.545,11.197,1164,14591,53290.17,54068.12,18700,76,12714.3,16988,21837.6,29351.8,16006.71,10719.26,-2220.57
2026-01-08T14:00:00-06:00,11.27,15.12,14.53,1164,14541.25,53588.58,54440.68,21201,75,11883.62,16354.5,20445.19,27876.2,15700.73,11956.31,-1438.7
2026-01-08T15:00:00-06:00,12.47,19.927,19.16,1164,14405,53671,54705.09,23747,75,10194.34,15385.5,19686.08,26595.6,15256.85,13357.55,-941.77
2026-01-08T16:00:00-06:00,16.63,22.327,21.288,1164,14922.75,53652,54650.91,27044,73,7153.87,10300.8,19434.29,24380.5,14619.94,15316.1,-383.6
2026-01-08T17:00:00-06:00,33.03,23.503,23.948,1164,14486.82,53833,54872.15,32484,70,1600.91,1674.5,19786.91,22161.2,12758.28,17440.68,2350.67
2026-01-08T18:00:00-06:00,29.78,31.207,31.845,1164,14464.92,54565.83,55387.13,37128,67,1.92,0.6,17494.24,21790.9,10277.4,19289.58,4020.18
2026-01-08T19:00:00-06:00,28.1,36.275,37.1,1164,14051.83,53563.33,54539.04,37154,66,0.19,0,16364.48,21739.7,9446.7,19932.59,3169.56
2026-01-08T20:00:00-06:00,25.59,41.26,41.965,1164,13565.33,52451.17,53344.51,36435,65,0.25,0,16028.33,21972.9,9482.8,20574.43,1797.49
2026-01-08T21:00:00-06:00,23.58,48.5,48.963,1164,13606,50984.17,51470.31,36429,63,0.23,0,14698.93,20847.6,8462.04,20654.93,1595.69
2026-01-08T22:00:00-06:00,24.95,42.475,42.965,1164,13686.58,48557.67,49059.48,34056,62,0.21,0,13402.21,19724,8663.57,20776.19,362.97
2026-01-08T23:00:00-06:00,22.05,34.957,35.958,1164,13043.75,45935,46494.31,31457,60,0.19,0,11539.02,18743,8730.09,20737.9,-346.54
2026-01-09T00:00:00-06:00,24.87,43.522,44.302,1164,13162.75,43690.25,44076.44,35848,59,0.2,0,8058.35,12884,9003.41,21858.01,-216.59
2026-01-09T01:00:00-06:00,26.16,44.97,45.315,1164,13160,42541.08,42786.11,36011,57,0.23,0,6578.1,10328,9826.55,22905.19,-1408.66
2026-01-09T02:00:00-06:00,28.19,38.042,38.463,1164,13100,42091.08,42002.36,35021,57,0.21,0,7063.64,8102.6,10643.88,22562.13,-2084.27
2026-01-09T03:00:00-06:00,27.3,34.205,34.758,1164,13091.67,41936.83,41867.67,34806,57,0.2,0,7107.95,7098.2,11689.4,22242.84,-1911.02
2026-01-09T04:00:00-06:00,28.03,31.955,33.08,1164,13306.5,42452.92,42769.99,35004,56,0.22,0,7366.92,6975.7,12604.62,21991.49,-998.7
2026-01-09T05:00:00-06:00,33.28,35.248,35.645,1164,13690.75,44278.92,45684.99,36687,55,0.21,0,7398.78,7197.1,12337.22,22294.46,158
2026-01-09T06:00:00-06:00,35.67,40.73,40.922,1164,13727.75,47494.42,49522.84,39798,55,0.24,0,7457.41,8953.3,9805.34,22603.62,2835.09
2026-01-09T07:00:00-06:00,38.96,51.212,51.252,1164,14042.5,49152.08,51271.07,42049,55,141.59,202.7,6934.29,8845.1,6891.64,23067.93,4817.49
2026-01-09T08:00:00-06:00,30.86,56.325,56.325,1172.33,14081.67,49424.42,51365.2,38364,58,4086.58,4711.1,6898.27,8997.3,5835.44,23139.46,1070.58
2026-01-09T09:00:00-06:00,23.41,26.852,26.673,1264,14321.5,50576.5,51583.53,31968,60,11517.12,12074.8,7000.34,9135.2,7107.74,19155.39,-800.25
2026-01-09T10:00:00-06:00,19.97,23.458,23.155,1264,13921.67,50931.75,51609.98,28343,63,14011.12,15003.9,8451.69,9990.3,8801.5,17836.2,-1636.84
2026-01-09T11:00:00-06:00,16.77,20.94,20.68,1264,13900.5,51204.33,51565.42,25129,65,14916.73,16404.1,11068.12,11433.5,11000.44,17344.62,-2984.16
2026-01-09T12:00:00-06:00,16.62,19.36,18.737,1255.67,14457.67,51642.08,51675.27,23244,67,15320.4,16087.7,12955.89,12289.8,12616.24,16844.32,-4144.28
2026-01-09T13:00:00-06:00,17.59,18.658,18.003,1164,14374.33,52124.08,52090.32,24171,67,13752.93,15643.8,14092.64,12994.2,14153.64,16461.79,-3041.99
2026-01-09T14:00:00-06:00,17.35,19.84,19.043,1164,13779.5,52306.67,51979.66,25054,67,12627.86,14716,14569.66,13983.1,14662.03,17093.86,-2931.03
2026-01-09T15:00:00-06:00,18.69,21.712,19.057,1164,13550.83,52357.33,51696.1,25726,66,11412.57,13475,15199.93,15041.3,15050.99,16971.55,-2186.65
2026-01-09T16:00:00-06:00,23.58,24.532,22.995,1164,13504,52146.33,51558.96,29493,65,7832.29,9676.9,14818.73,15720.2,14356.42,17701.8,-297.53
2026-01-09T17:00:00-06:00,34.38,27.517,27.517,1164,13390,52341.08,51776.85,36003,63,1645.89,1793.6,14619.15,16307.4,10961.54,18529.29,3922.94
2026-01-09T18:00:00-06:00,31.46,28.193,28.193,1164,13325.17,52928.83,52531.22,37645,62,2.02,0.8,15179.06,17654.8,9149.45,18888.07,4855.88
2026-01-09T19:00:00-06:00,26.22,31.258,31.258,1164,13381.83,52110.5,51784.04,35027,60,0.38,0,17021.46,19462.9,8559.55,19055.82,2084.11
2026-01-09T20:00:00-06:00,22.31,23.56,23.557,1164,13459.33,51690.33,50619.82,31031,58,0.36,0,20456.32,21408.4,9775.19,17960.16,-53.56
2026-01-09T21:00:00-06:00,19.6,19.033,19.08,1164,13271.5,50940.67,49153.36,28041,57,0.39,0,22794.56,23630.6,10624.93,16092.92,-489.39
2026-01-09T22:00:00-06:00,17.82,19.575,20.938,1164,13149,49485.33,47966.87,26639,56,0.48,0,22829.08,25363.2,10816.36,15691.27,-539.69
2026-01-09T23:00:00-06:00,17.01,17.312,17.463,1164,13125.42,47590.75,46782.6,24754,54,0.4,0,22995.38,26276.4,10840.53,14646.73,-716.12
2026-01-10T00:00:00-06:00,14.74,13.87,13.335,1164,12763.17,46003.17,45654.99,22038,53,0.39,0,24018.57,27495.6,11831.11,12356.08,-1186.69
2026-01-10T01:00:00-06:00,13.73,10.435,10.188,1164,12725.67,44910.67,45011.76,19705,52,0.35,0,25178.89,27527.7,13311.15,11173.75,-1600.76
2026-01-10T02:00:00-06:00,13.33,8.04,7.813,1164,12702.33,44157.42,44849.72,19005,50,0.43,0,25172.04,27814.3,14327.46,10797.83,-1654.14
2026-01-10T03:00:00-06:00,11.5,7.358,7.137,1164,12716,44053.33,44660.05,18532,48,0.38,0,25453.15,28392.5,15036.23,10507.74,-1816.99
2026-01-10T04:00:00-06:00,10.8,6.837,6.592,1164,12716,44502.75,45114.17,18412,46,0.52,0,26002.29,28677.6,15264.36,9936.15,-1291.96
2026-01-10T05:00:00-06:00,12.56,6.158,5.857,1164,12718,45507.25,47123.29,18762,44,0.35,0,26649.13,28333,15522.66,9682.22,-838.89
2026-01-10T06:00:00-06:00,14.88,7.357,7.02,1164,12722,47131.5,49145.99,20075,43,0.35,0,26922,27751.4,14788.57,10509.04,-51.93
2026-01-10T07:00:00-06:00,18,9.428,8.938,1164,12722,49004.33,51070.16,21524,42,328.86,359.3,27023.86,25222.9,13767.28,10964.14,1109.25
2026-01-10T08:00:00-06:00,16.76,3.52,3.228,1164,12736.75,50650.92,52290.84,18564,44,7418.47,7533,24727.79,23543.3,15116.64,10168.11,-904.27
2026-01-10T09:00:00-06:00,7.87,0.615,3.93,1164,12797.67,51750.33,52926.18,15836,46,14836.6,18542,21080.36,21669.7,16467.11,8460.72,-1609.26
2026-01-10T10:00:00-06:00,5.76,-0.393,2.013,1164,12699.5,51670,52273.51,14653,48,17098.94,21828.9,19965.65,20717.6,17255.7,8509.96,-2808.2
2026-01-10T11:00:00-06:00,4.02,-3.107,-1.865,1164,12548.5,50888.92,51181.12,14512,50,16573.2,22329.9,19809.15,20172.9,17867.04,8504.49,-2614.69
2026-01-10T12:00:00-06:00,4.23,-7.142,-6.827,1164,12511.75,50208.67,49926.88,15812,53,14186.59,21553.1,20178.69,19084.4,17630.21,8581.64,-1122.78
2026-01-10T13:00:00-06:00,3.9,-9.905,-9.73,1164,13099.5,49437.75,48758.91,16832,54,13226.03,21548,19405.9,17414,17262.52,8791.61,-329.84
2026-01-10T14:00:00-06:00,3.88,-10.112,-9.997,1164,13095.67,48619.58,47781.84,17318,55,13394.38,22050.8,17923.94,15635.1,17130.15,9312.45,-229.13
2026-01-10T15:00:00-06:00,4.95,-8.747,-8.77,1164,13040.33,48383.58,47491.69,18831,55,13218.18,21304,16316.93,13968.3,17461.42,10877.39,-203.26
2026-01-10T16:00:00-06:00,15.99,-1.02,-1.085,1164,12963.33,49043.75,47855.03,22774,53,11141.22,14436.2,15123.74,12182.6,16971.15,14545.1,92.48
2026-01-10T17:00:00-06:00,26.43,29.587,29.333,1164,13182,51116.17,49579.51,35965,50,2511.94,2315.9,12573.12,10198,14948.65,25409.31,921.51
2026-01-10T18:00:00-06:00,29.2,30.233,32.545,1164,13236,53124.67,51870.3,43263,48,2.39,1.7,9899.82,8528,14257.15,29827.47,551.98
2026-01-10T19:00:00-06:00,34.68,25.637,27.778,1164,13364.33,53185.5,52461.31,44465,46,0.76,0,8736.96,7621.3,13754.39,29971.36,1270.94
2026-01-10T20:00:00-06:00,36.93,24.047,25.993,1164,12541.17,53376.83,52431.47,45503,44,0.8,0,7872.61,7235.1,13339.71,30069.85,2512.56
2026-01-10T21:00:00-06:00,39.01,24.303,26.153,1164,12506,53475.17,51982.55,45691,43,0.73,0,7794.29,7288.8,12662.72,29883.51,2879.25
2026-01-10T22:00:00-06:00,34.4,23.732,25.988,1164,12486.83,52817.67,51317.21,45078,42,0.72,0,8618.76,7636.5,12563,29371.58,1912.59
2026-01-10T23:00:00-06:00,30.61,21.962,23.973,1167.83,12480.83,51786.08,50472.07,44088,40,0.62,0,9447.86,8301.5,11911.78,28724.21,1601.38
2026-01-11T00:00:00-06:00,25.62,22.528,24.537,1210,12532.83,50768.58,49384.07,40170,40,0.61,0,10595.54,11883.5,12409.63,28357.73,83.15
2026-01-11T01:00:00-06:00,22.7,22.503,24.445,1210,11906.67,50107.17,48789.63,38874,39,0.63,0,11150.32,13198.4,12697.51,27604.92,-499.12
2026-01-11T02:00:00-06:00,21.62,22.5,23.97,1210,11504,49767.92,48639.45,37409,38,0.65,0,12209.09,14533.1,13434.75,27144,-1382.32
2026-01-11T03:00:00-06:00,21.03,18.372,19.947,1210,11447.75,49744.92,48810.16,36151,38,0.57,0,13422.83,15534.5,14074.19,25938.38,-1255.54
2026-01-11T04:00:00-06:00,21.06,18.555,19.735,1210,11500.83,50287,49532.04,36352,37,0.54,0,13866.17,16030.1,13754.18,25955.79,-723.51
2026-01-11T05:00:00-06:00,20.15,20.263,21.35,1210,11520,51193,51762.32,37171,37,0.56,0,13878.78,15764.1,13708.93,26352.48,-64.2
2026-01-11T06:00:00-06:00,20.68,21.673,22.515,1210,11520,52784.75,53787.12,38945,36,0.56,0,13747.66,14706.8,12557.01,26827.25,1083.48
2026-01-11T07:00:00-06:00,25.54,23.365,24.052,1210,11515,54285.5,55634.74,41039,36,318.28,417.9,12850.03,13116.3,11158.94,27347.74,2083.98
2026-01-11T08:00:00-06:00,19.88,19.138,19.408,1210,11530,55168.75,56110.31,36129,41,7987.06,7357.7,11141.09,11020.6,11998,25233.3,-1106.65
2026-01-11T09:00:00-06:00,15.18,13.015,13.043,1210,11658.33,54439.75,54980.95,26580,47,20845.4,18089.7,7280.3,7985.1,15111.44,18668.13,-2404.59
2026-01-11T10:00:00-06:00,13.74,11.985,11.967,1210,11666.67,52727.42,53040.94,24414,52,24339.72,21510.8,4169.14,5112.4,16223.31,16607.72,-1685.94
2026-01-11T11:00:00-06:00,12.66,12.455,12.455,1210,11729.33,51013.75,51170.33,24032,56,24055.58,22548.7,3054.58,3404,16406.96,16328.8,-1647.68
2026-01-11T12:00:00-06:00,12.02,13.77,13.77,1210,12122,49581.25,49413.54,24022,58,23126.75,22124.5,2515.13,3700.8,16938.53,16735.95,-2352.68
2026-01-11T13:00:00-06:00,11.31,13.262,13.262,1210,11897.5,48582.58,48015.47,23874,60,22756.23,21764.2,2031.34,3137.7,17221.25,16523.65,-2220.17
2026-01-11T14:00:00-06:00,10.37,14.198,14.198,1210,12152.5,47971.33,47047.97,24237,61,22168.83,21315.6,1604.05,2866.7,17216.25,17044.5,-2441.03
2026-01-11T15:00:00-06:00,13.88,14.308,14.308,1210,12263.33,48079.08,46729.2,26882,61,19586.35,18602.3,1567.64,2648,16551.4,18400.02,-1256.07
2026-01-11T16:00:00-06:00,20.35,25.308,25.768,1210,12147.67,48649.25,47121.67,35827,59,11285.64,11992.7,1465.87,2416.7,15109.86,25499.69,272.15
2026-01-11T17:00:00-06:00,36.92,41.507,47.165,1210,12197,50283.75,49257.59,47225,55,1662.04,1974.3,1251.51,2331.9,12854.56,32056.9,2518.3
2026-01-11T18:00:00-06:00,39.79,38.04,43.505,1210,12268.17,52233.17,52488.35,50624,52,1.7,1.8,1514.4,2718.5,11519.69,33297.16,3385.22
2026-01-11T19:00:00-06:00,40.02,33.31,37.18,1210,12206.17,52770.5,53625.22,50488,50,0.22,0,2234.35,3517.3,10915.86,33387.09,3203.54
2026-01-11T20:00:00-06:00,36.93,32.88,36.33,1210,12165.17,52769.5,53819.57,49557,48,0.35,0,3207.32,4478.5,10695.92,33533.58,1881.84
2026-01-11T21:00:00-06:00,34.77,29.637,32.368,1210,12126,52024.75,53363.82,47649,47,0.34,0,4357.79,5435.4,10632,33093.27,459.74
2026-01-11T22:00:00-06:00,32.31,24.71,26.795,1210,12114,50357.17,51758.82,46059,45,0.27,0,5835.3,6388.4,11260.08,31470.49,-263.31
2026-01-11T23:00:00-06:00,28.34,22.985,24.062,1215.42,12071.67,48693.92,50053.77,44356,44,0.43,0,7025.08,7357.4,11979.01,30827.97,-1287.94
2026-01-12T00:00:00-06:00,28.81,20.93,22.097,1275,11672,47767,49018.24,39955,43,0.3,0,7796.96,8216.8,13069.64,29718.92,-1681.37
2026-01-12T01:00:00-06:00,27.11,20.177,20.845,1275,11688.67,47336.58,48341.83,38672,41,0.28,0,8629.92,9257.4,13974.7,29074.71,-2028.61
2026-01-12T02:00:00-06:00,26.84,19.725,20.543,1275,11692,47602.92,48089.83,38487,40,0.24,0,9084.04,10049.9,15014.08,29174.09,-1872.49
2026-01-12T03:00:00-06:00,27.59,21.103,21.81,1275,11897,48200.92,48595.76,39359,40,0.3,0,8817.4,10475.9,15185.02,29529.71,-1270.24
2026-01-12T04:00:00-06:00,29.7,22.805,24.392,1275,11892,49691.33,50023.36,41381,39,0.27,0,8180.74,10574.9,14946.82,30452.1,-272.68
2026-01-12T05:00:00-06:00,35.11,33.803,36.605,1279.17,11633,52691,53143.14,45228,39,0.21,0,7276.6,10354.4,13775.49,32445.7,936.39
2026-01-12T06:00:00-06:00,44.89,33.017,38.115,1325,11637.33,56807.67,57326.51,50643,39,0.21,0,5936.18,9952.8,11179.98,33380.05,3807.56
2026-01-12T07:00:00-06:00,46.61,38.293,44.872,1325,11695,58546.33,59277.91,52839,39,380.94,390.5,5241.03,9491.6,8384.93,33813.28,5698.36
2026-01-12T08:00:00-06:00,33.24,28.918,30.25,1325,12348.67,58297.33,58534.95,46064,43,7135.58,6514.9,5144.88,6931.4,7747.64,32277.73,1148.22
2026-01-12T09:00:00-06:00,22.87,20.54,20.27,1325,12849.5,56985.33,56667.77,37358,48,16288.02,14817.1,3504,5478.3,9751.59,27525.54,-1023.06
2026-01-12T10:00:00-06:00,20.07,22.43,22.905,1325,13381,55418.75,54665.07,35326,53,18053.43,17672.2,2158.65,3411.4,10638.9,26307.28,-1236.31
2026-01-12T11:00:00-06:00,17.48,19.79,20.08,1325,13173.33,53373,52737.77,32551,56,18270.25,18872.7,2597.76,3302.7,11305.79,24284.1,-1798.67
2026-01-12T12:00:00-06:00,15.43,16.392,16.695,1325,12935.67,51833.5,51076.31,28202,59,19444.15,19013.4,4206.37,3296.5,13981.76,21652.14,-3420.23
2026-01-12T13:00:00-06:00,14.46,15.265,15.633,1325,12833.58,50824.33,49858.07,26369,61,19910.33,18839.4,4628.78,3362,16527.76,21088.16,-4938.49
2026-01-12T14:00:00-06:00,14.43,14.885,15.298,1325,12582.67,49969.75,48677.95,27035,62,18819.84,18815.1,4162.3,3162.1,17179.44,21013.36,-4635.21
2026-01-12T15:00:00-06:00,15.51,13.475,13.745,1325,12388,49566.83,48132.6,29413,61,16583.53,17407.1,3546.46,2865.1,16742.16,20819.71,-1808.12
2026-01-12T16:00:00-06:00,24.57,22.47,22.693,1325,12319.5,49883.83,48146.4,37135,60,9229.43,11020.1,3366.51,2810.3,15524.22,26940.7,-251.53
2026-01-12T17:00:00-06:00,40.58,28.015,28.46,1332.33,12264.83,51306.08,49890.91,46024,56,1289.53,1657,3744.43,3341,13468.43,31469.06,2446.62
2026-01-12T18:00:00-06:00,40.31,25.688,26.09,1413,12301.17,53420.08,52501.85,47785,53,0.33,2.4,5443.79,4572,12273.26,31749.59,3227.36
2026-01-12T19:00:00-06:00,38.1,25.315,25.515,1413,12312,53612.92,53613.89,46873,51,0.17,0,6652.35,6114.2,11727.76,31639.2,2923.14
2026-01-12T20:00:00-06:00,34.12,24.51,24.668,1413,12303.67,53174.33,53441.3,45171,49,0.19,0,7875.07,7646.8,11366.08,31034.84,1976.78
2026-01-12T21:00:00-06:00,29.38,23.378,23.263,1413,12185.83,52075.08,52406.86,42769,48,0.19,0,9294.71,9296.3,11221.84,29909.6,807.94
2026-01-12T22:00:00-06:00,24.63,19.61,19.788,1413,11680,50231.58,50702.52,40911,47,0.18,0,10778.22,11001,11750.64,28192.74,-243.55
2026-01-12T23:00:00-06:00,22.91,18.495,18.795,1413,11585.83,48404.5,49195.05,39088,47,0.16,0,12173.61,12456,12280.78,25601.72,-504.7
2026-01-13T00:00:00-06:00,18.89,17.49,17.84,1413,11043,47296.67,47702.63,34543,46,0.18,0,12700.43,11675.7,13013.73,24785.04,-977.85
2026-01-13T01:00:00-06:00,18.93,18.275,18.747,1413,11005.33,46588.42,46980.54,33934,46,0.19,0,12612.58,12000.5,13669.8,25316.23,-1993.55
2026-01-13T02:00:00-06:00,18.64,18.138,18.762,1413,11017,46628.92,46767.7,34069,46,0.21,0,12513.03,12506,14963.4,25830.52,-2426.3
2026-01-13T03:00:00-06:00,18.73,16.62,17.445,1413,11011.17,46872.25,46767.45,34403,45,0.17,0,12317.73,12591.7,15232.61,25494.51,-1758.97
2026-01-13T04:00:00-06:00,19.25,16.485,17.085,1413,10953.67,48070.58,47746.35,35434,45,0.19,0,12414.94,12532.7,14925.62,25828.57,-801.22
2026-01-13T05:00:00-06:00,22.61,18.182,18.84,1413,10970.5,50624.5,50448.86,37233,44,0.19,0,13119.33,12374.1,14379.42,26805.41,37.01
2026-01-13T06:00:00-06:00,27.37,24.348,24.645,1423.17,11023.33,53780.5,53891.75,41819,44,0.19,0,11759.69,11417.5,12200.87,28769.5,2186.37
2026-01-13T07:00:00-06:00,30.67,25.585,25.832,1535,11224.17,55009.5,55552.12,44137,45,166.55,220.8,10721.71,10803.1,10315.38,29220.63,3296.99
2026-01-13T08:00:00-06:00,25.92,27.11,27.505,1535,10717.33,54388.75,55076.99,42109,47,2868.96,4453.5,9480.98,9693.8,9558.51,28540.29,1847.13
2026-01-13T09:00:00-06:00,24.16,25.933,26.47,1550.83,10660,54114.92,54655.71,38965,50,7890.8,11061.7,7313.82,7685.2,9804.51,27428.02,-122.17
2026-01-13T10:00:00-06:00,22.55,23.197,23.96,1693.33,10648.67,53398.33,53637.12,36966,53,10771.25,13477.9,5719.6,6666,10287.97,25438.06,69.41
2026-01-13T11:00:00-06:00,19.32,20.63,21.11,1535,10636.75,52409.33,52353.09,34258,56,12666.24,14442,5444.71,6205.2,11246.12,23766.29,-1151.69
2026-01-13T12:00:00-06:00,16.54,19.293,19.685,1535,10634,51627.08,51183.21,32867,59,13359.58,15631.2,5393.93,6056.8,12711.93,23307.25,-1918.61
2026-01-13T13:00:00-06:00,15.98,18.315,18.36,1550.17,10634,50898.75,50466.06,30834,60,14662.75,15843.3,5351.58,5968.7,13953.62,23082.41,-3718.91
2026-01-13T14:00:00-06:00,16.24,15.97,15.97,1549,10631.75,50349.33,49490.45,29121,60,16078.44,15782.7,5118.91,5846.5,16011.83,21982.29,-4409.23
2026-01-13T15:00:00-06:00,15.81,13.88,13.88,1537,10653.75,50200.33,49037.92,29208,60,16043.59,15937.9,4931.64,5851.6,16395.71,20729.73,-2603.71
2026-01-13T16:00:00-06:00,23.77,19.503,19.503,1536.92,10715.67,50615,49143.13,34240,59,11695.53,11237.8,4598.55,5550.3,14937.37,23673.41,-520.43
2026-01-13T17:00:00-06:00,38.78,26.845,27.108,1536,10781.67,52168,50418.37,44092,56,2428.96,2080.9,5410.17,5747.5,11367.5,27171.08,4001.77
2026-01-13T18:00:00-06:00,36.19,25.238,25.858,1536,10560,53629.08,52332.38,45700,54,4.48,6.3,7725.34,7619.1,10604,27301.38,5023.19
2026-01-13T19:00:00-06:00,30.48,24.852,25.345,1536,10608.33,53691.25,52936.98,43479,52,0.6,0,10082.44,9395.6,9929.62,27143.26,3427.2
2026-01-13T20:00:00-06:00,28.05,23.988,24.435,1536,10677,53505.33,52533.43,41268,51,0.59,0,12195.96,11315.3,9886.03,27020.6,1221.14
2026-01-13T21:00:00-06:00,24.03,19.485,20.04,1536,10708.92,52300.33,51500.56,37937,49,0.6,0,14419.68,12006.2,10173.63,25433.7,426.81
2026-01-13T22:00:00-06:00,22.01,18.862,19.588,1536,11243,50194.5,49881.33,35870,48,0.54,0,14976.7,13066.6,9679.71,23416.34,249.41
2026-01-13T23:00:00-06:00,20.72,17.13,17.997,1536,11161,48193.92,48396.03,33931,47,0.54,0,14435.07,14660.6,9718.71,21747.41,42.53
2026-01-14T00:00:00-06:00,19.63,20.275,21.053,1536,10997,46975.17,47026.67,31211,46,0.52,0,15697.25,17480.3,9165.28,19325.16,252.36
2026-01-14T01:00:00-06:00,19.28,17.48,18.315,1536,11024.5,46360.67,45970.74,29030,46,0.5,0,17214.7,18524.5,9641.92,17922.45,-371.12
2026-01-14T02:00:00-06:00,18,19.042,19.845,1536,11057.83,46410.83,45457.12,27906,45,0.5,0,18318.58,19819.3,9983.38,17058.45,-719.73
2026-01-14T03:00:00-06:00,17.39,16.39,17.997,1536,11206.67,46850.25,45539.08,26478,45,0.5,0,20204.72,21188.8,11219.04,16411.27,-1477.25
2026-01-14T04:00:00-06:00,17.74,16.2,17.13,1536,11249,48028,46639.91,26077,45,0.5,0,21666.64,22275.2,12584.24,16261.79,-1417.52
2026-01-14T05:00:00-06:00,20.01,17.89,18.747,1536,11270.83,50533.33,49728.83,28356,45,0.62,0,21839.88,23097.7,12453.46,16652.27,-187.01
2026-01-14T06:00:00-06:00,22.72,19.822,20.642,1536,11536.42,53762.42,54086.44,31408,45,0.53,0,22060.2,23534.5,10155.52,17358.05,1638.98
2026-01-14T07:00:00-06:00,21.8,20.365,21.05,1536,11824,54952.5,55901.14,32377,46,450.1,431,22003.62,23495.1,8475.74,17419.9,2310.89
2026-01-14T08:00:00-06:00,15.41,9.083,9.213,1533.92,11601.92,53808.83,55196.42,23919,51,9149.62,8322.3,20728.96,20844.2,9031.21,12516.67,-420.19
2026-01-14T09:00:00-06:00,7.92,3.083,2.055,1511,11615.08,52398.08,54084.16,15822,57,18742.59,19927.9,17901.85,19681.2,10330.24,6975.99,-1584.41
2026-01-14T10:00:00-06:00,1.86,-0.863,-1.588,1511,11094,51242.33,52559.59,13466,61,18492.23,23342.1,19342.02,20110.8,13257.9,6710.79,-3363.42
2026-01-14T11:00:00-06:00,0.68,-0.055,-0.933,1511,10791.67,49937.58,51091.69,12578,63,17415.64,23697.9,19997.95,22241.1,15492.99,6766.19,-3776.53
2026-01-14T12:00:00-06:00,1.16,-1.173,-2.327,1511,10778,49191.83,49942.87,12754,64,16625.26,23131.2,19857.34,23519.9,16542.41,6753.1,-3316.46
2026-01-14T13:00:00-06:00,1.02,-1.932,-4.108,1511,10752.5,48707.67,49311.59,13011,65,16112.2,23370.9,19687.55,24002.6,17147.54,6938.04,-3183.85
2026-01-14T14:00:00-06:00,0.75,-2.007,-3.145,1511,10785.67,48355.08,48847.39,13893,65,15031.23,23994.3,19501.87,24429.9,17368.31,6859.63,-2254.18
2026-01-14T15:00:00-06:00,0.47,1.905,2.192,1511,10540.25,48654.17,48859.73,15060,64,14131.43,23480.4,19472.93,24657.7,17479.06,7230.05,-1751.05
2026-01-14T16:00:00-06:00,5.41,5.322,3.63,1511,10328.58,49350.5,49434.44,17985,62,11346.53,16024,20015,23669.4,16939.36,9374.52,-867.82
2026-01-14T17:00:00-06:00,18.95,17.093,17.18,1500.83,10544.5,50857.25,51142.37,27217,59,2716.9,2673.9,20797.43,20342.1,15139.48,16382.77,285.06
2026-01-14T18:00:00-06:00,22.2,29.62,30.062,1389,10526.17,52444.25,53565.18,35531,56,6.86,5.2,16862.91,18549,13478.37,21402.06,1149.04
2026-01-14T19:00:00-06:00,26.63,30.023,30.34,1389,10198.08,52759.58,54245.92,38001,53,0.41,0,14743.38,15828.7,13047.5,22615.06,1090.95
2026-01-14T20:00:00-06:00,29.45,28.985,29.068,1389,9921.33,52793.25,53997.61,38697,51,0.42,0,14092.94,13971.5,12821.21,23352.72,966.4
2026-01-14T21:00:00-06:00,30.66,32.465,32.855,1389,9835.5,51956.83,52877.41,39337,49,0.26,0,12707.17,12744,12213.2,23864.68,1122.96
2026-01-14T22:00:00-06:00,31.76,35.08,36.132,1389,10001.83,50206.42,50939.32,37599,48,0.24,0,11230.8,11785.8,12418.04,24455.28,178.62
2026-01-14T23:00:00-06:00,29.65,33.107,34.927,1389,9917.42,48758,49070.21,36117,46,0.22,0,8958.94,10764.7,12379.51,25488.05,31.29
2026-01-15T00:00:00-06:00,36.18,37.005,39.193,1389,9435,47881.42,50364.08,40976,43,0.24,0,6860.24,7218,12213.02,26737.98,-175.55
2026-01-15T01:00:00-06:00,34.49,38.96,42.58,1389,9584,47690.08,49606.87,41932,42,0.25,0,5721.08,6115.2,12674.88,27503.35,-295.04
2026-01-15T02:00:00-06:00,35.54,31.537,37.095,1389,9351.33,47962.25,49315.64,42012,40,0.23,0,5890.52,5628.6,13215.85,27882.28,-435.54
2026-01-15T03:00:00-06:00,36.53,27.992,35.382,1389,9263,48621.92,49998.65,42238,40,0.23,0,6307.74,5846,13505.06,27855.4,85.48
2026-01-15T04:00:00-06:00,40.35,30.713,34.21,1389,9265,50527.83,51555.67,42992,39,0.23,0,7366.73,6826.3,13058.76,28118.7,421.69
2026-01-15T05:00:00-06:00,49.51,29.957,30.27,1389,9521.67,53809.42,55051.71,44774,37,0.25,0,8749.43,8350.5,12072.84,28560.89,1350.13
2026-01-15T06:00:00-06:00,48.84,27.82,27.387,1389,9781.67,58543.08,59498.18,47332,36,0.25,0,10891.42,10108.5,9873.6,28347.64,4366.99
2026-01-15T07:00:00-06:00,41.72,29.173,28.21,1389,8984.83,60367.83,61505.85,46672,37,671.62,570,13020.49,12059.5,8359.38,28004.85,4236.25
2026-01-15T08:00:00-06:00,23.01,12.605,12.292,1389,8989.67,58938.08,60455.82,33022,43,11848.3,10131.4,14096.27,13576.1,10484.47,19860.11,-183.63
2026-01-15T09:00:00-06:00,14.57,6.09,5.18,1408.58,9945,56501.17,58539.85,20188,48,25484.5,23591.7,10980.66,13115.6,11881.52,10521.67,-1452.81
2026-01-15T10:00:00-06:00,10.72,4.405,3.033,1624,11152.67,54297.92,56242.49,17618,52,26187.7,25900.1,10659.64,11752.5,12218.46,8430.52,-1514.92
2026-01-15T11:00:00-06:00,7.84,1.95,1.57,1596.08,11037.67,52302.5,53939.59,16271,55,23625.23,25559.6,12545.25,13984.7,13170.91,8097.94,-2161.2
2026-01-15T12:00:00-06:00,5.4,1.455,1.7,1404.83,11184.08,50706.17,52074.1,15396,58,21987.43,24816.6,13432.99,15508.9,14389.74,7983.33,-2429.68
2026-01-15T13:00:00-06:00,4.29,1.825,2.013,1579,11349.25,49786,50801.51,14507,60,21004.66,25069.6,14332.77,16720.8,15681.7,8127.93,-3259.86
2026-01-15T14:00:00-06:00,1.48,-0.568,-0.192,1452.33,11131.67,49416.08,49707.76,14298,62,20754.46,26204.4,14356.59,17212.7,17271.5,8371.83,-3645.17
2026-01-15T15:00:00-06:00,1.8,-2.578,-2.11,1401.5,10717,49355,49479.91,15808,63,19485.41,26336.9,14045.92,17203.8,17405.82,8393.53,-1918.4
2026-01-15T16:00:00-06:00,9.92,14.042,13.803,1526.5,10594.67,49676,49700.59,20025,63,16012.22,18427.7,13573.98,16593.8,15310.98,10214,-29.46
2026-01-15T17:00:00-06:00,27.84,24.805,24.818,1389,10424.33,50776.08,51268.54,31574,59,3618.34,3070.3,15430.76,16527.1,11304.17,15034.3,4176.88
2026-01-15T18:00:00-06:00,26.84,23.965,23.772,1389,10397,53048.42,53643.8,33615,56,6.35,6.7,19311,18457.7,10362.21,15933.3,3980.22
2026-01-15T19:00:00-06:00,24.56,20.603,20.082,1389,10299.67,53672.67,54355.67,29710,54,0.56,0,23944.93,21333.9,11075.28,15107.92,1055.53
2026-01-15T20:00:00-06:00,21.47,21.475,20.91,1397.33,10352,53423,54310.25,28633,53,0.56,0,24802.01,23918.4,10976.19,14840.74,614.29
2026-01-15T21:00:00-06:00,20.06,21.707,21.298,1489,9970.08,52678.5,53434.13,27454,52,0.57,0,25233.61,25280.2,10626.94,14490.78,-156.02
2026-01-15T22:00:00-06:00,20.05,16.79,16.435,1480.67,10059,50929.92,51752.77,25774,50,0.59,0,25776.36,25466.1,11608.93,13656.39,-612.61
2026-01-15T23:00:00-06:00,18.5,16.6,16.395,1389,10071.92,49215.67,50073.55,24010,49,0.59,0,25465.88,25308,11858.04,13136.09,-541.83
2026-01-16T00:00:00-06:00,15.94,17.088,16.655,1389,9436,48085.83,46601.28,22915,49,0.55,0,25155.04,25548.1,12156.11,12556.91,-711.13
2026-01-16T01:00:00-06:00,15.76,16.693,16.235,1389,9466,47490.67,45508.17,22583,48,0.27,0,24848.56,24748.8,12166.42,12529.58,-940.03
2026-01-16T02:00:00-06:00,16.33,16.548,16.043,1389,9460.17,47106.42,44888.67,22521,47,0.28,0,24552.39,23828.3,13149.72,12570.8,-1493.07
2026-01-16T03:00:00-06:00,16.18,16.438,15.725,1389,9387.58,47269.58,45077.09,23425,46,0.28,0,23749.52,22929.5,13538.29,12604.53,-612.1
2026-01-16T04:00:00-06:00,18.62,17.523,16.828,1389,9307,48378.33,46419.86,24653,45,0.33,0,23586.39,22422.4,13451.98,12844.51,-277.16
2026-01-16T05:00:00-06:00,22.73,22.445,21.608,1389,9384.92,50921.67,49149.51,27138,44,0.35,0,23534.78,22818.6,12165.78,13468.26,984.2
2026-01-16T06:00:00-06:00,23.86,22.315,21.46,1389,9727.67,54649.5,53617.88,29541,45,0.28,0,24855.56,23983.5,10538.95,13625.1,2523.07
2026-01-16T07:00:00-06:00,22.06,23.957,22.913,1389,9740.58,56172.83,55693.49,29727,44,586.15,517.4,25855.54,25560.6,9070.57,13769.39,2119
2026-01-16T08:00:00-06:00,11.16,5.9,5.61,1389,10077.33,54928.92,55038.46,21405,50,9812.32,9946.2,23820.61,24830.1,11230.36,10729.76,-1369.65
2026-01-16T09:00:00-06:00,3.51,0.528,0.392,1389,10989.5,53389,53805.62,14303,55,18625.82,23378.3,20536.7,24899.1,13270.51,6482.35,-2132.22
2026-01-16T10:00:00-06:00,0.6,-0.148,-0.308,1389,10938.33,52041.83,52329.45,13028,59,18450.92,25988.1,20656.6,25647.6,14511.89,6355.74,-2334.26
2026-01-16T11:00:00-06:00,0.39,-3,-3.143,1389,11532.17,50807.92,50886.19,12533,62,17409.99,25651.3,20937.77,26676.4,15214.72,6360.48,-2729.6
2026-01-16T12:00:00-06:00,0.57,-3.515,-3.64,1389,11138.5,49794.58,49728.5,12826,64,16731.95,24678,20289.07,26051.9,16505.87,6324.29,-2317.66
2026-01-16T13:00:00-06:00,-0.07,-2.142,-2.395,1301,10795.67,49386,49234.83,13178,65,17157.26,24756.3,19038.32,24316,17286.32,6474.52,-2061.99
2026-01-16T14:00:00-06:00,0.55,-2.338,-2.62,1301,10709.92,49232.92,48885.34,13821,65,18590.92,25693.1,16798.21,21494.5,17236.91,6794.6,-1784.52
2026-01-16T15:00:00-06:00,0.96,-3.145,-3.21,1301,10393.5,49425.17,48775,15544,64,19293.73,25638.8,14565.55,18148.1,17115.59,8032.58,-1296.23
2026-01-16T16:00:00-06:00,7.31,9,8.728,1301,10329.25,49698.75,49320.25,21254,62,15815,18074.4,12598.61,14604.8,16217.46,12243.49,-270.39
2026-01-16T17:00:00-06:00,24.27,33.875,33.885,1301,10325,50890.58,50879.11,36305,58,3463.53,3237.5,11039.9,11318.7,12480.5,21132.57,3117.16
2026-01-16T18:00:00-06:00,30.53,30.038,30.55,1301,10034.83,52106.92,53150.18,42360,54,6.64,9.8,9710.65,11451.9,11859.26,24852.09,2873.85
2026-01-16T19:00:00-06:00,28.29,26.64,27.037,1267.67,9781.67,52042.75,53374.8,41670,52,0.27,0,10370.76,10480.9,12200.73,24952.61,1770.7
2026-01-16T20:00:00-06:00,28.36,24.065,24.392,1251,9711,51987.5,53075.64,39745,50,0.28,0,12223.96,9788,12510.63,24499.46,1225.21
2026-01-16T21:00:00-06:00,28.72,20.54,20.47,1251,9711.42,51597.33,52220.75,37160,49,0.29,0,14486.33,9822.3,12494.93,23563.26,1076.11
2026-01-16T22:00:00-06:00,28.17,17.448,17.433,1251,9891.5,50592.17,50916.51,36195,48,0.29,0,16178.1,10439.6,12770.08,22224.62,243.52
2026-01-16T23:00:00-06:00,25.2,14.47,14.673,1251,10206,49606.75,49531.67,35199,46,0.3,0,18974.54,11353.6,13895.47,20040.17,-676.68
2026-01-17T00:00:00-06:00,21.64,14.418,14.462,1251,10146,48864.75,49827.24,29089,45,0.29,0,19767.54,16100.7,14483.31,18339.68,-344.39
2026-01-17T01:00:00-06:00,19.91,14.55,14.777,1251,10146,48446.25,49301.35,28432,44,0.28,0,20023.85,17218.2,15110.99,18077.51,-765.16
2026-01-17T02:00:00-06:00,18.49,14.08,14.058,1251,10146,48389.83,49163.71,27424,43,0.28,0,20986.49,18250.9,15686.64,17573.38,-806.63
2026-01-17T03:00:00-06:00,19.45,15.23,14.923,1251,10137.67,48718.67,49193.6,27812,42,0.31,0,20883.06,18406,16243.64,18574.4,-1417.66
2026-01-17T04:00:00-06:00,20.56,16.812,16.425,1251,10046,49570.75,49927.52,29488,41,0.3,0,19978.93,18061.3,15999.07,19444.46,-674.55
2026-01-17T05:00:00-06:00,23.55,19.493,19.122,1251,10046,51080.92,51325.88,32035,40,0.25,0,18839.8,17815.5,14758.65,20835.61,391.1
2026-01-17T06:00:00-06:00,24.03,21.15,20.865,1251,10046,53161.83,53280.82,35733,40,0.24,0,17259.82,17639.9,12024.74,21354.1,3068.43
2026-01-17T07:00:00-06:00,25.76,23.445,23.265,1251,10334.67,55146.58,55046.92,39027,39,370.89,374.5,15651.76,17161.6,9071.36,21883.41,4918.3
2026-01-17T08:00:00-06:00,19.93,20.635,20.53,1251,10331.67,56062.92,56018.25,33006,42,7823.19,7071.8,15272.71,16302.1,9327.8,19811.68,722.3
2026-01-17T09:00:00-06:00,10.96,8.01,10.653,1251,10451,56227.67,56096.45,21135,45,18213.9,16774.2,16894.72,16785.5,10947.71,11569.33,-1190.95
2026-01-17T10:00:00-06:00,7.54,1.272,4.16,1251,10451,55998.67,55621.2,16940,46,19123.73,19416.6,19992.66,19755.1,12835.1,9522.63,-2456.22
2026-01-17T11:00:00-06:00,3.05,0.835,5.943,1251,10437.5,54997.75,54594.85,15972,48,19069.87,20456.9,19923.98,21637.6,14566.23,9302.46,-2807.67
2026-01-17T12:00:00-06:00,2.1,-0.353,3.085,1251,10245.17,53741.42,53369.15,15053,50,18372.54,21320.3,20414.55,21118.9,15807.06,8933.85,-3367.22
2026-01-17T13:00:00-06:00,1.6,-1.468,1.525,1251,10258,52708.25,52164.13,14718,50,18675.98,21233.4,19373.73,20268.2,16468.26,8902.24,-3469.24
2026-01-17T14:00:00-06:00,0.48,-1.14,0.365,1251,10234.42,52042.42,51330.05,14883,50,18905.13,21056.5,18287.3,19278.6,17605.55,8985.92,-3254.47
2026-01-17T15:00:00-06:00,1.85,0.975,1.92,1251,9963.5,52442.75,51245.55,17133,50,17594.93,20894.1,17656.04,17886.8,17826.36,10226.12,-2102.94
2026-01-17T16:00:00-06:00,13.74,11.282,10.982,1251,9590,53328.75,51710.01,23440,48,13288.49,15451.5,16524.57,15966.4,17143.89,14964.39,-795.97
2026-01-17T17:00:00-06:00,29.65,34.438,33.93,1251,9530,55275.17,53156.92,37668,46,3059.12,3125.4,14398.88,13538.7,13425.28,24520.2,1859.82
2026-01-17T18:00:00-06:00,37.73,48.427,49.54,1251,10128,57660.83,55276.59,45867,43,8.31,12.1,11726.64,11459.1,10909.58,28752.57,3362.05
2026-01-17T19:00:00-06:00,39.1,52.165,55.767,1251,10488.17,58048.83,55935.54,47562,41,0.16,0,10469.79,10789.8,10150.42,29752.87,3728.92
2026-01-17T20:00:00-06:00,39.88,57.423,62.383,1251,10667,58412,56156.32,48297,39,0.15,0,10102.75,10933.4,9114.97,30326.29,3781.81
2026-01-17T21:00:00-06:00,44.59,61.22,67.07,1251,10618.42,58410,56028.59,47435,38,0.14,0,10993.84,11620.3,7917.19,30544.18,2508.93
2026-01-17T22:00:00-06:00,44.69,46.638,51.53,1251,10326,57922.58,55654.46,46957,36,0.16,0,11947.5,12775.4,7749.67,30490.67,886.15
2026-01-17T23:00:00-06:00,38.13,35.5,37.12,1253.92,10387,57612.58,55158.37,46660,34,0.15,0,13590.55,14076.8,8343.78,30041.11,-865.5
2026-01-18T00:00:00-06:00,40.83,35.198,34.775,1286,10777.33,57299.33,55595.54,43499,33,0.18,0,13805.03,12809.1,9142.21,29679.73,-530.56
2026-01-18T01:00:00-06:00,41.55,33.8,33.117,1286,10991.83,57169.5,55333.89,43313,32,0.13,0,13861.66,13300.4,9504.33,29293.63,-670.61
2026-01-18T02:00:00-06:00,42.26,33.525,32.815,1286,11193.17,57623.5,55592.9,43153,30,0.12,0,14435.57,13838.8,10290.14,29411.29,-1114.62
2026-01-18T03:00:00-06:00,41.68,34.942,34.16,1286,11221,58209.92,56220.55,43568,30,0.21,0,14595.81,14452.5,10754.9,29177.57,-475.56
2026-01-18T04:00:00-06:00,43.73,35.667,35.253,1286,11221,59026.33,57410.17,43901,28,0.09,0,15046.95,16911.9,10820.85,29405.23,-58.83
2026-01-18T05:00:00-06:00,45.67,30.752,30.757,1286,11246,60517.08,59317.06,44141,28,0.09,0,16247.03,17797.4,10708.36,29432.7,56.96
2026-01-18T06:00:00-06:00,38.05,26.077,26.077,1286,11209.17,62345.08,61472.33,43622,27,0.1,0,18547.77,18785.7,10502.59,28511.82,604.36
2026-01-18T07:00:00-06:00,36.07,26.25,26.515,1286,11005.75,64182.58,63219.9,43216,27,707.93,637,20142.26,19625.6,9174.28,27524.76,1388.87
2026-01-18T08:00:00-06:00,22.75,14.327,14.165,1286,10985.67,63861.33,63191.39,32153,33,11808.39,11145,19979.16,19765.8,11018.52,19730.04,-700.63
2026-01-18T09:00:00-06:00,16.58,1.99,3.598,1286,11117,61593.17,60760.39,21326,39,25902.09,25301.9,14544.35,17933.7,13027.9,12198.49,-1596.61
2026-01-18T10:00:00-06:00,12.46,1.262,4.378,1286,11122.67,58543.75,57985.25,19292,45,27500.98,27601.3,11985.12,15702,13501.21,11035.32,-1323.3
2026-01-18T11:00:00-06:00,6.95,0.707,2.94,1286,10833.17,55671.5,55377.87,17636,50,26253.99,26978.9,11975.62,14848.9,15034.05,10884.38,-2673.37
2026-01-18T12:00:00-06:00,3.13,0.158,1.593,1286,10520,52973.67,53014,16948,54,24909.94,25951.7,11298.53,13841.7,15978.5,10515.27,-2523.25
2026-01-18T13:00:00-06:00,2.12,0.082,1.502,1286,10436,50798.17,51044.35,16531,57,25409.8,26127.8,8999.64,12160.7,16540.46,10421.63,-2794.52
2026-01-18T14:00:00-06:00,1.14,0.527,2.105,1286,10309.33,49295.67,49813.58,16588,60,26203.99,27232.7,6433.36,9788.5,17208.02,10568.01,-2889.48
2026-01-18T15:00:00-06:00,0.68,0.768,2.635,1286,10258.67,48622.17,49472.34,17214,61,26789.14,27764.3,4507.11,7380.8,17758.86,11364.63,-2951.81
2026-01-18T16:00:00-06:00,12.81,17.408,17.635,1286,10106,48638.75,49979.78,24905,61,20055.38,20536.3,3667.77,5707.8,16446.73,16393.67,-622.36
2026-01-18T17:00:00-06:00,33.04,42.843,43.222,1286,10290,50272.58,52049.87,42745,56,4199.23,3958,3182.88,5576.9,11215.58,25138.47,4750.99
2026-01-18T18:00:00-06:00,32.76,41.435,41.637,1286,10539,52748.42,55577.35,47267,51,9.93,14.4,5350.4,7519,8895.57,26764.19,5877.34
2026-01-18T19:00:00-06:00,29.3,39.438,40.268,1286,10401.67,53551,56803.16,45039,48,0.32,0,8483.84,10563.2,8421.54,26949.9,3270.94
2026-01-18T20:00:00-06:00,25.03,45.06,45.837,1286,10173.33,53799.75,57382.74,43095,46,0.37,0,10687.74,13452.2,7809.18,27263.32,907.78
2026-01-18T21:00:00-06:00,22.7,29.688,29.788,1286,10234.33,53878.08,57425.83,40569,45,0.35,0,13283.43,15827.7,8040.34,25815.75,-384.68
2026-01-18T22:00:00-06:00,20.77,25.6,25.613,1286,10290,52929.08,56218.92,39738,43,0.34,0,15578.79,17690,9200.9,23948.73,-1273
2026-01-18T23:00:00-06:00,20.11,23.868,23.912,1286,10240.58,51860.75,54913.06,38639,40,0.36,0,17413.63,18891.1,10797.09,23256.15,-2493.34
2026-01-19T00:00:00-06:00,23.55,20.53,20.537,1286,10167.33,51295.33,53852.61,32649,39,0.33,0,18692.09,17667,12689.17,23138.9,-3213.3
2026-01-19T01:00:00-06:00,23.63,18.45,18.45,1286,10263.83,51304.83,53660.79,32296,38,0.35,0,18985.36,17320.9,14279.93,22742.17,-2496.55
2026-01-19T02:00:00-06:00,24.72,18.423,18.423,1286,10336,51612.67,53663.24,33489,36,0.36,0,18071.27,16711.1,14638.43,22880.31,-1363.39
2026-01-19T03:00:00-06:00,28.02,20.497,20.505,1286,10199.33,52459.92,54126.92,35259,35,0.36,0,17120.55,15913.5,14506.2,23869.03,-615.63
2026-01-19T04:00:00-06:00,30.02,23.758,23.657,1286,9831,54094.67,55533.58,37289,35,0.34,0,16642.17,15363,14037.05,24915.97,-91.37
2026-01-19T05:00:00-06:00,36.13,28.475,28.17,1286,9687,56746.17,57452.95,40417,34,0.35,0,16092.05,15179.7,12955.88,26162.22,473.47
2026-01-19T06:00:00-06:00,42.59,25.543,25.243,1286,10103.5,59886.5,60738.54,43871,33,0.34,0,15805.96,15118.1,10759.53,26309.44,3398.27
2026-01-19T07:00:00-06:00,42.49,23.868,23.945,1301.83,9911.83,62078.42,62856.85,44850,34,735.93,561.9,16407.19,15165.6,8797.61,26127.22,4997.94
2026-01-19T08:00:00-06:00,25.26,14.652,14.728,1476,9585,61180.08,62482.29,34552,41,11356.96,9590.2,15409.16,14646.5,10303.77,21307.95,502.24
2026-01-19T09:00:00-06:00,17,4.002,3.867,1460.17,9689.42,58876.33,61021.42,22521,48,23870.95,21637.3,12634.92,13501.3,12739.09,13225.49,-1414.47
2026-01-19T10:00:00-06:00,14.4,1.193,0.89,1256.83,9561,56584.17,59503.19,18419,53,25115.12,24243.3,13182.07,13326.1,14311.54,11198.85,-2748.21
2026-01-19T11:00:00-06:00,9.16,-0.955,-1.045,1251,9486.42,54418.92,57446.55,16808,57,22251.16,24627.7,15443.03,14636.9,15887.79,10466.3,-3136.23
2026-01-19T12:00:00-06:00,5.97,-2.387,-2.38,1251,9514.33,52597.25,55913.17,16413,58,19094.62,24389.3,17176.08,15881.1,16455.29,9954.97,-2794.87
2026-01-19T13:00:00-06:00,4.58,-3.83,-3.805,1251,9580.25,51363.83,55166.45,15784,59,18079.51,24476.7,17529.17,16888.6,17108.82,9898.87,-3023.78
2026-01-19T14:00:00-06:00,3.39,-4.64,-4.602,1251,10351,50843.08,54990.46,15856,60,17801.75,24858.8,17159.84,17499,18280.54,9868.33,-2882.35
2026-01-19T15:00:00-06:00,3.55,-5.512,-5.442,1251,10165,50874,55618.05,17117,60,16862.53,24001.3,16865.11,17708.2,18500.3,10512.96,-2184.78
2026-01-19T16:00:00-06:00,12.94,-3.635,-3.625,1251,9970,51450.17,57017.92,21189,57,12366.76,17364.3,17782.88,17821.1,17211.34,13080.7,-577.51
2026-01-19T17:00:00-06:00,23.44,17.898,17.59,1251,9967.67,53586.33,58900.88,29815,53,3208.18,3368.6,20387.3,17686.2,15797.84,20244.68,330.67
2026-01-19T18:00:00-06:00,29.49,24.075,24.905,1251,9961.67,56111.08,62084.69,36450,49,9.09,10.1,19506.69,17621,13980.78,24246.05,763.47
2026-01-19T19:00:00-06:00,29.59,26.043,27.783,1251,9965,56470.67,62543.72,37941,47,0.17,0,18465.62,17783.1,13679.3,24805.21,488.08
2026-01-19T20:00:00-06:00,31.09,35.03,36.835,1251,9962.67,56199.83,62465.38,39804,46,0.17,0,16426.26,17412.8,12380.15,25354.18,1080.72
2026-01-19T21:00:00-06:00,32.03,42.587,43.632,1251,9796.58,54919.83,61924.34,41077,44,0.19,0,13922.41,16419.7,11781.45,26312.66,1137.05
2026-01-19T22:00:00-06:00,34.99,39.195,39.537,1251,9792.17,53611.58,60288.66,39753,43,0.16,0,11943.53,14998.8,11504.97,27404.07,372.3
2026-01-19T23:00:00-06:00,34.39,33.767,34.283,1251,9818.67,52192.67,59189.08,38318,42,0.15,0,10305.16,13267.4,11665.92,28457.07,-443.6
2026-01-20T00:00:00-06:00,34.49,32.65,33.682,1251,10918.58,51153.17,53736.27,42256,41,0.18,0,8974.13,9810.6,12367.82,29334.94,-1087.45
2026-01-20T01:00:00-06:00,36.2,36.153,37.51,1251,11153.33,50891.08,53041.11,43058,39,0.2,0,7855,8545.2,12377.64,29319.33,-267.69
2026-01-20T02:00:00-06:00,38.54,52.035,53.015,1251,11167,51133.92,52659.42,44455,38,0.26,0,6648.19,7681.3,11930.39,30096.56,295.21
2026-01-20T03:00:00-06:00,41.23,61.077,63.195,1251,11190.33,51629.42,52714.64,45677,37,0.37,0,5880.7,6969,12854.66,31434.05,-219.82
2026-01-20T04:00:00-06:00,42.6,65.97,68.552,1251,11237.5,53136.42,53433.78,47342,37,0.43,0,5679.25,6470.3,13291.89,32721.3,-57.21
2026-01-20T05:00:00-06:00,53.49,66.265,68.177,1251,11770.67,55973,55293.75,50360,37,0.4,0,5405.87,6242.2,12099.59,33644.9,2049.42
2026-01-20T06:00:00-06:00,58.23,67.318,70.163,1251,11973.08,59432.17,58282.26,53972,36,0.21,0,5221.85,6148.9,9163.35,33887.3,5437.68
2026-01-20T07:00:00-06:00,63.3,105.42,121.355,1251,12674.67,60787.67,59534,55198,37,259.2,339.2,5382.14,6158.8,6084.43,34013.48,6957.69
2026-01-20T08:00:00-06:00,41.18,132.325,155.472,1259.33,12598.67,59147.92,59173.05,48445,40,6006.48,6323.5,4751.2,6134.2,5573.75,33043.12,756.14
2026-01-20T09:00:00-06:00,25.28,24.9,24.94,1351,12532.83,59053.92,58603.43,40697,43,15442.66,15523.9,2971.69,5478,7206.94,28061.25,-1024.47
2026-01-20T10:00:00-06:00,22.41,23.06,23.06,1327.67,12658.5,56722.5,57756.27,36051,47,17492.22,18029.5,3314.68,5527.1,8481.2,25219.52,-1518.49
2026-01-20T11:00:00-06:00,21.41,22.75,22.653,1386.33,12917.92,55170.58,56704.19,33626,51,17789.26,18618.5,3890.62,6492.7,9504.28,22610.38,-1074.84
2026-01-20T12:00:00-06:00,19.03,22.925,22.358,1514.67,11968.17,53539,55800.48,32257,53,17533.13,17910.4,3856.36,7840.5,10028.65,21677.94,-1588.53
2026-01-20T13:00:00-06:00,17.95,23.29,22.64,1361,11863.83,52548.08,54983.6,30764,55,17321.41,17561.1,4561.83,9328.7,12021.95,21532.91,-2991.44
2026-01-20T14:00:00-06:00,17.08,23.06,22.273,1251,11712.83,51945.58,53994.87,30577,57,15424.23,16541.1,6001.13,10920.1,13066.19,21111.31,-2834.09
2026-01-20T15:00:00-06:00,17.73,23.883,23.017,1251,11581.75,51764,53500.77,31029,57,12462.71,14240,8295.05,12629.1,14187.06,22182.16,-3361.95
2026-01-20T16:00:00-06:00,20.71,25.907,24.99,1251,11288.17,52557.75,53350.62,34728,57,8033.07,9594,9761.08,14190.9,14031.71,23703.94,-1555.69
2026-01-20T17:00:00-06:00,28.26,29.5,29.46,1251,10413.67,54198.42,54083.91,40577,56,2391.69,1956.7,11086.12,15555.6,11499.33,24964.72,2161.77
2026-01-20T18:00:00-06:00,27.29,29.995,29.912,1251,10411.33,55768.17,54995.25,42038,55,190.97,17.5,13499.18,17433.1,10736.98,25385.73,2535.12
2026-01-20T19:00:00-06:00,25.77,24.85,24.887,1271,10179,55330.33,54972.13,38735,54,34.31,0,16532.28,19499.6,11656.4,24614.93,631.88
2026-01-20T20:00:00-06:00,21.91,20.315,20.383,1271,10134,54720.08,54190.56,35154,54,0.38,0,19600.62,21725.9,12852.24,22950.75,-267.07
2026-01-20T21:00:00-06:00,21.25,17.932,17.96,1251,10085,53255.58,52941.62,32222,53,0.42,0,21127.04,22759.8,13111.37,20645.81,-453.59
2026-01-20T22:00:00-06:00,19.77,15.983,15.948,1251,10097,50879.08,50975.2,29893,53,0.38,0,21314.28,23197.9,14112.22,19020.97,-958.49
2026-01-20T23:00:00-06:00,18.23,13.985,14,1251,10072.67,48574.17,49162.93,27537,53,0.31,0,21539.29,23009.8,15068.86,17762.54,-1696.86
2026-01-21T00:00:00-06:00,15.47,14.213,14.235,1251,9810,46878.92,46763.75,25309,53,0.3,0,21620.94,23082.4,15912.19,17745.94,-2637.28
2026-01-21T01:00:00-06:00,15.88,13.398,13.432,1251,9742.42,45779,45279.06,24999,53,0.35,0,20811.5,22041.6,16776.74,17512.81,-2651.13
2026-01-21T02:00:00-06:00,15.94,13.243,13.582,1251,9332,45282.42,44357.14,25612,52,0.33,0,19664.86,21007.9,17064.04,17475.22,-1832.31
2026-01-21T03:00:00-06:00,16.62,14.13,14.55,1251,9324.5,45211.83,44032.43,26870,52,0.31,0,18326.81,19760.6,16932.79,18228.4,-880.27
2026-01-21T04:00:00-06:00,18.06,15.76,16.215,1251,9340.83,45821.67,44745.37,29168,53,0.3,0,16501.98,18041.2,16521.94,19354.29,-168.83
2026-01-21T05:00:00-06:00,21.87,20.323,20.702,1251,9535.08,47717.58,46843.9,32698,52,0.31,0,14874.41,15949.3,15490.03,22451.85,-32.64
2026-01-21T06:00:00-06:00,27.52,24.965,25.03,1251,10260.67,50612.08,51247.66,36705,52,0.33,0,13717.31,13741.9,14281.39,24288.25,838.74
2026-01-21T07:00:00-06:00,30.85,24.49,24.53,1251.83,10979.67,51812.5,53145.01,38192,53,48.25,140,13559.64,11831.9,12975.38,23440.19,1586.94
2026-01-21T08:00:00-06:00,28.64,20.273,20.28,1261,10995.92,51711.67,53211.24,33901,54,3451.94,3644.5,14353.58,10460,14743.74,21885.37,-305.2
2026-01-21T09:00:00-06:00,22.49,18.505,17.037,1252.67,11497.5,51884.58,53587.55,28779,56,10040.91,10127.9,13085.93,9285.1,15446.97,18350.25,-610.78
2026-01-21T10:00:00-06:00,22.16,29.063,16.382,1251,12017.33,51823.83,53201.84,26894,58,12557.2,12527.6,12355.54,8184.1,15995.45,17234.45,-893.58
2026-01-21T11:00:00-06:00,21.26,17.727,17.137,1251,12027,51372.67,52836.07,26747,61,14334.52,13633.2,10249.66,7008.2,16406.92,17317.32,-998.46
2026-01-21T12:00:00-06:00,20.95,16.815,16.525,1251,11836.5,50526.75,52459.8,26076,63,16061.13,14659,8339.57,5489.3,16287.59,16512.67,-747.79
2026-01-21T13:00:00-06:00,21.24,14.487,14.208,1251,11764.5,49903.75,51984.78,25294,65,17623.82,14674.5,6995.92,4156.6,16614.14,15785.25,-718.45
2026-01-21T14:00:00-06:00,20.49,15.138,14.99,1251,11666.33,49403.58,51159.78,25335,66,18393.36,14325.7,5706.77,4668.7,16696.89,16172.68,-1012.33
2026-01-21T15:00:00-06:00,19.85,14.057,13.997,1251,11798.5,49347.5,50825.34,25627,67,18478.57,14966.6,5223.43,3901.5,17014.11,16536.61,-1072.32
2026-01-21T16:00:00-06:00,25.95,21.08,21.043,1251,11502.33,49707.83,50857.62,30615,66,14601.51,11766.3,4466.92,3370.6,15987.69,20575.51,-315.65
2026-01-21T17:00:00-06:00,43.16,43.005,43.127,1251,11428,50897.58,52166.34,42936,63,3763.04,2991.2,4083.2,3368.2,11930.82,26870.22,3678.31
2026-01-21T18:00:00-06:00,43.59,43.828,44.09,1251,11727.5,52390.33,54041.43,47598,60,8.08,19.4,4724.45,4005.6,10242.79,28793.56,4975.74
2026-01-21T19:00:00-06:00,42.97,42.052,42.14,1251,12190.5,52438.17,54206.86,46222,57,0.25,0,6242.02,4858.5,10161.89,28908.2,2880.3
2026-01-21T20:00:00-06:00,38.66,36.47,36.645,1251,11903,52075.75,53438.12,45024,54,0.25,0,7055.49,5503.9,10164.04,28774.55,1484.68
2026-01-21T21:00:00-06:00,34.06,33.027,33.295,1251,11936,51109.58,51790.49,43478,53,0.24,0,7751.4,5981.5,9999.16,28321.45,332.7
2026-01-21T22:00:00-06:00,30.28,29.025,28.938,1251,11182,49119.83,49366.18,41497,52,0.26,0,7901.72,6368.5,10536.66,27038.58,-459.61
2026-01-21T23:00:00-06:00,28.5,28.048,27.95,1251,11063,47239.92,47053.83,39595,51,0.26,0,8003.75,6493.6,11336.19,25996.76,-1579.04
2026-01-22T00:00:00-06:00,30.9,31.427,31.593,1251,10933,45645.5,45019.66,37742,50,0.27,0,7864.81,6721.2,12398.66,24159.18,-1211.73
2026-01-22T01:00:00-06:00,30.88,32.25,32.115,1251,11011,45000.08,43933.96,37291,50,0.28,0,7612.42,6439.5,13061.29,24091.71,-1440.82
2026-01-22T02:00:00-06:00,30.46,32.288,32.235,1251,11018,44735.92,43416.36,37188,49,0.28,0,7432.23,6415.6,14184.26,24218.51,-1856.6
2026-01-22T03:00:00-06:00,30.53,32.108,31.895,1251,11069.58,44979.83,43424.75,37999,48,0.28,0,6809.66,6390.4,14724.48,24170.21,-1383.26
2026-01-22T04:00:00-06:00,31.53,34.597,34.283,1251,11494,46160.33,44312.65,39370,48,0.28,0,6577.4,6320.6,14532.22,24804.31,-572.01
2026-01-22T05:00:00-06:00,37.13,41.758,41.227,1251,11628.83,48478.92,47258.17,41910,47,0.26,0,6357.91,6266.9,13341.83,26303.61,717.34
2026-01-22T06:00:00-06:00,44.45,45.258,44.617,1251,11687.17,51889.5,51230.18,45765,47,0.28,0,5888.02,6213.2,11348.17,27360.89,3155.32
2026-01-22T07:00:00-06:00,50.3,43.222,42.677,1251,11674,53372.08,52991.19,47448,47,148.67,199.2,5745.09,6016.4,9904.73,27601.55,4297.56
2026-01-22T08:00:00-06:00,43.23,42.03,41.91,1251,11740.25,53128,52775.45,44364,49,3290.29,4387.4,5481.03,5582.5,8023.61,27275.45,2158.92
2026-01-22T09:00:00-06:00,29.95,37.45,37.45,1251,12058,52744.58,52413.41,40293,51,7911.58,11369.1,4562.83,4544.7,8150.23,25286.52,-8.47
2026-01-22T10:00:00-06:00,28.13,30.595,30.595,1251,12316.08,52320.42,51775.35,35951,54,12130.39,13972.5,4279.91,3572.3,9067.38,22032.41,-1066.19
2026-01-22T11:00:00-06:00,26.49,27.878,27.878,1251,12784.08,51755,51078.88,33137,56,14284.05,14897.5,4367.36,3593,10992.79,19828.18,-1560.15
2026-01-22T12:00:00-06:00,24.66,27.81,27.81,1251,12728.17,51205.08,50464.76,32434,58,14853.14,15116.3,3912.26,3697.5,11749.19,19790.91,-2148.14
2026-01-22T13:00:00-06:00,23.72,31.683,31.683,1251,12602.33,50779,50112.96,33210,60,14239.86,15484.9,3352.79,3650,12228.11,21498.08,-3070.02
2026-01-22T14:00:00-06:00,23.06,33.778,33.775,1251,11845.33,50467.83,49624.64,34041,61,13009.1,15606.4,3420.7,3740.2,13496.01,22387.34,-3202.44
2026-01-22T15:00:00-06:00,24.39,38.42,38.572,1251,11480.67,50524.17,49698.61,36810,62,10358.08,15324.1,3328.59,4124.6,13238.36,23726.48,-1748.27
2026-01-22T16:00:00-06:00,29.2,51.195,53.008,1251,11261.83,51057.58,49924.2,42425,61,5515.39,10954.3,3071.6,4888.2,12096.12,26415.52,1097.81
2026-01-22T17:00:00-06:00,39.4,53.818,55.888,1251,11138,52020.58,50917.35,46834,60,1325.65,2104,3732.45,6184.2,9885.18,27647.39,3923.29
2026-01-22T18:00:00-06:00,35.11,55.853,57.875,1251,11176.09,53394.82,52263.21,47965,58,6.16,8,5145.62,8376.8,8395,28909.63,3680.38
2026-01-22T19:00:00-06:00,32.57,46.993,47.122,1251,10059.17,53384.58,52297.26,45047,57,0.14,0,8263.96,10936.1,8838.67,28788.75,676.26
2026-01-22T20:00:00-06:00,29.91,36.82,36.827,1251,9554.33,53025.33,51404.8,41843,56,0.16,0,11171.82,13178.7,9609.79,26624.13,-416.54
2026-01-22T21:00:00-06:00,28.12,33.188,33.325,1251,9349.42,51860.25,49999.71,38784,56,0.25,0,13141.59,14699.5,10501.09,24923.03,-1475.84
2026-01-22T22:00:00-06:00,27.17,30.738,30.855,1251,9497.5,49782,47922.73,36724,56,0.19,0,13190.65,15231.8,12094.19,23469.29,-2116.6
2026-01-22T23:00:00-06:00,24.85,32.73,32.95,1251,9672.92,47666.75,45892.85,34612,56,0.26,0,12609.44,15029.2,13044.37,22725.98,-2882.74
2026-01-23T00:00:00-06:00,34.01,35.025,36.107,1251,9397,45852.33,44558.23,33939,55,0.36,0,12004.15,14206.4,14956.65,21047.82,-2566.4
2026-01-23T01:00:00-06:00,32.85,28.515,30.795,1251,9230.75,44706,43542.91,32901,55,0.32,0,11844.98,13342.4,15685.99,19789.81,-2231.37
2026-01-23T02:00:00-06:00,33.75,27.382,29.952,1251,9267.58,44172.5,43085.72,33214,55,0.26,0,10946.76,12765.4,16247.96,19106.36,-840.57
2026-01-23T03:00:00-06:00,29.57,27.75,30.345,1251,9501.5,44260.42,42957.43,34378,55,0.26,0,9841.28,12051.7,16499.46,20512.69,-1016.45
2026-01-23T04:00:00-06:00,31.41,32.025,34.407,1251,9548.33,44982.67,43774.08,35965,54,0.26,0,8954.7,11326.4,16395.61,21581.53,-338.99
2026-01-23T05:00:00-06:00,34.43,38.968,41.345,1255.17,9793.83,46737.08,46172.81,37895,54,0.35,0,8696.11,10865.6,15866.41,22719.85,150.7
2026-01-23T06:00:00-06:00,40.35,43.083,43.778,1301,9361.25,49739.83,49521.34,40264,54,0.25,0,9238.55,10694.6,15080.11,24450.73,503.88
2026-01-23T07:00:00-06:00,39.95,40.642,40.76,1301,9229.08,51161.5,51432.31,40201,54,62.28,126.9,10835.9,10602.5,15033.52,24208.2,410.93
2026-01-23T08:00:00-06:00,43.69,32.925,33.08,1301,9251.83,51782.42,51890.79,38176,55,990.98,1804.3,12549.54,10744.1,15927.21,22765.08,-58.38
2026-01-23T09:00:00-06:00,54.11,32.24,32.32,1301,9418,52546.42,52779.85,35170,55,2281.09,4025.1,14912.08,11347.5,16587.41,20157.15,-519.38
2026-01-23T10:00:00-06:00,40.09,27.952,27.967,1301,9427.25,53291,53323.15,32183,55,3721.75,5290.7,17277.82,12337.7,17554.04,18434.01,-1472.36
2026-01-23T11:00:00-06:00,38.18,22.44,22.582,1301,9418.25,53898.17,53491.35,29808,56,5070.84,6551.3,18880.18,13464.7,17982.66,17336.27,-1329.33
2026-01-23T12:00:00-06:00,33.19,9.293,9.665,1301,10452.83,54281.25,53247.39,27178,56,6063.99,6586.9,20872.05,14535.7,19180.98,17083.62,-2406.83
2026-01-23T13:00:00-06:00,37.16,3.952,4.532,1301,10336.5,54670.42,53215.55,26391,55,5465.12,6250.4,22595.7,15723.3,19422.23,16983.81,-1695.97
2026-01-23T14:00:00-06:00,36.08,0.985,1.375,1301,9044.92,54841,52907.33,27137,54,4446.36,5049.2,23225.12,17168.1,19239.67,16857,-705.9
2026-01-23T15:00:00-06:00,33.27,0.837,1.493,1296.83,9036.33,54866.5,52713.47,27817,54,2804.58,3400.3,24117.26,18536,18819.11,17461.84,-271.96
2026-01-23T16:00:00-06:00,33.75,0.355,0.978,1251,9127.42,55619.33,53103.64,29006,52,1465.9,2244,25036.58,19623,18932.33,18725.31,-500.01
2026-01-23T17:00:00-06:00,29.49,14.282,14.74,1251,9330.67,56877.33,54285.29,31639,51,309.17,642.3,24791.66,20156.1,19404.33,20289.32,-35.12
2026-01-23T18:00:00-06:00,32.26,25.495,26.132,1251,9803.33,58025.75,55619,34534,50,0.92,7.8,23504.22,19727.1,18786.33,21431.98,-279.2
2026-01-23T19:00:00-06:00,37.7,25.905,26.61,1251,9782,57743.92,55357.68,35513,49,0.22,0,22295.57,18602.9,18484.08,21646.72,-203.51
2026-01-23T20:00:00-06:00,39,28.188,28.305,1251,9431.17,57484.08,54370.14,37172,47,0.25,0,20354.48,17545.3,17864.69,22543.51,393.59
2026-01-23T21:00:00-06:00,39.63,31.035,31.097,1251,9369.17,56840.92,52956.99,38357,46,0.2,0,18577.74,15911.2,18101.38,23770.9,-214.33
2026-01-23T22:00:00-06:00,39.85,30.467,30.59,1251,9292.58,55862.25,51684.34,37377,45,0.2,0,17332.37,14258.5,18092.67,23706.94,-167.33
2026-01-23T23:00:00-06:00,38.95,29.347,29.475,1251,9121.42,54622.5,50560.44,36153,44,0.2,0,16517.64,12875.8,18095.56,23205.56,-99.24
2026-01-24T00:00:00-06:00,34.11,30.767,30.767,1251,8248.17,53570.75,51454.22,37858,41,0.2,0,15760.16,10381.6,17614.96,23911.36,-202.46
2026-01-24T01:00:00-06:00,34.33,30.46,30.46,1251,8882,52909.42,50443.09,38101,40,0.22,0,14843.41,9302.1,17540.36,24015.96,165.23
2026-01-24T02:00:00-06:00,33.5,32.235,32.235,1251,8922,52534.42,50083.57,38499,39,0.24,0,14002.13,8340.1,17634.5,24625.45,-124.7
2026-01-24T03:00:00-06:00,34.43,31.992,30.625,1251,9155.33,52570.83,49793.95,38756,38,0.26,0,13794.84,7529.4,17567.91,25015.57,-122.77
2026-01-24T04:00:00-06:00,38.17,36.78,34.787,1251,9310.92,53056.83,50295.8,40387,37,0.25,0,12678.78,6857.7,17241.84,26669.85,27.65
2026-01-24T05:00:00-06:00,39.91,43.57,41.61,1251,9500.42,54620.42,52358.61,42947,36,0.28,0,11563.43,6257.2,16641.15,29056.8,15.7
2026-01-24T06:00:00-06:00,52.27,56.562,55.17,1251,9007.33,56431.92,53515.65,45275,34,0.41,0,11054.28,5681.5,16507.24,30567.72,-21.06
2026-01-24T07:00:00-06:00,60.42,67.218,66.88,1251,9211.67,58632.17,55800.79,47027,32,20.42,60.5,11420.16,5200.1,16043.89,31492.94,105.09
2026-01-24T08:00:00-06:00,88.11,74.187,77.222,1251,9508,60332.58,58283.97,48348,31,504.5,825.5,11326.09,4986.5,15652.72,32870.74,45.64
2026-01-24T09:00:00-06:00,116.36,139.51,144.435,1251,9636,61618,60993.86,47490,31,1600.2,1805.9,12289.6,5196.7,15990.6,32106.01,5.89
2026-01-24T10:00:00-06:00,120.58,150.8,157.42,1251,9717.5,63217.33,62535.25,47126,30,3021.86,2548.3,12946.97,5705.7,15765.46,32248.02,-522.74
2026-01-24T11:00:00-06:00,122.15,144.888,151.73,1251,9803.67,64335.83,62813.73,47630,30,4085.22,3586.9,12526.49,6198.7,15916.52,32213.31,-271.07
2026-01-24T12:00:00-06:00,131.25,168.542,182.755,1251,9724.83,65269.5,62008.07,48898,29,4431.77,3934,11853.38,6423.8,15477.47,33368.52,-17.52
2026-01-24T13:00:00-06:00,128.67,164.045,176.92,1251,9999.33,65582.5,61262.3,49916,28,3996.6,3827.4,11632.88,6480.9,15444.55,34197.87,19.82
2026-01-24T14:00:00-06:00,133.2,210.85,224.773,1251,9948.58,66002.17,60310.17,51589,28,2986.17,3093.8,11395.71,6783.4,15373.2,36036.62,-68.77
2026-01-24T15:00:00-06:00,142.38,182.342,191.515,1251,9163.25,66641,60253.36,53719,28,1801.31,2173.5,11066.79,7124.5,16019.65,38047.23,-509.25
2026-01-24T16:00:00-06:00,164.23,177.335,232.247,1251,8878.67,67580,61070.75,55997,27,958.35,1338.8,10568.43,7394.6,15599.67,39569.42,-266.26
2026-01-24T17:00:00-06:00,189.85,182.84,293.942,1251,8876.5,69068.83,62947.58,58846,26,213.94,398.3,9875.79,7480.2,15314.27,42036.67,-1.51
2026-01-24T18:00:00-06:00,233.66,191.562,239.487,1251,8908.5,70480.17,65141.11,59902,26,1.76,15.9,10496.35,7148.6,15505.14,42528.06,-111.13
2026-01-24T19:00:00-06:00,206.48,169.072,186.368,1251,9451.75,70464.67,65433.09,59405,25,0.29,0,11054.67,6756.7,15767.67,42061.87,-64.47
2026-01-24T20:00:00-06:00,200.24,129.63,143.245,1251,9146.17,70293.08,65245.63,58781,25,0.25,0,11562.28,6359.4,16069.91,41280.3,134.41
2026-01-24T21:00:00-06:00,237.35,138.143,156.067,1251,8929.5,69829.58,65066.44,58398,24,0.22,0,11475.03,6233.3,15997.51,41616.19,-454.08
2026-01-24T22:00:00-06:00,305.13,94.812,118.358,1251,8967.67,68604.58,64605.99,57214,24,0.16,0,11721.14,6410.4,16537.36,40064.51,-412.43
2026-01-24T23:00:00-06:00,232.09,99.218,111.4,1253,9342.5,67632.83,64174.2,56169,24,0.11,0,11938.09,6546.2,16814.33,39209.27,-508.29
2026-01-25T00:00:00-06:00,291.58,106.073,127.883,1275,9773.67,66958.75,66021.61,55253,24,0.13,0,11758.44,5289.4,16721.73,38519.59,-308.54
2026-01-25T01:00:00-06:00,264.37,102.185,118.972,1275,9669.83,66274.92,65679.38,54719,24,0.12,0,11528.67,5284.2,16575.41,37605.5,-70.83
2026-01-25T02:00:00-06:00,256.88,107.112,128.385,1275,9599.33,66191.67,65989.66,55293,24,0.1,0,10864.25,5412.5,16400.73,38427.77,-366.09
2026-01-25T03:00:00-06:00,336.09,105.095,121.325,1275,9397,66789.83,66259.38,55232,23,0.1,0,11440.95,5612.2,16577.89,38490.59,-379.09
2026-01-25T04:00:00-06:00,292.8,107.66,116.153,1275,9090,67675.67,66874.12,55944,22,0.09,0,11621.49,5500.6,16587.01,39175.32,-127.28
2026-01-25T05:00:00-06:00,421.75,139.01,146.448,1275,8624,68705.5,68621.7,57781,21,0.1,0,10870.26,5138.5,16297.39,40601,54.67
2026-01-25T06:00:00-06:00,283.26,137.69,158.307,1275,8824.58,70159.83,69350.89,59368,20,0.21,0,10738.99,5091.5,15768.37,41410.49,755.65
2026-01-25T07:00:00-06:00,310.67,132.538,173.858,1275,8769.67,71384.83,71322.67,60883,20,133.18,164,10273.71,5526.6,14976.45,41968.53,1578.02
2026-01-25T08:00:00-06:00,334,109.215,134.267,1275,8698.92,72038.58,73215.47,58148,20,3174.48,2120.8,10596.43,6008.6,15769.65,39855.06,825.34
2026-01-25T09:00:00-06:00,413.32,113.425,120.41,1275,8573.33,72937.25,74369.55,53367,21,7980.96,5753.3,11519.54,6155.1,16951.7,35887.64,114.53
2026-01-25T10:00:00-06:00,571.58,103.1,104.398,1275,8614.42,73487.5,74045.81,50391,21,11381.69,7819.9,11713.59,6047.9,17554.05,34328.37,-343.11
2026-01-25T11:00:00-06:00,347,104.108,105.722,1275,8874.42,72646.75,72803.93,49048,23,13106.77,10004.4,10602.57,5822.6,17561.06,34167.15,-1014.16
2026-01-25T12:00:00-06:00,304.6,113.22,115.02,1275,9067,71678.17,70591.57,48871,24,12721.23,13326.2,10082.02,5553.2,17447.44,34433.99,-1000.3
2026-01-25T13:00:00-06:00,309.13,119.757,120.95,1275,9176.83,70833.17,68507.77,48727,25,11630.42,13669.4,10518.23,5325.5,17463.49,34359.8,-842.87
2026-01-25T14:00:00-06:00,266.37,129.738,132.213,1275,9290.17,70355.75,66746.84,49513,25,10080.04,13867.6,10786.84,5227.1,17189.27,35271.1,-809.25
2026-01-25T15:00:00-06:00,231.35,142.41,145.192,1275,9235.33,70015.5,65974.37,51272,26,8056.81,13171.5,10694.24,5370.6,17123.8,36205.9,-423.94
2026-01-25T16:00:00-06:00,279.62,172.363,181.175,1275,8885.5,70534.67,66302.84,55308,25,5118.18,9897.6,10058.08,5687.6,16528.07,39731.42,-368.36
2026-01-25T17:00:00-06:00,551.6,268.41,281.995,1275,9083.58,72476.33,68509.78,61773,24,1913.35,2376.9,8648.54,5795.4,14881.16,44654,813.9
2026-01-25T18:00:00-06:00,974.32,384.26,871.087,1275,8767.5,74055.58,71218.5,66447,23,22.96,34,7586,5708.3,14075.46,48767.69,966.87
2026-01-25T19:00:00-06:00,1017.86,191.49,717.72,1275,8918.67,73896.5,72215.87,66879,22,0.2,0,7000.97,5557.1,13903.53,49093.49,771.48
2026-01-25T20:00:00-06:00,1153.06,226.89,805.845,1275,9252.5,73587.33,73002.87,67502,22,0.22,0,6070.35,6434.1,13402.89,49863.14,707.87
2026-01-25T21:00:00-06:00,989.65,240.685,838.945,1275,10070.92,72899.83,73250.4,66942,21,0.11,0,6000.89,6135,13316.14,50694.29,-320.75
2026-01-25T22:00:00-06:00,1308.68,223.432,542.53,1275,9915.33,71309.08,72774.65,65382,21,0.08,0,5735.57,5865.1,13894.68,50094.06,-1052.86
2026-01-25T23:00:00-06:00,1306.12,200.938,451.387,1275,9833,70307.25,72253.38,64329,20,0.12,0,5003.55,5657.7,13862.85,49538.66,-937.04
2026-01-26T00:00:00-06:00,903.35,221.36,337.195,1275,10093.67,69775.67,71257.14,64618,20,0.19,0,5135.72,4462.2,14358.37,48858.14,-1053.84
2026-01-26T01:00:00-06:00,641.37,213.557,326.59,1275,9992.17,69705.42,71715.05,64739,19,0.1,0,4936.45,4454.3,14497.49,48688.21,-791.96
2026-01-26T02:00:00-06:00,831.02,211.153,302.815,1275,9846.33,69770.5,72818.91,64484,19,0.1,0,5238.14,4718.2,14487.23,48142.42,-497.45
2026-01-26T03:00:00-06:00,910.31,202.195,290.302,1275,10193.83,70081.58,73836.99,64411,18,0.12,0,5597.15,5079.4,14230.89,48040.65,-197.13
2026-01-26T04:00:00-06:00,1150.97,231.03,360.305,1275,10609.08,70732.58,75543.27,64921,18,0.12,0,5743.72,5326,13901.32,48653.67,10.28
2026-01-26T05:00:00-06:00,1694.3,194.257,300.935,1275,10261,72151.33,78815.04,65813,18,0.17,0,6211.76,5510.6,13959.06,48460.88,854.83
2026-01-26T06:00:00-06:00,1323.61,155.987,244.82,1275,10152.5,74025.17,83001.25,67147,18,0.14,0,6726.82,5604,13070.78,47799.23,2484.79
2026-01-26T07:00:00-06:00,1461.35,132.935,172.805,1275,10298.75,75189.17,85242.22,67736,18,418,554.4,6921.75,5604.9,11112.28,44595.5,6134.78
2026-01-26T08:00:00-06:00,1318.57,122.99,132.302,1275,10359,75556.5,84532.17,61684,20,7342.28,8373.9,6559.85,5556.1,11507.74,40455.05,4509.99
2026-01-26T09:00:00-06:00,328.51,75.1,88.077,1275,11377.08,74310.08,81950.36,50750,22,17698.26,19403.9,5970.32,5421.6,13394.01,35066.58,-330.79
2026-01-26T10:00:00-06:00,179.62,59.612,77.702,1275,11719.83,72330.25,78715.39,44259,25,22502.2,21103,5736.2,5333.6,14822.65,30384.34,-1905.41
2026-01-26T11:00:00-06:00,146.47,40.925,57.063,1275,11579.83,69639.83,75403.7,39636,28,24194.4,20898.2,5980.27,5560.2,16583.64,26232.6,-2525.88
2026-01-26T12:00:00-06:00,148.6,20.865,30.928,1275,11187.67,66731.67,72213.86,35683,31,25079.12,20753,6145,5956.5,18655.38,24212.04,-4049.65
2026-01-26T13:00:00-06:00,131.97,1.388,3.825,1275,11424.17,63800.83,69296.67,33245,33,24276.08,21157.7,6418.94,6228.6,19731.57,23377.02,-3204.07
2026-01-26T14:00:00-06:00,104.79,-0.448,-0.092,1275,11986.33,61531.92,66631.61,31790,35,23632.34,22410.8,6213.32,6350.2,20896.78,22919.43,-3608.56
2026-01-26T15:00:00-06:00,107.46,-1.69,-1.627,1275,11696.25,60084.83,65075.64,32726,36,21363.91,23266.1,6059.61,6214.2,20727.9,22687.8,-2111.88
2026-01-26T16:00:00-06:00,87.52,13.695,13.695,1275,10523.5,60325.75,65514.26,34912,36,18842.21,19515.3,6476.16,5951.4,19302.49,23111.24,-230.48
2026-01-26T17:00:00-06:00,240.66,159.308,159.308,1275,11421,62214.92,68450.24,49196,33,5804.03,4935.4,6966.47,6193.4,15014.65,32934.08,2022.3
2026-01-26T18:00:00-06:00,277.08,166.667,165.357,1275,11463.67,65622.08,72627.35,57157,31,48.44,38.5,8201.95,7338.6,13500.5,37766,2613.78
2026-01-26T19:00:00-06:00,258.4,149.005,148.095,1275,11593.42,67151.17,74544.84,57808,28,0.39,0,9249.93,8778.4,12203.64,36804.09,3754.47
2026-01-26T20:00:00-06:00,329.37,155.995,155.8,1275,11529.67,67786.17,75227.08,57778,27,0.4,0,9932.69,10258.8,11165.61,37206.05,3472.72
2026-01-26T21:00:00-06:00,395.35,160.812,162.153,1275,11725.17,67648.08,74563.69,55762,26,0.4,0,11870.48,11922.5,11183.06,36973.4,1723.33
2026-01-26T22:00:00-06:00,449.43,106.685,112.605,1275,11628.17,66510.42,72731.49,54631,25,0.4,0,14843.52,13642.6,12676.22,34143.79,394.42
2026-01-26T23:00:00-06:00,260.87,101.108,101.108,1275,11805.33,65878.42,71507.25,53970,25,0.42,0,17029.06,15036.7,13182.82,33328.81,-1135.79
2026-01-27T00:00:00-06:00,150.19,112.48,112.48,1275,11618.33,65650.17,69909.52,47593,24,0.43,0,18021.59,16802.5,14399.92,34321.01,-2834.59
2026-01-27T01:00:00-06:00,150.88,123.345,123.345,1275,11499,65835.58,69315.58,47415,24,0.42,0,18366.04,17101.5,16378.66,35111.51,-4215.05
2026-01-27T02:00:00-06:00,158.05,119.333,119.333,1275,11319.33,66078.17,69462.78,47923,24,0.43,0,18004.23,17127.6,16429.73,34500.58,-3376.26
2026-01-27T03:00:00-06:00,167.15,103.845,103.845,1275,11247.17,66698.83,70200.99,49123,24,0.43,0,17474.48,17013.2,16030.26,34254.22,-1685.08
2026-01-27T04:00:00-06:00,178.3,114.142,114.135,1275,10952,68022.83,71656.03,50350,22,0.45,0,17533.4,16690.1,15784.05,34814.22,-856.32
2026-01-27T05:00:00-06:00,258.75,97.007,95.44,1275,10722.33,70104.67,73252.83,52093,22,0.45,0,17844.6,16250.5,15045.51,34987.19,954.63
2026-01-27T06:00:00-06:00,202.48,109.618,104.983,1275,10941.17,72753.08,77894.16,54691,23,0.43,0,17881.11,15807.9,13443.09,35309.47,3306.3
2026-01-27T07:00:00-06:00,235.55,85.757,81.69,1275,10896.17,74337.5,80138.61,56085,24,853.11,584.5,17389.85,15241.1,10561.68,33611.54,6506.45
2026-01-27T08:00:00-06:00,151.43,57.575,56.32,1275,10960.92,73036.08,78486.46,47911,28,9430.29,8359.3,15894.55,14100.4,11883,29868.05,2442.38
2026-01-27T09:00:00-06:00,101.04,33.697,33.96,1275,10461,69717.25,75007.78,38548,33,18540.3,17096,12906.38,12074.2,13604.34,24132.62,-711.74
2026-01-27T10:00:00-06:00,82.7,40.668,40.67,1275,10811.92,66344.08,70700.38,35899,36,20556.22,18310.7,10218.7,9599,13820.26,21838.64,-125.53
2026-01-27T11:00:00-06:00,78.5,42.725,42.767,1275,11963.5,63222.83,66871.15,33551,39,22330.89,18108.6,7589.55,7484.8,14044.69,20298.38,-550.93
2026-01-27T12:00:00-06:00,52.8,38.135,48.515,1275,12201.33,60778.67,63700.06,31390,42,23239.11,18337.1,6346.69,6215.6,14914.22,19494.99,-1763.64
2026-01-27T13:00:00-06:00,46.55,53.667,65.77,1275,12242.25,58551.5,61347.56,31698,44,22059.22,18693.9,4993.8,5129.4,15048.98,20331.06,-2398.71
2026-01-27T14:00:00-06:00,43.84,70.46,89.37,1275,12172.83,56935.17,59143.7,32061,45,21238.28,19363.1,3759.27,4312.4,15838.56,21862.68,-3965.46
2026-01-27T15:00:00-06:00,39.88,78.778,102.545,1275,12068.67,56227.17,57834,33563,46,19556.11,19805.2,3151.08,3767.5,16802.18,23814.61,-4648.27
2026-01-27T16:00:00-06:00,71.66,95.318,96.642,1275,11992,56340.08,58340.56,38640,45,15062.96,15583.3,2588.55,3477.6,16010.28,26699.85,-1897.99
2026-01-27T17:00:00-06:00,114.55,158.903,163.283,1288.33,12042.67,57775.67,60875.52,50237,42,5139.4,3827.5,2291.42,3766.6,12817.19,33706.13,2783.7
2026-01-27T18:00:00-06:00,116.52,179.533,183.43,1381.67,11966.67,60076.5,64624.93,56525,40,68.71,43.2,3295.16,4464.7,10755.93,37327,4831.63
2026-01-27T19:00:00-06:00,114.33,167.785,167.785,1435,12051.5,60930.42,65856.01,56178,38,0.29,0,4665.45,5232.3,10392.33,38292.17,3552.41
2026-01-27T20:00:00-06:00,113.47,222.36,222.36,1435,11973.33,61335.67,66240.89,55962,36,0.32,0,5356.39,5881.3,8769.83,38521.99,3168.37
2026-01-27T21:00:00-06:00,117.74,216.368,216.368,1437.92,11961.17,60971.33,65409.86,55129,34,0.3,0,5883.89,6396,7908.42,39066.55,1150.98
2026-01-27T22:00:00-06:00,128.68,154.665,154.665,1506,11911,59815.17,63660.83,54007,32,0.55,0,5597.66,6706.2,7765.72,38999.03,247.65
2026-01-27T23:00:00-06:00,118.22,185.835,185.835,1506,12101.5,58831.42,62584.06,53064,32,0.39,0,5158.28,6757.6,7854.39,39008.13,-156.92
2026-01-28T00:00:00-06:00,93.1,259.565,259.565,1452.67,12641.67,58368.75,60310.71,53366,31,6.07,0,5026.91,8162.8,7423.21,38949.4,-126.09
2026-01-28T01:00:00-06:00,100.38,284.458,286.76,1346,12753.33,58389.42,60309,52598,30,0.29,0,5743.68,8521.6,7463.38,38792.45,-450.08
2026-01-28T02:00:00-06:00,92.89,356.618,356.618,1346,12909,58646.83,60840.34,51488,29,0.33,0,7143.92,9115.3,8448.13,39607.56,-2360.5
2026-01-28T03:00:00-06:00,99.99,297.695,297.695,1346,13413.17,59829.33,61433.3,52339,28,0.3,0,7364.18,9181.3,10604.82,39895.18,-2422.63
2026-01-28T04:00:00-06:00,124.95,283.522,283.522,1346,13597,61464.33,62961.93,54407,28,0.48,0,6935.58,8806.4,11076.38,40612.38,-1254.22
2026-01-28T05:00:00-06:00,162.78,402.302,402.302,1350.17,13469.25,63865.58,65621.42,57784,28,0.61,0,5919.29,8430.9,10151.26,41075.52,1512.88
2026-01-28T06:00:00-06:00,134.46,593.465,598.057,1390.08,13496.08,66630.83,70473.81,61015,28,0.52,0,5456.3,7898,7557.99,42050.94,3430.53
2026-01-28T07:00:00-06:00,131.21,720.055,1170.68,1283.33,13696.33,67926.42,72731.28,63191,28,800.73,585.5,3967.22,7108.3,5883.51,44456.71,3026.95
2026-01-28T08:00:00-06:00,90.08,100.708,135.468,1275,13890,66765.25,71794.67,51942,34,11939.8,9935.6,3081.27,5885.2,8138.5,37527.88,-1615.65
2026-01-28T09:00:00-06:00,64.95,37.69,52.99,1275,14812,64342.5,69392.14,36674,41,25968.58,21680.3,1955.64,4156.7,10912.37,24237.67,-1723.54
2026-01-28T10:00:00-06:00,42.65,38.922,55.19,1275,15789.83,60744.83,66320.4,30735,45,28861.65,23814.7,1393.32,2833.3,11351.21,18923.06,-1698.06
2026-01-28T11:00:00-06:00,35.31,35.428,46.783,1275,15964.58,57523.42,63393.44,27765,48,28396.89,23875.6,1529.93,2603.8,12474.58,16853.42,-2358.9
2026-01-28T12:00:00-06:00,27.25,27.215,38.21,1213.42,16487.67,54943.5,60740.93,25610,51,27451.83,23446,1998.72,3128.5,13769,15359.42,-2735.83
2026-01-28T13:00:00-06:00,22.72,23.18,33.815,1328,16256,53230,58816.47,22965,53,27379.61,23353.7,2932.36,3811.8,15367.84,14720.5,-4086.08
2026-01-28T14:00:00-06:00,22.48,19.803,26.893,1388,15574.83,51780.08,56828.7,20728,54,27615.25,23579.7,3486.04,4458.3,17418.85,13730.2,-4570.84
2026-01-28T15:00:00-06:00,20.06,15.682,22.675,1400,15542.29,51333,55738.38,20260,55,27002.68,22849,3853.19,4961.9,17870.05,13067.36,-4018.58
2026-01-28T16:00:00-06:00,36.91,38.637,40.43,1275,15372.42,51432.17,56361.83,25228,55,21223.85,16794.8,4939.73,5584.4,16041.41,15442.47,-324.54
2026-01-28T17:00:00-06:00,99.02,98.797,98.64,1275,16115.83,52366.58,59022.5,40297,50,5093.97,4002.8,6811.09,6962,11204.8,22314.08,5389.84
2026-01-28T18:00:00-06:00,70.52,91.125,90.8,1275,16136.92,55293.58,62414.26,45160,46,31.23,46.8,9840.43,9611.5,10560.81,26287.62,5185.42
2026-01-28T19:00:00-06:00,66.47,63.997,63.943,1275,16159.5,57037.5,63372.72,42398,42,0.27,0,14527.28,12955.6,11262.17,25837.06,2519.4
2026-01-28T20:00:00-06:00,61.09,51.825,51.825,1275,15858.83,58185,63564.03,39268,41,0.26,0,18857.08,16237.4,11127.73,24717.76,673.33
2026-01-28T21:00:00-06:00,51.19,38.488,38.318,1280.92,15836.58,58611.92,62412.76,35423,39,0.28,0,23136.08,19141.4,12380.25,22328.05,-840.99
2026-01-28T22:00:00-06:00,60.39,31.278,28.602,1346,15761.17,57894.5,60181.51,34774,38,0.27,0,26250.46,21377.5,13907.12,19993.64,-2184.76
2026-01-28T23:00:00-06:00,60.44,28.19,25.198,1286.83,15445.58,56840.58,58531.03,33726,38,0.28,0,26755.81,22681.2,15785.53,18718.86,-2382.34
2026-01-29T00:00:00-06:00,36.33,26.988,24.213,1239,15333.5,56206.92,55530.46,29273,37,0.12,0,26946.2,25338.3,15985.04,19666.06,-3066.47
2026-01-29T01:00:00-06:00,37.64,26.628,25.05,1203,15008,56096.17,55341.88,29304,37,0.12,0,26781.39,25265.3,17219.77,19822.29,-3307.67
2026-01-29T02:00:00-06:00,38.35,25.8,23.69,1203,14939.17,56296.83,55627.72,30202,36,0.11,0,26026.41,25008.4,17339.67,19220.11,-1661.82
2026-01-29T03:00:00-06:00,39.35,25.878,23.345,1227,14857,56837.17,56173.4,31186,36,0.12,0,25581.16,24481.6,16843.61,19270.22,-754.02
2026-01-29T04:00:00-06:00,44.82,28.033,25.543,1275,14714.33,58414.75,57510.65,32968,35,0.12,0,25316.57,23858.8,16163.12,20736.94,-427.07
2026-01-29T05:00:00-06:00,61.89,36.913,33.693,1275,14623.42,61210.25,60122.6,36002,36,0.16,0,25004.97,23212.7,14971.88,23064.05,291.78
2026-01-29T06:00:00-06:00,69.77,44.508,41.443,1275,14450.17,64803.33,64039.19,40711,36,0.14,0,23897.41,22422.7,12144.6,24672.42,3371.11
2026-01-29T07:00:00-06:00,79.34,45.698,44.028,1291.67,14719.17,65795.33,65785.09,42737,36,636.83,553.5,22451.86,21345.5,10767.62,25034.4,4553.39
2026-01-29T08:00:00-06:00,47.1,22.84,21.51,1375,14800.17,63689.25,64315.97,33395,43,10346.49,7927.3,20128.01,20140.3,13259.54,19525.56,800.47
2026-01-29T09:00:00-06:00,32.32,12.715,11.158,1375,14476.92,60173.08,61786.12,23007,50,21728.96,18366.5,15626.81,18394.8,14780.06,12675.96,-892.79
2026-01-29T10:00:00-06:00,25.8,0.667,0.518,1363,14480.08,56880,59022.69,18002,55,24122.12,21548,14950.86,16883.4,15995.6,11046.04,-2678.09
2026-01-29T11:00:00-06:00,16.33,-2.93,-2.912,1363,14043.17,53801.75,56420.4,18287,58,20356.54,22331.1,15351.22,17140.4,16658.74,10714.89,-1961.51
2026-01-29T12:00:00-06:00,11.43,-4.18,-4.15,1363,13642.67,51493.58,54209.82,18021,61,18809.51,22375.4,14704.95,18084.9,17507.03,10677.12,-1987.11
2026-01-29T13:00:00-06:00,12.22,-3.645,-3.62,1363,13530,50045.83,52809.96,16920,63,18683.99,22110.4,14518.28,18071.7,18317.58,10531.09,-2558.83
2026-01-29T14:00:00-06:00,10.37,-5.148,-5.107,1363,14428.5,49191.17,51595.68,17451,64,17810.25,21952.9,13961.92,17497.3,18151.39,10523.79,-1819.42
2026-01-29T15:00:00-06:00,12.04,-5.307,-5.26,1363,14089.67,49043.08,51159.97,18178,63,17114.82,20304.1,13718.6,16557.4,18195.88,11042.55,-1697.15
2026-01-29T16:00:00-06:00,19.51,-2.91,-2.89,1354.67,13713.5,49828.67,51663.71,20131,62,15301.13,14878.7,13517.99,15471.7,17533.3,13243.31,-249.48
2026-01-29T17:00:00-06:00,37.01,40.12,40.12,1263,13617.67,51393.33,53497.61,33399,57,3992.53,3688.6,13841.35,14024.8,16217.1,22560.77,561.58
2026-01-29T18:00:00-06:00,40.32,42.372,42.38,1263,13572.58,54234.42,56481.18,41564,53,20.65,56.6,12450.88,12904,15240.32,29021.6,-565.06
2026-01-29T19:00:00-06:00,51.93,39.948,40.07,1263,13444,55468,57468.57,43325,50,1.92,0,12069.58,12257.7,14837.89,29449.53,-96.02
2026-01-29T20:00:00-06:00,56.3,53.057,53.48,1263,13432,55841.5,57737.49,45235,48,1.93,0,10573.18,11269.1,14269.18,30621.8,404.1
2026-01-29T21:00:00-06:00,61.52,40.81,59.778,1263,13558,55416,57074.49,46772,46,1.94,0,8674.4,9861,14208.34,32191.7,229.29
2026-01-29T22:00:00-06:00,82.37,37.935,55.72,1263,13530.17,54216.33,56200.47,45622,45,2.2,0,7656.03,8675.4,14546.11,31845.27,89.12
2026-01-29T23:00:00-06:00,79.8,35.083,47.998,1263,13420.67,52976.75,55404.83,44367,43,0.34,0,6810.27,8067.9,14688.49,30743.43,511.09
2026-01-30T00:00:00-06:00,48.03,34.573,72.153,1263,13372.33,52322.75,53937.66,44918,42,0.22,0,7426.76,7879.7,14572.62,29748.14,244.15
2026-01-30T01:00:00-06:00,46.13,34.528,89.448,1263,13823.17,52164.17,53788.33,44771,41,0.22,0,7400.07,8183.7,14635.67,29939.16,34.87
2026-01-30T02:00:00-06:00,47.45,43.16,89.31,1263,13868,52402.5,54195.24,44760,39,0.19,0,7569.52,8912.9,14812.69,29773.67,-248.42
2026-01-30T03:00:00-06:00,47.25,52.195,72.868,1263,13904.5,53260.58,54712.7,44511,38,0.25,0,8679.51,9735.3,15015.15,29416.5,-590.42
2026-01-30T04:00:00-06:00,50.49,55.825,71.92,1263,13770.58,55184.25,56279.75,45589,37,0.34,0,9450.14,10040.7,14674.98,30347.25,-272.11
2026-01-30T05:00:00-06:00,71.12,60.892,71.89,1263,14000.42,58181.58,59011.04,48381,35,0.31,0,9547.37,9750.1,13986.99,31606.13,684.13
2026-01-30T06:00:00-06:00,74.79,56.593,88.13,1263,14127.83,62385.5,63317.03,52716,36,0.23,0,9435.1,9183.3,11011.99,32373.01,4641.53
2026-01-30T07:00:00-06:00,73.49,52.26,70.488,1263,14567.83,64376.17,65565.25,54612,35,518.09,473.1,9129.15,8475.6,8839.91,32237.96,6660.39
2026-01-30T08:00:00-06:00,57.12,52.853,66.655,1263,14674.08,64312.92,65060.9,49384,38,6412.12,6706,8531.88,7738.1,7694.68,31237.98,3001.58
2026-01-30T09:00:00-06:00,39.55,41.107,41.287,1263,14561.42,63681.42,63348.55,40877,41,15742.65,15919.9,7142.98,6702.1,9094.34,25996.22,-207.49
2026-01-30T10:00:00-06:00,33.24,38.922,38.235,1263,14752.67,61827.08,61146.62,35983,45,20512.04,18803.2,5471.06,5379.6,10370.25,22135.39,-1001.8
2026-01-30T11:00:00-06:00,27.85,30.552,29.085,1263,14809.83,59714.92,58746.69,31818,48,22408.32,19919.1,5656.12,6125.6,11704.7,18108.37,-994.75
2026-01-30T12:00:00-06:00,25.93,26.348,25.595,1263,15000.17,57706.75,56633.01,29353,50,22511.14,20858,5974.19,6126.8,13044.16,16579.82,-1415.26
2026-01-30T13:00:00-06:00,21.71,26.062,25.397,1118,14800,56257.83,54930.2,27369,52,22213.38,20934.3,6732.57,6453.2,14735.9,16266.91,-2848.81
2026-01-30T14:00:00-06:00,19.7,29.928,29.148,828,14206.25,55038.92,53244.2,26187,53,22086.94,21262.4,6843.58,6674.6,16079.04,17135.77,-5293.43
2026-01-30T15:00:00-06:00,14.63,32.355,31.648,853,13981.58,54249.83,52254.02,26958,53,20835.9,21542.1,6419.98,6514.7,17315.81,18525.13,-5835.63
2026-01-30T16:00:00-06:00,23.92,31.477,30.883,978,13476.83,54717.08,52542.28,32637,53,16472.14,17264.8,5536.49,5894.7,16251.28,20251.94,-1822.39
2026-01-30T17:00:00-06:00,46.66,72.998,72.278,978,13355.58,56249.67,54515.99,46361,50,5416.47,5066.6,4306.91,5194.4,12606.27,29150.98,2598.7
2026-01-30T18:00:00-06:00,63.31,89.195,90.737,978,13292.67,58043.42,57121.47,53979,46,224.86,85,3737.27,5525.7,10920.45,34495.15,4477.55
2026-01-30T19:00:00-06:00,66.02,91.285,91.21,978,13011.33,58966.75,57674.75,54365,44,0.46,0,4530.26,6953.3,10691.6,35589.43,3064.79
2026-01-30T20:00:00-06:00,62.89,76.537,76.537,978,13111,59730.75,57586.94,52670,42,0.49,0,7011.17,8788.9,10500.23,35757.28,1318.89
2026-01-30T21:00:00-06:00,50.46,66.925,66.78,978,13034,59988.42,57006.5,50505,40,0.48,0,9448.24,10946.5,10748.03,35336.07,-419.75
2026-01-30T22:00:00-06:00,53.61,54.903,54.327,978,13034,59521,56282.35,50088,38,0.48,0,11178.09,12840.2,11191.77,33727.08,-963.35
2026-01-30T23:00:00-06:00,45.03,49.858,49.318,978,13093.58,59006.83,55675.48,49548,37,0.5,0,12606.47,14302.5,11697.08,32920.19,-2124.12
2026-01-31T00:00:00-06:00,56.65,41.01,40.873,978,12635,58996.58,57629.36,43681,36,0.5,0,15297.62,14630.4,13182.15,30724.36,-2649.9
2026-01-31T01:00:00-06:00,57.56,39.465,39.315,978,12560.67,59176,57965.27,42268,35,0.52,0,16844.15,15094.5,14998.53,30053.33,-3217.36
2026-01-31T02:00:00-06:00,61.36,35.785,35.785,978,12503.17,60063.75,58794.77,42290,34,0.54,0,17700.02,14843.2,16352.72,29074.64,-2155.5
2026-01-31T03:00:00-06:00,61.65,36.068,36.068,978,12499,60792.17,59953.37,43182,33,0.53,0,17525.13,14108.7,16175.23,29043.74,-1038.91
2026-01-31T04:00:00-06:00,64.07,37.882,37.882,978,12479,62039.92,61901.6,44747,32,0.51,0,17198.08,13453.2,15726.19,29879.32,-332.62
2026-01-31T05:00:00-06:00,82.61,42.885,42.885,978,12541.92,64146.92,64192.56,47266,31,0.5,0,16717.36,13204.3,14776.86,31191.06,671.19
2026-01-31T06:00:00-06:00,72.66,47.32,47.35,978,12709,66759,66693.92,50526,30,0.53,0,16032.65,13036.6,12300.68,31783.8,3350.27
2026-01-31T07:00:00-06:00,85.45,54.943,56.473,978,12719,69117.92,68886.97,54206,29,966.78,839.4,13761.26,12438.3,9535.46,33304.6,5437.11
2026-01-31T08:00:00-06:00,60.14,34.047,34.785,978,12777.67,69808.17,69990.07,45756,30,12836.91,10948.3,11207.9,11212.7,10818.91,29002.74,1371.38
2026-01-31T09:00:00-06:00,31.09,22.263,25.783,978,12985,69088.83,69585.49,34256,32,25929.42,23805.1,8990.99,9582.9,13398.51,20719.06,-259.43
2026-01-31T10:00:00-06:00,31.59,22.543,27.548,978,13220,67194.83,68125.26,31378,34,28522.84,26180.3,7398.7,8192.5,14115.53,19192.35,-1038.39
2026-01-31T11:00:00-06:00,28.08,21.595,28.662,978,13208.25,64859.17,66413.73,29943,36,28756.68,26246.8,6302.89,7025.7,14246.04,18673.54,-1676.35
2026-01-31T12:00:00-06:00,25.63,19.195,27.94,978,13155.5,62508.5,63820.77,28546,38,28571.1,26449.2,5523.28,6212.7,15041.85,17503.72,-1496.09
2026-01-31T13:00:00-06:00,23.01,16.858,25.422,978,13145.33,60190.58,61638.8,27084,40,28603.25,26550.3,4648.7,5810,15794.43,16927.94,-2006.2
2026-01-31T14:00:00-06:00,19.59,16.303,23.872,978,13124,58261,59837.59,24646,42,29390.44,27233.1,4291.74,5825.5,17307.84,16426.71,-3842.89
2026-01-31T15:00:00-06:00,18.78,11.36,17.915,978,13106.75,57590.83,58733.91,23809,42,29340.31,27787.1,4443.57,6158.6,19328.67,16565.77,-3836.22
2026-01-31T16:00:00-06:00,25.83,25.905,28.787,978,12849.83,58045.33,58971.67,30708,42,23111.05,22752.3,4156.01,6742.7,17813.96,20323.03,-634.62
2026-01-31T17:00:00-06:00,59.12,72.093,92.06,978,12652.17,59854.33,60945.13,48303,39,6731.45,6196.1,4670.13,7648.5,13453.88,31966.7,2457.38
2026-01-31T18:00:00-06:00,69.58,73.835,140.962,978,12616,62481.08,63959.7,56274,36,78.08,75.8,5947.59,9318.7,10782.53,36013.62,5456.42
2026-01-31T19:00:00-06:00,69.73,54.578,228.898,978,12617,63684.25,65483.11,56440,35,0.31,0,7179.24,11530.1,10517.69,37201.81,4194.47
2026-01-31T20:00:00-06:00,66.39,63.783,423.43,970.67,12529.33,64399.83,66142.14,56191,34,0.33,0,8156.66,13409.5,9061.68,37484.58,2932.54
2026-01-31T21:00:00-06:00,65.58,92.245,229.445,967,12470.67,64661,65965.19,55103,32,0.33,0,9528.62,14471.7,8178.66,37757.95,964.63
2026-01-31T22:00:00-06:00,90.74,90.068,105.185,967,12435.5,64591.33,65157.79,55057,31,0.34,0,10153.11,14980.3,7924.37,37842.13,204.73
2026-01-31T23:00:00-06:00,71,97.515,114.23,976.83,12428.83,64047.58,64242.16,54595,30,0.34,0,10220.83,15448.3,8596.37,37978.76,-477.18
2026-02-01T00:00:00-06:00,59.23,130.838,166.857,1085,12188.17,63376.83,63989.05,53232,29,0.33,0,10191.77,13838.6,8710.46,37854.86,-880.43
2026-02-01T01:00:00-06:00,62.45,118.928,145.732,1085,12165,62929.67,63920.69,52337,28,0.34,0,10596.4,12336.1,9908.42,38057.76,-2079.87
2026-02-01T02:00:00-06:00,62.09,137.802,166.995,1085,12178.67,63050.17,63908.04,52715,28,0.35,0,10313.05,12297,10751.19,38376.9,-2117.99
2026-02-01T03:00:00-06:00,63.82,194.085,233.61,1085,12247,63296.42,64000.59,54372,27,0.35,0,8881.92,12386,10909.55,38993.59,-1485.84
2026-02-01T04:00:00-06:00,74.01,226.417,253.08,1085,12249.5,64015.75,64853.5,55535,26,0.39,0,8396.22,12378.3,11072.41,39477.14,-994.67
2026-02-01T05:00:00-06:00,74.88,104.885,105.902,1085,12399.33,65819.33,65856.23,56693,27,0.37,0,8986.98,12335.9,10701.4,39365.05,466.62
2026-02-01T06:00:00-06:00,80.89,77.137,77.137,1095.83,12277,68063.33,67254.04,58564,26,0.34,0,9334.55,12298.1,9535.94,39318.61,2648.63
2026-02-01T07:00:00-06:00,68.42,65.488,65.49,1215,12377.83,69641.67,68417.66,58216,27,1087.28,889.1,10261.14,12118,7971.48,38255.88,3777.27
2026-02-01T08:00:00-06:00,42.69,34.773,37.155,1215,12477.33,69306.5,67990.28,46251,32,13952.23,12212.8,9186.29,11006.4,9217.29,30270.08,-62.91
2026-02-01T09:00:00-06:00,25.26,20.998,25.315,1215,12593.92,66985.75,66014.08,32870,36,28265.3,26525,6018.37,8087.8,10767.67,19358.59,-1045.57
2026-02-01T10:00:00-06:00,20.88,19.75,24.732,1215,12544.83,63549.75,62805.19,28951,40,29710.69,28359.8,5135.72,5237.4,11530.86,16986.81,-1151.46
2026-02-01T11:00:00-06:00,21.09,18.93,21.7,1224.17,12462.33,60203.25,59663.95,27114,44,28758.47,27797.8,4543.73,3986.5,12667.55,15784.99,-1095.39
2026-02-01T12:00:00-06:00,19.19,16.33,18.305,1226,12421.92,57262.5,56538.81,25094,48,28120.06,26732.7,4225.32,3408.5,13172.19,14193.18,-1189.61
2026-02-01T13:00:00-06:00,16.33,14.27,15.13,1226,12344,54777,54373.15,22608,51,28294.69,26777.1,3997.78,3275.1,14440.31,13488.49,-2591.76
2026-02-01T14:00:00-06:00,9.32,15.233,15.233,1226,12330.67,52711,52527.86,19850,53,28827.38,27438.8,4126.94,4976.8,16851.66,13486.04,-5372.24
2026-02-01T15:00:00-06:00,5.51,5.713,5.713,1226,12322.67,51651.17,51298.03,18023,55,28858.02,27905.2,4810.6,5588.4,19239.67,12449.29,-6041.52
2026-02-01T16:00:00-06:00,12.11,9.497,9.497,1226,12276.33,51662.08,50973.83,23237,55,22315.77,22764.1,6071.58,6334.7,17604.8,13566.05,-1405.97
2026-02-01T17:00:00-06:00,38.08,46.63,46.63,1182.67,12595.25,53397.5,52281.37,39278,52,6528.86,6339.1,7433.03,7792.5,12061.26,22034.61,4096.09
2026-02-01T18:00:00-06:00,44.6,55.868,55.868,1096,12917.67,56565.5,55786.17,45930,48,60.46,80,10387.68,11217.1,9772.56,25378.21,5535.54
2026-02-01T19:00:00-06:00,36.83,37.06,37.06,1096,12936,58246.83,57302.45,42841,45,0.4,0,15316.59,15803.1,10553.04,24809.45,2625.37
2026-02-01T20:00:00-06:00,27.82,27.815,27.815,1096,12661.5,59042.25,57989.41,38642,44,0.41,0,20377,19761.7,11138.31,22613.18,658.86
2026-02-01T21:00:00-06:00,24.7,24.44,24.44,1096,12355,59023.08,57821.15,35730,43,0.4,0,23314.91,22568,11992.57,21046.43,-67.92
2026-02-01T22:00:00-06:00,23.02,23.005,23.108,1096,12385.33,57620.17,56657.22,34402,42,0.49,0,24460.01,24165,13162.97,20542.45,-1323.14
2026-02-01T23:00:00-06:00,24.09,22.957,21.663,1105.42,12440.08,56107.33,55213.36,32890,41,0.48,0,24660.42,24817.1,13809.36,18981.74,-1106.64
2026-02-02T00:00:00-06:00,22.36,22.9,23.125,1209,12435.17,55141.5,54419.93,31177,40,0.48,0,23962.58,25644,13759.18,18725.84,-1076.32
2026-02-02T01:00:00-06:00,23.19,22.465,22.637,1209,12354.92,54654.17,53535.82,30741,39,0.57,0,23897.05,25462.7,13983.24,18358.92,-910.2
2026-02-02T02:00:00-06:00,23.31,22.582,22.815,1209,12358.17,55149.42,53148.4,30709,38,0.63,0,24322.96,25191.4,14161.79,18529.95,-1030.79
2026-02-02T03:00:00-06:00,24.15,23.045,22.843,1209,12365.17,55766.17,53411.36,30973,37,0.59,0,24721.59,24819.9,14525.26,18279.62,-642.38
2026-02-02T04:00:00-06:00,24.88,24.605,24.72,1209,12367,57262.08,54507.73,32409,37,0.6,0,24653.9,24379.4,14018.43,18923.72,-221.98
2026-02-02T05:00:00-06:00,31.3,29.127,28.488,1209,12354.5,60222.42,56967.37,35744,36,0.51,0,24204.1,24083.2,12167.37,19961.01,1104.71
2026-02-02T06:00:00-06:00,30.17,44.368,41.04,1209,12495.83,64139.92,60645.36,39977,36,0.66,0,23905.46,23977.8,9121.52,21239.58,3394.12
2026-02-02T07:00:00-06:00,30.57,85.648,44.328,1209,12636.33,64943.67,62176.49,40542,37,912.1,747.8,23527.84,23850.4,7946.73,22624.36,2354.79
2026-02-02T08:00:00-06:00,22.08,18.358,16.01,1209,13568.42,62390.33,61074.59,30152,45,11009.16,10098,21415.84,23200.9,10607.67,16694.92,-1265.55
2026-02-02T09:00:00-06:00,11.8,12.192,2.898,1084,13904.17,59116.58,59621.21,20863,52,21170.2,21271.6,17236.68,21005,13169.99,11464.73,-2446.05
2026-02-02T10:00:00-06:00,2.71,1.065,-1.468,1059,13948.67,56262.58,57939.99,17916,59,21365.59,23623,17101.91,19280.5,14402.48,10349.95,-2616.14
2026-02-02T11:00:00-06:00,0.91,-1.07,-2.36,1059,14177.5,53769.75,55958.02,17343,63,18580.29,24235.7,17983.45,19939.7,15729.84,10110.33,-2325.69
2026-02-02T12:00:00-06:00,1.24,-0.633,-3.325,1059,13770.83,51835.25,54188.48,16178,66,16779.16,22970.6,18976.39,21193.1,16744.74,9766.17,-2645.22
2026-02-02T13:00:00-06:00,1.37,2.75,-9.117,1059,13486.17,50712.42,53104.72,15852,68,14100.75,22253.3,20724.61,22377.5,17176.55,9577.22,-2689.87
2026-02-02T14:00:00-06:00,0.98,-1.215,-12.045,1059,13297,49928.25,52444.23,16320,69,12234.28,21058.2,21301.07,23564.3,17896.17,9596.61,-2172.54
2026-02-02T15:00:00-06:00,1.37,11.305,-7.26,1059,13161.33,49667.58,51889.01,17047,69,10953.64,17710.4,21652.08,24457.4,17491.18,9662.1,-1561.83
2026-02-02T16:00:00-06:00,4.78,18.745,4.358,1059,13028.67,50197,51988.19,19213,68,8437.33,12805.9,22440.06,24629.4,16717.58,10492.21,-418.22
2026-02-02T17:00:00-06:00,18.94,22.763,22.15,1077.33,12929.08,51249.75,52412.35,24143,65,3733.57,3758.1,23208.1,24972.1,15418.43,12120.05,656.8
2026-02-02T18:00:00-06:00,22.27,20.775,20.33,1279,13284.67,52994.5,54113.77,26643,62,99.85,95.1,26103.64,26638.2,13850.4,12430.28,1397.39
2026-02-02T19:00:00-06:00,20.81,21.102,20.577,1279,13524.83,53271.08,54644.67,26074,61,0.27,0,27186.25,28786,14049.08,12348.66,1135.05
2026-02-02T20:00:00-06:00,19.35,22.783,22.24,1319,13830.83,52609.5,54070.56,25685,60,0.29,0,26912.37,30349.4,14694.13,12536.26,323.24
2026-02-02T21:00:00-06:00,17.85,19.102,18.06,1732.33,13500.5,51398.08,52960.35,24673,59,0.3,0,26800.2,30939.8,15053.73,12252.65,-166.36
2026-02-02T22:00:00-06:00,17.6,17.29,15.692,1465.67,13722,49316.67,51051.71,22621,58,0.3,0,26707.09,31088.1,15646.98,11636.11,-263.02
2026-02-02T23:00:00-06:00,15.24,16.64,15.075,1279,13981.58,47153.58,49067.03,20440,58,0.3,0,25952.99,30695.5,15683.78,11134.85,-314.67
2026-02-03T00:00:00-06:00,14.8,16.908,15.453,1279,14528.5,45565.75,46967.95,19765,58,0.33,0,25875.77,29597.5,15883.76,10367.67,-837.82
2026-02-03T01:00:00-06:00,14.41,16.02,14.605,1279,14578,44506.25,45563.34,19492,58,0.33,0,25058.76,27971.2,16169.67,10118.46,-657.18
2026-02-03T02:00:00-06:00,15.34,16.51,15.67,1279,14583,43981.42,44790.15,20237,58,0.32,0,23729.35,25792.5,15578.14,10377.77,-91.07
2026-02-03T03:00:00-06:00,16.2,19.472,19.125,1279,14099.5,43893.67,44170.37,22445,57,0.33,0,21405.67,23902.4,14663.3,11262.77,434.22
2026-02-03T04:00:00-06:00,17.84,22.19,21.922,1279,14051,44390.08,44936.6,23503,57,0.37,0,20752.49,23096.5,14469.93,11715.58,311.91
2026-02-03T05:00:00-06:00,21.87,20.925,20.827,1260.67,14069,46569.5,46383.31,24107,57,0.36,0,22263.97,23157.3,14136.89,11783.67,1024.81
2026-02-03T06:00:00-06:00,21.9,22.677,22.522,1059,14198.92,49827.33,50415.71,26489,56,0.35,0,23090.37,22913.2,12459.92,11939.07,3099.39
2026-02-03T07:00:00-06:00,25.85,25.217,25.132,1059.58,14397.08,50923.67,52077.19,28484,56,333.58,286.8,22066.56,22047.9,10215.65,12255,3750.93
2026-02-03T08:00:00-06:00,21.67,22.365,22.602,1066.83,15224.33,50820.58,51944.81,24854,59,6363.54,5036.8,19499.59,20559.7,10004.85,11934.62,677.51
2026-02-03T09:00:00-06:00,17.51,17.817,18.495,1076,15787,50726.92,52509.11,19963,61,14117.23,12751.9,16621.75,19036.5,11342.82,9802.11,-1456.15
2026-02-03T10:00:00-06:00,14,13.153,12.43,1076,15860.33,50494.83,52281.56,17348,63,15953.43,15458.6,17181.63,18612.1,12702.31,9181.31,-2252.82
2026-02-03T11:00:00-06:00,12.54,13.233,12.027,1076,15774.42,50196.17,51648.27,16433,65,16913.38,16912.1,16841.74,17788.8,14043.51,9345.31,-2710.67
2026-02-03T12:00:00-06:00,10.02,6.945,5.235,1076,15672.67,49782.08,51215.33,14290,66,19114.14,19090.8,16390.04,15744,16313.67,8882.06,-4267.21
2026-02-03T13:00:00-06:00,11,0.063,-0.907,1076,15015.33,49394.67,50924.53,15432,67,18665.43,19017.6,15324.46,13324,16569.58,8923.83,-2396.89
2026-02-03T14:00:00-06:00,12.17,-1.625,-1.717,1076,14861.17,49031.25,50449.75,17445,68,18064.49,18845.8,13498.53,11052.4,16019.12,9544.13,-745.35
2026-02-03T15:00:00-06:00,14.28,-0.693,-0.73,1076,15307,48775.5,50345.79,19061,68,18190.92,19608.6,11496.47,9249.2,15895.42,10605.55,-158.03
2026-02-03T16:00:00-06:00,19.93,4.365,4.317,1070.42,14819,49257.33,50739.69,22002,68,17240.87,15913.7,9955.91,7951,16248.32,13370.31,-105.57
2026-02-03T17:00:00-06:00,35.19,38.518,38.013,1059,14586.25,49996.33,51099.35,34698,65,5886.14,5078.3,9341.45,7224.7,13398.6,21801.6,2068.56
2026-02-03T18:00:00-06:00,42.04,45.18,44.562,1059,14385.25,51545.33,52063.02,41263,60,77.48,115.3,10099.85,7419.5,11649.82,24630.13,3073.83
2026-02-03T19:00:00-06:00,38.94,33.838,32.883,1059,14696.5,51933.42,53042.82,39441,58,0.22,0,12481.35,8191.3,13519.57,24533.71,732.55
2026-02-03T20:00:00-06:00,41.31,24.772,24.185,1059,14068,51612.42,52993.36,37595,57,0.23,0,14059.14,8579.7,13861.63,23363.06,319.66
2026-02-03T21:00:00-06:00,37.69,21.563,21.197,1063.17,14152,50458.42,51799.19,35646,55,0.23,0,14889.96,8610.1,14372.59,22674.88,448.88
2026-02-03T22:00:00-06:00,41.28,20.348,20.327,1109,14185.33,48457.25,50165.62,33684,53,0.23,0,14349.57,8511.2,14350.28,22054.42,573.46
2026-02-03T23:00:00-06:00,35.8,20.872,21.348,1109,14135.42,46498.75,48143.29,31831,52,0.24,0,12973.81,8256.3,14223.33,22115.9,152.66
2026-02-04T00:00:00-06:00,26.38,21.815,22.21,1109,13978.33,45228.92,46793.15,33236,51,0.23,0,11839.53,9840.8,14008.02,22208.28,-641.92
2026-02-04T01:00:00-06:00,25.94,22.238,22.438,1109,13985,44760.08,46324.44,33194,49,0.26,0,11581.7,9657.3,14232.86,22261.71,-1254.73
2026-02-04T02:00:00-06:00,25.9,21.192,21.743,1109,13985,44661.25,46402.97,33075,47,0.27,0,11567.25,9831.8,14271.8,22005.84,-934.48
2026-02-04T03:00:00-06:00,25.51,21.428,22.255,1109,13985,45129.42,47020.73,33671,45,0.27,0,11439.08,9615.3,14010.31,22331.44,-734.62
2026-02-04T04:00:00-06:00,28.26,22.903,23.238,1109,13968.33,46670.67,48420.94,35164,44,0.27,0,11352.54,9938,13664.65,22713.47,-50.01
2026-02-04T05:00:00-06:00,33.84,26.698,26.71,1109,13795,49825.17,51213.43,37912,44,0.36,0,11631.28,10880.1,12537.55,23474.09,824.9
2026-02-04T06:00:00-06:00,35.36,30.185,30.645,1104.83,13836.67,53982.25,54975.16,42362,44,0.33,0,11351.69,11094.4,9744.39,24016.43,3790.5
2026-02-04T07:00:00-06:00,39.6,25.932,29.762,1084,13874,55783.08,57304.88,42893,44,1126.87,876.9,11704.38,11756.1,7844.49,23344.55,4745.5
2026-02-04T08:00:00-06:00,21.57,9.63,10.193,1359,14242.08,54806.08,57318.78,30128,48,12964.39,11606.6,11828.42,12452.8,10020.01,16858.41,281.07
2026-02-04T09:00:00-06:00,9.09,-1.153,-0.032,1379,14507.42,53443.17,55865.23,18726,52,24165.5,25022.4,10682.03,12582.6,11854.46,10017.42,-1760.06
2026-02-04T10:00:00-06:00,5.28,-1.903,-1.505,1439,14583,52405.5,54176.58,16040,55,25055.76,27265.9,11279.31,13893.2,12930.54,8215.71,-1964.22
2026-02-04T11:00:00-06:00,2.2,-1.55,-1.972,1439,14460.33,51344.92,52499.05,15855,57,23040.75,27095.1,12400.82,15457.3,13929.63,7819.28,-1608.47
2026-02-04T12:00:00-06:00,1.03,-2.565,-3.235,1439,14247.17,50334.58,51351.64,15535,59,20172.8,26384.5,14539.77,16798.5,14768.89,7703.69,-1703.48
2026-02-04T13:00:00-06:00,1.43,-2.183,-3.615,1439,13487.67,49518,50539.36,14613,60,18810.77,26449.3,16061.81,18190.6,15796.78,7742.3,-2794.85
2026-02-04T14:00:00-06:00,1.13,-2.165,-3.71,1359,13509.5,48957.83,50086.94,13600,61,18693.32,26819.7,16666.14,19756.5,17073.54,7893.5,-3909.5
2026-02-04T15:00:00-06:00,0.81,-3.108,-4.248,1359,13435.25,48907.42,50091.34,14534,61,17652.67,26048.5,16705.66,19111.2,17590.46,8753.9,-3412.3
2026-02-04T16:00:00-06:00,4.06,-4.513,-5.502,1109,13380,49506.25,50394.99,19686,60,13144.67,21299,16615.54,17789.1,17413.68,11766.6,-867.02
2026-02-04T17:00:00-06:00,24.13,16.24,16.075,1065.67,13475.92,50880.25,51464.66,29728,57,6522.17,6519.1,14704.13,14461.2,15963.83,19378.94,1070.48
2026-02-04T18:00:00-06:00,36.46,45.885,45.885,1139,13331,53263.75,53490.97,43156,54,127.87,149.7,9945.82,12139.5,12911.33,28243.38,2191.46
2026-02-04T19:00:00-06:00,37.85,49.977,50.377,1139,13121,54133.33,54395.56,46735,51,0.33,0,7415.57,10454.5,11652.59,29786.71,2279.31
2026-02-04T20:00:00-06:00,40.03,51.127,52.767,1179,13294,54344.58,54735.77,48495,50,0.33,0,5890.02,9621.4,9742.76,30373.43,3112.76
2026-02-04T21:00:00-06:00,41.84,50.967,53.32,1623.17,13323,53759.5,54274.59,48865,48,0.31,0,4993.91,8211.2,8638.78,30328.16,3481.52
2026-02-04T22:00:00-06:00,39.8,51.09,56.107,1189,13076.67,51918.17,52897.32,47043,46,0.31,0,4507.66,7419.5,8189.8,30301.58,2125.51
2026-02-04T23:00:00-06:00,36.11,43.252,49.618,1189,12312.08,50335.5,51526.71,45434,45,0.31,0,5159.5,7225.9,8411.77,29730.62,562.46
2026-02-05T00:00:00-06:00,35.3,33.522,38.407,1109,12305.17,49612.58,50012.27,42860,41,0.32,0,6671.7,5569.6,8753.11,28690.63,-701.79
2026-02-05T01:00:00-06:00,32.23,25.09,26.675,1109,12446,49641.58,49687.87,40304,40,0.32,0,9215.14,7012.8,10156.19,27158.14,-1503.39
2026-02-05T02:00:00-06:00,30.78,22.22,22.298,1109,12446,50022.75,50045.94,38201,40,0.32,0,11691.26,8850.7,11205.41,26282.46,-1461.37
2026-02-05T03:00:00-06:00,28.19,22.267,22.14,1109,12556,50930.58,50871.31,37515,39,0.34,0,13264.93,10436.3,12421.89,25978.08,-1109.59
2026-02-05T04:00:00-06:00,30.27,22.385,22.418,1109,12530.17,52511.5,52522.01,38012,38,0.36,0,14315.75,11510.9,12855.83,26387.15,-973.31
2026-02-05T05:00:00-06:00,32.17,23.155,23.228,1109,12325,55616.33,55466.36,39497,37,0.4,0,15799.06,14061.4,12904,26524.47,-130.88
2026-02-05T06:00:00-06:00,39.51,24.495,24.572,1104.83,12423.5,60009.5,59426.14,43602,37,0.41,0,16123.29,14712.6,10308.13,26804.22,2524.13
2026-02-05T07:00:00-06:00,34,24.207,24.255,1059.17,12447.25,61534.67,61480.01,44536,38,1371.58,1070.2,15676.32,15168.8,8850.64,26989.83,2806.26
2026-02-05T08:00:00-06:00,18.63,8.913,8.965,1063.92,12678.67,59088.42,60114.87,28925,45,15910.11,13470.6,14538.82,14913.3,10087.69,16195.68,-904.86
2026-02-05T09:00:00-06:00,5.47,1.11,1.092,1096,12563.67,56200,56935.95,19190,51,26774.94,28329.5,10678.75,12588.9,11978.25,9574.94,-1318.33
2026-02-05T10:00:00-06:00,1.23,0.31,0.637,1096,11209.5,53572.33,54121.44,16904,57,27283.53,29738.4,9460.86,10205.5,12582.37,8590.67,-1676.32
2026-02-05T11:00:00-06:00,0.53,-0.26,0.048,1096,11424.5,51343.92,51831.12,15490,61,25228.53,29035.7,10642.58,10179.8,13852.14,8260.49,-2389.35
2026-02-05T12:00:00-06:00,0.49,-0.527,-0.165,1096,11433.67,49668.42,50374.02,14789,64,24303.88,28049.2,10735.57,10811.3,15849.31,8157.81,-2894.16
2026-02-05T13:00:00-06:00,0.31,-0.342,0.208,1095.33,11385.5,48621.92,49333.16,14815,66,24639.01,28162,9292.31,10714.2,16301.28,8183.2,-2833.88
2026-02-05T14:00:00-06:00,0.02,-0.185,0.383,1088.17,11358,48233.33,48647.67,14188,68,26012.11,28970.8,8134.49,9887.6,17448.81,8433.16,-3778.62
2026-02-05T15:00:00-06:00,0.05,-0.787,-0.475,1066.45,11104.18,48001,48389.81,15966,68,25223.4,29641.3,6648.48,8751.5,17626.96,9164.1,-2795.68
2026-02-05T16:00:00-06:00,3.84,0.4,0.445,1141,11160.67,48303.42,48534.07,21071,68,21369.63,25122.5,5815.99,7276.1,16967.34,12581.8,-980.45
2026-02-05T17:00:00-06:00,25.9,42.233,42.233,1154.64,11408.55,49175.5,49579.21,36330,65,8325.08,7561.1,4468.55,5982.3,13471.15,22150.83,3090.19
2026-02-05T18:00:00-06:00,39.08,51.663,52.108,1291,11325.17,51068,51592.37,46332,58,142.51,164.4,4471.27,6049.1,10053.67,26020.71,6280.97
2026-02-05T19:00:00-06:00,40.38,41.247,41.722,1291,10855.17,51756.5,52248,45311,56,0.36,0,6414.09,7303.5,10089.89,26442.78,3333.27
2026-02-05T20:00:00-06:00,34.73,29.5,30.29,1291,10857.75,51780.33,52279.2,42798,54,0.37,0,8984.83,8757.7,9933.89,25617.34,1447.81
2026-02-05T21:00:00-06:00,30.06,25.08,25.995,1291,10595.5,51020.08,51579.94,40337,51,0.39,0,10738.51,10259.1,10407.78,24715.26,112.35
2026-02-05T22:00:00-06:00,22.66,23.148,24.502,1291,10667,49432.42,50045.69,38834,49,0.38,0,11803.48,11333.8,11364.63,23410.89,38.89
2026-02-05T23:00:00-06:00,22.63,20.2,21.8,1291,10682,47673.42,48462.07,37039,48,0.38,0,12582.74,11968.8,11748.11,22287.31,-394.12
2026-02-06T00:00:00-06:00,19.94,20.702,23.105,1291,10632,46332.92,47711.03,32652,47,0.38,0,13743.57,12963.5,11552.62,20936.82,-570.03
2026-02-06T01:00:00-06:00,18.79,20.82,22.553,1291,10632,45754.92,46986.04,31933,46,0.39,0,13782.33,13390.4,11903.68,20804.28,-975.01
2026-02-06T02:00:00-06:00,18.68,20.948,22.465,1291,10632,45847.42,46803.99,32023,46,0.41,0,13772.07,13740.7,12351.49,20854.16,-1126.99
2026-02-06T03:00:00-06:00,18.91,21.582,22.757,1291,10548.67,46353.58,47152.55,32499,45,0.41,0,13796.25,14135.4,12477.35,20927.42,-790.18
2026-02-06T04:00:00-06:00,20.05,22.548,24.17,1291,10452,47528.17,48204.97,33765,44,0.41,0,13642.85,14529,12309.18,21187.67,-244.31
2026-02-06T05:00:00-06:00,24.71,25.71,27.46,1278.5,10452.33,50195.08,50552.55,36646,44,0.42,0,13325.36,13020,11846.57,22223.23,293.64
2026-02-06T06:00:00-06:00,28.62,30.695,31.995,1166,10550.67,53911.67,53802.52,40866,43,0.4,0,12807.91,12908.3,8799.06,23035.4,2899.79
2026-02-06T07:00:00-06:00,27.68,37.14,38.675,1216,11005.92,55083.17,55713.7,41515,44,1423.85,1145.9,12133.68,12172.6,6301.88,23568.87,3370.51
2026-02-06T08:00:00-06:00,16.11,13.85,13.87,1216,11194.5,54240.42,55084.57,27982,52,16272.48,14149.5,10002.32,10705,8757.69,15725.06,-1118.08
2026-02-06T09:00:00-06:00,4.17,11.293,11.75,1216,11145.75,52517,53122.39,18202,61,29023.8,29024,5391.78,7520.5,11674.16,10255.58,-2308.76
2026-02-06T10:00:00-06:00,4.17,16.685,16.865,1216,11366.83,50666.67,50904.33,17969,68,29921.92,30187.9,2876.27,4033.7,13058.1,11314.84,-3892.73
2026-02-06T11:00:00-06:00,5.64,16.568,16.633,1216,11332.5,49391.33,49145.35,18172,72,29082.64,29157.4,2205.08,3194.6,14424.9,11151.48,-3832.85
2026-02-06T12:00:00-06:00,8.94,15.283,15.45,1216,11333,48551.17,48524.57,18912,75,28207.89,27975.7,1449.75,2282.4,14692.17,10419.1,-2289.15
2026-02-06T13:00:00-06:00,10.7,15.73,16.217,1216,11326.5,48619,48719.28,19755,78,27988.54,28006.3,848.53,1678.2,14673.2,10769.67,-1778.45
2026-02-06T14:00:00-06:00,10.05,16.38,17.345,1216,11225,48874.08,49328.88,19651,80,28559.97,28788.8,647.88,1212.2,15999.29,11304.7,-2386.47
2026-02-06T15:00:00-06:00,8.72,15.827,17.113,1216,11166.42,49484.25,50064.66,19855,80,28896.78,29453.9,678.29,967.4,16820.42,12197.08,-2888.93
2026-02-06T16:00:00-06:00,14.93,17.277,17.43,1216,10997.33,50120.92,50445.97,24694,79,24463.31,25123.8,940.86,1008.4,16275.38,15096.11,-957.98
2026-02-06T17:00:00-06:00,39.78,54.147,54.262,1205,11395.42,50338,50237.43,40555,75,8256.36,7828.8,1518.65,1621,12171.31,23408.58,4293.56
2026-02-06T18:00:00-06:00,40.33,52.8,54.322,1205,11106,50358.67,50142.48,46905,67,163.02,174.1,3262.09,3225.9,10014.35,25859.19,5923.34
2026-02-06T19:00:00-06:00,39.91,33.577,34.388,1205,11101.5,49545.5,49347.1,43965,63,0.64,0,5629.07,5217.1,10653.74,25180.03,3021.86
2026-02-06T20:00:00-06:00,33.4,28.433,29.242,1214.17,10908,48617.25,49033.94,41002,59,0.67,0,7641.77,7176,10421.85,24465.07,992.39
2026-02-06T21:00:00-06:00,26.97,26.783,27.525,1216,10898.67,47554.17,48176.15,38725,57,0.68,0,8887.43,9149.7,10474.85,23531.85,240.99
2026-02-06T22:00:00-06:00,21.12,23.93,24.668,1216,10917,46183.75,47211.02,37339,56,0.68,0,10056.64,10865.2,10945.63,22521.74,-276.14
2026-02-06T23:00:00-06:00,21.64,23.365,24.325,1216,10981.58,44543.42,45860.71,35766,54,0.69,0,10563.14,11944.2,10896.3,21283.97,-593.41
2026-02-07T00:00:00-06:00,22.21,24.468,25.58,1216,11638.33,43259.83,45978.23,32972,53,0.68,0,10342.39,12111.3,11038.37,20568.07,-797.29
2026-02-07T01:00:00-06:00,19.78,22.325,23.477,1216,11667.67,42483.58,45096.73,32290,51,0.72,0,10234.09,11753.1,11248.96,20323.32,-1077.08
2026-02-07T02:00:00-06:00,19.79,22.052,23.262,1216,11611.83,42132.67,44768.56,32115,49,0.73,0,9987.44,11123.6,11734.89,20213.59,-988.43
2026-02-07T03:00:00-06:00,18.85,22.445,23.617,1216,11724,42350.67,44572.87,32768,48,0.73,0,9542.34,10237.7,12278.01,20302.61,-626.29
2026-02-07T04:00:00-06:00,21.27,20.25,25.173,1216,11666.67,43097.83,44902.71,33572,47,0.7,0,9456.75,9391,12274.71,20674.42,-503.36
2026-02-07T05:00:00-06:00,24.69,20.835,26.91,1216,11644.33,44612.58,45854.72,35224,46,0.74,0,9257.51,8698.2,11660.78,21284.99,532.36
2026-02-07T06:00:00-06:00,29.42,21.227,30.655,1216,11861.33,46517,47516.28,38011,45,0.74,0,8416.26,8000.1,8881.89,21628.36,3039.62
2026-02-07T07:00:00-06:00,27.57,22.19,34.235,1216,12029,48046.83,48939.29,38454,46,1476.01,1192.1,7989.91,7423.8,6711.87,22071.48,3111.31
2026-02-07T08:00:00-06:00,17.69,11.54,13.483,1216,12131.92,48991.92,49727.52,25748,54,15956.29,14664.6,7258.96,6680.3,8170.93,13739.42,-579.94
2026-02-07T09:00:00-06:00,3.87,0.437,2.678,1216,12515.67,48588.92,49976.26,15534,61,28150.33,28788.5,4952.25,5201.6,10763.8,7832.42,-2285.76
2026-02-07T10:00:00-06:00,3.85,0.165,1.185,1216,13026.67,47835.75,49554.65,13964,65,29255.34,30028.3,4662.48,4353.1,12867.54,7527.06,-2584.94
2026-02-07T11:00:00-06:00,2.13,-0.372,0.86,1216,13024.25,47125.33,48781.7,14193,69,27902.74,29006.2,5082.84,4969.9,13579.58,7448.94,-2190.41
2026-02-07T12:00:00-06:00,1.8,-0.007,0.083,1216,12975.83,46799.75,48083.81,13338,72,26468.09,27721.8,6999.9,6396.1,14918.54,7278.79,-2875.67
2026-02-07T13:00:00-06:00,1.26,0,0,1216,12844.83,46919.25,47699.78,12942,74,25730,27627,8248.65,8176.7,16608.14,7248.33,-3103.24
2026-02-07T14:00:00-06:00,1.12,-0.07,-0.068,1216,12859.33,47481.58,47662.78,12401,76,25536.31,28145,9451.93,9987.1,17673.94,7300.98,-3663.62
2026-02-07T15:00:00-06:00,0.42,-0.738,-0.727,1216,12817,48079.75,48002.89,12477,76,24513.3,28124.1,11063.55,11765.4,18282.79,7480.51,-3910.85
2026-02-07T16:00:00-06:00,2.75,1.623,1.705,1202,12529.67,48553.67,48243.79,16432,75,19809.53,22976.4,12300.58,13478.7,16790.87,8217.52,-1137.15
2026-02-07T17:00:00-06:00,30.16,30.89,30.9,1195,12542.42,48612,48432.26,29163,71,6107.13,6828.3,13332.45,14941.3,11806.55,13168.81,5031.88
2026-02-07T18:00:00-06:00,28.68,35.152,35.152,1195,12453.33,48939.75,49003.78,34211,66,56.98,108,14609.52,17265,9963.58,14834.59,5855.12
2026-02-07T19:00:00-06:00,25.2,25.77,25.705,1195,12278.5,48744.25,49032.89,29723,62,0.59,0,19008.41,20486,11374.16,14241,1440.5
2026-02-07T20:00:00-06:00,20.26,20.06,19.908,1195,12331,48131.17,48354.93,26241,60,0.64,0,21871.68,23077.9,12207.97,13403.68,-0.2
2026-02-07T21:00:00-06:00,18.28,17.218,17.018,1195,12027.83,47290.75,47428,23641,60,0.66,0,23686.46,24852,12812.74,12383.62,-485.26
2026-02-07T22:00:00-06:00,16.04,16.713,16.803,1195,11946.5,46042.42,46430.3,22397,59,0.64,0,23907.14,25642.8,13413.06,11818.41,-857.03
2026-02-07T23:00:00-06:00,15.71,18.177,18.138,1198.17,11687.17,44598.17,45332.25,20991,57,0.66,0,23895.19,25420,13597.34,10594.15,-1205.4
2026-02-08T00:00:00-06:00,13.98,17.035,16.778,1233,10925.67,43310.67,43001.36,19686,56,0.65,0,23658.66,24708.1,13827.06,9700.78,-1315.8
2026-02-08T01:00:00-06:00,14.61,16.908,16.957,1233,10660,42404.58,42122.22,19796,54,0.69,0,22626.44,23511.8,14353.68,9658.16,-1320.64
2026-02-08T02:00:00-06:00,14.22,16.637,16.68,1233,10660,41809.58,41539.97,20498,54,0.66,0,21324.7,21780.6,14814.64,9602.62,-806.2
2026-02-08T03:00:00-06:00,15.02,17.82,17.815,1233,10661.5,41372,41473.7,21875,52,0.64,0,19465.91,19932.4,14250.33,10377.84,-237.08
2026-02-08T04:00:00-06:00,17.34,21.92,22.477,1233,10638,41713,41761.18,23974,51,0.68,0,17667.14,17948.2,13349.4,11371.37,467.55
2026-02-08T05:00:00-06:00,20.66,27.345,30.407,1233,10613,42227.08,42600.42,27561,50,0.66,0,14630.48,16181.4,11809.09,12303.22,1395.62
2026-02-08T06:00:00-06:00,21.58,30.363,31.818,1233,10625.5,43277.58,43656.29,29680,50,0.86,0,13497.02,15047.5,10357.45,12728.76,2179.2
2026-02-08T07:00:00-06:00,25.34,29.39,29.85,1233,10692.58,44493.25,44656.95,29899,51,932.03,789.8,13583.45,13811.6,8798.85,12928.66,2338.19
2026-02-08T08:00:00-06:00,17.9,19.808,19.808,1233,10779.75,45813,45690.39,24561,56,8471.12,8509.7,12637.82,12319.3,9415.06,11651.61,-332.94
2026-02-08T09:00:00-06:00,14.94,15.923,15.923,1233,10816,46787.83,46153.08,20340,61,16921.67,17235,9469.46,9192.6,10933.22,9900.67,-912.64
2026-02-08T10:00:00-06:00,14.53,12.845,13.69,1233,10816,46896.17,46058.97,16622,66,21599.37,20054,8622.79,6782.9,12644.71,8879.5,-2803.88
2026-02-08T11:00:00-06:00,13.95,11.665,12.48,1233,10845.5,46763.25,46281.38,15211,69,23804.73,21281.6,7728.17,6571.4,14312.45,8390.32,-2996.86
2026-02-08T12:00:00-06:00,13.45,14.61,14.61,1233,10845.33,47055.33,46818.05,16991,72,23191.14,23016.6,6852.49,5900.9,14804.34,8951.15,-2332.88
2026-02-08T13:00:00-06:00,14.36,12.925,12.925,1233,10891.33,47559.92,47457.06,16446,75,23269.66,23025.4,7797.19,5451.4,15253.83,8760.32,-3025.1
2026-02-08T14:00:00-06:00,15.08,0.723,0.723,1233,10867.33,48199.67,48107.09,15133,77,23751.97,22413.7,9234.42,5326.9,16502.34,8287.5,-2977.78
2026-02-08T15:00:00-06:00,15.24,-0.002,-0.05,1233,10732,48962.33,48629.59,16679,78,22881.14,21587.7,9309.06,5448.7,17564.81,9124.64,-1500.91
2026-02-08T16:00:00-06:00,21.25,9.423,9.17,1233,10512,49943,48960.76,21252,77,20055.08,16768.5,8594.13,5743.3,16375.07,12234.57,-175.16
2026-02-08T17:00:00-06:00,37.58,42.445,42.468,1233,10512,50140.5,49012.72,35164,74,6693.23,5307.9,8317.48,6253.5,11641.39,18838.2,4781.59
2026-02-08T18:00:00-06:00,38.49,47.477,48.308,1233,10567.33,50058.25,49785.44,41502,68,127,130.1,8417.18,7545.9,9462.01,20746.73,6415.78
2026-02-08T19:00:00-06:00,37.33,55.682,56.615,1233,10661.67,49085.75,50088.88,40053,65,0.75,0,9118.77,9415,8624.85,20896.95,3930.44
2026-02-08T20:00:00-06:00,30.07,77.498,80.333,1233,10675,47902.25,49392.94,38672,63,0.79,0,9327.8,10955.6,7149.61,21359.61,1734.36
2026-02-08T21:00:00-06:00,25.33,52.852,56.105,1233,10799,47211,48192.23,37244,61,0.8,0,9941.09,12133.9,7081.06,21297.88,340.43
2026-02-08T22:00:00-06:00,25.69,32.92,34.943,1233,10890,45860.83,46245.61,36048,61,0.89,0,10828.64,12972.3,7500.74,20139.42,-467.14
2026-02-08T23:00:00-06:00,23.01,30.832,32.645,1240.58,10904.5,43578.25,44113.32,33754,59,0.92,0,10977.86,12944.6,8452.62,19623.46,-1770.47
2026-02-09T00:00:00-06:00,24.8,25.203,27.343,1296.67,11041.33,41888.25,41858.72,31460,58,0.91,0,10482.74,10585.8,9990.69,19204.39,-2529.42
2026-02-09T01:00:00-06:00,24.13,23.322,27.53,1273,11100.33,40700.58,40665.85,31128,56,0.87,0,9604.02,9870.8,11396.92,18834.71,-2123.26
2026-02-09T02:00:00-06:00,23.72,21.98,26.345,1273,11284,40123.75,39989.49,31206,55,0.82,0,8918.34,8990.1,11932.38,18500.01,-1094.16
2026-02-09T03:00:00-06:00,23.76,23.343,27.965,1273,11348.17,40164.33,39914.88,32262,53,0.84,0,7880.38,8178.1,12079.22,18897.84,-569.3
2026-02-09T04:00:00-06:00,24.95,26.99,32.25,1273,11064.33,40911,40915.99,33833,52,0.89,0,6991.47,7544.1,11810.48,19644.15,-287.39
2026-02-09T05:00:00-06:00,30.73,35.838,40.58,1277.17,10946.67,42890.33,43497.53,36113,51,0.95,0,6612.44,6950.2,11101.93,20844.75,487.96
2026-02-09T06:00:00-06:00,31.8,34.628,38.005,1323,10992.67,46250.83,46918.36,39259,50,0.87,0,6761.01,6574.1,8830.48,21385.06,3248.04
2026-02-09T07:00:00-06:00,35.25,36.147,39.597,1330.83,10856.42,47789.92,48696.42,39675,51,1229.54,910.7,6851.44,6451.3,7438.08,21427.69,3519.91
2026-02-09T08:00:00-06:00,21.84,19.925,31.665,1409,10871.67,48030.08,49099.99,30271,57,11766.72,9851.7,5880.12,6022.3,8527.15,15748.77,88.65
2026-02-09T09:00:00-06:00,16.35,16.833,24.463,1394.33,11114.33,48384.75,49632.56,23118,63,21065.54,19333.5,4157.97,5131.6,9954.69,11783.75,-1111.04
2026-02-09T10:00:00-06:00,15.71,15.447,22.795,1409,10592.5,48942.75,50082.59,20607,68,23426.1,21820.9,4841.3,4656,10692.36,10774.41,-1330.66
2026-02-09T11:00:00-06:00,15.25,15.91,20.345,1399.42,10596.83,49017.25,50532.76,19683,73,24238.62,23051,5070.56,5151.7,11616.71,10974.67,-2197.74
2026-02-09T12:00:00-06:00,14.96,15.755,17.495,1342,11409.5,49737.58,50984.35,19380,77,24382.54,23992.1,5910.36,6209.2,13086.3,11017.87,-2847.01
2026-02-09T13:00:00-06:00,15.08,15.7,17.287,1342,11373,50882.5,51811.76,19335,79,24273.42,23961.9,7174.73,7445.2,14226.79,11054.91,-2832.93
2026-02-09T14:00:00-06:00,16.45,15.597,19.01,1342,11231,51857.83,52624.4,19038,80,23757.91,23584.5,8990.96,8894.1,15819.43,11064.79,-2927.85
2026-02-09T15:00:00-06:00,15.4,17.545,20.612,1342,11117.67,52462.75,53358.84,20060,80,21863.73,22457.2,10490.11,10517.5,16117.41,11793.18,-2844.76
2026-02-09T16:00:00-06:00,19.89,31.305,29.938,1319.42,10978.08,53485.5,54045.8,26255,79,15537.2,17514.1,11649.15,12215.7,14774.51,14700.92,-223.85
2026-02-09T17:00:00-06:00,34.38,44.172,43.132,1234.33,11063.67,53409.58,54172.28,36207,75,4571.38,5468,12628.24,13743.2,10668.6,17738.32,5053.79
2026-02-09T18:00:00-06:00,31.55,51.97,51.09,1221,11419.17,53375.42,54141.16,38520,71,77.97,101.9,14584.31,16059.2,8666.59,18592.47,5667.8
2026-02-09T19:00:00-06:00,26.19,61.347,60.42,1221,11455,52617.25,53767.89,35776,69,0.24,0,16817.66,19235.5,7500.89,19089.8,2243.56
2026-02-09T20:00:00-06:00,20.16,35.287,34.995,1221,11461.17,51663.17,52657.08,33211,68,0.26,0,18450.06,22526.6,7717.97,18444.16,109.82
2026-02-09T21:00:00-06:00,18.03,22.547,22.263,1221,11224.5,50487.33,50979.95,29090,67,0.28,0,21392.51,25434.3,8313.1,15548.52,-745.87
2026-02-09T22:00:00-06:00,16.36,19.47,18.37,1221,11134.5,48283.08,48441.5,26928,66,0.26,0,24362.81,27521.5,9656.92,12666.7,-1770.38
2026-02-09T23:00:00-06:00,14.51,18.452,17.388,1275.58,11052.92,45582.58,45766.53,24266,65,0.29,0,24160.72,28655,11471.99,10987.92,-1786.4
2026-02-10T00:00:00-06:00,13.16,19.702,18.635,1657.67,10636.33,43591.58,43567.75,19951,64,0.34,0,23530.1,28940.5,11975.16,9377.37,-2005.6
2026-02-10T01:00:00-06:00,11.64,19.315,18.157,1221,10499.67,42316.33,42253.11,18601,63,0.31,0,23721.07,28807,13251.97,9206.43,-3283.06
2026-02-10T02:00:00-06:00,9.26,19.175,18.098,1221,10363,41527.17,41431.6,18095,62,0.39,0,23406.55,28195.7,15120.43,9157.37,-3695.99
2026-02-10T03:00:00-06:00,10.11,19.845,18.595,1221,10363,41367,41233.84,18929,62,0.33,0,22403.69,26962.5,16201.05,9103.6,-2732
2026-02-10T04:00:00-06:00,12.36,18.168,17.16,1221,10392.42,41913.75,41708.61,20213,61,0.34,0,21628.98,25382.8,15848.45,9035.08,-1310.41
2026-02-10T05:00:00-06:00,17.04,21.205,19.847,1221,10719,43544.25,43294.7,22037,61,0.29,0,21387.72,23690.5,14942.97,9701.73,-231.88
2026-02-10T06:00:00-06:00,22.18,26.537,24.975,1221,10803,46704.83,45901.97,25358,60,0.4,0,21114.2,21762.2,13498.18,10954.93,1108.18
2026-02-10T07:00:00-06:00,22.34,29.17,27.883,1221,11055.67,47876.33,47209.33,27640,61,375.06,613.8,19831.04,20053.4,12764.22,12078.14,1634.91
2026-02-10T08:00:00-06:00,22.74,26.867,26.015,1234.33,11836.5,48369.17,47758.29,26631,63,3159.98,5616,18520.35,18210.3,12822.32,12344.22,289.33
2026-02-10T09:00:00-06:00,19.96,29.16,28.343,1381,11776.5,48654.5,48679.24,27543,65,6127.01,10238,14943.92,16929.4,12867.35,13018.81,254.45
2026-02-10T10:00:00-06:00,20.73,31.34,30.35,1381,12133.67,49106.33,49543.94,28029,67,8226.91,12722.5,12791.08,16343.3,13153.54,13602.1,-110.45
2026-02-10T11:00:00-06:00,21.03,24.352,23.575,1381,12122.83,49664.83,50015.2,26581,68,10781.45,14594.9,11767.57,15604.9,14064.76,14125.63,-1330.52
2026-02-10T12:00:00-06:00,20.17,24.355,23.48,1367.67,12409,49870.92,50490.12,27662,69,10626.25,14670.5,11382.33,14641.1,14325.19,15013.93,-1003.7
2026-02-10T13:00:00-06:00,22.14,26.133,25.285,1221,12341.67,50063.33,50723.76,29280,70,9258.04,13983.6,11442.39,14045,14004.94,16151.36,-230.78
2026-02-10T14:00:00-06:00,20.46,25.06,24.335,1221,12050,50124.67,50827.01,31276,70,7012.89,12065.1,11748.56,13997.7,14552.16,19093.87,-1347.92
2026-02-10T15:00:00-06:00,26.87,19.46,18.98,1221,11875.33,50213.33,51002.18,31924,70,5821.25,9062.8,12380.46,13630.4,15184.81,20247.3,-1514.45
2026-02-10T16:00:00-06:00,28.89,16.657,16.325,1221,11571.75,50520.83,50933.8,32903,68,4088.03,6229,13453.04,13320.8,15832.38,21073.61,-999.36
2026-02-10T17:00:00-06:00,31.16,18.25,17.952,1221,11030,51352.58,51301.38,34557,66,2034.85,2276.1,14680.59,13086.2,15673.08,22452.89,-184.1
2026-02-10T18:00:00-06:00,31.77,25.59,25.548,1221,11106.83,52292.92,52265.22,39754,64,109.68,108.8,12401.79,12874.9,13898.79,25156.56,1367.71
2026-02-10T19:00:00-06:00,31.43,25.843,25.935,1221,11096,52106.42,51729.85,41660,62,0.35,0,10485.53,12817.5,13541.13,25577.57,1329.44
2026-02-10T20:00:00-06:00,33.5,24.812,25.26,1221,11056,51234.92,50986.16,41590,61,0.37,0,9699.8,12753.6,13123.43,25412.13,1560.34
2026-02-10T21:00:00-06:00,31.23,24.25,24.82,1221,11204.33,49889.33,49700.01,40338,59,0.36,0,9622.7,11711.1,13188.05,25149.42,899.7
2026-02-10T22:00:00-06:00,28.23,20.895,21.41,1221,11087.17,47501.58,47538,37999,58,0.42,0,9428.68,11058.3,13929.76,24626.7,74.6
2026-02-10T23:00:00-06:00,25.22,17.438,18.135,1221,11084.83,45222.17,45219.97,35833,58,0.44,0,9686.98,10865.1,14647.59,23371.92,-173.02
2026-02-11T00:00:00-06:00,22.24,19.182,19.812,1221,11364.33,43638.58,42564.28,34670,56,0.5,0,9134.7,10792.3,14358.66,23147.55,-204
2026-02-11T01:00:00-06:00,20.89,17.148,18.215,1221,11387.5,42523,41200.9,33122,56,0.38,0,9501.12,10603.6,14773.86,21989.66,-559.29
2026-02-11T02:00:00-06:00,19.85,16.355,17.943,1221,11278.67,41891.58,40404.04,32461,55,0.47,0,9434.9,10414.9,15277.65,21471.27,-714.5
2026-02-11T03:00:00-06:00,19.06,16.06,17.382,1221,11335.17,41793,40172.79,31811,54,0.5,0,9961.65,9983.5,15499.78,20930.71,-701.95
2026-02-11T04:00:00-06:00,19.22,16.717,20.21,1221,11338,42788.92,40922.85,33427,53,0.37,0,9337.61,9444.6,14740.25,22145.4,-323.62
2026-02-11T05:00:00-06:00,22.93,20.94,26.277,1221,11275,44820.08,43777.06,36509,52,0.38,0,8169.15,8753.6,13964.32,24215.37,263.91
2026-02-11T06:00:00-06:00,30.73,24.142,27.867,1221,11267,48132.25,47440.95,40952,52,0.39,0,7018.59,7531.5,11946.9,25090.78,1900.67
2026-02-11T07:00:00-06:00,31.85,25.155,28.39,1221,11290.83,49551.17,49308.9,43336,52,789.65,913.6,5526.81,6152.6,10172.12,25462.71,3129.98
2026-02-11T08:00:00-06:00,20.9,18.735,22.812,1235.17,11289.75,49800.67,49370.26,37794,55,9075.48,9724.4,3125.03,4248.2,11305.51,23586.43,17.02
2026-02-11T09:00:00-06:00,19.04,15.513,16.37,1391,11741.08,49708.83,49817.13,29645,58,18974.71,19176.6,1181.35,2695.9,13896.9,18768.8,-1609.32
2026-02-11T10:00:00-06:00,18.23,15.71,14.17,1391,12049.25,49318.75,49631.05,26149,61,22409.73,21587.3,774.12,2054.7,14900.32,16334.82,-1423.29
2026-02-11T11:00:00-06:00,17.17,16.62,12.02,1391,11994,49079.08,49357.69,23674,64,24428.32,22565.7,972.98,1859.2,15952.72,15167.09,-1953.1
2026-02-11T12:00:00-06:00,17.32,13.055,4.53,1391,12033.33,48980.58,49202.2,21985,66,25579.7,23381.6,1424.29,1801.1,16758.61,14124.65,-2157.87
2026-02-11T13:00:00-06:00,17.99,13.183,3.218,1391,12158.5,49229.25,49194.63,22168,68,25672.9,23431.1,1398.42,1959.6,16794.4,14224.56,-1350.34
2026-02-11T14:00:00-06:00,18.29,14.4,3.808,1394.67,11805,49855.17,49218.13,21832,70,26477.93,23392.8,1488.15,2342.6,17020.99,14578.71,-1803.15
2026-02-11T15:00:00-06:00,16.65,17.97,4.808,1402,11400.67,50484.33,49493.88,22012,71,26303.52,23956.8,2061.32,2920.6,17734.87,15192.53,-2343.88
2026-02-11T16:00:00-06:00,17.87,18.178,9.735,1402,11285.67,51277.08,50059.48,26299,70,22255.61,19750.5,2636.48,3605.7,17664.26,17385.04,-1139.07
2026-02-11T17:00:00-06:00,39.19,31.908,31.908,1402,11235.33,51660.33,50430.73,39722,68,8608.4,6697.5,3259.64,4784.4,14221.7,25436.71,2018.98
2026-02-11T18:00:00-06:00,42.24,35.858,36.322,1402,11144.25,52295.67,50905.9,47958,64,258.28,184,3992.36,6031.1,11281.75,28883.72,4918.96
2026-02-11T19:00:00-06:00,40.63,31.325,31.495,1402,11078,52309,50879.67,47418,61,10.04,0,4836.86,7416.3,11157.21,28609.75,4262.16
2026-02-11T20:00:00-06:00,37.61,32.74,32.588,1402,11154.17,51504.08,50333.18,46040,58,10.05,0,5479.75,8804.4,10000.72,28706.57,2348.82
2026-02-11T21:00:00-06:00,34.73,30.36,30.54,1402,10850.75,50164.58,49027.69,44331,56,7.43,0,5894.83,9571.9,9821.87,28485.24,686.3
2026-02-11T22:00:00-06:00,26.5,26.28,26.168,1402,10877,47881.42,46884.31,42093,55,0.36,0,6620.36,10422.3,10287.96,26498.96,-100.36
2026-02-11T23:00:00-06:00,23.93,23.465,23.338,1402,10855.58,45562.33,44637.85,39785,54,0.35,0,8051.84,11330.3,10756.88,23913.93,-251.02
2026-02-12T00:00:00-06:00,20.83,22.295,22.375,1402,10624,43766.25,43452.4,34687,53,0.36,0,9115.96,10191.4,11016.3,22161.39,-526.75
2026-02-12T01:00:00-06:00,19.11,20.805,21.095,1402,10614.5,42834.67,42269.28,32820,52,0.36,0,9987.04,10702,11543.53,21093.47,-948.54
2026-02-12T02:00:00-06:00,19,18.54,18.873,1402,10578,42324.33,41686.65,30607,51,0.38,0,11646.11,11105.7,12758.56,20505.61,-1998.99
2026-02-12T03:00:00-06:00,18.31,16.697,17.35,1402,10642.33,42354.17,41612.62,29985,50,0.37,0,12340.94,11291.4,14397.93,19772.89,-1653.72
2026-02-12T04:00:00-06:00,17.66,16.877,19.175,1402,10545.67,43368.67,42709.86,31291,49,0.37,0,11988.96,11534.5,14325.73,19936.45,-338.3
2026-02-12T05:00:00-06:00,19.99,21.947,23.02,1402,10544.67,45667.67,45775.34,33715,49,0.38,0,11739.69,11901.4,13480.46,21475.71,261.19
2026-02-12T06:00:00-06:00,21.43,23.08,23.92,1402,10630.42,48870.5,49705.02,36266,48,0.41,0,12385.83,12113.7,11720.76,21893.33,1672.13
2026-02-12T07:00:00-06:00,21.27,20.355,21.983,1402,11549.58,50207.5,51432.42,35649,49,1498.7,1018.3,13020.28,11973.8,11241.49,21270.43,1272.18
2026-02-12T08:00:00-06:00,15.67,8.305,9.803,1383,11875.67,50062.92,50993.73,25123,55,13616.06,10161.7,11498.29,11215.5,12804.26,13269.84,-772.95
2026-02-12T09:00:00-06:00,13.58,10.513,6.065,1391.33,11677.58,49578.75,50763.37,19210,61,23743.88,20100.6,6851.77,9093.4,13394.67,9608.38,-1974.7
2026-02-12T10:00:00-06:00,13.65,14.883,4.528,1451.25,11801,49165.17,50324.92,17224,66,26022.38,23212,5860.57,7669.5,14378.74,9260.08,-2685.47
2026-02-12T11:00:00-06:00,12.29,19.9,7.522,1395.67,11728.58,49077.17,50024.53,15903,70,26979.51,24481.2,6189.13,8107.9,15616.15,9801.15,-3549.07
2026-02-12T12:00:00-06:00,13.06,22.985,12.205,1402,11870.67,49436.42,49798.86,16798,72,26570.91,24961.3,6033.89,8245.1,16115.21,9991.25,-2902.42
2026-02-12T13:00:00-06:00,16.35,29.99,13.07,1402,11996.33,50315.83,50332.58,18965,75,26003.8,24825,5260.66,8225.1,15141.1,10358.8,-1530.13
2026-02-12T14:00:00-06:00,16.58,34.115,13.605,1402,12175.67,51097.08,50813.08,21105,76,24755.55,24679.3,5154.25,8274.4,14818.81,10737.26,-477.11
2026-02-12T15:00:00-06:00,16.17,23.5,18.307,1392.83,12425,51669.17,51539.22,22963,77,22802.63,24150.2,5805.4,8598.1,14973.29,12301.5,-353.95
2026-02-12T16:00:00-06:00,18.76,24.995,24.473,1391,12318.33,52347.75,52265.17,27736,76,17631.97,19459.6,6900.14,9299,14717.34,15648.57,140.88
2026-02-12T17:00:00-06:00,37.3,33.872,33.43,1391,11760,52450,52662.59,38975,73,5559.05,6631.5,7816.95,9721.9,11033.38,20670.64,4828.34
2026-02-12T18:00:00-06:00,36.25,42.513,42.412,1391,11858.17,52675.08,53192.03,43376,69,115.66,163,9022.84,12009,8473.31,22061.86,7277.06
2026-02-12T19:00:00-06:00,29.1,44.125,44.252,1391,11827.17,52436.92,53225.49,40307,66,0.06,0,11929.06,14898.6,8320.49,22411.98,3667.26
2026-02-12T20:00:00-06:00,22.6,27.24,27.445,1391,11583.5,51550.75,52467.42,36220,65,0.06,0,15271.2,18085.1,8180.09,21448.84,483.59
2026-02-12T21:00:00-06:00,18.79,23.355,23.367,1391,11527.92,50130.25,50880.73,32708,65,0.09,0,17436.31,19659.4,8375.66,19510.6,-23.05
2026-02-12T22:00:00-06:00,17.01,20.687,20.875,1391,11053,47940.75,48468.8,30555,63,0.08,0,19346.65,20591.8,9059.2,17006.23,-797.64
2026-02-12T23:00:00-06:00,16.89,18.092,18.718,1391,11040.67,45587.83,45924.62,28205,63,0.08,0,20675.55,20927.6,9826.66,14783.33,-1536.68
2026-02-13T00:00:00-06:00,18.01,16.12,16.952,1391,11102.5,43625.08,43302.98,23478,62,0.08,0,20170.85,19523.7,10817.82,13738.04,-1659.03
2026-02-13T01:00:00-06:00,17.07,15.76,16.807,1391,11135.17,42445.5,42126.27,22760,60,0.09,0,19706.63,18744.1,11755.54,13509.57,-2103.92
2026-02-13T02:00:00-06:00,17.82,15.155,16.19,1391,11053,41790.33,41362.3,22899,59,0.13,0,18948.09,17758.7,12963.7,13366.46,-1662.59
2026-02-13T03:00:00-06:00,18.85,17.15,18.165,1391,11055.67,41657.83,41061.28,24593,59,0.12,0,17104.68,16332.7,13142.87,13899.49,-446.48
2026-02-13T04:00:00-06:00,19.85,23.187,23.272,1391,11069,42045,41705.49,27198,58,0.1,0,14849.21,14895.1,12594.13,15542.86,-320.12
2026-02-13T05:00:00-06:00,22.39,26.63,27.233,1391,11011.58,43858.92,43666.92,30507,59,0.12,0,13236.17,13572.2,11826.21,16655.01,467.69
2026-02-13T06:00:00-06:00,25.7,32.622,33.755,1391,11118.83,46522,46703.27,34564,59,0.16,0,11850.26,12612.6,9027.64,17519.27,3087.11
2026-02-13T07:00:00-06:00,26.62,47.462,47.98,1408.5,11194.5,47556.25,48213.27,35866,60,699.23,826,10988.94,11930.7,7004,18668.16,3132.79
2026-02-13T08:00:00-06:00,22.06,30.072,30.39,1422.67,11079.67,48347.83,48479.44,31742,63,6416.73,7477,10139.9,11277.3,7588.55,17776.27,54.38
2026-02-13T09:00:00-06:00,20.41,24.48,24.655,1491,10970.33,49176.67,49522.23,26497,66,13198.66,14110.7,9378.27,10971.7,8124.54,13820.47,-482.39
2026-02-13T10:00:00-06:00,16.91,18.488,18.545,1403.5,10975.67,49992.25,50277.54,22941,70,17628.09,16205.3,9276.44,10184,9563.59,12028.13,-1288.27
2026-02-13T11:00:00-06:00,16.38,15.737,16.288,1310.33,10979.67,50630.17,50831.51,20075,73,19986.71,17275.5,10056.77,10979.7,11370.07,10994.86,-2403.02
2026-02-13T12:00:00-06:00,16.59,16.807,17.207,1295,11057.83,51403.33,51345.74,19288,75,20166.66,17402.4,11356.86,11942.8,12736.67,10856.61,-2970.9
2026-02-13T13:00:00-06:00,17.11,19.378,15.792,1295,11042,52457.17,52303.06,18953,76,19977.87,16896.4,13052.12,13513.2,14087.57,11047.71,-3732.05
2026-02-13T14:00:00-06:00,17.47,18.842,15.513,1295,10940.5,53022.75,53057.55,20008,76,16842.17,15905.3,15649.32,15630.4,14473.24,11065.24,-2616.35
2026-02-13T15:00:00-06:00,17.44,18.972,17.15,1295,11037,53165.92,53684.04,21135,76,13113.38,14009.9,18763.54,17746.8,15289.02,11775.86,-2318.49
2026-02-13T16:00:00-06:00,23.04,20.295,20.535,1295,11025.33,52948.83,53947.36,25426,74,7149.86,10809.5,20341.49,19305.2,15141.45,13692.37,-492.03
2026-02-13T17:00:00-06:00,22.87,21.685,21.72,1295,10979.5,52419.25,53765.77,29234,72,2357.17,3764.3,20828.12,20125.6,14150.95,15566.71,767.89
2026-02-13T18:00:00-06:00,23.46,22.81,22.462,1295,10692.92,52377.67,53356.71,30786,70,66.39,136.2,21419.29,21011.8,13630.73,16820.42,1006.62
2026-02-13T19:00:00-06:00,24.74,17.525,17.563,1295,10479.67,51803.33,52766.74,28392,69,1.06,0,23385.92,22022.2,14220.38,15868.22,376.68
2026-02-13T20:00:00-06:00,22.77,14.9,14.67,1264.33,10132.33,51134.75,51602.5,26003,68,1.39,0,25121.23,22511.1,15286.21,14992.57,-217.67
2026-02-13T21:00:00-06:00,21.99,21.363,21.133,1249,10066.42,50114.42,49944.71,28566,67,0.77,0,21802.49,22609,13970.01,15932.06,940.74
2026-02-13T22:00:00-06:00,20.15,24.843,24.615,1249,10061.17,48442.25,48220.33,26932,66,0.73,0,17712.99,22666.2,12310.83,16526.15,1521.93
2026-02-13T23:00:00-06:00,18.76,26.48,26.695,1249,10043.42,46449.67,46310.81,24948,66,0.65,0,15009.17,22729.9,11868.26,16947.8,828.45
2026-02-14T00:00:00-06:00,20.62,25.118,25.18,1249,9983.83,44902.25,44144.21,31297,65,0.44,0,13674.26,20050.4,11370.27,16299.99,518.72
2026-02-14T01:00:00-06:00,20.25,24.325,24.368,1249,10078,43872.17,42624.24,30246,65,0.8,0,13668,19055.9,11514.79,15811.9,193.28
2026-02-14T02:00:00-06:00,19.62,22.463,22.318,1249,10079.5,42735.08,41564.76,29242,65,1,0,13540.9,18266.1,11423.49,15607.12,86.18
2026-02-14T03:00:00-06:00,19.1,21.57,21.452,1249,10081,42130.42,40901.31,27698,64,0.59,0,14393.8,17730.5,11760.58,15240.04,-416.86
2026-02-14T04:00:00-06:00,19.44,24.573,25.083,1249,10115.5,42010.25,40898.82,28002,64,0.63,0,14048.73,17274.8,11489.33,15007.12,234.82
2026-02-14T05:00:00-06:00,18.21,24.515,25.343,1249,10189.58,42374.25,42119.08,28850,63,0.2,0,13476.69,16931.6,11214.18,15209.12,-68.94
2026-02-14T06:00:00-06:00,20.37,23.625,24.492,1249,10134.75,43258.92,43214.59,29489,63,0.11,0,13645.4,16039.5,10756.83,15237.02,542.7
2026-02-14T07:00:00-06:00,21.96,23.585,23.825,1249,10456.5,44422.25,44532.96,30064,63,155.77,476.7,14040.86,15404.1,9958.45,15441.2,1088.08
2026-02-14T08:00:00-06:00,22.38,24.895,24.798,1249,10468.83,46090.17,46315.46,28000,64,3100.7,4342,14823.15,15921,9973.19,14112.83,647.78
2026-02-14T09:00:00-06:00,20.1,26.66,26.353,1249,10569.67,47923.33,48189.2,26362,65,6622.89,9161.5,14799.03,16424.3,9845.46,13383.94,39.65
2026-02-14T10:00:00-06:00,19.03,14.988,14.61,1249,10413,49076.92,49345.94,23389,67,9785.16,11395.1,15822.06,17423.4,11610.17,12411.81,-1155.66
2026-02-14T11:00:00-06:00,15.76,15.483,15.413,1249,10357.92,50130.58,49661.41,21901,67,11048.02,12857.6,17066.43,18855.2,12595.52,11895.05,-1436.23
2026-02-14T12:00:00-06:00,15.75,19.48,20.51,1249,9827.83,50630.08,49798.83,22041,67,10350.22,14222.2,18198.08,18698,12947.35,12089.62,-1840.19
2026-02-14T13:00:00-06:00,15.82,18.248,19.287,1249,10005.17,50205.17,49455.44,21525,66,9997.31,13879.9,18699.71,18924.1,13917.48,11915.35,-2943.05
2026-02-14T14:00:00-06:00,15.62,17.307,17.795,1249,9994.33,49733.58,49621.12,20781,66,10411.4,12816.2,18608.08,19784.6,15245.86,11450.27,-2270.05
2026-02-14T15:00:00-06:00,16.39,17.58,17.755,1249,9641.67,49580.5,50116.25,22025,65,8554.66,11597.9,18935.1,19486.4,15362.31,12176.83,-2102.74
2026-02-14T16:00:00-06:00,16.79,18.695,20.088,1249,9328.75,49379.08,50147.99,23617,64,5622.88,9670.1,20136.02,19678.3,16075.29,13050.69,-1106.88
2026-02-14T17:00:00-06:00,20.48,15.703,15.537,1249,9451.83,49621.42,49834.29,24648,63,3516.7,4203.1,21339.84,19895.7,15850.19,13457.31,-14.87
2026-02-14T18:00:00-06:00,23.79,15.055,14.913,1249,9424.33,49937.92,49743.47,26463,60,232.86,257.2,23174,20631.9,14772.03,13821.88,1294.77
2026-02-14T19:00:00-06:00,21.87,14.66,14.645,1249,9420.17,49199.75,49245.95,25977,59,0.93,0,23278.46,21483.8,14852.68,13937.65,748.82
2026-02-14T20:00:00-06:00,21.33,15.24,13.61,1249,9421,48605.67,48368.66,25290,58,1.36,0,23358.15,23198.7,15125.66,14003.98,-102.87
2026-02-14T21:00:00-06:00,18.81,15.2,13.502,1249,9418.17,47559.67,47214.22,25437,57,1.39,0,22196.52,22701.4,14981.05,14117.94,-363.03
2026-02-14T22:00:00-06:00,17.8,14.345,12.6,1249,9417,46373.5,45898.14,24264,56,1.77,0,22217.89,22577.8,15254.55,13109.29,-358.92
2026-02-14T23:00:00-06:00,16.65,14.455,12.738,1250.67,9377,44885.67,44239.86,22786,55,1.7,0,22142.16,22695.4,15363.79,11862.06,-366.64
2026-02-15T00:00:00-06:00,18.28,15.662,15.202,1269,9074.33,43531.75,43675.92,21800,56,1.3,0,21853.64,21823.8,15046.51,10445.85,-91.34
2026-02-15T01:00:00-06:00,17.16,15.062,14.727,1269,9242,42439.92,42545.65,20908,56,0.85,0,21592.64,21488.9,15193.76,10048.02,-212.49
2026-02-15T02:00:00-06:00,16.44,14.263,14.252,1269,9241.17,41726.5,41855.85,20138,55,0.83,0,21641.66,21612.3,15218.03,9327.42,-294.03
2026-02-15T03:00:00-06:00,15.57,13.493,13.495,1269,9237,41232.42,41595.53,19413,54,0.83,0,21808.08,21397.9,15476.76,8876.55,-90.87
2026-02-15T04:00:00-06:00,14.17,14.543,14.543,1269,9232.83,41128.83,41799.43,19952,54,0.28,0,21209.62,20982,15231.66,9185.19,103.94
2026-02-15T05:00:00-06:00,14.72,14.842,14.842,1269,9220.33,41606.42,42310.28,20760,54,0.27,0,20750.55,19813.1,15005.21,9331.94,218.06
2026-02-15T06:00:00-06:00,17.76,14.197,14.102,1269,9208.67,42605.25,43226.09,21499,54,0.31,0,21056.8,19348.8,14216.18,9234.76,1191.41
2026-02-15T07:00:00-06:00,16.99,14.03,13.827,1269,9247.83,43548.5,44245.66,21893,55,1317.73,1342.6,20286,18495.3,13709.64,9198.66,1402.32
2026-02-15T08:00:00-06:00,8.43,3.788,3.728,1269,9618.58,44800.83,46248.82,16178,57,11342.22,11905,17319.98,16392,15303.86,7437.19,-1699.86
2026-02-15T09:00:00-06:00,2.07,2.81,2.797,1269,9860.17,45977.17,46821.48,13239,60,18332.85,21777.5,14308.12,14043.4,17040.77,7001.11,-3225.81
2026-02-15T10:00:00-06:00,2.36,4.587,4.562,1269,9926,46435.75,47398.53,12876,63,20850.04,23674.7,12752.32,12565.3,17568.96,7073.12,-3669.31
2026-02-15T11:00:00-06:00,5.46,0.312,0.305,1269,9844.83,46528.75,47605.63,14317,65,22131.25,24338.6,10139.75,10412.5,17022.64,7045.63,-1958.26
2026-02-15T12:00:00-06:00,6.85,6.958,6.943,1269,9813.67,46570.58,47634.89,15643,67,23081.27,25550.7,7833.12,8163.1,16835.01,7153.17,-361.65
2026-02-15T13:00:00-06:00,7.63,2.043,2.203,1269,9810.33,46759.92,47703.2,15859,69,24610.84,25765.2,6341.09,6618.9,17028.07,7193.71,-608.63
2026-02-15T14:00:00-06:00,8.51,-0.482,0.067,1269,9746,47137.08,47745.67,16203,71,25484.23,26169.1,5464.86,5527.8,17009.17,7676.97,-262.9
2026-02-15T15:00:00-06:00,7.39,-0.77,-0.352,1269,9303,47873.17,47870.15,17341,71,25786.4,27307.3,4726.84,4756.6,16895.52,8922.42,-96.77
2026-02-15T16:00:00-06:00,12.25,0.938,0.938,1269,9243.67,48566.67,48099.56,20631,71,23675.36,24243.6,4187.28,4256.7,17081.03,12125.22,19.59
2026-02-15T17:00:00-06:00,31.56,36.353,36.295,1269,9081.33,49084.83,48760.17,34871,69,9939.83,9494.2,4254.32,5318.1,13843.39,21385.45,3206.36
2026-02-15T18:00:00-06:00,40.7,40.965,41.71,1269,9213.33,49737.67,49725.28,44944,64,267.75,332.6,4443.13,5778.3,11230.94,25656.34,5713.12
2026-02-15T19:00:00-06:00,38.22,31.588,32.05,1269,9008.83,49867.17,50184.69,44184,60,0.98,0,5601.06,6837.8,11567.59,25767.94,4024.73
2026-02-15T20:00:00-06:00,37.27,29.57,29.693,1269,9309.33,49017.5,49520.9,41874,58,0.68,0,7122.12,8519.9,10237.08,25093.04,2349.38
2026-02-15T21:00:00-06:00,29.54,28.852,29.302,1269,9591.67,47853.33,48850.8,39530,56,0.47,0,8393.02,9441.5,9615.9,24289.34,750.95
2026-02-15T22:00:00-06:00,23.93,22.718,22.957,1269,9643,46185.25,47595.48,37848,54,0.95,0,9478.24,10740.8,10060.28,22588.47,83.97
2026-02-15T23:00:00-06:00,21.01,18.175,18.175,1276.67,9662.5,44199.75,46057.75,35886,52,1,0,10973.33,12302.6,10901.38,20598.51,-513.29
2026-02-16T00:00:00-06:00,20.21,18.238,18.235,1361,9659.83,42728.25,45073.96,29771,51,1,0,12976.09,12516,10806.17,17585.25,-149.97
2026-02-16T01:00:00-06:00,19.48,17.943,17.943,1361,9673,41841.58,44633.08,27819,50,1.01,0,14034.1,13145.9,11245.6,16399.89,-498.76
2026-02-16T02:00:00-06:00,19.16,21.153,21.148,1361,9807,41552.75,44723.43,27216,49,1.06,0,14356.32,14026.4,11136.65,15380.74,-253.28
2026-02-16T03:00:00-06:00,18.37,20.815,20.81,1361,9606.67,41774.25,45236.29,27189,48,1,0,14478.43,15126.9,11345.56,15272.86,-250.01
2026-02-16T04:00:00-06:00,17.38,18.01,18.008,1365.17,9079.92,42574.75,46352.68,26420,47,0.99,0,15973.34,16193.7,11790.53,14957.61,-540.64
2026-02-16T05:00:00-06:00,18.3,16.248,16.245,1427.42,9274.08,44816.58,48667.77,26256,46,1.09,0,18288.76,17255.7,11675.74,14372.93,241.09
2026-02-16T06:00:00-06:00,18.96,17.553,17.707,1612.25,9255.83,47613.33,51655.99,27273,47,1.93,0,20110.54,18065.4,10946.83,14648.25,814.27
2026-02-16T07:00:00-06:00,17.7,14.883,12.525,1660.33,9306,49124.33,52812.8,25968,48,2029.31,1434.1,21124.24,18400.7,10254.7,13138.63,667.27
2026-02-16T08:00:00-06:00,10.54,3.522,1.955,1682.58,9463.92,49047.5,53080.1,16297,55,14882.9,13796.5,18076.02,16957.3,12491.83,8013.59,-2621.54
2026-02-16T09:00:00-06:00,4.61,2.01,-2.05,1683.67,9672.17,49159.92,52598.06,12345,59,22426.32,26000.1,14415.51,16002.6,15170.01,6510.48,-3866.94
2026-02-16T10:00:00-06:00,4.73,2.25,-2.07,1665,10352,48916.58,51735.25,11811,64,22802.83,28126.4,14259.2,16399.9,16817.37,6228.22,-3215.79
2026-02-16T11:00:00-06:00,5.03,3.06,-2.565,1665,10302.67,48880.58,50858.28,11962,67,22283.83,28023.4,14545.39,16314.3,17000.9,6194.54,-2838.07
2026-02-16T12:00:00-06:00,6.66,1.067,-1.75,1665,10124.5,49152.25,50402.57,13094,70,22192.3,28197,13805.64,16297.2,16292.88,6158.48,-1723.07
2026-02-16T13:00:00-06:00,8.48,1.105,-1.205,1665,10069.67,49741.17,50316.99,13151,72,23381,28461.1,13211.01,16235.1,17113.66,6026.27,-1508.04
2026-02-16T14:00:00-06:00,8.4,8.285,0.95,1665,10046.17,50500.08,50304.25,12855,74,24184.75,29168.4,13371.78,16517.6,17768.84,6081.75,-1805.02
2026-02-16T15:00:00-06:00,7.49,9.928,1.963,1665,9912.5,51556.67,50020.28,13582,74,24510.73,29380.2,13335.06,17579.3,17466.5,6411.45,-1651.55
2026-02-16T16:00:00-06:00,8.25,11.058,2.46,1712.17,9745.67,52309.67,50103.09,16153,74,21415.9,25463.1,14539.13,18243.3,16854.35,7745.86,-644.27
2026-02-16T17:00:00-06:00,25.28,21.69,19.73,2366,9810,52611.33,50296.25,25982,71,9070.66,9575.8,17376.1,19118.9,13136.49,11850.44,3714.88
2026-02-16T18:00:00-06:00,24.13,23.093,22.883,1744.33,9750,53027.5,51414.79,31599,67,353.15,322.7,20784.95,22177.9,10727.91,12994.69,5882.88
2026-02-16T19:00:00-06:00,23.35,22.222,19.645,1620,9864,53004.83,52506.95,28072,64,2.43,0,24890.63,24647.3,11549.36,12881.89,2515.7
2026-02-16T20:00:00-06:00,20.39,23.475,20.568,1633.33,9719,51961.75,51775.12,26823,63,2.45,0,25189.6,26806.4,10907.88,12817.15,929.69
2026-02-16T21:00:00-06:00,18.31,19.062,17.06,1753.33,9745.67,50265.5,50509.61,24943,62,2.25,0,25379.07,27306.9,11062.86,12367.68,130.62
2026-02-16T22:00:00-06:00,16.99,17.007,14.332,1620,9575.83,47919.67,48348.4,22631,61,1.27,0,25236.56,27824.4,11317.42,11482.37,-220.95
2026-02-16T23:00:00-06:00,16.55,16.462,14.382,1620,9990.42,45427.58,46101.1,20154,60,0.95,0,24678.03,28379.3,11420.23,9811.61,-162.9
2026-02-17T00:00:00-06:00,13.7,15.832,13.945,1620,10070,43581.67,43223.02,19186,59,0.08,0,24414.36,29086.6,11781.71,8745.61,-551.3
2026-02-17T01:00:00-06:00,12.34,13.803,11.21,1620,10058.33,42574,41873.22,18257,58,0.1,0,24186.32,28976,12562.19,8174.69,-756.48
2026-02-17T02:00:00-06:00,12.31,13.665,11.31,1620,9930,41996.67,41216.32,17424,58,0.97,0,24459.8,28768.7,13244.6,8065.57,-1149.42
2026-02-17T03:00:00-06:00,12.46,13.385,11.785,1620,9937.92,41919.5,41010.37,16829,57,1.35,0,24935.28,28644.6,14165.96,7836.22,-1326.71
2026-02-17T04:00:00-06:00,13.5,9.755,8.528,1620,10002.17,42716.58,41832.56,16851,58,1.48,0,25621.32,28575.6,14621.91,7273.26,-615.25
2026-02-17T05:00:00-06:00,17.23,14.338,12.72,1620,9973.75,44757.83,44430.81,18478,58,1.32,0,26003.28,28522.3,14319.31,8220.64,84.58
2026-02-17T06:00:00-06:00,18.19,17.16,15.255,1620,10616.67,47739,47975.19,21261,58,2.05,0,26222.28,28475.1,12467.08,8858.04,1602.6
2026-02-17T07:00:00-06:00,18.19,15.875,14.4,1630.83,10616,48811.67,49438.63,21530,59,1135.39,1106,26165.65,28441.1,11387.99,8402.16,1858.98
2026-02-17T08:00:00-06:00,8.68,12.338,11.065,1750,10573.5,48884.25,49333.09,18433,62,6423.32,9938.4,24197.51,27823.3,11140.95,7122.82,871.44
2026-02-17T09:00:00-06:00,4.92,11.163,9.13,1750,11031,48934.75,49485.65,14764,65,11666.47,19267.2,22423.92,27393.3,12185.97,6408.72,-1629.51
2026-02-17T10:00:00-06:00,5.65,5.077,-0.642,1750,11296,49139.42,49409.64,12703,69,14666.37,22132.3,21569.69,27215.5,13970.06,6297.21,-3572.01
2026-02-17T11:00:00-06:00,6.72,9.528,-4.57,1750,11033,49505.67,49347.89,11898,73,16522.32,23164.5,20899.41,26833.2,15662.72,6275.64,-4139.82
2026-02-17T12:00:00-06:00,4.98,8.165,-7.445,1750,10993.33,50239.17,49651.97,12070,76,16985.47,24017.7,20879.83,26777.3,17413.12,6313.92,-3639.75
2026-02-17T13:00:00-06:00,7.27,10.747,-10.308,1750,11384.33,51383.75,50335.2,13355,78,16909.73,24390.3,20886.32,27071.8,17457.72,6499.03,-2323.38
2026-02-17T14:00:00-06:00,6.59,9.517,-12.602,1750,10423,52072.67,51037.2,14394,79,16810.24,24802.6,20638.68,27472.1,17434.19,6585.13,-1252.48
2026-02-17T15:00:00-06:00,8.47,9.94,-6.863,1729.5,9931,53267.5,51815.89,15073,78,16427.4,24588.2,21309.97,27711.4,17284.62,6797.99,-446.06
2026-02-17T16:00:00-06:00,8.5,12.362,1.587,1709,9865,54102.25,52643.29,17022,77,14907,21090.3,22050.86,27436,16939.1,8530.23,-451.7
2026-02-17T17:00:00-06:00,17.93,19.04,15.11,1709,9709.83,54232.75,53326.51,24809,74,6194.38,8054.9,23099.79,26753.2,14835.22,12863.98,1621.55
2026-02-17T18:00:00-06:00,22.35,21.062,20.503,1802.33,9865.33,54705.83,53548.09,30019,72,216.95,300.1,24341.32,26658.3,13055.43,15272.13,2590
2026-02-17T19:00:00-06:00,24.69,21.278,20.9,1869,9873.42,54536.75,53541.88,30243,70,0.17,0,24401.26,26947.3,12736.43,15742.97,2396.8
2026-02-17T20:00:00-06:00,22.96,21.832,21.23,1861,9660,53297,52631.62,29497,68,0.17,0,23905.32,26458.5,12645.05,16006.57,1018.72
2026-02-17T21:00:00-06:00,22.67,20.195,19.838,1853,10233,51669.42,51098.51,28151,67,0.19,0,23660.94,25527.1,12750.74,15578.68,309.41
2026-02-17T22:00:00-06:00,21.66,20.023,19.61,1853,10093.67,49055.92,48513.13,25629,66,0.17,0,21753.84,24597.4,12716.4,15315.71,79.41
2026-02-17T23:00:00-06:00,18.36,20.06,19.647,1842,10076.33,46327.5,45834.2,23055,65,0.2,0,19164.44,23493.4,12758.03,15403.89,-204.53
2026-02-18T00:00:00-06:00,17.23,16.99,16.9,1847.5,10103.67,44311.83,43939.25,26450,64,0.23,0,17944.79,21109.4,13225.74,15108.87,-713.3
2026-02-18T01:00:00-06:00,17.42,16.173,16.093,1799.67,9927,43014.33,42337,25641,63,0.33,0,17460.17,19804.2,14118.28,15065.35,-1460.24
2026-02-18T02:00:00-06:00,16.97,14.34,14.325,1693,9884,42160.67,41314.89,24526,63,0.28,0,17611.93,18658.3,15712.47,14423.21,-1651.59
2026-02-18T03:00:00-06:00,16.07,13.445,13.452,1693,9891.92,41800.75,41023.41,23759,61,0.26,0,18018.14,17532,16224.02,13579.12,-1076.7
2026-02-18T04:00:00-06:00,18.25,13.09,13.125,1693,9983.83,42136.5,41624.41,24268,60,0.24,0,17854.99,16101.6,16208.9,13575.99,-273.87
2026-02-18T05:00:00-06:00,22.42,17.538,17.468,1693,9970.83,43947,43742.07,27844,59,0.25,0,16024.88,14416.1,15207.23,16222.62,341.43
2026-02-18T06:00:00-06:00,27.08,20.508,20.397,1698,9855,46758.17,47179.66,32937,59,0.38,0,13715.86,12569.8,12342.1,17406.77,3649.83
2026-02-18T07:00:00-06:00,27.97,21.065,20.705,1753,9827.08,47690.33,48527.27,34688,59,1214.87,1211.4,11817.34,10919.1,10049.2,17875.17,4961.14
2026-02-18T08:00:00-06:00,19.96,22.012,21.645,1742,9818.17,48250,48767.22,29024,63,9765.82,10660.5,9616.13,9304.7,9651.09,14823.83,2084.71
2026-02-18T09:00:00-06:00,17.41,17.585,17.537,1753,10040.33,48884.25,49602.15,24103,67,18873.97,19604.3,5949.71,7240.9,9623.82,12385.41,-59.24
2026-02-18T10:00:00-06:00,15.79,19.42,17.875,1778.42,10068.33,49937.75,50307.34,22983,70,22591.06,21987.7,4250.65,6004.1,9403.39,11317.34,117.54
2026-02-18T11:00:00-06:00,15.24,17.5,17.158,2049.58,10044.83,50635.75,51073.53,21725,72,23255.48,23153.8,5400.7,8828.6,9728.89,10409.65,-473.27
2026-02-18T12:00:00-06:00,13.62,16.673,11.91,1940,10047,51493.83,52036.42,19218,74,23182.08,23732.1,8761.58,11295.7,10523.64,9742.23,-1808.13
2026-02-18T13:00:00-06:00,14.34,29.262,8.708,1753,10001.17,52437.58,53297.73,16927,76,22882.91,23860.1,12303.81,14639.6,12953.26,9743.47,-3675.74
2026-02-18T14:00:00-06:00,15.34,31.845,13.357,1738,9872.5,53010.08,54362.59,17681,76,20810.88,23752.8,14326.66,18157.6,15051.88,10207.06,-3898.89
2026-02-18T15:00:00-06:00,15.81,33.443,14.44,1707.17,9540.33,53491.83,55213.84,19584,76,16594.53,23758.6,17203.82,21169.5,16092.86,10983.67,-3229.96
2026-02-18T16:00:00-06:00,16.39,27.94,15.848,1693.83,9460.33,53919.83,55954.83,22468,75,11996.22,20419.1,19328.61,23531.5,16011.09,12258.55,-1787.49
2026-02-18T17:00:00-06:00,24.1,29.1,17.73,1648,9446.67,53888.17,55882.49,27773,73,5896.35,8355.8,20134.34,24352.7,14418.81,14543.33,650.88
2026-02-18T18:00:00-06:00,23.26,24.508,20.34,1648,9567.67,54580.08,55256.56,31079,70,408.7,396,22904.59,24869.3,12112.36,14904.41,2925.69
2026-02-18T19:00:00-06:00,22.53,22.855,19.755,1648,9567,54544.08,54550.15,30485,68,0.26,0,24075.24,26241.4,11694.49,14790.23,2819.01
2026-02-18T20:00:00-06:00,21.66,23.35,19.452,1648,9567,53517.33,53535.95,28583,67,0.15,0,24943.3,27686.2,12084.67,14803.66,1005.95
2026-02-18T21:00:00-06:00,18.69,22.86,18.307,1648,9567,52032.25,51993.49,27588,66,0.16,0,24593.28,28885.7,11856.58,14472.44,240.96
2026-02-18T22:00:00-06:00,16.72,22.275,14.523,1648,9567,49565.83,49408.42,25154,65,0.18,0,24291.86,29573.2,12304.37,13108.21,-479.94
2026-02-18T23:00:00-06:00,14.97,16.183,11.017,1764.67,9564.58,47165.83,46542.5,22738,65,0.2,0,25326.45,29656.5,13318.99,11142.32,-832.13
2026-02-19T00:00:00-06:00,15.81,14.575,13.11,3048,9593,45294.75,43965.72,19541,64,0.23,0,25841.38,30556.9,13681.46,8930.37,-604.94
2026-02-19T01:00:00-06:00,14.77,13.47,12.308,3048,10045,44128.83,42607.1,18575,64,0.26,0,25621.9,30087.5,14222.25,8165.6,-679.04
2026-02-19T02:00:00-06:00,13.73,13.558,11.993,3048,10045,43549.17,41755.75,18501,64,0.44,0,25000.4,29411.3,14755.27,8331.3,-699.41
2026-02-19T03:00:00-06:00,14.81,14.553,12.795,3048,9985,43471.42,41519.95,18634,64,1.72,0,24831.4,28619.5,15095.24,8820.6,-968.43
2026-02-19T04:00:00-06:00,16.07,14.902,13.787,3048,10026.75,43773.83,42160.79,19822,64,1.48,0,23971.17,27715.8,14685.83,9138.76,-31.49
2026-02-19T05:00:00-06:00,17.16,18.62,17.525,3052.17,9844.33,45421.75,44287.76,22329,63,1.07,0,22915.24,26467.1,13764.07,10485.8,332.3
2026-02-19T06:00:00-06:00,20.07,20.188,18.837,3098.42,9972.83,48223.5,47621.28,24834,62,1.53,0,23167.81,24855.6,12843.86,11090.68,1329.08
2026-02-19T07:00:00-06:00,20.53,18.505,17.008,3103.17,10172.17,49283.25,49112.17,25607,63,990.36,1379.8,22754.1,23012.8,12194.94,11104.38,1704.68
2026-02-19T08:00:00-06:00,14.1,20.537,11.85,3096.67,10354.67,49650.17,49650.57,21876,66,9177.91,11972.7,18606.94,20439.1,12731.66,10050.99,299.62
2026-02-19T09:00:00-06:00,10.76,26.15,6.882,3021.5,10314.67,50503,50419.8,17303,69,15826.66,23936.8,17303.97,18613.8,13929.49,10295.85,-3718.02
2026-02-19T10:00:00-06:00,12.88,25.815,5.59,3003,10610.42,51065.67,51210.7,16790,72,17846.26,26247.6,16448.56,18014.9,15230.61,10795.99,-4416.02
2026-02-19T11:00:00-06:00,16.58,23.845,3.74,3003,10950.83,51894.33,52088.22,18591,74,18887.2,26840.2,14510.49,16658.6,15014.81,10775.75,-1968.87
2026-02-19T12:00:00-06:00,16.95,21.33,4.378,3003,11955.08,52666.5,53107.51,19927,76,21128.24,27018,11670.56,14771.5,13927.08,11269.45,-1243.71
2026-02-19T13:00:00-06:00,18.44,33.44,5.342,2931.67,11158.83,53810.75,54290.7,21711,77,22277.18,27069,9808.82,13518.2,13304.43,12075.19,-443.41
2026-02-19T14:00:00-06:00,19.2,37.618,9.163,2896,11064.5,54801.75,55097.59,23476,78,22513.28,27397.4,8841.92,12724.7,12878.87,13060.07,130.82
2026-02-19T15:00:00-06:00,19.13,43.815,11.627,2896,9692.17,55536.67,55753.48,24779,78,22560.05,27614.7,8160.73,12372.5,12784.94,14449.55,303.09
2026-02-19T16:00:00-06:00,19.74,47.91,17.49,2751,9480.67,56004.83,56099.11,27553,77,20788.74,24340,7678.96,12295.9,14541.54,18001.36,-402.31
2026-02-19T17:00:00-06:00,27.79,44.54,38.633,2718.5,9551.83,55466.75,55738.4,39571,75,9352.41,9811.4,6630.42,11771.8,12988.21,25108.78,2221.62
2026-02-19T18:00:00-06:00,38.5,48.025,47.628,2855.58,9354.17,54885.58,55428.37,48507,70,448.82,351.6,5900.63,11035.5,9200.52,27312.17,6791.6
2026-02-19T19:00:00-06:00,35.54,63.767,63.347,2734.33,9361.5,54369.08,54908.51,48152,67,1.97,0,6250.47,10839.1,7869.51,27882.75,5502.76
2026-02-19T20:00:00-06:00,32.38,69.982,69.42,2151,9214.67,52647.75,53646.44,45417,65,0.42,0,7231.66,11142.2,6563.08,28398.98,2421.34
2026-02-19T21:00:00-06:00,29.85,59.475,58.983,2151,9109,51030,51842.39,43698,63,0.36,0,7400.87,11164.7,6026.21,28637.56,352.35
2026-02-19T22:00:00-06:00,25.43,29.23,29.335,2151,9066.5,48801.33,49257.19,41522,62,0.26,0,8571.91,10874,6870.52,26375.15,-642.89
2026-02-19T23:00:00-06:00,21.66,26.117,25.995,1567.67,8643.5,46281.5,46517.36,38993,60,0.33,0,9755.57,11077.1,7490.96,23657.98,-904.32
2026-02-20T00:00:00-06:00,18.38,22.03,21.797,1451,9004.17,44410,44074.39,33332,59,0.28,0,11169.14,12224.8,8951.34,22144.82,-1312.24
2026-02-20T01:00:00-06:00,18.12,22.462,22.168,1451,9261.33,43399.08,42641.22,32146,57,0.26,0,11259.34,12105.3,10169.28,22025.05,-1709.64
2026-02-20T02:00:00-06:00,17.39,20.26,19.957,1451,9266,42718.33,41801.36,30424,57,0.27,0,12263.94,11796.1,12043.47,21019.57,-2176.68
2026-02-20T03:00:00-06:00,17.3,18.655,18.325,1451,9266.67,42660.67,41743.84,30042,56,0.29,0,12572.38,11581.2,13386.86,20965.45,-2172.9
2026-02-20T04:00:00-06:00,17.54,18.247,18.12,1451,9259.75,43571.75,42666.13,31215,55,0.31,0,12229.62,11324.1,13734.81,21626.27,-1392.14
2026-02-20T05:00:00-06:00,22.05,22.41,22.318,1442.67,9200.08,45836.75,45187.58,34227,55,0.32,0,11129.71,10753.1,13190.3,22816,167.25
2026-02-20T06:00:00-06:00,27.39,26.015,25.925,1351.42,9300,48857.42,48905.08,37753,54,0.84,0,10793.37,9991.6,11455.41,23479.61,1876.79
2026-02-20T07:00:00-06:00,28.19,25.785,25.712,1356.83,9295.5,50452.67,50640.63,38966,53,1049.23,1265,10448.58,9109.7,9903.33,23614.15,2085.97
2026-02-20T08:00:00-06:00,20.52,20.025,18.998,1361.83,9248.17,51069.25,51116.38,34353,55,8683.42,10254.4,8081.6,7749.8,10588.06,21883.75,-367.57
2026-02-20T09:00:00-06:00,18.68,21.427,15.893,1316,9352,51769.25,51420.41,28167,57,16288.24,18962.4,7323.58,6424.8,12571.23,18159.26,-1847.53
2026-02-20T10:00:00-06:00,18.95,17.633,15.423,1316,9531.33,52114.92,51414.44,26879,59,19039.93,21048.6,6220.78,5670,13923.59,17240.13,-1832.1
2026-02-20T11:00:00-06:00,21.58,20.283,15.087,1316,9781.83,52466.08,51104.96,26916,61,19960.68,22090,5600.66,5304.8,14428.06,17019.11,-1579.47
2026-02-20T12:00:00-06:00,21.25,25.743,13.97,1316,9712.67,52542.67,51129.52,26250,63,20862.31,22486.8,5420.52,5825.3,15020.21,16390.34,-1234.09
2026-02-20T13:00:00-06:00,23.51,22.42,12.99,1316,9624.33,52936.42,51461.82,24646,65,22708.05,22449.6,5532.02,7414.5,15514.18,15885.29,-1789.18
2026-02-20T14:00:00-06:00,24.06,21.962,16.69,1316,9516.67,52954.5,51620.78,25718,67,21118.62,21932.2,6112.79,9555.5,15696.02,17194.5,-2181.28
2026-02-20T15:00:00-06:00,26.87,32.75,21.203,1316,10240,53045.17,51839.14,28060,68,17785.26,21068,7176.48,11617.3,15658.45,18678.38,-2181.4
2026-02-20T16:00:00-06:00,28.16,42.212,25.935,1265.17,10139.17,53313.08,52247.03,31004,67,14254.91,18183.8,7922.58,13363.7,14843.53,20220.28,-930.07
2026-02-20T17:00:00-06:00,30.94,42.948,34.642,1268.5,9790.25,53220.08,52411.55,37415,66,6950.69,8217.3,8877.3,14384.1,12824.22,22910.62,2255.75
2026-02-20T18:00:00-06:00,30.73,43.225,42.82,1405.58,9055.33,53111.25,52262.91,43726,64,419.01,428.9,8848.61,15128.7,9879.54,24866.77,6097.54
2026-02-20T19:00:00-06:00,27.07,48.938,48.72,1401,9569.25,52580.42,51787.37,43104,62,0.13,0,9468.06,15991.1,8492.59,25256.89,4604.7
2026-02-20T20:00:00-06:00,24.14,60.612,60.318,1401,9946.75,51426.83,50774.05,41743,61,0.13,0,9786.79,16835.5,6685.25,25561.02,2710.73
2026-02-20T21:00:00-06:00,21.76,56.882,56.608,1415.08,9925.5,50008.17,49557.86,39931,60,0.15,0,10044.89,17364.6,5867.7,25558.19,558.38
2026-02-20T22:00:00-06:00,19.25,31.83,31.708,1570,9895.08,48460.17,48013.85,38438,59,0.21,0,10835.56,17699.1,6114.72,24506.63,-541.06
2026-02-20T23:00:00-06:00,19.71,30.738,30,1627.83,9959.25,46667,46085.5,36597,58,0.19,0,10820.44,18088,6509.92,22689.16,-270.11
2026-02-21T00:00:00-06:00,20.1,22.465,22.465,2264,9918.17,44941.75,44731.99,32824,58,0.17,0,12118.55,15763.9,6787.46,20364.64,-288.08
2026-02-21T01:00:00-06:00,19.72,21.92,21.92,2264,9511.5,43764.42,43414.15,30821,58,0.17,0,12921,15772.6,6995.91,18654.18,-165.19
2026-02-21T02:00:00-06:00,17.93,19.055,19.055,2264,9104,43024.83,42615.42,29287,58,0.16,0,13596.68,15571.6,7411.74,17451.89,-276.14
2026-02-21T03:00:00-06:00,18.11,21.133,21.133,2264,9104,42579.5,42268.48,29149,57,0.16,0,13316.93,15155.2,7244.61,17160.74,-38.26
2026-02-21T04:00:00-06:00,18.41,19.71,21.938,2264,9103.17,42811.25,42418.98,28905,57,0.19,0,13564.09,15187.2,7296.19,16783.85,-38.96
2026-02-21T05:00:00-06:00,18.21,15.72,16.355,2114,9110,43598.75,43807.19,27738,56,0.21,0,15657.97,15867.4,7773.22,15947.48,-131.96
2026-02-21T06:00:00-06:00,16.6,17.8,15.037,2114,8445,45055,45515,26484,54,0.32,0,18348.79,17096,7912.46,14711.95,182.57
2026-02-21T07:00:00-06:00,15.16,18.79,14.347,2114,8428.75,46475.42,47047.25,25255,55,1260.3,1403,19873.2,18121.8,7641.65,13707.75,22.11
2026-02-21T08:00:00-06:00,14.44,27.075,5.317,2114,8732.67,48100.17,48491.75,19800,58,11121.88,11570.5,17214.97,18227.5,9263.59,10600.62,-1496.36
2026-02-21T09:00:00-06:00,14.18,17.307,0.81,2114,9190,48825,49480.09,15329,61,17666.36,22240.7,15792.9,18445.7,11439.15,9090.39,-2813.74
2026-02-21T10:00:00-06:00,15.19,21.548,0.99,2114,9221,49248.92,49628.27,14237,63,19015.18,24551.9,15938.21,19125.6,12619.76,8563.57,-2611.61
2026-02-21T11:00:00-06:00,15.96,22.267,0.378,2114,9640,49704,49447.51,13848,65,19569.04,25317.5,16185.75,19122.4,13450.7,8462.72,-2805.74
2026-02-21T12:00:00-06:00,17.49,15.625,-1.258,2114,10375,49913,49289.24,13793,66,19534.41,25328.9,16441.75,19100.6,14150.82,8251.58,-2389.26
2026-02-21T13:00:00-06:00,16.41,11.142,-1.6,2114,10784,49912.67,49136.14,12668,67,20494.22,25229.7,16422.27,19375.9,15708.33,7856.53,-3334.4
2026-02-21T14:00:00-06:00,13.64,14.525,-1.572,2114,10750.83,50119.5,49150.45,12713,67,20651.71,25302.7,16450.46,19921.8,17930.27,7964.65,-4054.26
2026-02-21T15:00:00-06:00,13.32,19.293,-4.355,2114,10386,50369.75,49325.13,13815,67,19380.81,26158.6,16840.4,20335.3,18754.79,8442.27,-3329.69
2026-02-21T16:00:00-06:00,12.57,16.64,-7.253,2114,10382.25,50172.42,49622.73,16954,65,16085.72,23527.6,16800.43,20115.1,18174.85,9686.76,-1434.35
2026-02-21T17:00:00-06:00,16.1,22.005,9.737,2126.5,10341,50214.5,49650.09,22675,62,9559.08,10622,17658.31,19008.7,16131.39,13001.97,531.3
2026-02-21T18:00:00-06:00,21.59,35.045,35.062,2264,10344.33,50564.92,50349.86,33660,58,629.03,520.2,15987.75,17396.1,12480.75,19045,3231.16
2026-02-21T19:00:00-06:00,21.79,34.227,34.405,2264,10435.5,50533.17,50521.95,35235,56,0.23,0,15013.6,16699.5,12443.55,20981.14,2164.61
2026-02-21T20:00:00-06:00,21.66,28.843,29.842,2264,10551.33,49963.5,50101.82,34398,53,0.24,0,15256.34,16635.7,13150.44,21110.18,694.89
2026-02-21T21:00:00-06:00,23.14,24.057,25.077,2264,10543.92,49264.67,49134.88,33505,52,0.24,0,15513.67,16363.2,13178.46,20489.14,82.38
2026-02-21T22:00:00-06:00,23.35,24.677,25.6,2264,10194.33,48340.5,48000.67,32604,50,0.25,0,14603.24,15947.1,12843.08,20649.24,67.41
2026-02-21T23:00:00-06:00,22.3,23.52,24.965,2239,10129.08,47103.58,46732.68,31381,48,0.26,0,13441.38,15079.6,12798.91,20711.5,120.21
2026-02-22T00:00:00-06:00,21.67,23.98,26.765,2114,10208.17,45948.33,46387.58,33698,46,0.29,0,12026.82,13201.8,12844.69,21220.43,-227.74
2026-02-22T01:00:00-06:00,22.78,29.168,33.79,2114,10159,45068.17,45808.77,34232,45,0.29,0,10591.6,12116.6,12483.97,21298.3,-42.83
2026-02-22T02:00:00-06:00,24.27,28.81,33.52,2114,10352.83,44631.83,45728.9,34479,43,0.28,0,9863.87,11335.4,12849.11,21510.98,-99.99
2026-02-22T03:00:00-06:00,24.81,26.618,33.57,2114,10415.17,44588.08,45701.2,34789,42,0.29,0,9481.2,10772.8,12896.73,21477.99,135.15
2026-02-22T04:00:00-06:00,26.29,25.265,31.51,2114,10343,44901.17,45963.55,35540,41,0.29,0,9263.09,10258.6,12515.44,21443.44,828.07
2026-02-22T05:00:00-06:00,28.29,23.825,29.003,2114,10101.5,46022.92,47123.79,36808,40,0.27,0,9108.16,9748.2,11684.82,21447.47,2201.02
2026-02-22T06:00:00-06:00,29.33,25.53,29.025,2114,10049,47512,48882.64,38682,40,2.52,0.3,8735.63,9197,9713.37,21809.48,3853.25
2026-02-22T07:00:00-06:00,26.3,34.455,40.092,2114,10318.25,48753.5,49983.85,36878,42,3790.4,2894.1,8008.52,8512.4,8178.45,21313.54,2382.93
2026-02-22T08:00:00-06:00,14.62,5.742,9.568,2114,10331.17,49683.92,50628.55,21675,46,21239.56,19457.3,6841.6,7790.1,10592.46,12025.73,-1884.45
2026-02-22T09:00:00-06:00,5.62,-0.967,3.075,2114,10352.83,49486.08,50751.86,13938,50,29388,31182.6,6184.32,7138.3,13377.82,8034.4,-3318.74
2026-02-22T10:00:00-06:00,2.8,-2.528,-0.248,2114,10296.67,48774.25,50005.87,12960,53,29321.94,32250.4,6553.91,6838.4,15377.11,7649.2,-3422.97
2026-02-22T11:00:00-06:00,3.92,-1.993,-0.25,2114,10226,47627.25,48892.81,13255,56,27711.41,31858.9,6730.6,6892.2,16350.39,7572.47,-2514.8
2026-02-22T12:00:00-06:00,3.28,-2.877,-0.15,2114,10226,46860.75,47691.18,13310,58,27092.03,30911.9,6538.86,6961,16734.08,7574.48,-2373.47
2026-02-22T13:00:00-06:00,2.84,-3.543,0.593,2114,9717.67,46307.83,46908.22,13020,59,27095.56,30979.1,6271.4,7074.5,17530.47,7600.39,-2668.42
2026-02-22T14:00:00-06:00,2.02,-3.775,0.383,2114,9572,45855,46395.82,12892,60,26948.19,31364.5,6088.93,7247.7,18432.82,7857.43,-3058.6
2026-02-22T15:00:00-06:00,2.01,-4.46,-0.645,2114,9565,46081.5,46270.77,14457,61,25886.46,31209.6,5741.68,7356.1,18217.51,8698.97,-2242.86
2026-02-22T16:00:00-06:00,4.32,-2.44,-1.892,2114,9700,46839.5,46852.95,19655,60,21645.93,27818.8,5488.53,7385.6,17817.92,11529.1,-577.31
2026-02-22T17:00:00-06:00,24.45,25.402,24.982,2114,9872.5,47920.42,48235.95,30378,58,11123.31,12015.3,6304.7,7391.8,15284.87,19219.7,1418.74
2026-02-22T18:00:00-06:00,36.56,41.523,41.535,2114,10010.5,49909.58,50001.65,42747,53,565.8,539.6,6420.38,7873.7,11516.06,25378.47,5259.2
2026-02-22T19:00:00-06:00,38.09,35.205,35.2,2114,9640,51069.75,51149.7,43050,51,0.11,0,7895.37,9169,11843.98,25554.31,4021.64
2026-02-22T20:00:00-06:00,37.77,30.352,30.352,2114,9598.33,51121.67,51285.14,41270,49,0.13,0,9775.27,10666.8,11302.18,25226.77,2392.17
2026-02-22T21:00:00-06:00,30.03,28.845,28.84,2114,9649.5,50586.25,50782.77,39008,47,0.12,0,11566.26,11949,10936.06,24835.04,521.4
2026-02-22T22:00:00-06:00,26.09,23.875,23.875,2114,10249,49241.25,49722.72,37688,46,0.13,0,12847.16,12932.8,11611.06,23740.23,-487.76
2026-02-22T23:00:00-06:00,22.63,20.983,20.983,2114,10242.25,47829,48345.18,36269,45,0.13,0,13613.06,13371.7,12501.39,22860.5,-1132.99
2026-02-23T00:00:00-06:00,23.72,18.31,18.31,2114,10235,46735.83,47507.13,32742,42,0.14,0,14009.57,13052.3,13570.64,22572.3,-1818.88
2026-02-23T01:00:00-06:00,22.06,21.622,21.622,2114,10236,46572.92,47169.82,32729,41,0.2,0,13785.14,13514.3,14145.31,22934.27,-2185.03
2026-02-23T02:00:00-06:00,21.91,18.687,18.687,2114,10326.5,46778.67,47271.75,31962,40,0.18,0,14721.15,13879.9,15419.78,22781.53,-2630.81
2026-02-23T03:00:00-06:00,22.79,16.655,16.655,2114,10386.83,47432.92,47875.71,31780,39,0.17,0,15572.53,14229.1,16418.56,21992.53,-1827.98
2026-02-23T04:00:00-06:00,25.63,17.048,17.062,2114,10414,49151,49125.01,33114,38,0.16,0,15841.01,14375.5,15650.72,21911.11,-137.47
2026-02-23T05:00:00-06:00,37.08,20.298,20.323,2118.17,10545.75,52238.5,51904.72,35855,38,0.17,0,16080.44,14398.8,14333.92,23177.21,1304.72
2026-02-23T06:00:00-06:00,37.04,23.447,22.713,2164,10761.5,56647.83,55821.95,40166,37,4.56,0.8,16183.94,14287.3,11596.87,23587.17,4638.27
2026-02-23T07:00:00-06:00,29.62,20.273,19.88,2183.17,11562.33,57920.58,57173.15,38505,39,4004.93,3098.4,15527.25,13687.3,10970.39,21618.29,3552.47
2026-02-23T08:00:00-06:00,17.37,5.715,5.653,2272.33,11553.5,56326.25,56521.43,22291,45,22329.14,20845.6,12125.64,11747.5,12346.67,11340,145.96
2026-02-23T09:00:00-06:00,11.67,0.38,1.585,2271.5,12219.58,54392.92,55012.4,15367,50,29269.99,32969,9733.31,10180.2,13006.23,7616.13,-1814.2
2026-02-23T10:00:00-06:00,9,0.035,-0.01,2134,12326,52594,53340.65,14081,53,27806.49,33485.3,10739.81,10940,14238.94,7206.15,-2187.8
2026-02-23T11:00:00-06:00,8.74,-0.14,-0.48,1876,12397.08,50832.25,51463.77,13675,56,26374.16,32778.7,10852.36,12160.9,15502.26,7145.92,-2247.31
2026-02-23T12:00:00-06:00,9.14,-1.797,-1.765,1876,12164.17,49535,49672.12,13130,59,25704.8,31397.1,10742.29,12661.1,16401.27,7121.39,-2639.36
2026-02-23T13:00:00-06:00,8.91,-1.948,-1.925,1876,11956.67,48745.25,48546.38,13133,61,25390.45,31549.3,10105.4,12794.2,16950.14,7089.96,-2598.18
2026-02-23T14:00:00-06:00,8.96,-1.988,-1.988,1876,11996.5,48226.33,47904.02,13143,62,25150,32194.9,10020.52,13164.4,18072.03,7167.2,-2729.98
2026-02-23T15:00:00-06:00,8.61,-1.995,-1.995,1876,11942.83,48091.08,47686.57,13310,62,24962.12,32374.1,9807.81,13997.9,18837.31,7358.37,-2869.49
2026-02-23T16:00:00-06:00,8.85,-0.633,-1.788,1874.33,11896.67,48606.58,48300.5,16228,63,22029.93,29898,10234.07,15119.7,17471.42,8458.14,-1031.95
2026-02-23T17:00:00-06:00,18.14,20.292,16.745,1866,11661.58,49633.67,49868.94,24083,61,12342.35,13346.4,12928.97,16227.6,15109.68,12942.74,1694.53
2026-02-23T18:00:00-06:00,30.19,26.745,26.733,1866,11730.58,51309.58,51335.12,35515,56,748.93,597.3,14825.1,17777.7,10402.69,16796.71,6157.63
2026-02-23T19:00:00-06:00,28.51,22.195,22.157,1866,11815.33,52616.08,52239.52,33371,52,1.09,0,18911.34,20263.7,11174.85,16122.79,4122.72
2026-02-23T20:00:00-06:00,21.97,22.25,20.947,1866,11830.08,52839.83,52080.78,30029,49,1.04,0,22626.62,22940,11589.38,15880.54,1395.39
2026-02-23T21:00:00-06:00,20.05,19.905,17.402,1866,12042.17,51955.17,51212.15,27612,48,1.04,0,24353.69,24937.1,12160.71,15514.53,-467.77
2026-02-23T22:00:00-06:00,17.79,15.832,13.632,1866,12309.83,50163.08,49951.65,25860,46,1.04,0,24544.12,26348.6,13170.26,14344.43,-770.12
2026-02-23T23:00:00-06:00,17.2,15.49,13.278,1866,12269.25,48548.08,48440.15,24212,45,1.04,0,24499.95,27026.1,13927.38,13292.69,-937.12
2026-02-24T00:00:00-06:00,16.94,15.477,13.447,1851,12230.33,47717.67,47161.58,23129,45,1.04,0,24603.68,26944.4,14324.63,12249.26,-799.5
2026-02-24T01:00:00-06:00,16.77,15.162,13.245,1848,11850,47398.33,46559.7,22629,44,1.05,0,24595.07,26971.5,14738.1,12124.46,-913.75
2026-02-24T02:00:00-06:00,17.3,15.702,13.662,1848,11850,47450.17,46495.52,23272,42,1.04,0,24103.5,26692.2,15040.45,12323.65,-645.6
2026-02-24T03:00:00-06:00,18.04,16.612,14.473,1848,11755.42,47874.92,46805.95,24094,42,1.04,0,23747.95,26334.2,14889.22,12740,-424.73
2026-02-24T04:00:00-06:00,20,20.508,17.922,1848,11740,49365.75,48035.97,25277,41,1.04,0,23864.91,26205.2,14551.92,13356.76,-120.98
2026-02-24T05:00:00-06:00,25.48,23.793,20.858,1852.17,11727.5,52246,50317.69,27887,41,1.1,0,24102.88,26328.1,13190.34,13812.38,1258.64
2026-02-24T06:00:00-06:00,29.32,25.178,22.022,1938,10882.08,56319.08,54017.3,31659,40,4.51,2.3,24391.51,26519.1,10094.12,13902.15,4442.83
2026-02-24T07:00:00-06:00,25.01,62.725,54.907,2387.08,11008.08,56859.92,55350.5,30275,44,3412.38,3499.4,23393.74,26903.2,8025.95,14026.75,2376.36
2026-02-24T08:00:00-06:00,15.99,2.667,-0.808,2482.83,10991.5,55037.08,54181.6,18160,52,16036.81,21488.5,21081.93,26112.6,10588.55,8396.66,-1694.82
2026-02-24T09:00:00-06:00,11.55,1.405,-4.812,2379.25,11170.17,53005.75,52596.08,12895,59,19191.78,32135.9,20933.81,25721.9,13153.59,6859.93,-3447.04
2026-02-24T10:00:00-06:00,10.43,-5.163,-7.215,2338,11322.33,51170.92,50943.51,11127,63,18131.12,32810.9,21883.82,26592.1,15596.9,6629.39,-4599.85
2026-02-24T11:00:00-06:00,9.33,-11.765,-12.993,2338,10994.5,49706.5,49517.08,11119,67,17070.69,32382.8,21594.76,27122.9,17636.64,6353.68,-4179.22
2026-02-24T12:00:00-06:00,9,-20.35,-24.202,2358.83,10835.5,48805.92,48634.94,12054,70,15552.68,31278.2,21140.96,27194.5,18574.99,6261.22,-3148.43
2026-02-24T13:00:00-06:00,9.57,-19.698,-27.923,2588,10761.5,48377.92,48401.36,13398,72,14018.27,31219.3,20811.4,27532,18106.83,6388.49,-1815.79
2026-02-24T14:00:00-06:00,9.76,-22.892,-30.462,2478.83,10513.83,48362.5,48507.4,14013,74,13183.09,31504.3,21137.53,28181.8,18187.77,6373.38,-1169.51
2026-02-24T15:00:00-06:00,9.6,-20.77,-31.19,2328,10442.08,48424.17,49001.82,14459,74,12820.35,31356.6,21080.19,28919.7,17941.46,6233.43,-670.35
2026-02-24T16:00:00-06:00,10.57,-6.788,-23.89,2303,10661.67,49199.5,49804.8,14951,74,11420.17,27859.6,22639.96,29619.1,17741.16,6334.75,-356.89
2026-02-24T17:00:00-06:00,16.83,20.133,11.335,1963,10835.17,50179,50647.75,18515,72,7081.53,12278.8,24436.47,29751,15422.34,7422.18,1401.13
2026-02-24T18:00:00-06:00,21.35,23.307,17.127,1893.83,10907,51477.25,51352.87,23885,69,585.44,695.4,26776.39,30169.2,12145.93,8181.7,3856.63
2026-02-24T19:00:00-06:00,20.7,25.947,18.535,1848,10845.17,52055,51662.83,24036,67,0.31,0,28009.14,31168.4,11568.34,8394.5,3434.93
2026-02-24T20:00:00-06:00,21.16,31.805,21.205,1848,10871.33,51232.92,50959.07,23411,66,0.32,0,27908.47,31934.7,11034.05,8670.74,1872.21
2026-02-24T21:00:00-06:00,18.66,33.75,21.38,1856.33,10905,49883.08,49960.82,22154,64,0.34,0,27827.66,32390.9,10885.54,8493.92,424.22
2026-02-24T22:00:00-06:00,17.45,23.915,15.812,1948,10842.83,47832,48236.77,20142,63,0.3,0,27757.72,32589.5,11457.01,8033.08,-213.34
2026-02-24T23:00:00-06:00,14.93,22.27,12.303,1988.75,10645,45644.36,46369.01,18015,62,0.28,0,27381.66,32454,12079.3,7270.54,-253.94
2026-02-25T00:00:00-06:00,12.33,17.812,7.595,2751,10722.17,43911.08,44410.15,16746,61,0.27,0,27245.68,32290,12531.09,7354.44,-940.13
2026-02-25T01:00:00-06:00,9.9,16.465,6.257,2751,10686.5,42880.67,43010.28,15905,60,0.28,0,27021.76,31334.5,13581.43,7480.52,-1507.62
2026-02-25T02:00:00-06:00,8.53,18.34,5.705,2751,10279,42361.5,42292.24,15693,59,0.3,0,26663.54,30144.4,14428.44,7734.55,-1873.53
2026-02-25T03:00:00-06:00,8.93,16.33,4.765,2751,10279,42443.92,42001.8,15943,59,0.3,0,26474.74,28826.3,15049.31,7546.48,-1404.02
2026-02-25T04:00:00-06:00,10.41,16.275,6.668,2751,10279,43332,42671.25,16808,58,0.3,0,26435.79,27614.9,14899.45,7482.21,-283.97
2026-02-25T05:00:00-06:00,15.42,23.322,16.413,2754.75,10266.5,45384.58,43842.05,19558,58,0.32,0,25705.92,26336.3,13089.64,8065.02,1572.99
2026-02-25T06:00:00-06:00,19.96,25.953,18.935,2831.33,10251.25,48231,47185.47,23949,57,3.18,2.1,24147.58,24914.5,9903.43,8514.19,4739.67
2026-02-25T07:00:00-06:00,17.58,22.702,19.18,3221,10503.17,49004.33,48457.13,23855,58,2184.71,2818.1,23041.39,23331.6,8301.21,8831.91,3449.89
2026-02-25T08:00:00-06:00,3,5.388,5.56,3228.25,10805.83,48919.25,48465.37,16787,62,12336.39,17725.3,19987.29,21145.3,10161.24,7503.5,-1191.76
2026-02-25T09:00:00-06:00,2.25,11.188,9.06,3187,11200.5,48972.17,48990.22,14350,67,18673.71,27402,16209.34,19027.8,11254.11,6849.94,-2001.13
2026-02-25T10:00:00-06:00,3.99,14.705,5.082,3187,11267.33,48875.08,49802.81,12885,71,22449.31,28997.9,13610.22,17318.8,12668.44,6940.63,-3419.35
2026-02-25T11:00:00-06:00,6.84,11.34,3.46,3187,10968.67,49153.92,50837.96,11681,75,24322.3,29207.7,12769.7,15903.1,14955.55,6886.98,-4484.97
2026-02-25T12:00:00-06:00,9.09,1.025,0.622,3199.5,10609.33,49684.67,52229.86,12646,78,23692.07,29191.6,13336.47,14672.2,16612.97,6689,-3079.12
2026-02-25T13:00:00-06:00,12.55,2.215,0.952,3296,10658.33,50590.17,53771.05,13477,80,24196.38,29364.5,12699.32,13629.6,16286.54,6753.7,-2009.51
2026-02-25T14:00:00-06:00,14.15,5.015,2.115,3136,10531.25,51754.42,55271.02,15274,82,24256.63,29997.2,12165.89,12937.8,16479.9,7639.24,-1061.37
2026-02-25T15:00:00-06:00,13.77,9.61,8.815,3139,9582.25,53033.08,56422.23,18115,83,23168.44,29848.3,11710.66,12324.2,16209.42,9424.29,-296.13
2026-02-25T16:00:00-06:00,17.33,18.858,18.25,3038.83,9266.83,53960.67,57338.01,24140,82,18892.42,26411.9,10921.97,11923.2,15508.38,13786.34,-129.26
2026-02-25T17:00:00-06:00,32.96,32.747,32.445,2830,9212.67,54266.25,57108.13,35834,79,8347.74,11810.4,10126.17,11449.3,12578.75,20516.65,3409.47
2026-02-25T18:00:00-06:00,45.18,42.8,42.407,2830,8824.5,54252.17,56511.68,43764,74,460.82,704.2,9986.45,12830.3,8774.97,23556.25,7082.48
2026-02-25T19:00:00-06:00,39.32,41.318,40.708,2830,8898.75,53953.17,55707.79,42793,71,0.04,0,11132.06,14331.9,7838.39,23764.71,5594.14
2026-02-25T20:00:00-06:00,34.17,76.257,76.178,2830,8927,52525.67,54413.99,40414,69,0.04,0,12205.81,16142.1,6191.88,23983.9,2905.51
2026-02-25T21:00:00-06:00,31.44,100.685,100.62,2838.33,8951.5,50661.75,52662.06,38725,68,0.08,0,12099.8,15500.7,5415.91,24166.65,855.95
2026-02-25T22:00:00-06:00,27.81,39.88,39.387,2930,8893.75,48650.58,49972.79,36664,67,0.07,0,11683.4,15665,5700.2,23820.16,-354.95
2026-02-25T23:00:00-06:00,23.37,27.395,26.96,2930,8674.75,46773.75,47015.04,34840,65,0.04,0,11706.32,16685.7,6013.77,22142.89,-329.6
2026-02-26T00:00:00-06:00,23.5,23.432,22.988,2930,8576,44568.5,44462.22,31250,63,0.04,0,13288.14,16242.2,6823.19,19193.71,-842.3
2026-02-26T01:00:00-06:00,22.09,20.733,20.328,2930,8576,43117.67,43119.98,27381,62,0.03,0,15734.03,17087.3,7715.98,16165.69,-678.11
2026-02-26T02:00:00-06:00,19.98,17.295,16.963,2930,8576,42182.08,42447.04,24273,61,0.04,0,17878.53,18556.9,8703.79,13820.05,-1306.02
2026-02-26T03:00:00-06:00,18.47,15.618,15.325,2930,8576,41994.17,42235.5,22495,59,0.03,0,19429.45,18848.9,10230.9,12534.18,-1629.32
2026-02-26T04:00:00-06:00,17.71,15.842,15.525,2930,8569.33,42636.5,42774.78,22516,58,0.03,0,19999.2,19280.5,10962.43,11764.33,-792.76
2026-02-26T05:00:00-06:00,18.35,15.242,15.055,2933.75,8479,44607.08,44185.15,22931,58,0.03,0,21382.4,19865.7,10866.17,11556.8,-83.63
2026-02-26T06:00:00-06:00,21.6,19.125,18.69,2933.33,8459.92,47591.92,47068.93,24962,57,0.7,1.3,22451.28,19257.9,9391.17,12597.12,888.76
2026-02-26T07:00:00-06:00,18.77,16.272,16.418,3175,8609.75,48489.17,47982.56,24788,60,1855.07,2354.9,21861.44,18196.7,8395.73,12044.58,1082.8
2026-02-26T08:00:00-06:00,11.57,15.972,12.672,3171.25,8715,49233.75,49380.95,19294,64,12603.39,15643.4,17282.73,16563,8613.59,8951.39,-392.55
2026-02-26T09:00:00-06:00,12.15,20.122,10.173,3130,9051.83,49954.92,49857.95,14597,68,21345.44,25980.1,14009.65,14756,10427.02,8234.46,-3630.65
2026-02-26T10:00:00-06:00,15.21,19.115,10.303,3130,9425.33,50752.83,50775.47,13224,72,25020.25,27522.6,12360.21,12867.6,13140.85,8414.27,-4999.39
2026-02-26T11:00:00-06:00,17.43,21.567,10.93,3120.83,9426.75,51709.75,51909.3,13099,76,26514.82,27889.4,12019.43,11134.3,15535.71,8901.17,-5642.77
2026-02-26T12:00:00-06:00,18.15,20.703,7.863,3129.42,9287,53028.25,53457.62,15611,79,27407.96,27912.8,10090.09,9277.4,15775.34,9136.31,-3228.59
2026-02-26T13:00:00-06:00,20.72,21.773,9.553,3244,10423.5,54495.5,55029.42,19059,81,28264.46,28075.5,7169.73,7848.2,15207.86,10247.3,-1099.62
2026-02-26T14:00:00-06:00,21.9,22.51,16.33,3183.58,10967.33,55961.17,56175.84,21398,83,28684.31,28272.7,5808.53,7058.4,15272.75,11920.24,-711.03
2026-02-26T15:00:00-06:00,23.21,26.367,16.212,3054.33,10672.67,57301.17,56948.55,24060,83,27860.64,28445.7,5334.02,6830.9,15140.7,14000.66,-1153.43
2026-02-26T16:00:00-06:00,23.35,28.858,16.455,2831,11111.5,58044.83,57287.56,28493,82,24597.27,25329.1,4900,6974.1,15522.18,17750.93,-740.43
2026-02-26T17:00:00-06:00,40.6,50.17,49.565,2681,11135.58,57418.58,56801.36,40303,79,11671.07,11488.9,5513.24,7377.7,12297.38,23302.01,4040.92
2026-02-26T18:00:00-06:00,47.37,53.595,53.67,2681,10285.83,56480.33,56193.56,47817,74,804.29,616.7,7834.23,9183.7,9522.49,26659.53,7208.66
2026-02-26T19:00:00-06:00,34.29,38.815,38.807,2681,10233.5,55847.25,55509.93,44449,71,0.67,0,11474.51,11653.7,10042.37,26373.11,4074.56
2026-02-26T20:00:00-06:00,28.6,28.765,28.79,2692,10219.17,54531.25,54147.3,39655,69,0.68,0,14950.17,14724.5,9478.1,24569.71,1410.04
2026-02-26T21:00:00-06:00,25,25.19,25.19,2692,9472.83,52718.42,52306.02,36364,67,0.7,0,16412.72,15102.4,9055.75,22470.14,446.63
2026-02-26T22:00:00-06:00,21.87,22.055,22.053,2692,8936.83,49947,49965.5,33640,65,0.67,0,16861.78,15318.3,9450.54,21131.86,-251.69
2026-02-26T23:00:00-06:00,20.3,18.568,18.56,2716.92,9182,47228.17,47396.01,30887,64,0.69,0,17090.36,15775.5,10246.62,19438.9,-1027.57
2026-02-27T00:00:00-06:00,18.72,16.335,16.33,2991,9237,45032.17,44484.61,28449,62,0.68,0,16670.32,14966.3,11753.52,19056.65,-2198.8
2026-02-27T01:00:00-06:00,18.88,15.76,16.475,2991,9362,43362.5,42734.67,28669,61,0.69,0,14726.1,13333,12849.84,19251.81,-2231.84
2026-02-27T02:00:00-06:00,19.4,15.363,16.52,2991,9459,42399.83,41598.71,29263,60,0.67,0,13159.21,11577.8,14318.54,19539.17,-2046.16
2026-02-27T03:00:00-06:00,19.78,15.293,16.01,2991,9459,41827.17,41451.01,29599,58,0.68,0,12216.18,10129.1,15161.09,19352.85,-1328.29
2026-02-27T04:00:00-06:00,20.99,15.902,17.927,2991,9469,42441,42305.48,31324,56,0.68,0,11052.1,9019.3,14437.28,19952.8,-303.84
2026-02-27T05:00:00-06:00,25.88,20.26,21.418,2994.75,9456.5,44164.75,44937.72,32810,56,0.69,0,11215.36,8165,13871.9,20830.48,307.33
2026-02-27T06:00:00-06:00,31.11,21.652,21.662,3036.83,9118.33,46868.5,48649.33,35705,54,4.73,3.5,10994.42,7538,11718.42,21169.96,2827.1
2026-02-27T07:00:00-06:00,26.97,17.315,17.595,3049.92,9009.67,47993.25,50433.14,33644,58,3424.73,2884.8,10859.96,7054,11137.6,19872.93,2012.75
2026-02-27T08:00:00-06:00,15.96,13.87,7.67,3085.92,8936.67,48627.25,50911.76,21719,64,18401.84,18017.2,8441.13,6330.1,12837.67,11965.85,-1177.26
2026-02-27T09:00:00-06:00,12.8,14.388,4.573,3002,9399,49371.17,51620.09,16505,70,25321.94,28856.2,7247.95,5708.3,15258.56,10459.79,-3279.77
2026-02-27T10:00:00-06:00,14.38,9.345,3.533,2917.5,9513.75,50442.33,52541.17,13920,75,26110.5,30156.3,10110.31,6685.1,17348.28,9642.48,-4684.61
2026-02-27T11:00:00-06:00,16.2,11.362,2.91,2812,9567.83,51725.75,53369.91,14644,78,25676.34,30287.1,11107.43,6563,17802.79,9620.87,-3824.9
2026-02-27T12:00:00-06:00,17.15,13.33,3.282,2818,9341.33,53092.17,54562.84,17068,80,25346.06,29995.6,10437.71,7201.7,16896.47,9983.99,-1929.64
2026-02-27T13:00:00-06:00,18.69,15.828,4.617,2845,9322.83,54698.42,56138.97,18474,82,26837.61,30329.6,9040.03,7251.4,16990.46,10620.46,-1586.89
2026-02-27T14:00:00-06:00,20.28,19.113,5.59,2845,9330.33,56398.42,57351.49,19725,82,28425.74,30671.6,8065.14,6971.9,16901.06,11517.4,-1235.14
2026-02-27T15:00:00-06:00,21.98,22.158,5.505,2844.17,9854,57722.5,58103.81,20629,83,29332.93,31078.7,7613.3,6636.5,16780.74,12669.26,-1147.52
2026-02-27T16:00:00-06:00,22.58,20.58,6.908,2835,10051.75,58304.58,58712.31,24004,82,26562.07,27652.1,7668.33,6342.2,16830.87,15645.38,-528.9
2026-02-27T17:00:00-06:00,36.42,35.3,34.35,2835,10256.92,57626.83,58035.7,37164,79,12960.81,12690.3,7587.74,6283.2,13114.56,22967.84,3811.36
2026-02-27T18:00:00-06:00,49.95,41.195,41.222,2835,10331.5,55645.08,57037.56,46759,74,892.63,680.9,8034.84,9450.9,9381.13,26192.93,7764.2
2026-02-27T19:00:00-06:00,38.75,28.085,28.072,2835,10216,54455.83,55888.31,42385,70,2.04,0,12171.88,12328.9,9740.91,24597.67,4664.98
2026-02-27T20:00:00-06:00,28.51,21.94,21.875,2835,10563.5,52709.5,54438.21,36847,66,0.62,0,15958.84,15357.6,9152.66,22376.77,2216.97
2026-02-27T21:00:00-06:00,22.62,16.83,16.822,2871.25,10588.33,51283.67,52991.72,32594,65,0.58,0,18797.36,17807.1,9390,20565.66,199.74
2026-02-27T22:00:00-06:00,18.18,14.593,13.193,3270,10002,49177.33,50875.11,30499,63,0.59,0,21541.19,19661.8,10011.87,16987.32,-176.92
2026-02-27T23:00:00-06:00,17.43,15.102,11.715,3355.5,9807.25,46759.83,48275.72,28113,63,0.63,0,23143.17,20536.8,10303.56,13426.89,-544.62
2026-02-28T00:00:00-06:00,16.04,19.253,17.363,4296,8950.67,44942.17,44082.94,21846,63,0.66,0,23182.01,22954,9139.75,10380.55,218.73
2026-02-28T01:00:00-06:00,15.7,16.9,15.783,4296,8949,43468.33,42625.58,20608,62,0.64,0,22938.13,22859.8,9261.62,9504.79,-752.86
2026-02-28T02:00:00-06:00,14.64,15.967,14.915,4296,8974,42447.67,41665.84,20050,61,0.63,0,22387.74,22520.4,9670.73,9029.67,-705.8
2026-02-28T03:00:00-06:00,14.13,15.328,14.4,4296,9483.67,41934.75,40916.53,19485,59,0.63,0,22421.41,21951.1,10405.63,8925.78,-1098.05
2026-02-28T04:00:00-06:00,13.58,15.41,14.678,4296,9663.5,41703.33,41010.24,19904,58,0.65,0,21759.46,21222.7,10572.79,8803.35,-185.87
2026-02-28T05:00:00-06:00,14.44,17.345,16.967,4296,9526,42027.75,41434.95,21043,58,0.66,0,20933.93,20528.9,9981.59,9268.77,312.65
2026-02-28T06:00:00-06:00,14.65,19.627,19.402,4296,9529.5,43119.5,42480.78,22837,58,4.23,5.3,20177.12,19842.5,8360.57,9592.59,1647.82
2026-02-28T07:00:00-06:00,12.74,18.585,17.813,4296,9547,44279.17,43652.13,21702,59,2865.25,2713.7,19563.6,19195.6,7861.81,9294.95,646.53
2026-02-28T08:00:00-06:00,8.01,14.035,1.752,4296,9372,45826.92,45388.5,16146,64,13918.34,17328.4,15633.65,18081.5,10571.76,7389.14,-1544
2026-02-28T09:00:00-06:00,6.45,9.412,0.335,4296,8924,47001.92,46774.67,11205,69,21366.72,29084,14319.95,17023.3,13031.7,6674.15,-3982.25
2026-02-28T10:00:00-06:00,7.62,6.517,-1.142,4296,8924,48292.08,47920.56,8786,73,23346.87,30866.2,16024.76,16977.1,16612.44,6541.78,-6013.23
2026-02-28T11:00:00-06:00,9.79,9.205,0.082,4296,8941,49783.33,48898.02,10120,77,24233.06,31180.2,15286.82,16635.6,17698.7,6572,-4742.8
2026-02-28T12:00:00-06:00,11.72,10.14,0.488,4296,8974.33,51317.33,50198.99,12963,80,24719.69,31033.7,13485.3,15463.6,16357.81,6556.46,-1806.82
2026-02-28T13:00:00-06:00,14.53,11.108,1.445,4296,8964.5,52923.33,51135.23,13468,82,27439.33,31210.5,11889.65,14012.4,15711.71,6805.18,-1549.43
2026-02-28T14:00:00-06:00,15.72,12.052,2.375,4296,8911,54583,52532.72,13780,83,30212.81,31578.2,10454.07,12696.6,15795.9,7326.92,-1596.31
2026-02-28T15:00:00-06:00,14.16,9.308,3.15,4295.17,9593,55837.25,53806.39,15037,83,31021.49,31707.2,9694.6,11738.5,16169.46,8266.09,-1074.19
2026-02-28T16:00:00-06:00,15.92,13.695,11.372,4286,9591.08,56532.33,54422.53,19510,82,27827.38,28318.2,9164.97,11460,16005.17,11888.79,-509.73
2026-02-28T17:00:00-06:00,28.85,31.125,30.96,4286,9604.33,56015.83,54091.31,33593,79,13039.57,12983.7,9448.36,11659.1,12785.92,19257.14,3937.98
2026-02-28T18:00:00-06:00,37.97,38.493,38.442,4286,8896.5,54714.83,53148.79,42531,75,876.71,657.6,11319.04,13477.4,9166.77,22354.88,8064.29
2026-02-28T19:00:00-06:00,29.66,29.127,29.188,4286,8709.83,53772.25,52244.62,38170,72,0.91,0,15654.69,16731.2,9537.12,20874.98,4773.03
2026-02-28T20:00:00-06:00,21.86,22.738,22.735,4232.33,8697,52282.42,51291.96,33236,70,0.9,0,19135.45,19868.4,9319.71,20041.19,795.83
2026-02-28T21:00:00-06:00,16.75,15.115,15.21,4125,8671.5,50726.83,50163.39,29378,68,0.91,0,21412.7,21952.4,10190.88,17867.71,-301.75
2026-02-28T22:00:00-06:00,15.94,14.375,14.36,4221,8656.33,48922.83,48420.38,27589,66,0.99,0,21996.19,23022.9,10737.68,16484.17,-626.13
2026-02-28T23:00:00-06:00,17.15,14.485,14.453,4558.5,8636.25,46886,46259.18,25530,66,0.96,0,22134.1,23098.8,11090.06,14507.92,-642.24
2026-03-01T00:00:00-06:00,20.33,20.277,20.225,6159,8630.67,45120.58,44850.17,23963,65,0.97,0,21235.5,20684.6,10081.41,13023.86,-22.51
2026-03-01T01:00:00-06:00,20.99,17.7,17.673,6159,8464,43572.67,43197.37,23288,64,0.94,0,20340.83,19677.1,10114.8,12644.83,-420.98
2026-03-01T02:00:00-06:00,20.42,16.505,16.51,6159,8754,42507.42,42065.86,23080,64,0.99,0,19476.68,18361.4,10342.67,12325.79,-207.46
2026-03-01T03:00:00-06:00,21.21,19.912,19.952,6159,8476.5,41710.08,41298.38,23999,63,0.99,0,17680.91,17169.9,10139.62,12919.21,14.7
2026-03-01T04:00:00-06:00,21.2,23.827,23.97,6159,8427.33,41655.67,41059.62,25771,62,0.95,0,15811.39,16066.3,9610.46,13823.24,413.37
2026-03-01T05:00:00-06:00,23.1,24.415,24.617,6159,8743,41782.42,41523.55,27301,62,0.96,0,14437.66,14976.8,8504.85,14074.72,1214.08
2026-03-01T06:00:00-06:00,21.43,25.443,25.658,6159,8775.5,42290.08,42280.26,27445,61,4.51,5.8,14813.71,14211.4,7209.51,14172.43,1202.58
2026-03-01T07:00:00-06:00,20.05,19.65,19.735,6139.33,8792.17,42673.5,43078.26,25434,63,1904.24,2130.1,15260.61,13825,6963.21,12950.48,591.02
2026-03-01T08:00:00-06:00,14.01,14.202,14.082,6041,8843,44569.75,44841.39,19425,66,10553.07,12955.4,14443.64,13593.9,7478.68,8955.15,-23.68
2026-03-01T09:00:00-06:00,7.93,5.053,2.338,6041,8818.5,46627.58,46596.32,12513,70,18013.42,23388,15908.86,14024.7,10199.15,6737.1,-3415.39
2026-03-01T10:00:00-06:00,7.69,3.685,-0.392,6091,8752.33,48256.75,47845.24,9830,73,21353.77,26256.3,16869.14,14689.6,13639.65,6120.9,-4379.54
2026-03-01T11:00:00-06:00,9.37,0.92,-1.308,6091,9034,49667.75,48903.7,10024,76,22910.4,27594,16617.5,15371.9,15169.89,6087.77,-3838.38
2026-03-01T12:00:00-06:00,11.76,0.855,-1.335,6091,9058.33,51166.75,50110.21,10680,78,24195.43,29682.1,16149.1,15653.8,15729.26,6181.04,-3252.55
2026-03-01T13:00:00-06:00,11.9,3.533,-0.732,6091,9063,52801.5,51194.77,11172,81,25747.19,30145,15789.24,16283,16061.76,6320.58,-2885.47
2026-03-01T14:00:00-06:00,13.82,9.252,0.72,6091,9067,54136.75,52555.24,11277,82,26910.04,30497.3,15862.21,17200.9,16424.58,6531.58,-2939.61
2026-03-01T15:00:00-06:00,11.99,10.893,1.17,6091,9067,55432,53799.29,12129,82,27178.05,30601.4,16018.44,18150.6,17269.64,7116.03,-2705.4
2026-03-01T16:00:00-06:00,13.84,7.02,1.24,6091,9058.67,56260,54678.08,15298,82,24424.55,26969,16485.68,19020.8,16946.37,8609.75,-1047.93
2026-03-01T17:00:00-06:00,25.1,24.745,22.825,6091,9060,56161.83,54765.68,25366,79,12380.76,12295,18448.51,19604,13639.97,13622.09,2732.39
2026-03-01T18:00:00-06:00,29.53,38.68,38.585,6091,9051.67,55369.75,54468.82,35685,75,769.18,653,18878.03,20629.4,8396.8,16282.05,8041.83
2026-03-01T19:00:00-06:00,25.02,41.165,41.11,6103.5,9064.67,54889.42,54004.86,34275,73,0.59,0,20601.86,22457,8659.02,17229.93,5000.33
2026-03-01T20:00:00-06:00,21.31,33.332,33.25,6241,9161,53804.33,52718.05,30122,70,0.57,0,23734.4,24506.4,9149.83,16838.01,1086.26
2026-03-01T21:00:00-06:00,20.29,29.615,29.553,6241,9309.5,52133.92,51212.8,28717,69,0.59,0,23477.26,24915.6,9040.78,16121.24,348.89
2026-03-01T22:00:00-06:00,19.05,26.865,26.83,6241,9900.33,49465.83,48852.22,26091,68,0.62,0,21690.68,24804.6,9038.71,15976.65,-180.5
2026-03-01T23:00:00-06:00,17.59,24.993,24.993,6377.42,11025.42,46480.42,46132.16,23079,67,0.64,0,19831.87,24115.8,9415.96,16096.74,-411.64
2026-03-02T00:00:00-06:00,19.63,25.73,25.822,7925,10805.33,44304.33,43988.19,26503,65,0.68,0,17859.69,20110,9963.22,16714.74,-960.66
2026-03-02T01:00:00-06:00,19.77,23.945,24.138,7925,10768.67,42941.92,42550.64,26496,64,0.69,0,16417.02,18163.7,11434.37,17687.02,-1589.89
2026-03-02T02:00:00-06:00,20.44,22.648,22.943,7925,10742,42209.17,41749.6,26805,63,0.67,0,15336.68,16541.2,12605.54,18326.32,-1678.57
2026-03-02T03:00:00-06:00,20.91,22.895,23.385,7955,10645.33,42076.67,41461.71,27397,63,0.67,0,14599.65,15134.9,13232.42,18548.29,-1205.42
2026-03-02T04:00:00-06:00,22.64,25.852,26.172,8285,10442,42783.33,42010.52,29078,62,0.64,0,13551.28,14012.8,13155.8,18916.33,-513.65
2026-03-02T05:00:00-06:00,27.27,32.397,32.36,8260,10561.5,44384.33,44019.23,31792,62,0.66,0,12396.45,12904.4,11682.69,19516.7,1146.98
2026-03-02T06:00:00-06:00,30.83,36.352,36.387,8334.58,10712.92,46789.58,47006.98,35246,61,5.38,8.5,11332.41,11469.7,8898.73,19936.6,3926.54
2026-03-02T07:00:00-06:00,32.82,40.412,40.412,8822.5,10694.58,47273.75,48334.88,34512,62,2675.22,2225.4,10027.01,10161.4,6727.33,20329.22,2761.02
2026-03-02T08:00:00-06:00,20.83,16.853,17.615,8758.33,10806.33,48711.42,49139.8,26382,65,14028.47,12243.9,8183.36,9319.6,8431.26,17484.78,-923.44
2026-03-02T09:00:00-06:00,17.08,17.282,26.265,8880,10833.33,49948,50036.37,22116,68,20106.44,20293.7,7629.23,8686.4,10360.52,14400.43,-1170.04
2026-03-02T10:00:00-06:00,16.27,19.133,30.447,9113.33,10863.67,51058.17,51084.44,22918,71,22049.32,22871.8,5996.23,8271.6,10726.39,14673.17,-1378.74
2026-03-02T11:00:00-06:00,16.52,19.25,32.862,9046.67,10867.67,52070.67,52111.24,22653,74,24394.35,24399.2,4905.23,8156.4,11493.56,14510.42,-1685.3
2026-03-02T12:00:00-06:00,16.55,17.12,27.358,8880,10711.42,53578.42,53141.07,21256,77,26903.61,26286.9,5264.91,8679.3,12335.23,13871.4,-2093.04
2026-03-02T13:00:00-06:00,18.17,19.113,23.562,8880,10719.5,55478,54193.02,20400,79,29056.62,26658.2,5859.92,9592.3,13189.75,13741.39,-2548.63
2026-03-02T14:00:00-06:00,19.59,26.585,25.642,8720,10627,57109.25,55170.63,20823,80,29508.98,26761.2,6620.84,10918.6,14072.21,14428,-2905.95
2026-03-02T15:00:00-06:00,20.56,39.517,26.957,8720,10616,58517.75,56025.16,20910,81,29093.76,26585,8419.31,12712.7,15542.73,15106.64,-4441.44
2026-03-02T16:00:00-06:00,20.69,37.43,21.27,8721.83,10600.58,59526.5,56732.55,22990,81,26395.37,23213,10086.08,14978.7,16319.71,16603.73,-3229.31
2026-03-02T17:00:00-06:00,33.32,36.25,33.455,8742,10720.5,59133.17,56630.72,33124,79,13334.1,10966.1,12792.5,16651.3,13318.6,20926.53,2055
2026-03-02T18:00:00-06:00,35.71,36.91,36.855,8717,10860.17,57759.83,55997.33,42225,75,1020.41,657.8,14530.58,18611.5,9753.14,24095.64,6409.68
2026-03-02T19:00:00-06:00,30.44,31.9,31.872,8454.5,11090.83,57232,55641.98,39714,73,0.39,0,17555.11,20821.1,9696.99,23059.81,4854.31
2026-03-02T20:00:00-06:00,25.46,29.58,29.503,8592,10977.17,55886.92,54371.1,34896,71,6.65,0,21071.99,23175.9,8535.36,21380.38,1981.49
2026-03-02T21:00:00-06:00,21.05,24.113,24.595,8592,10899.83,53856.83,52738.02,31422,69,0.43,0,22600.2,24619.6,8765.05,20182.33,398.12
2026-03-02T22:00:00-06:00,18.74,19.105,19.633,8592,10879.67,50956.92,50236.7,28538,68,0.46,0,24042.79,25771.9,9445.91,17171.44,-168.5
2026-03-02T23:00:00-06:00,17.23,16.232,16.597,8631,10840.08,48141.67,47562.34,25680,67,0.45,0,25053.31,26837.9,9842.08,14379.78,-527.09
2026-03-03T00:00:00-06:00,18.63,16.705,16.235,9060,10832,46140.17,45152.97,20343,66,0.52,0,25850.92,27202.4,10539.86,12175.26,-879.03
2026-03-03T01:00:00-06:00,17.38,15.22,14.048,9060,10832,44628,43362.07,18882,66,0.49,0,25636.91,27793.5,11870.32,11255,-1552.88
2026-03-03T02:00:00-06:00,16.99,13.698,12.148,9060,10833.5,43710.75,42449.36,18521,66,0.48,0,25188.01,28012.7,12869.84,10662.74,-1075.61
2026-03-03T03:00:00-06:00,16.63,14.192,12.412,9060,10835,43425.83,42022.18,18831,66,0.45,0,24545.31,27640.4,12955.1,10751.81,-651.85
2026-03-03T04:00:00-06:00,16.76,16.89,14.243,9060,10838.5,43883.33,42711.47,19581,65,0.46,0,24168.05,27028.4,12749.04,11129.9,-466.19
2026-03-03T05:00:00-06:00,18.94,21.797,17.995,9010,10922.33,45695.92,44793.58,21509,65,0.47,0,23990.39,26439.5,11620.16,11887.78,404.9
2026-03-03T06:00:00-06:00,21.07,24.403,20.905,8926.67,11045.92,48488.42,47748.73,23917,65,4.44,8.5,24406.92,26895.3,9926.98,12587.76,1495.33
2026-03-03T07:00:00-06:00,21.22,23.572,19.3,9122.25,11040.5,49275.75,49045.59,23303,66,2141.71,1988.6,23775.38,26300.2,8949.75,12366.16,617.93
2026-03-03T08:00:00-06:00,19.67,18.608,15.91,9287.33,11317.67,50125.5,49747.97,18661,70,10459.22,11296.5,20769.49,25687.6,9837.42,10017.35,-695.59
2026-03-03T09:00:00-06:00,18.55,18.21,12.653,9379,11218.83,51452.58,51078.71,15066,72,15307.72,19949.3,20971.88,25282.5,11553.16,8834.39,-2374.62
2026-03-03T10:00:00-06:00,16.9,20.173,14.262,9379,11233.83,52716.25,52488.71,14064,75,18261.96,22706.8,20301.89,24964,13166.09,9268.57,-3416.72
2026-03-03T11:00:00-06:00,16.89,20.735,13.882,9379,11266.67,54086.58,54108.83,14748,78,20064.43,24511.7,19136.26,24266.8,14426.66,9253.22,-3456.83
2026-03-03T12:00:00-06:00,17.76,25.808,14.332,9339.33,11179.5,55762.17,55958.6,15146,81,22521.7,25953.5,17957.64,23663,14621.62,9528.24,-3141.15
2026-03-03T13:00:00-06:00,20.76,29.582,14.12,9232,11686.08,57554.75,58355.81,16255,83,23703.6,25992.5,17464.96,23055.3,15143.6,9730.35,-2740.27
2026-03-03T14:00:00-06:00,23.78,38.5,14.932,9232,11480.33,59385.83,59786.44,17413,84,24926.5,25456.5,16826.69,22273.9,15377.97,9295.67,-1626.96
2026-03-03T15:00:00-06:00,27.03,60.545,13.785,9232,11083.17,60881.75,61207.17,19955,85,24365.36,24740,16447.93,21522.1,14376.76,10157.29,-331.98
2026-03-03T16:00:00-06:00,30.31,53.972,20.8,9185.83,11113.5,61634.75,62230.71,23749,84,22438.48,21424.8,15364.39,21281.9,14742.45,14151.25,-78.25
2026-03-03T17:00:00-06:00,47.32,49.413,42.377,9110,11067,60948.33,62022.18,34840,82,10733.7,10066.7,15363.41,21236.8,10969.17,19480.26,4417.5
2026-03-03T18:00:00-06:00,41.74,63.967,63.09,9093.33,10807.17,59322.83,60443.83,41439,79,774.52,689.7,17073.51,22456.6,7843.83,21897.52,7332.18
2026-03-03T19:00:00-06:00,34.42,50.38,43.353,8922.5,10531.17,58856.25,59673.19,37625,76,10.34,0,21170.8,25213.8,8282.21,21722.81,3327.49
2026-03-03T20:00:00-06:00,30.82,37.49,31.715,9060,10514.17,57565.83,58125.21,33081,74,2.52,0,24508.2,27915.2,7977.82,19914.75,576
2026-03-03T21:00:00-06:00,25.66,23.867,23.133,9060,10353.67,55788.25,55855.53,29864,73,0.08,0,25989.6,29732.7,8737.69,18316.04,-805.53
2026-03-03T22:00:00-06:00,22.97,25.195,19.1,9052.67,9882.58,52979.25,52574.29,27108,71,0.1,0,26857.71,30685.6,10588.51,17036.01,-2297.04
2026-03-03T23:00:00-06:00,20.95,22.548,17.84,9038,8682.5,49992.08,49356.81,24315,70,0.14,0,25381.27,30738.2,12198.8,15931.71,-2666.78
2026-03-04T00:00:00-06:00,17.97,20.16,18.53,9038,8495,47579,46680.89,23477,69,0.14,0,23875.82,27560.3,13166.04,15443.79,-2682.76
2026-03-04T01:00:00-06:00,17.3,20.625,20.812,9038,9219.33,45897.17,45028.72,24181,68,0.14,0,21633.34,25900.1,13764.89,16442.11,-3002.83
2026-03-04T02:00:00-06:00,17.73,21.89,22.33,9038,9123.75,44726.17,43957.7,25703,68,0.11,0,18949.34,23975.9,14445.16,17086.14,-2345.56
2026-03-04T03:00:00-06:00,19.59,19.815,21.065,9038,8127.5,44247.08,43455.39,26383,68,0.12,0,17644.17,21759.4,14805.21,17155.73,-1774.2
2026-03-04T04:00:00-06:00,21.65,17.365,18.562,9038,9228,44831.67,43741.56,27250,67,0.18,0,17440.37,20013.4,14817.16,17126.41,-757.12
2026-03-04T05:00:00-06:00,25.26,21.357,21.812,9013,9142.75,46435,45799.57,29836,67,0.19,0,16346.86,18696,13872.44,18602.96,90.62
2026-03-04T06:00:00-06:00,29.85,24.795,25.017,8892.17,8148.83,49280.75,48708.45,33567,67,2.75,9,15434.24,17087.3,12572.75,20451.94,920.24
2026-03-04T07:00:00-06:00,29.74,25.14,25.168,8939.67,7861.67,50307.42,49626.98,34766,68,935.38,1571.1,14528.53,16133.7,12874.46,21529.57,438.38
2026-03-04T08:00:00-06:00,25.39,21.038,20.935,8948,7948,51179.58,50415.94,31057,70,6076.18,8208.1,13918.16,15815.2,14269.16,20475.97,-1170.55
2026-03-04T09:00:00-06:00,22.44,21.068,20.162,8938,7998.5,52592.83,51944.67,29821,72,10759.07,14002.8,11900.29,14876.6,14681.28,20342.09,-1395.87
2026-03-04T10:00:00-06:00,23.91,24.223,22.12,8938,8000.83,54149.83,53417.64,31403,74,12555,16033.6,10068.45,13624.5,14554.87,21033.8,-1468.56
2026-03-04T11:00:00-06:00,25.74,24.035,20.65,8938,7831.33,55622.33,54832.1,31638,76,15656,17882.8,8240.83,12354.3,14706.24,21054.38,-1301.69
2026-03-04T12:00:00-06:00,26,28.04,19.9,8938,7591,56989.58,56256.41,31075,78,18623.33,19609.8,7210.01,11384,14684.52,20847.67,-1375.85
2026-03-04T13:00:00-06:00,28.25,31.42,20.295,8938,7819,58473.83,57351.34,32044,80,19560.84,19759.3,6754.38,10866.2,14531.81,21341.69,-805.75
2026-03-04T14:00:00-06:00,29.16,33.51,21.205,8938,7931.33,59540.42,57981.09,33048,81,19714.89,18930.6,6727.59,10306.5,14772.08,21790.23,-737.1
2026-03-04T15:00:00-06:00,33.22,30.14,22.085,8938,7932,60174.25,58395.86,33908,81,19676.74,17802.8,6541.1,10141.6,15581.6,22438.05,-353.79
2026-03-04T16:00:00-06:00,36.13,48.858,37.162,8898.17,7842,60158.25,58551.04,37587,80,16114.31,15061.2,6489.6,10149.1,14670.02,24646.73,241.99
2026-03-04T17:00:00-06:00,49.13,56.53,54.283,8910,8030.17,59156.75,57971.14,43462,77,8219.83,7702.5,7581.66,10515.3,13434.57,27791.25,1836.06
2026-03-04T18:00:00-06:00,58.06,51.802,52.023,8910,8298.33,58430,56910.03,48697,74,792.66,607.7,8956.01,11370.3,10978.19,28788.83,5571.93
2026-03-04T19:00:00-06:00,61.18,40.443,41.127,8922.5,7898,58007.75,56144.18,47680,72,0.74,0,10372.33,12392.5,10836.9,28532.24,4827.09
2026-03-04T20:00:00-06:00,53.25,37.168,37.03,9165,7886.67,56633.33,54997.9,45290,71,0.61,0,11451.09,13490.2,9586.49,27916.06,3261.49
2026-03-04T21:00:00-06:00,42.82,36.727,36.917,9081,8085.83,54570.25,53176.3,43215,69,0.37,0,11551.67,14631.4,8911.64,27731.27,1770.8
2026-03-04T22:00:00-06:00,34.83,32.565,32.215,9060,7965.83,51925.58,50686.96,40548,68,0.37,0,11806.28,15749,8312.27,25828.14,668.94
2026-03-04T23:00:00-06:00,27.85,24.215,23.76,9060,8086.08,49171.42,48058.01,37788,67,0.35,0,13066.9,16527.4,8327.03,23108.27,-431.22
2026-03-05T00:00:00-06:00,25.24,20.595,20.385,9060,8085.5,47184.42,46355.68,32195,67,0.35,0,15074.18,16536.3,8948.35,20870.06,-723.79
2026-03-05T01:00:00-06:00,23.02,16.793,17.858,9060,8000,45621.83,44745.2,28921,67,0.39,0,16776.11,17254.6,10360.46,18769.68,-971.65
2026-03-05T02:00:00-06:00,21.53,15.727,15.965,9060,7914,44453.83,43779.63,25952,66,0.46,0,18521.46,17703.7,12000.27,16376.73,-1236.84
2026-03-05T03:00:00-06:00,21.22,16.183,15.675,9060,7784,43956.08,43260.71,25019,67,0.47,0,18898.41,18039,12956.02,15862.97,-1191.72
2026-03-05T04:00:00-06:00,19.98,16.062,15.99,9060,7919,44357.25,43602.12,26310,66,0.5,0,17968.76,18209.7,12726.59,16469.15,-755.45
2026-03-05T05:00:00-06:00,22.18,17.205,18.112,9035,7958.5,45910.67,45533.96,28600,66,0.5,0,17121.29,18335.3,11930.56,18065.99,-209.18
2026-03-05T06:00:00-06:00,22.13,21.178,21.568,8908.17,8138.5,48774.92,48464.47,31573,66,7.94,9.5,16968.38,18508.7,10165.69,19128.67,1047.08
2026-03-05T07:00:00-06:00,21.59,18.16,18.122,8869,8122.33,50026.75,49477.92,30031,67,1872.45,1407.4,18040.8,18963.9,9827.02,17967.29,713.89
2026-03-05T08:00:00-06:00,21.3,15.88,15.625,8880,8200.17,51147.83,50269.19,24693,70,7552.96,6662.9,18763.07,20263.1,10140.43,13469.46,200.53
2026-03-05T09:00:00-06:00,19.84,15.82,14.583,8839.5,8875.5,52502.08,51849.95,21067,72,11870.05,11579.8,19454.08,22406.1,10074.55,11037.36,-543.51
2026-03-05T10:00:00-06:00,17.93,15.22,6.682,8797,8938.33,54203.67,53440.8,16135,75,16098.8,14465,21650.35,24568.3,11966.27,9628.22,-3305.4
2026-03-05T11:00:00-06:00,18.88,17.713,5.217,8797,8667.5,55751.08,54967.41,14957,77,17642.05,17272.5,22986.5,26302.6,14813.92,9611.41,-4132.39
2026-03-05T12:00:00-06:00,22.37,25.202,7.858,8797,8610.58,57220.08,56465.53,16699,79,17355.05,20791.2,23036.04,27789.1,15870.12,10032.11,-3079.6
2026-03-05T13:00:00-06:00,24.37,37.885,4.335,8913.67,8889.67,58696.33,57811.07,17312,81,18108.33,21594.3,23094.91,29122,15929.05,10506.79,-3101.54
2026-03-05T14:00:00-06:00,30.59,27.752,2.908,8872.75,8609,59684.83,58626.21,18655,82,17221.22,20692.4,23719.52,30046.7,16398.83,11056.92,-2251.97
2026-03-05T15:00:00-06:00,28.21,20.998,10.912,8775.09,8433.45,60253.82,59122.85,19954,82,15769.2,19396.8,23316.6,30528.5,16782.81,12106.38,-1986.22
2026-03-05T16:00:00-06:00,30.39,17.335,7.795,8759.83,8473.5,60369.25,59368.3,21618,81,13599.49,16101.1,25009.28,30778.2,16394.59,12026.73,-821.59
2026-03-05T17:00:00-06:00,33.81,25.702,16.373,8780,8404.27,59862.09,58653.12,27157,79,6601.49,7634.1,26112.36,30471.9,14368.38,14088.89,1144.03
2026-03-05T18:00:00-06:00,33.53,26.41,19.435,8780,8267.33,59341.82,57674.9,31286,76,513.79,664.6,27519.56,30594.7,11944.7,14793.18,3371.44
2026-03-05T19:00:00-06:00,30.17,26.562,19.498,8792.5,8117.83,59066.08,56966.54,31321,75,0.76,0,27810.88,30723.3,11119.56,14786.34,3219.16
2026-03-05T20:00:00-06:00,27.64,29.812,20.55,8930,8121,57793.42,55749.11,29936,73,0.21,0,27940.86,31039.8,10550.99,14897.72,1653.15
2026-03-05T21:00:00-06:00,25.82,29.898,13.528,8930,8033.25,56122.08,53955.79,28521,72,0.22,0,27721.31,31721.4,10755.57,14604.87,354.61
2026-03-05T22:00:00-06:00,24.96,22.37,15.875,8930,8058.17,53520.25,51668.96,26002,71,0.1,0,27377.92,32353.4,11303.47,13840.32,-232.01
2026-03-05T23:00:00-06:00,20.6,17.965,12.272,9023.67,8000.83,50570.83,49018.35,23022,70,0.12,0,27148.22,32598.5,11832.12,12554.63,-700.42
2026-03-06T00:00:00-06:00,19.7,18.345,12.868,10054,8263.83,48329,46549.94,21702,70,0.11,0,26688.74,31981.8,11860.99,10579.85,-357.59
2026-03-06T01:00:00-06:00,18.26,18.073,11.195,10054,8273,46688.08,45124.52,20400,69,0.1,0,26356.98,31863.8,12546.63,9696.44,-681.34
2026-03-06T02:00:00-06:00,17.6,18.435,10.99,10054,8264,45728.75,44173.19,19672,69,0.13,0,26032.31,31721.2,13174.47,9565.96,-1148.25
2026-03-06T03:00:00-06:00,16.96,18.32,10.88,10054,8252.67,45342.25,43577.97,19386,69,0.1,0,25974.2,31182.9,13962.54,9358.04,-1122.51
2026-03-06T04:00:00-06:00,17.72,16.67,11.072,10054,8257,45832.08,43795.81,19727,69,0.11,0,26032.25,30188.7,13993.25,9446.82,-741.18
2026-03-06T05:00:00-06:00,19.86,18.298,11.998,10041.5,8257,47458.17,45526.79,21076,68,0.12,0,26213.31,29163.5,13511.45,9979.17,-18.68
2026-03-06T06:00:00-06:00,20.06,20.36,14.483,9906.33,8262.17,49990,48123.06,23036,68,7.38,13.8,26654.34,27988.3,12555.92,10863.89,832.37
2026-03-06T07:00:00-06:00,20.87,19.438,13.85,10024,8263.5,51105.33,49209.33,23360,69,1653.27,1968.2,25728.85,27477.2,12137.82,10745.4,1094.02
2026-03-06T08:00:00-06:00,19.56,17.16,9.955,10101.83,8275.17,52339.67,50497.65,20518,71,7733.84,10036.8,23663.1,28138.7,12637.83,9480.23,-285.3
2026-03-06T09:00:00-06:00,16.05,16.62,7.862,9847,8475.75,53925.42,52200.76,17652,74,12031.62,17440.2,23865.73,28136.3,13921.49,9045.08,-1964.89
2026-03-06T10:00:00-06:00,18.13,18.085,5.977,9802,8755.83,55582.92,53894.44,17111,76,14377.54,19728.8,23630.24,27710.1,15360.01,9116.83,-2261.8
2026-03-06T11:00:00-06:00,20.27,17.88,6.265,9786.17,8694.58,57571.92,55232.23,17042,79,17372.59,21445.5,22732.58,27228.2,16108.94,9507.64,-2080.02
2026-03-06T12:00:00-06:00,24.11,21.725,8.69,9528.83,8660.75,58993.5,56714.89,18598,80,18801.66,22955.1,21235.66,26558.1,16002.33,10071.41,-1205.51
2026-03-06T13:00:00-06:00,27.23,29.732,14.43,9387.67,8677,60134.75,57936.08,21304,81,18608.9,23479.8,19761.63,25889.7,15468.27,11417.48,-414.99
2026-03-06T14:00:00-06:00,32.23,42.267,15.188,9105,8989.25,60818.17,58748.49,22404,81,18850.85,22812.7,19465.46,25362.8,14977.96,11599.13,268.47
2026-03-06T15:00:00-06:00,35.38,39.827,18.943,9101.83,8682.5,60924.5,58939.95,23948,81,17652.63,20879.3,19282.08,24434.4,15400.44,13548.46,-417.63
2026-03-06T16:00:00-06:00,37.15,29.8,16.64,8934.83,8499,60966.5,58902.26,26697,81,14626.19,18303.3,19636.53,23330.1,16232.08,16320.24,-1029.47
2026-03-06T17:00:00-06:00,30.04,25.785,21.7,8955,8849.92,60429.67,57940.7,30833,79,8594.51,10367.6,21018.42,21556.7,15585.35,18526.1,-193.15
2026-03-06T18:00:00-06:00,36.04,28.488,28.727,8955,8827.67,58922.58,56493.21,37545,77,942.99,919.4,20438.37,20626.8,12558.03,20644.48,3435.31
2026-03-06T19:00:00-06:00,36.19,26.705,26.925,8967.5,8751,58377.67,55270.92,38617,75,0.51,0,19822.01,20818,11562.13,20739.01,3849.13
2026-03-06T20:00:00-06:00,36.64,24.105,24.667,9486.67,8798.33,57277.5,53811.61,36099,73,0.53,0,21234.04,21037.6,11408.9,20311.92,1911.36
2026-03-06T21:00:00-06:00,34.01,22.36,22.775,9678.33,8726.83,56045,52197.07,34740,72,0.55,0,21413.47,19350.2,11508.35,19992.59,1264.77
2026-03-06T22:00:00-06:00,35.85,23.705,22.765,9941,8938,54303.75,50465.8,33014,71,0.53,0,20820.05,18465.9,10533.88,19595.93,1268.36
2026-03-06T23:00:00-06:00,28.6,21.095,21.74,10111.58,8988.58,52088.75,48412.27,30829,71,0.51,0,21253.07,18649.4,10528.51,18805.96,173.91
2026-03-07T00:00:00-06:00,26.97,21.855,20.79,12828.5,9095.17,49708.83,47057.45,28275,70,0.53,0,21528.47,18298.4,10347.7,16920.67,-306.29
2026-03-07T01:00:00-06:00,25.13,18.28,16.822,13456,9225,48195.33,45406.35,25876,69,0.52,0,22383.93,18118.4,10790.25,14816.96,-735.11
2026-03-07T02:00:00-06:00,23.17,16.335,10.692,13456,9354,47468.67,43916.36,22196,69,0.57,0,25289.99,19193.2,12205.85,11997.66,-828.98
2026-03-07T03:00:00-06:00,20.73,15.302,12.043,13456,9353,46808.92,43112.14,20813,68,0.58,0,25862.48,20266.3,12351.65,10577.08,-302.69
2026-03-07T04:00:00-06:00,19.01,16.512,13.398,13470.67,9254,46662.67,42899.05,19639,68,0.61,0,26823.29,21895.4,12593.91,9505.58,-494.74
2026-03-07T05:00:00-06:00,19.19,18.205,15.06,13465.5,9193,46817.58,43248.56,20085,68,0.73,0,26666.21,23132.1,12691.84,9618.44,-580.9
2026-03-07T06:00:00-06:00,17.91,19.865,15.752,13328,9314,47210.67,44387.36,20782,66,16.7,18.7,26333.06,23804.3,12495.31,9402.4,-25.71
2026-03-07T07:00:00-06:00,17.82,19.675,14.49,13328,9308.58,47791,45511.95,20325,64,1798.31,2113.9,25498.49,24840.9,12602.86,9051.58,-141.98
2026-03-07T08:00:00-06:00,15.82,22.242,15.14,13328,8711.5,49135.08,47686.66,18190,62,6645.26,9941.2,24075.97,26878.8,13258.09,8747.58,-1320.34
2026-03-07T09:00:00-06:00,17.98,30.727,16.84,13328,8841.33,51023.33,49839.25,17459,62,8244.6,16144.9,25118.65,25808.3,14657.75,9065.15,-3148.55
2026-03-07T10:00:00-06:00,21.36,31.38,17.055,13328,8899,52578.08,51561.3,17641,63,10667.94,18112.9,24129.26,23941.9,15806.7,9768.5,-3436.93
2026-03-07T11:00:00-06:00,21.2,35.72,17.467,13350.08,8866.08,53689.67,52715.21,19599,64,11906.38,19813.6,22104.33,22038.5,15343.86,10207.81,-2245.31
2026-03-07T12:00:00-06:00,27.75,43.653,17.562,13422,8826.58,54183.5,53575.19,20465,64,14247.93,20315.5,19394.99,19774.6,15183.12,10573.61,-1202.74
2026-03-07T13:00:00-06:00,29.21,46.635,20.828,13422,8660.67,54497,53960.85,22193,64,16190.13,20014.8,16067.84,17845.3,14288.69,11184.37,-328.27
2026-03-07T14:00:00-06:00,28.25,69.452,29.653,13422,8534.67,54225.33,54395.8,25085,64,15899.93,18880.8,13278.53,19398.5,14144.99,13019.89,-71.94
2026-03-07T15:00:00-06:00,28.79,88.445,33.095,13422,8770.5,53947.33,54638.55,27912,63,15182.22,17035.9,10860.07,17705.5,14282.14,15305.05,-274.47
2026-03-07T16:00:00-06:00,28.48,66.827,32.845,13422,8966.83,53250.58,54456.44,31280,62,12409.1,14683.2,9613.22,16370.6,14784.16,18869.88,-687.3
2026-03-07T17:00:00-06:00,32.73,42.193,34.723,13422,8826.17,52608.75,53492.46,36410,61,7485.28,8367,8754.24,15267.3,14503.66,23012.53,106.65
2026-03-07T18:00:00-06:00,42.88,52.39,50.98,13422,8732.25,52227,52675.13,43757,58,991.68,807.3,7450.01,14067.9,11074.68,25156.57,4653.14
2026-03-07T19:00:00-06:00,38.88,47.87,55.733,13434.5,8780,51445.42,51866.94,44483,57,0.13,0,7028.83,13190.3,10414.27,25764.83,4733.05
2026-03-07T20:00:00-06:00,40.18,48.64,57.392,13572,8566.58,50428.67,50581.19,43911,56,0.16,0,6568.84,12533.8,9519.41,26040.22,3619.7
2026-03-07T21:00:00-06:00,39.67,70.902,86.6,13572,8447,49012.92,49349,43470,55,0.14,0,5636.41,11899.9,7440.31,26381.91,2839.96
2026-03-07T22:00:00-06:00,40,86.677,101.073,13572,8417.75,47000,48082.33,41492,55,0.17,0,4874.84,11416.4,6418.87,26711.65,1242.78
2026-03-07T23:00:00-06:00,34.55,45.743,53.827,13619.33,8373.75,45612.42,46425.3,40029,54,0.2,0,5273.46,10431.9,6740.66,26316.09,-259.67
2026-03-08T00:00:00-06:00,41.5,44.155,54.725,14196.67,8770,44298.5,45372.61,38895,54,0.2,0,5495.74,5327.1,6932.82,25332.3,-727.23
2026-03-08T01:00:00-06:00,35.34,32.36,39.855,14208,8654,43172.5,43890.76,37698,53,,,5423.39,5118.7,7640.89,24113.07,-909.19
2026-03-08T03:00:00-05:00,33.08,42.958,48.672,14208,8654,42529.17,42503.28,37205,53,0.18,0,5378.06,4832.4,8380.04,24154.62,-1434.86
2026-03-08T04:00:00-05:00,31.1,33.035,34.45,14208,8654,42254.33,42389.95,36921,53,0.19,0,5318.34,4485.7,9490.29,23565.12,-1151.34
2026-03-08T05:00:00-05:00,32.95,28.565,32.213,14195.5,8652.75,42466.17,42367.13,36960,52,0.18,0,5476.5,4312.4,9837.91,22990.23,-477.72
2026-03-08T06:00:00-05:00,29.97,26.367,28.045,14058,8639,43252.75,43166.45,37326,52,0.19,0,5841.72,4207.7,9954.56,22806.34,179.64
2026-03-08T07:00:00-05:00,34.17,26.885,28.453,14058,8639,44089.17,44509.46,38054,51,18.18,28.4,5963.94,4164,9448.66,22829.58,821.43
2026-03-08T08:00:00-05:00,29.6,27.995,29.243,14058,8639,44788.17,45995.04,36379,52,2985.83,2951.1,5340.78,4086.1,9203.92,22358.97,-73.97
2026-03-08T09:00:00-05:00,22.95,17.195,18.99,14058,8656.33,46045.17,47729.82,29501,55,12044.93,13814.4,4388.1,3688.4,10536.06,18240.8,-571.14
2026-03-08T10:00:00-05:00,20.22,16.883,19.113,14058,8732,46840.58,48554.51,25097,59,17907.25,20379.2,3821.86,3074.8,11554.83,15298.6,-1526.85
2026-03-08T11:00:00-05:00,19.74,15.153,15.99,14058,8732.08,47315.5,49096.45,21599,61,21268.61,22312.3,4444.14,2798.9,13657.69,13846.01,-3497.43
2026-03-08T12:00:00-05:00,20.2,15.295,15.185,14058,8601,47591.08,49405.75,20823,64,22379.51,23702.9,4329.48,4272.8,15552.39,13666.55,-4074.22
2026-03-08T13:00:00-05:00,20.66,15.528,16.875,14058,8549,47682.83,49521.25,22337,66,21205.75,24625.1,4115.74,4694.7,15676.57,14011.13,-3043.66
2026-03-08T14:00:00-05:00,21.01,17.575,18.788,14058,8596.67,47842.33,49535.07,22925,68,20452.31,24797.3,4419.25,5391.1,16485.82,14809.65,-3212.06
2026-03-08T15:00:00-05:00,22.57,18.527,18.28,14058,8547,48110.17,49986.02,22678,69,20115.98,24011.5,5262.73,6409.6,17897.82,14923.26,-3837.32
2026-03-08T16:00:00-05:00,24.43,10.73,9.373,14058,8560.33,48763.83,50632.56,21935,70,19649.95,22781.6,7102.68,7569.9,17862.41,12393.67,-1683.16
2026-03-08T17:00:00-05:00,23.89,7.86,9.94,14058,8633,49465.33,51744.28,25844,70,15576.26,19532.4,7958.14,8633.7,17190.91,14121.54,-305.14
2026-03-08T18:00:00-05:00,34.36,19.95,20.38,14058,8639.5,49888.58,52081.21,32257,70,7115.98,9751,10500.83,10034.7,15841.69,18909.36,1271.25
2026-03-08T19:00:00-05:00,46.4,20.067,21.022,14058,8657,50638.17,51928.25,36009,68,754.03,786.6,13787.29,11810,13811.07,20075.94,4107.59
2026-03-08T20:00:00-05:00,38.71,19.905,21.842,14058,8665.5,51274.75,52341.44,35195,66,0.09,0,16069.5,14199.3,13466.32,20198.51,3733.82
2026-03-08T21:00:00-05:00,27.63,20.148,22.49,14058,8674,50530.25,51613.06,33102,65,0.13,0,17516.29,16625.8,13524.18,20363.33,1675.27
2026-03-08T22:00:00-05:00,25.77,17.165,17.575,14058,8674,48899.33,49842.53,31526,65,0.13,0,19513.13,18475.3,14260.44,18331.58,255.69
2026-03-08T23:00:00-05:00,23.06,15.347,14.878,14186.75,8674.67,46724.18,47882.42,29287,65,0.09,0,21409.47,19745.7,15297.88,15539.24,-914.23
2026-03-09T00:00:00-05:00,19.74,15.055,14.653,15603,8675,44601.08,44414.82,22789,64,0.08,0,21876.52,21101.5,15693.99,13454.32,-1042.22
2026-03-09T01:00:00-05:00,18.58,12.757,13.213,15603,8674,43284.25,43070.75,21376,64,0.16,0,21977.33,21171.1,16130.89,12307.76,-1035.86
2026-03-09T02:00:00-05:00,17.04,12.165,13.16,15603,8675,42519.75,42599.49,20952,64,0.14,0,21557.13,21322.5,16417.24,12084.13,-1222.02
2026-03-09T03:00:00-05:00,17.09,14.178,13.025,15603,8680,42203.25,42288.34,20626,63,0.13,0,21573.62,21461,16869.47,11956.31,-1494.52
2026-03-09T04:00:00-05:00,17.26,13.773,12.727,15603,8680,42703.25,42863.63,21316,63,0.16,0,21295.64,21070.8,16469.16,11908.51,-719.71
2026-03-09T05:00:00-05:00,20.92,15.23,16.068,15603,8680,44240.25,44441.3,23813,63,0.23,0,20235.44,20240.6,15591.79,13259.06,152.3
2026-03-09T06:00:00-05:00,19.98,18.245,22.188,15626.17,8663,46675.58,47051.47,27688,63,0.2,0,18802.16,19443.7,13818.97,15279.48,1673.02
2026-03-09T07:00:00-05:00,19.12,19.24,24.117,15917,8706.67,48365.83,48890.24,30164,63,7.1,29.6,18119.97,18636.5,12059.71,16045.08,2775.14
2026-03-09T08:00:00-05:00,23.13,21.037,27.95,16207.67,9059.67,48860.33,49597.84,30478,64,1377.98,2352.1,16950.42,17862.2,10473.12,16383.6,2302.87
2026-03-09T09:00:00-05:00,20.96,23.72,35.235,16391,9606.67,49352.83,50882.47,28164,66,6607.82,10498.6,14452.54,17333,9883,15447.45,782.56
2026-03-09T10:00:00-05:00,22.6,20.58,20.115,16391,9555,50660.67,52078.87,23677,69,12357.26,16843.2,14458.6,16842.4,11385.96,14439.92,-1656.91
2026-03-09T11:00:00-05:00,23.96,28.625,17.955,16391,9633.17,52283.42,53237.8,20665,72,16549.6,19891.7,14936.16,16315.9,12664.36,12939.64,-2476.09
2026-03-09T12:00:00-05:00,26.06,31.493,16.437,16364,9572.33,53490.75,54237.3,19725,75,19243.48,22064,14411.87,16170.8,14549.72,12948.23,-3401.55
2026-03-09T13:00:00-05:00,31.97,42.29,17.735,16135,9631.83,54837.92,55434.94,19744,78,20823.36,23342.4,14062.32,16361.3,15531.52,13027.27,-3139.76
2026-03-09T14:00:00-05:00,33.52,57.165,19.588,16124.75,9630,56013.67,56278.27,22045,80,20302.15,23350.5,13583.21,16759,15446.17,13514.1,-1419.77
2026-03-09T15:00:00-05:00,36.21,64.212,22.01,15931,9665.5,57386.33,57162.11,25131,81,18996.39,21949.9,13140.11,17660.4,15021.66,14815.59,-354.48
2026-03-09T16:00:00-05:00,37.42,67.075,22.767,15904.33,9878.5,58288.83,57940,27964,81,17221.04,20012.3,13035.99,18760.2,14274.74,16670.89,555.27
2026-03-09T17:00:00-05:00,34.98,56.773,28.2,15686,9802.33,58625.75,58377.94,31349,80,14441.7,16149.6,12841.07,19992.5,13650.77,19114.12,1241.09
2026-03-09T18:00:00-05:00,40.45,64.31,40.89,15644.33,9728.67,58113.25,57468.01,37179,78,6326.73,7852.7,14642.63,21065,10719.59,20537.95,4069.71
2026-03-09T19:00:00-05:00,41.16,62.74,45.83,15561,9547.83,57645.75,56585.73,40231,76,578.1,633.1,16840.72,22732,8341.83,21526.42,5707.8
2026-03-09T20:00:00-05:00,40.75,50.35,47.175,15561,9537.67,57398.33,56835.33,37937,74,0.13,0,19450.52,24928.6,7101.75,21688.14,3502.51
2026-03-09T21:00:00-05:00,28.1,41.98,31.773,15561,9692.33,56361.08,55455.55,33138,73,0.09,0,23273.66,27036.4,7460.41,20257.86,357.04
2026-03-09T22:00:00-05:00,26.04,26.853,20,15561,9693.17,54529.83,53103.78,31347,73,0.13,0,25509.74,27971.3,8165.64,18365.4,-489.07
2026-03-09T23:00:00-05:00,22.96,19.92,16.327,15622.75,9584.75,51853.67,50457.22,28730,72,0.09,0,26577.88,28400.1,9442.32,16476.62,-1361.24
2026-03-10T00:00:00-05:00,21.33,25.565,19.24,16395,9490.5,49313.67,48596.03,23091,71,0.08,0,26374.99,28505.2,9746.39,13402.4,-759.85
2026-03-10T01:00:00-05:00,19.03,26.123,22.27,16345,9474.33,47673.25,46897.19,22784,71,0.12,0,24915.76,28170.3,9690.59,12960.93,-985.64
2026-03-10T02:00:00-05:00,18.24,27.845,23.747,16345,9521,46461.25,45839.29,22584,70,0.13,0,23931.8,27835.1,10535.23,12906.6,-1255.29
2026-03-10T03:00:00-05:00,18.27,28.205,23.93,16345,9524,45741.92,45041.4,23215,70,0.12,0,22549.42,27452.3,10780.66,13018.01,-1522.13
2026-03-10T04:00:00-05:00,18.19,28.608,23.907,16345,9510.33,45986.42,45225.92,23318,70,0.19,0,22659.4,27032.9,11156.25,13005.34,-1229.13
2026-03-10T05:00:00-05:00,21.02,28.213,23.49,16345,9327,47293.5,46942.05,24280,70,0.16,0,22882.31,26496.1,11132.96,13244.09,-415.52
2026-03-10T06:00:00-05:00,23.99,41.052,26.992,16370,9324.08,49702.17,49186.31,26947,69,0.17,0,22580.48,25826.4,9888.42,14004.46,1476.15
2026-03-10T07:00:00-05:00,27.32,61.258,39.835,16635.67,9336.75,51101.83,50800.77,29485,69,2.52,24.3,21554.82,25121.2,7503.54,14935.3,2869.28
2026-03-10T08:00:00-05:00,29.05,58.76,40.1,16788,9634.83,51225.42,51584.44,28608,69,1264.84,1728.6,21347.88,24810.7,6265.48,15285.42,1336.1
2026-03-10T09:00:00-05:00,24.47,46.428,21.932,16845.75,9657,52498.08,53425.37,23945,71,7941.01,7829.7,20482.34,25364.7,7167.88,13521.47,-1187.55
2026-03-10T10:00:00-05:00,24.98,57.297,19.25,16870.5,9510.17,53910.14,55056.38,21547,72,11814.69,13464.8,20675.96,26132.5,8668.53,12908.85,-2349.29
2026-03-10T11:00:00-05:00,28.83,63.15,18.343,16788,9538.33,55600.9,56460.36,20850,74,12929.34,16447.6,21642.1,26755.2,10829.56,12579.48,-2549.35
2026-03-10T12:00:00-05:00,30.5,55.132,17.242,16786.5,9541.83,56673.25,57958.65,19841,77,15138.07,18898.7,21569.67,27404.2,12434.56,12486.75,-2576.56
2026-03-10T13:00:00-05:00,35.78,59.48,17.285,16785,9581.5,57959.08,59333.33,20284,79,15791.56,19713.2,21625.43,27987.8,13177.77,12833.09,-2751.54
2026-03-10T14:00:00-05:00,39.06,56.195,16.94,16785,9647.33,59222.33,60020.53,19554,80,17243.56,19591,22319.83,28476.9,14518.93,13118.22,-3544.74
2026-03-10T15:00:00-05:00,42.05,63.63,15.773,16776.67,9557.67,60113.67,60504.88,20920,80,16202.41,17930.2,22942.91,28858.5,15602.85,13653.83,-2470.63
2026-03-10T16:00:00-05:00,42.79,65.115,23.76,16422.83,9572.67,60482.83,60623.62,25851,79,11179.77,14819.8,23379.51,28151.6,15101.83,15912.25,-748.66
2026-03-10T17:00:00-05:00,34.46,58.515,20.483,16294,9857.5,60084.75,60350.7,27833,79,8246.92,11398.9,23975.51,27822.9,15141.25,17782.74,-1195.22
2026-03-10T18:00:00-05:00,35.6,40.705,21,16264,9272.75,59398,59037.18,30442,77,4568.6,5999,24350.63,27094.9,14475.99,19057.17,-14.5
2026-03-10T19:00:00-05:00,41.42,36.898,24.128,16134.5,9499.5,59074.58,58128.04,33987,75,686.04,795.5,24355.55,25063.1,12419.98,19754.7,2487.01
2026-03-10T20:00:00-05:00,42.84,44.325,29.84,15441.83,10388.17,58766.17,58103.27,36072,73,0.16,0,22735.77,23633.7,10411.49,19864.37,3905.06
2026-03-10T21:00:00-05:00,41.81,46.435,30.868,15277.67,10491.67,56949.33,56587.99,35846,70,0.13,0,21243.37,23098.8,9416.6,20044.95,3534.58
2026-03-10T22:00:00-05:00,34.2,39.073,24.267,15271,10511.33,53784.25,54118.23,32768,68,0.15,0,20658.2,23010.7,9290.06,19645.32,1604.9
2026-03-10T23:00:00-05:00,28.74,32.02,23.153,15336.75,10474.17,50888.83,51386.43,29804,68,0.18,0,20316.88,23243.1,9829.01,18521.83,297.46
2026-03-11T00:00:00-05:00,27.75,34.113,23.483,16060,9739.83,48237.33,48447.08,28500,68,6.51,0,19514.62,22864.2,9963.93,17893.71,-59.87
2026-03-11T01:00:00-05:00,26.26,30.55,20.628,16060,9766,46370.92,46491.47,25951,65,18.99,0,20428.94,22547.9,10842.19,17311.04,-1305.42
2026-03-11T02:00:00-05:00,24.51,28.887,17.317,16060,9772,45341.17,45135.41,24044,64,18.98,0,21245.13,22376.5,12912.41,16553.36,-2128.18
2026-03-11T03:00:00-05:00,24.69,26.992,15.67,16060,9772.17,44932.67,44336.4,23266,64,19,0,21645.95,22109.1,14464.66,15873,-2136.25
2026-03-11T04:00:00-05:00,24.35,25.617,15.543,16060,9756.33,44785.08,44577.13,22996,63,2.48,0,21605.9,21207.5,15282.51,15694.88,-1944.24
2026-03-11T05:00:00-05:00,25.6,19.318,17.622,16060,9636.67,45886,46133.59,25544,63,0.18,0,19937.51,20270.3,15017.67,16917.15,-909.71
2026-03-11T06:00:00-05:00,28.02,18.885,18.368,16076.67,9672.08,48047.67,48960.47,27752,62,0.27,0,19918.75,19746.1,14034.29,17198.74,1035.09
2026-03-11T07:00:00-05:00,30.57,22.372,22.362,16266.08,9655.75,49316.42,50634.52,31602,62,22.71,35.6,17578.65,19116.8,11257.77,18335.59,3299.9
2026-03-11T08:00:00-05:00,28.08,24.265,20.77,16228,10110.5,49568.25,50962.05,30434,63,2731.14,2899.6,16223.48,18060.6,9932.34,18003.39,1819.3
2026-03-11T09:00:00-05:00,25.47,24.057,20.755,16214.42,10819.33,50260.67,52278.07,23705,65,10132.96,13970.5,16304.44,16748.2,10854.19,12997.98,589.43
2026-03-11T10:00:00-05:00,25.75,26.738,21.96,16540.75,11390.08,51403.33,53424.91,22563,67,11459.19,20719.6,17226.54,17119,10392.35,11952,-394.01
2026-03-11T11:00:00-05:00,27.98,25.285,19.852,16454.67,11627.67,52344.17,54360.98,20639,70,13287.28,23087.8,18328.31,19642.8,11132.25,11370.41,-1924.89
2026-03-11T12:00:00-05:00,29.2,27.527,19.247,16032.17,11240.83,53361.92,55229.43,18812,73,14887.7,24582,19461.63,21865.2,13117.29,10356.95,-2418.76
2026-03-11T13:00:00-05:00,30.01,34.792,13.635,15928,11060,53987.25,56206.59,16695,74,16414.79,24753.4,20636.78,23579.7,15147.79,9916.43,-3033.37
2026-03-11T14:00:00-05:00,32.83,31.573,12.915,15890,11050.58,54026.58,56824.88,16257,74,16193.97,24978.3,21358.28,24736.2,16429.88,10104.07,-2792.13
2026-03-11T15:00:00-05:00,31.4,30.193,13.392,15820,11120.42,54226.67,57348.64,16201,75,16362.31,24534,21549.52,25407,17776.03,10419.74,-3124.45
2026-03-11T16:00:00-05:00,31.93,23.945,9.055,15790,11013,54935.5,57705.3,17182,75,16249.95,23127.4,21405.89,25840.6,17691.03,10908.27,-2617.89
2026-03-11T17:00:00-05:00,31.02,14.44,-3.41,15790,10957.83,55587.92,57507.78,19837,74,14343.42,20385.4,21344,25833,18259.33,12327.05,-1499.33
2026-03-11T18:00:00-05:00,37.99,23.26,6.627,15790,10912.33,55122.08,56578.25,23784,71,8778.66,11674.7,22574.78,24609.3,16796.92,14483.41,-208.67
2026-03-11T19:00:00-05:00,37.78,30.48,19.775,15790,10931.75,54467.17,55443.14,29482,68,948.36,1226.7,24020.92,23108.7,14444.76,17888.7,1243.5
2026-03-11T20:00:00-05:00,35.53,29.738,22.735,15790,10984.67,54036.83,55191.56,30456,65,0.6,0,23565.6,22277.7,13028.09,18209.47,2285.68
2026-03-11T21:00:00-05:00,29.46,28.822,23.2,15790,10692.83,52213.42,53433.33,29652,62,0.32,0,22648.17,22327.3,13420.22,18477.91,806.55
2026-03-11T22:00:00-05:00,25.83,28.27,23.44,15790,10321.5,49628.08,50629.5,27127,60,0.34,0,21935.86,22140.5,13291.77,17798.85,274.39
2026-03-11T23:00:00-05:00,22.6,27.703,23.107,15881.58,10381,46728.92,47602.01,24219,58,0.34,0,20342.98,22114.8,13565.1,17222.44,-88.01
2026-03-12T00:00:00-05:00,21.71,24.723,21.96,16889,10348.17,44451.25,44893.82,25289,56,0.35,0,19225.45,22067.1,14052.13,17296.11,-1021.94
2026-03-12T01:00:00-05:00,20.83,24.19,22.268,16889,10302,42954.5,43393.38,24632,54,0.34,0,18338.13,21188.2,14533.13,17542.58,-1726.33
2026-03-12T02:00:00-05:00,20.69,19.36,18.835,16889,10308.67,41850.58,42647.08,24243,52,0.33,0,17524.79,20172,14914.77,17079.33,-1359.31
2026-03-12T03:00:00-05:00,22.94,18.055,17.985,16889,10307,41317.42,42463.75,24876,50,0.38,0,16255.65,16808.9,15174.73,16971.32,-609.37
2026-03-12T04:00:00-05:00,27.76,20.747,20.98,16889,10285.33,41907.83,43144.95,26239,48,0.45,0,15449.2,14834.7,14977.14,17951,-313.9
2026-03-12T05:00:00-05:00,37.11,29.025,25.46,16889,10130.67,43708.67,45421.57,29878,47,0.57,0,13670.21,12769.2,14111.49,19157.47,785.14
2026-03-12T06:00:00-05:00,44.24,24.352,24.737,16895.25,10186.25,46712.25,49308.85,34078,45,0.53,0,12419.9,11065.6,11482.28,19397.93,4026.59
2026-03-12T07:00:00-05:00,47.67,25.773,26.585,16969,10354.83,48841.92,51603.64,37258,44,140.35,145.3,11389.81,9858.2,8510.64,19490.08,6956.3
2026-03-12T08:00:00-05:00,36.08,20.15,19.817,17024,10518.67,49179.17,51633.09,29561,47,9119.9,7485.4,10507.45,9145.5,9537.01,16893.51,2472.02
2026-03-12T09:00:00-05:00,20.91,8.87,2.023,17024,10647.5,49048.67,51965.96,13356,51,26616.77,27515.2,9085.6,8677.5,12010.92,7533.23,-2055.92
2026-03-12T10:00:00-05:00,13.45,9.125,0.778,16972.75,10702.17,48513.25,51798.85,10573,54,29675.71,33859.9,8294.51,8249.2,13085.2,5637.64,-1817.38
2026-03-12T11:00:00-05:00,13.59,11.862,0.52,16904,10649,47728.75,50933.26,11008,57,28574.91,34479,8173.83,7939.9,13175.79,5544.45,-1349.49
2026-03-12T12:00:00-05:00,12.55,11.142,0.34,16904,10588,47206.42,49963.25,10703,60,27928.14,34528.5,8574.82,7981.1,13487.81,5620.19,-1687.5
2026-03-12T13:00:00-05:00,12.01,11.407,0.48,16904,10574.83,47042.25,49486.48,10575,62,27260.4,33775.6,9167.5,10529.5,14083.33,5580.66,-1743.36
2026-03-12T14:00:00-05:00,12.99,9.382,0.358,16899,10522.42,46858.58,49268.6,10051,64,27014.65,34302.3,9780.14,11815.4,14998.89,5618.47,-2306.49
2026-03-12T15:00:00-05:00,13.87,9.947,0.032,16844,10402.33,47290.33,49705.93,9542,65,26420.78,34579.5,11269.56,13519,16294.67,6067.43,-3423.71
2026-03-12T16:00:00-05:00,16.49,11.098,-0.533,16855,10343.08,47896.92,50563.11,9972,67,25005.15,34163.9,12873.05,15302,17225.94,6581.24,-3649.06
2026-03-12T17:00:00-05:00,19.76,7.502,-4.78,16900,10270.67,48579.75,51319.56,13148,67,20924.61,32460.6,14420.92,17128.6,16960.09,8106.75,-1824.91
2026-03-12T18:00:00-05:00,26.32,19.807,9.21,16909,10059.67,49220.67,51408.76,20358,66,12675.8,18350.6,16165.18,18459.3,15921.96,11976.26,595.83
2026-03-12T19:00:00-05:00,34.18,28.207,21.352,16909,9991.33,49911,50722.7,29174,62,1514.07,1510.4,19159.52,19670,11566.34,14946.49,4996.02
2026-03-12T20:00:00-05:00,32.14,26.235,21.302,16854.83,9960,50497.67,50776.61,29023,58,0.83,0,21471.74,21846,11097.35,15469.84,4303.03
2026-03-12T21:00:00-05:00,30.09,25.52,20.898,16952.33,10043.33,49369.75,49322.74,26696,56,0.29,0,22698.06,24138.4,11250,15526.29,1437.29
2026-03-12T22:00:00-05:00,27,22.967,18.815,16819,10036.42,47576.92,47333.26,24909,55,0.21,0,23355.08,25499.7,11717.41,14977.99,54.49
2026-03-12T23:00:00-05:00,23.79,18.08,13.495,16819,10029.83,45567.75,45244.34,22905,54,0.22,0,24099.7,26236.9,12753.25,13033.44,-710.61
2026-03-13T00:00:00-05:00,21.3,19.787,12.448,16819,9965,44042.58,43643.29,19632,52,0.23,0,24436.3,26655.2,12919.96,11524.71,-936.54
2026-03-13T01:00:00-05:00,19.89,17.49,11.655,16819,9965,43126.42,42555.16,18350,52,0.23,0,24695.96,26349,13483.87,10748.42,-1105.78
2026-03-13T02:00:00-05:00,18.57,17.31,11.495,16819,10014.33,42721.67,42153.19,18079,51,0.25,0,24587.04,25729.6,14012.22,10599.48,-1144.9
2026-03-13T03:00:00-05:00,18.85,18.202,12.257,16819,10107.33,42781.58,41752.82,18781,50,0.7,0,23959.48,24952.9,14057.17,11327.46,-1103.25
2026-03-13T04:00:00-05:00,20.53,20.142,13.943,16819,9813,43499.67,42346.28,20001,49,1.63,0,23410.42,24067.6,13883.89,12074.63,-628
2026-03-13T05:00:00-05:00,24.31,28.553,19.185,16822.75,9831,45228.92,44537.96,22182,48,1.72,0,22903.8,23186.9,12838.91,13117.72,298.7
2026-03-13T06:00:00-05:00,26.74,27.995,20.952,16864,9835,47841,47761.97,25193,48,1.8,0,22439.41,22272.9,10642.76,13412.16,2471
2026-03-13T07:00:00-05:00,29.3,26.392,21.753,16922,9749.5,49722.58,49771.48,27300,48,147.28,152.2,22191.09,21218.4,8664.09,13505.74,3811.23
2026-03-13T08:00:00-05:00,20.65,25.138,20.408,16970.25,9670.5,49816.67,49884.28,21395,53,8567.4,7396.5,19856.92,19720.7,9141.44,10995.11,727.11
2026-03-13T09:00:00-05:00,10.94,12.52,5.52,17025.33,10033.17,49564,50203.11,11169,59,24081.77,27197,14322.01,16701.9,11292.77,5942.37,-2420.55
2026-03-13T10:00:00-05:00,10.33,12.9,3.03,17104.5,10384,48905.42,49880.6,8953,65,28666.31,33223.5,11304.82,13016,12673.3,5426.35,-3189.52
2026-03-13T11:00:00-05:00,9.75,16.1,3.718,16950.33,10450.83,48471.42,49130.46,9235,69,29733.51,34090.5,9488.67,10494.3,13733.23,5419.54,-2693.76
2026-03-13T12:00:00-05:00,12.08,17.355,4.335,16867,10524.33,48070.08,48617.77,10154,73,30763.16,34294,7147.89,8401.3,13860.56,5564.22,-1817.97
2026-03-13T13:00:00-05:00,12.22,18.523,8.235,16867,10375,48300.08,48734.59,10704,75,31791.21,33408.5,5770.24,6705.6,14844.21,5616.75,-1390.94
2026-03-13T14:00:00-05:00,12.15,23.155,14.36,16832.25,10718.5,48865.33,49234.42,11350,77,32185.19,33900.5,5270.58,5858.6,15082.27,5779.8,-1103.68
2026-03-13T15:00:00-05:00,12.23,30.783,16.69,16796.5,10961.67,50017,50135.58,11851,78,32239.53,34247.7,5835.31,5699,15174.86,6254.74,-1399.77
2026-03-13T16:00:00-05:00,13.1,26.727,13.845,16774,10916.5,51191.17,51439.92,12589,79,31689.76,33803.6,6827.08,6099.2,15594.73,7570.77,-1948.05
2026-03-13T17:00:00-05:00,16.58,13.335,5.732,16774,10968.67,51936.5,52382.51,15336,78,29119.55,32061.6,7453.78,6813.7,16510.81,10177.32,-1101.62
2026-03-13T18:00:00-05:00,35.23,44.822,44.415,16774,10935.33,51724.08,52211.89,26979,76,17014.63,17854.3,7785.93,8055.8,13395.17,16735.17,3242.71
2026-03-13T19:00:00-05:00,58.18,84.03,83.96,16774,10953,50747.5,51086.53,40089,72,1890.81,1548.9,8768.32,10287.1,7477.23,20903.7,9294.49
2026-03-13T20:00:00-05:00,45.18,58.767,57.685,16774,10686.5,50386,51110.45,37080,68,0.34,0,13325.92,13715.4,8234.52,21480.07,5219.21
2026-03-13T21:00:00-05:00,34.07,37.08,33.17,16749.83,10668.83,49351.17,50134.88,31931,66,0.47,0,17458.47,16991.9,7928.13,20236.85,1345.05
2026-03-13T22:00:00-05:00,29.2,27.417,27.388,17415,10915.5,47777.42,48485.7,30382,64,0.99,0,19172.79,19297.7,7367.79,18000.47,12.2
2026-03-13T23:00:00-05:00,24.75,23.088,22.993,17511,10896,45842,46366.41,28458,63,0.92,0,19723.52,20538.7,8044.36,16702.43,-563.68
2026-03-14T00:00:00-05:00,29.25,22.618,23.14,18567,10612.67,43898.92,44266.81,24458,61,0.37,0,19535.25,19874.2,7415.52,14439.39,203.47
2026-03-14T01:00:00-05:00,26.26,21.992,22.753,18567,9757.83,42441.75,42690.77,22646,60,0.38,0,19864.89,19773.9,7514.2,13506.34,-262.42
2026-03-14T02:00:00-05:00,25.2,23.445,23.795,18567,9747,41344.08,41757.54,21676,59,0.38,0,19738.75,19649.4,7633.24,12835.6,-563.39
2026-03-14T03:00:00-05:00,23.5,24.538,25.077,18567,9713,40849,41141.79,21398,58,0.36,0,19418.9,19680.5,7772.91,12377.76,-836
2026-03-14T04:00:00-05:00,22.75,23.59,24.552,18567,9696,40710.08,40918.32,21282,57,0.41,0,19383.29,19815.2,8268.89,12374.03,-815.78
2026-03-14T05:00:00-05:00,24.57,22.61,23.703,18567,9718.5,41156.42,41043.62,21542,56,0.44,0,19533.75,19805.6,8417.12,12509.11,-90.61
2026-03-14T06:00:00-05:00,22.21,27.39,28.207,18567,9781.08,42241.33,41825.48,23687,56,0.43,0,18451.09,19467,6633.98,12411.77,1658.52
2026-03-14T07:00:00-05:00,22.94,67.305,67.287,18567,10024.67,43179.17,43107.92,25278,56,112.13,124,17736.86,18864,4844.69,13384.71,1858.96
2026-03-14T08:00:00-05:00,20.06,26.28,25.41,18476.17,10308.08,44307.08,44529.7,19956,59,7536.1,6282.8,16648.94,18032.5,5172.24,10030.38,-351.55
2026-03-14T09:00:00-05:00,8.61,10.963,2.768,18458,10944,46061.67,46014.16,9982,63,23668.41,23053,12295.26,15780.8,7860.6,4528.54,-2545.23
2026-03-14T10:00:00-05:00,7.71,13.168,1.468,18458,10902,46992.33,46866.49,6958,68,29241.83,29416.6,10719.89,13208.3,11516.21,4188.7,-4285.69
2026-03-14T11:00:00-05:00,10,14.003,1.293,18458,10731.17,47616.83,47499.22,8503,72,29631.05,31278,9465.79,11894.5,13079.45,4345.09,-2572.24
2026-03-14T12:00:00-05:00,11.36,14.633,1.452,18300,11223,48584.83,48231.21,9935,76,29500.22,32303.8,9057.23,11190.5,12775.21,4412.48,-1185.26
2026-03-14T13:00:00-05:00,13.21,17.718,2.987,18300,11206.5,50003.75,49214.63,8561,79,30707.18,32292.2,10608.39,11730.9,13327.01,4495.46,-2661.08
2026-03-14T14:00:00-05:00,12.87,20.76,3.625,18300,11076,51597.83,50385.91,8567,81,30162.3,32918.6,12757.67,13673.9,15194.79,4773,-3001.84
2026-03-14T15:00:00-05:00,14.87,89.855,10.287,18300,11076,53370.67,51845.73,8986,83,28000.61,33160.9,16210.02,16375.1,15967.88,5106.51,-3230.3
2026-03-14T16:00:00-05:00,18.71,49.907,6.845,18458,10551.67,55075.67,52985.83,10724,82,25434.82,32494.6,18804.63,19180.3,16261.49,5762.05,-2835.3
2026-03-14T17:00:00-05:00,18.73,37.048,7.687,18458,11041.67,55901.42,53620.07,13700,82,21999.68,29764.6,20179.63,21327,15526.99,7098.22,-1288.48
2026-03-14T18:00:00-05:00,32.74,34.74,25.07,18458,11112.83,55473.75,53136.93,21788,80,11457.24,16131.1,22311.61,22301.8,13881.29,10948.62,1449.34
2026-03-14T19:00:00-05:00,41.35,35.28,29.723,18458,11172.92,54637.58,52122.38,29579,76,1377.19,1307.9,23706.91,23305.3,9313.55,11946.14,6719.58
2026-03-14T20:00:00-05:00,34.32,42.223,31.71,18458,11252.33,53995.5,51863.67,28403,74,1.43,0,25666.74,25603.3,8528.02,12127.05,5500.43
2026-03-14T21:00:00-05:00,31.17,63.475,35.515,18458,11157.5,52767.5,50838.57,25395,72,0.98,0,27464.58,28258.8,7615.95,12341.85,2280.18
2026-03-14T22:00:00-05:00,27.42,40.343,27.117,18458,10973,51034.08,49178.5,23670,71,0.63,0,28356.32,30335,7789.54,11733.95,126.99
2026-03-14T23:00:00-05:00,23.45,30.4,20.805,18483.75,10861.08,49044.58,47317.96,21687,70,0.6,0,28369.24,31544.4,7791.89,10800.81,-329.44
2026-03-15T00:00:00-05:00,23.23,26.342,19.775,18767,10605,47024.17,45582.32,19262,69,1.41,0,27851.69,32066.3,7994.56,9458.62,-449.3
2026-03-15T01:00:00-05:00,23.06,23.638,17.66,18767,10620,45375.17,43959.12,17953,69,1.11,0,27471.37,32075.4,8430.38,8709.28,-385.02
2026-03-15T02:00:00-05:00,19.68,32.197,23.012,18767,10608.67,44164.17,42735.91,16807,68,1.02,0,27423.88,31881.7,8380.92,7128.16,-578.37
2026-03-15T03:00:00-05:00,20.54,27.028,18.9,18767,10603,43284.25,41699.73,16311,68,0.75,0,27003.33,31544.2,8679.2,6945.8,-842.14
2026-03-15T04:00:00-05:00,21.32,26.93,18.5,18767,10598.33,42927.67,41228.21,15945,68,0.62,0,26948.66,31205.9,9374.79,6888.9,-1023.26
2026-03-15T05:00:00-05:00,21.59,28.048,18.843,18767,10596,42934.5,41491.88,16390,67,0.52,0,26508.56,30977.6,9669.49,6886.44,-352.4
2026-03-15T06:00:00-05:00,19.34,27.89,20.02,18767,10596,43544.58,41806,17027,68,0.75,0,26441.74,30639.1,9024.41,6491.45,381.82
2026-03-15T07:00:00-05:00,20.64,31.68,22.338,18767,10635.17,44319.75,42863.17,17917,68,90.8,82.4,26272.14,30181.8,8051.57,6436.32,873.09
2026-03-15T08:00:00-05:00,20.14,28.275,19.615,18767,10639,45378.58,44653.71,17028,69,2999.62,4179.2,25237.57,29625,8191.84,6322.85,172.3
2026-03-15T09:00:00-05:00,18.08,29.103,19.417,18767,10509,47097,47145.72,14891,72,9247.71,16554.3,22799.61,27186.5,8888.79,5548.78,-442.44
2026-03-15T10:00:00-05:00,14.93,24.535,15.7,18767,10557.5,48598.83,49200.04,12196,74,14048.85,23502.2,22263.78,26664.9,10039.54,5030.55,-2431.93
2026-03-15T11:00:00-05:00,14.74,23.66,12.95,18625.33,10701.67,50414.25,50953.72,10628,77,17796.23,26329.5,21856.87,26766,12504.84,5181.08,-2953.65
2026-03-15T12:00:00-05:00,16.86,31.843,13.76,18597,10796.67,52330.25,52992.03,10794,81,20109.44,28246.4,21292.64,26341.7,13978.83,5418.03,-2697
2026-03-15T13:00:00-05:00,19.82,37.08,18.747,18597,10882.17,54410.75,54904.21,12494,83,20841.01,29761.8,20917.12,25705.7,14732.52,6386.61,-2140.03
2026-03-15T14:00:00-05:00,28.55,30.637,18.085,18597,10914.25,55543.25,56236.22,13452,82,21392.21,30416.4,20610.84,25124.4,15580.98,7235.94,-2145.6
2026-03-15T15:00:00-05:00,31.84,32.392,19.165,18597,10750.5,56186.33,57087.86,14326,80,21654.79,30490.4,20138.76,24810.2,15930.94,8607.4,-2648.87
2026-03-15T16:00:00-05:00,34.43,29.17,14.255,18597,10857.5,56982.92,57302.33,16199,78,20637.85,30167.6,20083.2,24907,16468.34,9840.85,-1967.15
2026-03-15T17:00:00-05:00,32.55,31.81,12.43,18597,10843.33,57069.67,56531.04,19625,74,16761.36,27412.2,20701.05,25130.5,16002.65,11960.11,-524.97
2026-03-15T18:00:00-05:00,46.84,56.863,29.083,18545,10825,56050.25,54776.39,25813,69,8413.85,15536.2,21833.73,25546.3,14178.51,15037.9,1280.57
2026-03-15T19:00:00-05:00,45.84,52.885,30.795,18263,10887.5,54513.67,52980.83,30177,64,807.16,1498,23543.28,26359,11572.48,17073.32,3372.44
2026-03-15T20:00:00-05:00,38.04,40.045,25.443,18263,10931,53582.75,52737.96,29987,60,1.41,0,23691.22,27171.9,10695.14,17365.73,2582.66
2026-03-15T21:00:00-05:00,33.64,44.192,27.92,18263,10931,51302.25,51125.34,27400,57,0.87,0,24000.59,27637.7,10528.99,16786.58,551.8
2026-03-15T22:00:00-05:00,28.02,28.965,19.037,18263,11001,48777.75,48654.08,24882,55,0.71,0,24831.4,27862.7,10863.82,15056.76,-280.52
2026-03-15T23:00:00-05:00,22.72,22.39,14.738,18255.25,11099.83,46184.42,45981.73,22274,52,0.52,0,25541.32,28068.4,11512.36,12783.12,-891.97
2026-03-16T00:00:00-05:00,17.39,18.227,12.118,19483,11496.33,44481.75,44947.13,18568,50,0.44,0,25915.51,28674.4,12550.99,11549.64,-1483.32
2026-03-16T01:00:00-05:00,16.53,18.148,14.082,19483,11494,43469.92,43689.32,16941,48,0.56,0,26520.54,28190.5,14408.21,11151.17,-2548.78
2026-03-16T02:00:00-05:00,14.22,17.685,16.102,19678.83,11304,43099.42,43134.45,17816,45,0.25,0,25287.19,27319.1,14718.1,11983.76,-2610.27
2026-03-16T03:00:00-05:00,16.23,20.825,20.493,19725.5,11309.67,43088,43462.26,19824,43,0.18,0,23218.65,25615,15330.83,13549.02,-2283.82
2026-03-16T04:00:00-05:00,17.81,22.473,22.13,19808,11777.17,44152,44757.05,23149,42,0.08,0,20914.24,23061.5,15058.71,15085.05,-838.6
2026-03-16T05:00:00-05:00,31.07,38.965,34.643,19808,12027.42,46260.75,47175.22,27728,40,0.09,0,18324.24,20373.8,14034.1,16942.15,628.97
2026-03-16T06:00:00-05:00,42.69,39.288,38.822,19802.67,12393.67,49803.5,51437.8,33866,39,0.14,0,15666.76,17758.7,12136.17,19751.4,3503.93
2026-03-16T07:00:00-05:00,58.51,47.448,44.08,19882.75,13031.83,52506.25,54294.15,38351,38,176.73,223.1,13864.89,14922.2,8666.28,20441.21,7044.71
2026-03-16T08:00:00-05:00,39.93,41.498,46.685,19874.83,12879,53211.08,54880.49,33546,39,7702.18,7508.8,11886.51,12224.9,9228.39,20175.45,3136.92
2026-03-16T09:00:00-05:00,22.15,19.582,18.207,19982.67,12265.33,54147.42,55028.17,21390,42,20403.28,21682.4,12312.05,11114.4,11395.22,14405.03,-1494.48
2026-03-16T10:00:00-05:00,22.1,18.105,15.135,19869.75,11681,53803.08,54766.92,17170,44,24614.26,26133.5,12083.81,10811.6,13483.45,12363.17,-2795.02
2026-03-16T11:00:00-05:00,21.04,18.575,16.745,19600.08,11847.42,53172.67,53812.15,17681,46,25059.43,28293.1,10447.99,9651.6,14531.32,12935.6,-2799.34
2026-03-16T12:00:00-05:00,20.37,19.785,18.59,19519,12584.08,52419.17,52850.33,17700,48,25884.41,29682.9,8890.47,8348.7,15330.98,13421.86,-3529.59
2026-03-16T13:00:00-05:00,20.5,19.885,17.743,18579,13335,51759.17,51927.56,17578,49,25946.46,27248.1,8281.8,7303.9,16569.49,13320.25,-3484.76
2026-03-16T14:00:00-05:00,19.81,19.165,17.323,18579,13367.25,51363,51197.08,18082,50,24995.37,27270.4,8309.42,6531.8,16641.52,13099.31,-2409.94
2026-03-16T15:00:00-05:00,19.53,19.63,19.82,18586.5,12508.33,51079.42,51090.55,20743,50,22495.1,26215,7844.67,5954.9,16368.3,14819.05,-1722
2026-03-16T16:00:00-05:00,23.24,21.5,24.73,18668.58,12150.33,50930.92,51844.61,24957,51,18730.09,22071,7222.68,5530.9,16002.98,17066.21,-561.35
2026-03-16T17:00:00-05:00,29.3,46.37,45.518,18664,12082.08,51493.17,53097.87,30236,50,14317.69,18394.9,6848.43,5174.4,15824.61,20376.56,-237.63
2026-03-16T18:00:00-05:00,71.63,78.675,79.255,18664,11584.75,52257.17,53900.25,37522,48,8521.96,9969.2,6176.97,4875.5,14327.69,25094.87,1155.31
2026-03-16T19:00:00-05:00,91.5,125.968,139.665,18664,11648,53081.58,54125.22,46305,47,1290.32,1531.7,5401.87,4718.9,9973.81,27339.64,6922.59
2026-03-16T20:00:00-05:00,103.31,156.95,183,18664,11612.33,53600.58,55024.92,47629,45,0.71,0.1,5890.41,7166.8,8798.95,28299.18,6994.22
2026-03-16T21:00:00-05:00,109.56,88.948,101.608,18635.83,11633.25,52891.25,54027.52,44539,44,0.52,0,8379.86,9122.8,8131.61,28288.28,4056.42
2026-03-16T22:00:00-05:00,67.48,62.225,61.263,18074,11918,52057.25,52122.92,43744,42,0.41,0,11381.34,11899.3,6804.69,27521.46,1312.43
2026-03-16T23:00:00-05:00,42.26,39.818,38.252,17948,12090.58,50877.36,49990.4,42518,41,0.49,0,14181.53,14932.2,7038.69,25624.16,-360.05
2026-03-17T00:00:00-05:00,41.88,34.32,33.18,17948,12585.67,49722.75,49912.06,32900,39,0.29,0,16890.17,17031.4,6688.52,21968.99,-273.66
2026-03-17T01:00:00-05:00,32.99,27.653,26.535,17948,12992,49385,49654.46,30622,39,0.41,0,18763.03,19032.6,7516.72,20554.46,-1109.45
2026-03-17T02:00:00-05:00,30.23,29.775,28.517,17948,12457,49482.92,49650.68,29793,38,0.56,0,19622.4,20332.4,8764.66,20440,-1804.21
2026-03-17T03:00:00-05:00,30.62,40.458,39.238,17964.67,12692.67,49691.33,50059.17,29803,37,0.86,0,19821.25,21209.2,9889.34,20434.5,-1782.25
2026-03-17T04:00:00-05:00,33.66,34.212,33.22,18116.33,13187.5,50882.5,51016.45,30129,37,0.65,0,20606.7,21844.7,11158.56,21222.34,-2359.48
2026-03-17T05:00:00-05:00,37.66,29.885,23.29,17966.33,12788.17,53410.83,53699.36,31514,37,0.91,0,21689.12,22499.9,11669.47,21437.95,-1469.71
2026-03-17T06:00:00-05:00,46.67,27.96,26.253,18108.17,12366.17,56861.75,57630.91,33785,37,1.4,0,22825.36,23152.3,11439.22,21323.95,818.86
2026-03-17T07:00:00-05:00,49.18,29.515,20.168,18635.42,12102.58,59003.92,59470.66,35857,36,241.79,267.8,22805.61,23639.1,9796.12,21464.35,2799.51
2026-03-17T08:00:00-05:00,33.59,19.19,17.035,18165.58,12648.33,58400.17,59053.38,28504,41,9643.17,8978.2,20336.79,23344.8,10859.72,16905.92,782.25
2026-03-17T09:00:00-05:00,26.71,19.07,12.655,17386.83,13950.5,56454.5,56660.32,16814,46,23062.02,27777,16702.82,22532.8,11163.75,8126.16,-484.69
2026-03-17T10:00:00-05:00,19.62,13.6,7.033,17504,14352.17,54327.17,54037.11,11776,51,26048.56,33074.4,16555.9,22381.8,12252.85,5620.24,-2076.38
2026-03-17T11:00:00-05:00,19.35,13.182,2.167,17175.67,14611.17,52300.42,52178.3,10041,55,26223.45,34078.2,16141.56,22284.7,13468.24,4586.63,-2212.06
2026-03-17T12:00:00-05:00,17.57,5.15,-0.185,17079,14403.17,50446.33,50641.84,9510,58,26185.03,34324.8,14842.41,21566.5,14565.21,4343.24,-2229.82
2026-03-17T13:00:00-05:00,15.54,-0.975,-2.448,16969,14290.67,49275.83,49391.41,9377,61,25212.84,33652.6,14729.38,21359.7,15430.06,4384.69,-2453.58
2026-03-17T14:00:00-05:00,14.47,-2.77,-4.553,16969,14759.5,48408.92,48504.25,9104,63,23502.74,34126,15835.12,21730,16203.07,4380.56,-2830.04
2026-03-17T15:00:00-05:00,14.08,-3.422,-6.157,16946.08,14748.67,47849.08,48235.03,8521,65,22264.77,34488,17073.57,22526.9,17422.23,4565.43,-3660.3
2026-03-17T16:00:00-05:00,13.68,-2.942,-5.792,16959.83,14225.92,47911.75,48383.99,8572,66,20980.72,34009,18325.71,23603.5,18380.2,4701.55,-3670.7
2026-03-17T17:00:00-05:00,15.38,-4.462,-8.15,16561.08,14409.5,48303.42,49130.98,10935,65,17907.36,31854.6,19426.73,24455,18007.72,5836.79,-2127.07
2026-03-17T18:00:00-05:00,24.65,11.313,4.945,16565.83,14939.33,48808.75,49651.69,16376,64,11461.18,17944.4,20877.04,24530.7,15849.93,8632.62,404.67
2026-03-17T19:00:00-05:00,38.09,31.7,22.412,16641,14935,50039.67,50220.02,25993,60,1640.4,1685.3,22260.85,24439,11225.12,12042.1,4570.55
2026-03-17T20:00:00-05:00,36.69,30.695,18.113,16551,14935.17,51207.25,51561.08,26587,58,3.06,0.1,24566.54,25638.4,10591.57,12230.61,3825.25
2026-03-17T21:00:00-05:00,34.2,37.225,20.567,16551,14936.83,50422.17,51062.99,25219,56,2.88,0,25263.91,27266.7,9981.38,12240.37,1971.61
2026-03-17T22:00:00-05:00,30.04,34.47,22.18,16551,14978.25,48839.42,49480.75,23689,54,1.77,0,25069.23,28285,9914.5,12600.06,126.48
2026-03-17T23:00:00-05:00,25.08,29.255,18.827,16596.33,14718.33,46922,47610.9,21917,53,1.71,0,24323.08,28790.6,10328.02,11952.43,-231.31
2026-03-18T00:00:00-05:00,23.64,27.345,16.337,17095,14434.17,45668.08,45959.2,20995,52,1.63,0,24673.9,28215,10612.25,11038.62,-399.47
2026-03-18T01:00:00-05:00,23.34,27.272,16.18,17067.67,14179,44949.83,45221.73,20472,51,1.43,0,24480.73,27717,11095.38,10958.67,-918.94
2026-03-18T02:00:00-05:00,22.05,26.615,15.485,17013,14164,44604.5,44768.19,20364,49,1.35,0,24210.15,27129.1,11498.58,10951.03,-1014.2
2026-03-18T03:00:00-05:00,21.64,31.135,19.083,17037.17,14071,44896.67,44710.35,20461,49,1.36,0,24339.21,26381.3,12080.31,11121.47,-977.83
2026-03-18T04:00:00-05:00,23.6,35.615,23,17303,13885,45821.33,45134.08,21413,48,1.52,0,24294.81,25314.3,12555.88,12049.41,-1062.34
2026-03-18T05:00:00-05:00,29.19,37.73,27.965,17307.17,13906.83,47847.5,46996.11,24086,46,1.55,0,23524.51,24071.1,12388.02,12678.81,67.44
2026-03-18T06:00:00-05:00,34.64,38.273,31.332,17369.67,13924.5,50751.5,50305.36,28313,46,1.85,0,22246.31,22451.5,9452.02,13500.32,2950.02
2026-03-18T07:00:00-05:00,38.19,45.108,42.585,17595.58,14318.5,52025.75,51919.29,31472,45,228.43,230,20263.96,20490.6,6347.19,13851.02,5645.85
2026-03-18T08:00:00-05:00,25.27,24.503,24.27,17618.5,14385,51589.5,51815.46,24110,50,8910.59,8221.2,18534.1,18185.1,6912.99,11857.5,742.11
2026-03-18T09:00:00-05:00,12.96,13.207,13.025,17536,14681,51115.58,51032.23,11858,57,25147.43,26627.7,14008.04,14790.6,9739.09,5993.94,-3003.88
2026-03-18T10:00:00-05:00,10.65,10.115,9.14,17435.5,14622.17,50007.17,49720.61,7609,62,30319.8,32385.7,11988.2,11558.4,12954.59,5134.21,-5467.32
2026-03-18T11:00:00-05:00,10.75,13.257,13.985,17505,14709.92,48897.75,48976.36,9430,66,31204.47,33374.1,7981.24,9009.8,14598.31,5105.11,-3616.01
2026-03-18T12:00:00-05:00,12.66,15.467,16.4,17488,15040.83,47941.75,48404.24,11054,70,31560.18,33795.7,5277.28,6629.6,14747.03,5016.83,-2156.68
2026-03-18T13:00:00-05:00,14.33,14.803,15.312,17301,14727.33,47840.08,48352.67,11417,73,31209.93,33081.2,5169.84,5489,14930.46,5001.33,-2010.3
2026-03-18T14:00:00-05:00,13.72,11.088,10.882,17301,14938.17,47992.33,48677.56,10921,74,30935.05,33512.9,6117.45,5271.5,15348.31,5130.32,-2023.11
2026-03-18T15:00:00-05:00,14.43,4.478,4.505,17291.83,14423,48488.67,49547.74,10948,76,29861.74,33768.2,7585.1,5602.4,15888.1,5407.07,-1844.27
2026-03-18T16:00:00-05:00,14.64,-0.005,0.05,17307.67,14127.83,49433,50669.08,13048,76,27936.84,33283.8,8371.27,6167.1,15718.99,6579.74,-589.81
2026-03-18T17:00:00-05:00,18.12,4.098,3.955,17077,14940.17,50221.58,51821.17,15976,75,25704.93,31057.5,8441.54,6790.9,15663.94,9063.25,-266.4
2026-03-18T18:00:00-05:00,41.13,36.567,36.527,16956.83,14682.33,50588.75,51878.73,26647,74,14378.92,17570.4,9561.96,7783.8,14221.85,16120.89,2008.19
2026-03-18T19:00:00-05:00,67.19,42.782,42.772,16672.92,14401.33,50773.92,51006.77,38018,69,1686.22,1735.2,10978.96,10078.6,9826.24,20186.99,6628.26
2026-03-18T20:00:00-05:00,50.42,30.09,30.065,16606,14645,51016,51104.38,36613,66,39.62,0.2,14325.94,13739.1,10103.04,19864.48,5142.82
2026-03-18T21:00:00-05:00,34.02,25.23,24.932,16606,14831,49985,50178.48,31403,65,1.87,0,18579.43,17450.2,10089.82,18138.99,2081.86
2026-03-18T22:00:00-05:00,24.42,21.93,18.19,16606,15371,47811.67,47985.57,29263,64,1.9,0,21663.86,20682.2,11156.71,16839.88,-463.59
2026-03-18T23:00:00-05:00,20.5,20,13.928,16622.42,14823.25,45522.75,45735.18,26967,63,1.84,0,22715.33,23265.2,12291.83,14688.9,-1208.44
2026-03-19T00:00:00-05:00,21.5,18.63,12.723,16803,14576,43588.33,43329.07,19975,60,1.64,0,23672.11,25109.8,12700.42,12001.95,-1445.25
2026-03-19T01:00:00-05:00,20.7,15.905,10.428,16803,14753.5,42368.67,42120.93,18013,59,1.47,0,24386.1,24991,13450.59,10623.47,-1749.35
2026-03-19T02:00:00-05:00,20.11,16.252,10.14,16789.33,14931,41716.58,41570.46,17766,57,1.49,0,23932.56,24445.9,14186.16,10703.14,-1769.05
2026-03-19T03:00:00-05:00,21.21,16.553,10.702,16721,14931,41504.25,41285.2,18249,56,1.6,0,23245.83,23803.1,14788.84,10907.05,-1515.54
2026-03-19T04:00:00-05:00,21.73,15.878,10.118,16721,14576,41924,41745.18,19236,55,1.69,0,22547.69,23111.1,14675.38,10947.45,-510.28
2026-03-19T05:00:00-05:00,26.36,19.707,13.432,16721,14392.67,43530.33,42940.62,20778,53,1.68,0,22574.37,22353.1,14531.04,12362.31,-119.65
2026-03-19T06:00:00-05:00,31.22,22.957,5,16737.67,13996,46094.5,45596.67,23590,52,1.65,0,22306.9,21416.9,12493.78,13159.28,1542.7
2026-03-19T07:00:00-05:00,31.95,23.92,17.872,16964.58,14194.33,47679,47101.8,25876,52,278.1,242.6,21446.85,20112.3,10552.53,13500.89,2800.56
2026-03-19T08:00:00-05:00,23.56,11.66,9.028,16998.75,14589,47867.42,47560.23,18201,58,10241.21,8408.3,19326.21,18085.6,12170.76,10302.03,-1246.45
2026-03-19T09:00:00-05:00,12.84,0.715,-0.127,16916.5,14968.92,47968.08,48527.01,10128,64,25079.21,25816.7,12690.57,14424.9,15698.36,7929.27,-5859.76
2026-03-19T10:00:00-05:00,12.07,0.012,-0.025,16915.83,14660,48044.42,49321.76,10062,70,28739.74,31270.8,9215.72,10397.1,17677.92,7706.53,-5262.41
2026-03-19T11:00:00-05:00,15.13,0.002,-0.147,16914,14681.33,48375.33,50149.17,13490,73,28831.7,32460.7,5976.54,7511.4,16155.13,7678.81,-2026.49
2026-03-19T12:00:00-05:00,18.3,0.027,0.05,16914,14683.83,49126.92,51301.57,14878,77,29897.72,33206.6,4250.63,5357.4,15520.35,7901.15,-969.94
2026-03-19T13:00:00-05:00,21.74,0.948,0.522,16914,14697.67,50426.25,52924.43,15223,81,31085.45,33117.5,3986.87,4125.2,15279.66,8178.68,-808.71
2026-03-19T14:00:00-05:00,23.68,2.507,0.557,16830.33,14840.83,52060.17,54480.47,16212,83,31051.72,33548.7,4641.27,3767,15911.43,8801.74,-418.12
2026-03-19T15:00:00-05:00,26.53,5.457,0.76,16663.83,14578.5,53948.83,56229.53,17432,84,30842.82,33818.8,5496.48,4138.7,16388.08,9731.91,-246.99
2026-03-19T16:00:00-05:00,29.15,5.323,0.675,16670,14219.67,55874.83,57833.49,18575,85,30462.26,33408.2,6647.01,5001,16949.94,11114.97,-39.42
2026-03-19T17:00:00-05:00,25.05,6.155,3.038,16670,14280.5,57086.67,58526.26,19557,84,29506.78,31287.8,7831.63,6106.4,17188.31,12558.5,-90.54
2026-03-19T18:00:00-05:00,50.81,30.227,29.53,16580,13847,57174.83,57761.75,29541,82,17957.77,18414.1,9593.22,7623.4,14578.72,19096.27,2068.01
2026-03-19T19:00:00-05:00,86.69,42.64,35.745,16592.5,13466.5,55799.67,56304.85,40634,77,2360.19,1800.1,12759.19,10523.2,10296.56,23087.6,6516.06
2026-03-19T20:00:00-05:00,59.41,26.21,25.235,16730,13312.33,55116.5,55833.05,36174,73,2.32,0.3,18934.84,15039.3,11912.7,21288.4,3494.92
2026-03-19T21:00:00-05:00,38.41,25.152,18.822,16730,12943,53782.25,54282.99,31299,70,2.03,0,22552.07,19357.6,11879.65,18794.49,1997.83
2026-03-19T22:00:00-05:00,28.62,23.193,17.13,16730,12931.42,51161.58,51462.18,28763,69,1.93,0,23199.13,22217.9,11981.39,17389.58,189.93
2026-03-19T23:00:00-05:00,24.37,18.38,12.872,16730,12832.67,48011.33,48389.73,25617,67,1.8,0,23451.96,23733.9,12820.28,14918.21,-555.11
2026-03-20T00:00:00-05:00,21.47,18.863,13.36,16730,12933.08,45460.33,45266.22,21482,65,1.88,0,24082.48,23856.2,12661.11,12666.07,-1342.21
2026-03-20T01:00:00-05:00,21.03,17.385,12.082,16730,13598,43559.83,43461.67,19446,64,1.73,0,24184.6,23273.9,14247.76,12125.92,-2389.36
2026-03-20T02:00:00-05:00,19.81,14.313,9.17,16730,13598,42168.92,42244.96,18816,62,1.69,0,23285.26,22397.1,14879.54,11338.58,-2231.2
2026-03-20T03:00:00-05:00,19.38,12.652,7.703,16730,13551.67,41532.25,41816.9,19154,60,1.74,0,22370.77,21532.2,15333.47,11161.68,-1311.18
2026-03-20T04:00:00-05:00,18.91,13.03,8.028,16730,13404.92,41830.92,42094.74,19831,59,1.73,0,21933.48,20447,15423.33,11208.74,-634.42
2026-03-20T05:00:00-05:00,23.13,15.045,10.382,16721.42,13350.33,43030.42,43434.05,20817,57,1.54,0,22082.41,19133.7,15259.47,11533.08,-295.42
2026-03-20T06:00:00-05:00,28.03,16.922,14.613,16627,13574,45034.42,45604.5,23698,56,1.47,0,21169.81,17647.6,14122.71,13067.08,939.92
2026-03-20T07:00:00-05:00,31.38,18.925,18.325,16718.83,13667.5,46430.25,46939.47,27349,56,300.33,278.8,18745.04,16163.6,11759.58,13936.43,3558.76
2026-03-20T08:00:00-05:00,21.2,11.565,11.567,16825.58,13468,46857.67,47561.73,19955,61,10812.21,9058.8,16010.59,14284.5,13114.59,10909.2,-392.52
2026-03-20T09:00:00-05:00,13.23,0.355,0.355,16073.83,14244.33,47847.17,49086.77,9238,67,28014.55,26641,10492.17,11044.5,17373.41,8263.17,-6685.08
2026-03-20T10:00:00-05:00,13.6,0.005,0.01,15926.83,14251.33,48915.67,50632.73,11578,73,29278.84,31607.5,7960.54,7991.7,18226.99,8131.07,-3972.45
2026-03-20T11:00:00-05:00,15.32,0.905,0.075,15926,14001.25,50190.92,52163.97,14825,77,29069.97,32860.8,6185.14,6464.9,16828.67,8223.91,-867.41
2026-03-20T12:00:00-05:00,19.23,6.782,1.07,15802.08,13576,51785.42,53981.16,14921,81,31494.83,33345.6,5265.24,5418.8,17033.17,8463.75,-1046.61
2026-03-20T13:00:00-05:00,20.62,10.098,5.335,15527,13496.5,53960.33,56263.22,16005,85,31772.13,33305.7,5996.19,5073.8,17281.29,9322.87,-773.43
2026-03-20T14:00:00-05:00,24.19,12.832,9.845,15079,12978.67,56477,58216.34,17849,86,31875.49,34079.2,6521.36,5386.6,16857.34,10452.37,-322.51
2026-03-20T15:00:00-05:00,27.85,12.553,6.62,14273.17,13096.5,58768.58,60100.49,19589,88,32224.55,34317.4,6789.67,6053.7,17307.21,12097.23,-325.82
2026-03-20T16:00:00-05:00,27.34,15.058,10.732,14211,13347,60765.33,61570.61,21390,89,31888.46,33963,7384.78,6927.9,17861.32,13843.02,-432.41
2026-03-20T17:00:00-05:00,27.26,16.937,9.962,14211,13278.33,61534.42,61979.4,23182,87,29674.68,31787.9,8669.61,7905.4,17702.88,15355.18,-220.52
2026-03-20T18:00:00-05:00,68.16,30.72,30.445,14211,13314.5,60974.58,60875.37,32561,86,17741.16,18651.2,10772.44,9360,15481.22,21296.37,1681.65
2026-03-20T19:00:00-05:00,80.73,32.468,25.04,14223.5,13298.5,58901.75,59180.8,42742,81,2392.56,1926.6,13917.34,12079.4,10473.39,23870.92,6352.94
2026-03-20T20:00:00-05:00,62.24,24.555,23.882,14361,13009.33,57416.67,58228.65,38412,77,2.57,0.4,19102.15,16061.7,11095.65,21926.33,4515.97
2026-03-20T21:00:00-05:00,42.93,25.502,20.09,14437.08,12940.33,55394.17,56465.03,33005,75,2.11,0,22542.67,19899,11386.26,21039.21,1410.48
2026-03-20T22:00:00-05:00,29.68,23.088,17.64,16156,13399,52979.08,53904.3,29113,73,2.1,0,23999.25,22777.6,11822.82,18898.88,364.49
2026-03-20T23:00:00-05:00,26.1,21.292,16.077,16677.83,13422.33,50068.75,51098.25,26239,70,2.15,0,25031.74,24630,12093.31,16290.89,-192.97
2026-03-21T00:00:00-05:00,26.12,21.725,16.725,17567,13548.17,47643.25,48567.54,23760,68,2.17,0,25216.58,25504.8,11384.71,13954.49,-116.27
2026-03-21T01:00:00-05:00,23.97,20.765,16.147,17567,13584,45480.92,46357.81,21578,67,2.03,0,25080.53,25340,12024.69,13066.33,-964.89
2026-03-21T02:00:00-05:00,21.9,20.22,15.775,17567,13580.17,44039.83,44718.03,20070,66,2.12,0,24540.48,24643.8,12788.25,12569.58,-1244.33
2026-03-21T03:00:00-05:00,21.69,19.375,14.832,17567,13582,43111.67,43727.75,19130,64,1.99,0,23765.5,23721.1,13166.65,11994.15,-898.5
2026-03-21T04:00:00-05:00,20.9,18.43,14.485,17567,13584,42633.17,43253.97,18623,63,1.96,0,23515,22573,13483.7,11468.63,-571.63
2026-03-21T05:00:00-05:00,21.9,17.87,16.073,17563.42,13590.67,42762.92,43592.19,18699,61,1.83,0,22924.62,21157.8,13302.89,11895.13,-153.63
2026-03-21T06:00:00-05:00,25.51,20.398,20.51,17524,13717,43311.42,44151.74,19231,60,1.52,0,20695.18,19407.4,11877.74,13033.7,1157.59
2026-03-21T07:00:00-05:00,26.7,22.365,22.582,17524.42,13732.33,44052.75,45174.29,19656,59,314.6,287,18040.01,17455.2,9972.74,13454.19,2908.81
2026-03-21T08:00:00-05:00,22.34,18.432,17.457,17528.17,13616.42,45111,46796.54,11127,64,9858.6,9009.5,14885.28,15127.2,10122.69,11027.91,110.3
2026-03-21T09:00:00-05:00,12.27,19.885,7.165,17524,13987,46975.25,49266.51,-3443,69,26257.05,25751.7,10942.61,12153.1,13718.77,8355.5,-5869.31
2026-03-21T10:00:00-05:00,13.56,20.843,9.17,17524,14020,48856.42,51490.5,-7323,75,31995.11,30588.9,8763.93,9716.2,17289.01,8337.95,-6448.45
2026-03-21T11:00:00-05:00,18.37,19.13,4.303,17499.33,14017.83,50845.58,53837.07,-6129,80,32811.88,32143.9,8101.66,8533.5,18177.25,8100.29,-4353.18
2026-03-21T12:00:00-05:00,24.16,21.852,4.57,17376,14159.75,53209.17,56450.52,-3201,84,32194.79,32869.4,7553.34,8091.6,16302.58,8263.59,-766.81
2026-03-21T13:00:00-05:00,28.29,33.408,15.925,17376,13796,55919.42,59206.02,-1184,87,32883.83,33325.7,6686.82,8216.3,15923.69,9728.47,-83.85
2026-03-21T14:00:00-05:00,29.8,30.838,16.973,17376,13796,58732.67,61771.86,1795,90,32718.84,33792.2,6630.91,8758,16015.01,11692.64,-129.78
2026-03-21T15:00:00-05:00,38.97,25.69,16.443,17376,13794.67,61249.25,64039.09,4384,91,32680.47,34105.6,7547.72,9619.1,16148.94,13160.78,-251.25
2026-03-21T16:00:00-05:00,43.87,29.688,16.223,17376,14118.33,63067.17,65436.02,6488,91,32436.07,33882.3,8867.34,10884.5,16121.21,13891.95,-421.71
2026-03-21T17:00:00-05:00,42.69,29.733,15.75,17376,14392.33,63924.5,65600.09,9471,90,30402.01,31821.9,10763.15,12606.3,16656.62,14797.2,-445.9
2026-03-21T18:00:00-05:00,53.33,39.465,27.297,17376,14452.5,63218.58,64281.03,20924,88,18380.95,19094.4,13519.01,14803.3,14324.1,19270.08,2582.59
2026-03-21T19:00:00-05:00,65.25,34.067,25.28,17388.5,14502.17,60642.33,62006.18,34227,83,2566.61,2021.2,17169.27,18327.1,9349.98,22603.9,7125.33
2026-03-21T20:00:00-05:00,46.89,26.662,22.368,17526,14461.83,59053.75,60515.29,35122,79,1.67,0.4,23343.66,22997.5,10548.73,20668.2,3949.68
2026-03-21T21:00:00-05:00,37.2,27.625,19.175,17526,13673,56837.92,58385.03,32974,77,1.4,0,25760.21,27128.9,10062.35,19074.5,1826.89
2026-03-21T22:00:00-05:00,34.38,26.245,16.893,17526,13545.67,54143.83,55469.99,30302,75,1.51,0,26210.43,29814.8,9535.14,17308.44,529.31
2026-03-21T23:00:00-05:00,31.43,26.113,17.338,17387.17,13407.08,51292.17,52447.28,27462,73,1.73,0,26120.46,31223.8,9696.32,15213.37,-146.76
2026-03-22T00:00:00-05:00,27.87,22.59,14.335,17764,13369,48550.58,48874.94,24705,72,1.92,0,26385.62,31896.3,10086.18,13134.22,-222.06
2026-03-22T01:00:00-05:00,25.15,21.318,13.045,17764,13369,46397.33,46730.95,22471,70,2.01,0,26105.03,31631.3,10318.99,11863.58,-436.07
2026-03-22T02:00:00-05:00,21.78,20.363,12.328,17764,13422.33,44743.58,45305.42,20811,68,2.04,0,25986.41,31212.7,10608.56,10904.55,-601.41
2026-03-22T03:00:00-05:00,20.91,19.995,11.835,17764,13433,43488.25,44280.13,19531,66,1.97,0,25359.91,30741.3,11239.75,10659.03,-995.61
2026-03-22T04:00:00-05:00,21.48,18.948,11.422,17764,13433,42860.08,43668.8,18853,64,2.03,0,25254.42,30140.1,11934.54,10019.04,-870.82
2026-03-22T05:00:00-05:00,21.17,15.723,9.408,17751.5,13433,42634.5,43593.45,18602,63,2.03,0,25303.82,29467.2,11910.38,9221.81,-308.33
2026-03-22T06:00:00-05:00,21.16,16.362,9.623,17614,13558,42923.17,43850.37,18885,61,2.01,0,25092.02,28823.9,11206.48,8997.9,388
2026-03-22T07:00:00-05:00,22.09,17.372,9.935,17614,13583.33,43344.33,44620.14,18877,61,392.36,332.6,25236.73,28171.7,10733.6,8982.33,285.97
2026-03-22T08:00:00-05:00,13.99,12.793,-1.565,17614,13559.5,44616.25,46347.72,11788,66,8660.98,9442.9,22862.68,27303.5,12191.79,7410.38,-2527.09
2026-03-22T09:00:00-05:00,12.43,14.3,-10.352,17614,14180.83,46740.67,49045.35,3996,71,18548.81,26362.4,20662.81,26066,16287.2,6506.14,-5883.62
2026-03-22T10:00:00-05:00,15.06,14.945,-11.688,17614,14214,48711.75,51497.16,3556,77,20982.64,31135.8,20096.94,24997.9,19111.94,6621.2,-5521.33
2026-03-22T11:00:00-05:00,18.18,14.34,-13.825,17616.5,14128.83,50925.83,53938.57,5033,81,21718.01,32471.4,18368.9,24034,18156.48,6735,-2414.24
2026-03-22T12:00:00-05:00,24.11,13.32,-9.183,17644,13551.5,53437.67,56681.62,5665,85,23565.68,33023.8,17563.49,23046.2,17367.7,6890.68,-1029.02
2026-03-22T13:00:00-05:00,29.46,26.172,3.262,17644,13525.5,56339.17,59458.36,6574,88,25528.88,33100.6,17416.46,21865.9,16500.94,7268.07,-332.62
2026-03-22T14:00:00-05:00,35.89,45.02,9.19,17644,13503,59039.33,61878.84,8140,90,26684.35,33512.9,17266.92,20905.9,16398.15,8004.69,-58.21
2026-03-22T15:00:00-05:00,41.11,40.645,9.42,17644,13481.67,61528.08,63870.11,9147,91,28198.62,33770.5,17107.8,20447.4,16475.09,8613.44,-172.44
2026-03-22T16:00:00-05:00,48.43,49.133,18.613,17577.33,13439,63431.67,65168.9,11249,90,28042.28,33503.2,17290.07,20655.5,16332.98,9334.8,460.9
2026-03-22T17:00:00-05:00,40.94,39.733,20.17,17444,13993.67,64408.92,65430.72,15138,89,25212.65,31576.9,18107.85,21830,16759.43,11654.04,-31.45
2026-03-22T18:00:00-05:00,46.88,70.115,31.313,17444,14321,63810.17,64129.72,25223,86,14654.39,18899.8,20701.15,23427.1,14847.12,16560.9,1873.4
2026-03-22T19:00:00-05:00,45.75,88.75,38.948,17456.5,14260.67,61809.5,62027.6,35824,82,2070.14,1976.6,23800.67,25041,9997.89,18270.78,5834.19
2026-03-22T20:00:00-05:00,43.23,69.637,29.472,17594,14191,60322.33,60807.2,36424,78,1.27,0.5,25439.11,27176.5,9351.08,19037.62,3964.55
2026-03-22T21:00:00-05:00,37.81,41.068,21.453,17594,13972.67,57736.42,58600.05,33926,75,1.2,0,25950.77,28528.5,9553.27,18989.2,784.29
2026-03-22T22:00:00-05:00,31.64,50.14,24.945,17594,13905.67,54207.67,54952.9,30440,72,1.37,0,25818.47,27554.5,9484.5,17587.48,-222
2026-03-22T23:00:00-05:00,26.88,25.688,17.608,17615,13986.92,50305.17,51226.69,26545,69,1.47,0,24898.52,26482.1,10317.46,15860.47,-452.86
2026-03-23T00:00:00-05:00,25.62,24.203,21.153,17846,14044.83,47150.92,47540.19,23621,67,1.72,0,23671.28,26703,10138.3,13648.86,-81.53
2026-03-23T01:00:00-05:00,25.16,23.89,23.73,17846,13970.33,44860.5,45168.8,22610,65,2.15,0,22238.53,25070.6,10779.98,12903.54,-1091.55
2026-03-23T02:00:00-05:00,22.7,23.028,22.035,17846,14003,43571.25,43673.4,21824,63,2.26,0,21678.05,23531.1,12297.97,13162.53,-1457.61
2026-03-23T03:00:00-05:00,24.84,22.093,20.695,17853.5,14021.5,42822.92,43117.54,21515,61,2.28,0,21234.46,22281.5,13073,13241.31,-1035.92
2026-03-23T04:00:00-05:00,25.45,21.582,20.365,17939.75,13996.67,42952.75,43454.14,21589,60,2.4,0,21188.91,21234,13077,13272.6,-472.92
2026-03-23T05:00:00-05:00,28.91,24.052,20.14,17978.92,13921.83,44322.67,45180.95,22780,59,2.35,0,21354.57,20406.4,12677.53,13727.7,-36.23
2026-03-23T06:00:00-05:00,32.3,28.733,24.655,17974.08,14036,46921.33,47742.34,26480,59,2.24,0,20229.04,19407.2,10765.26,14028.11,1666.15
2026-03-23T07:00:00-05:00,33.48,42.69,29.97,18189.67,13930.83,47808.42,49436.17,28705,59,371.91,327.2,18610.3,17822,8854.46,14279.57,3022.52
2026-03-23T08:00:00-05:00,23.18,29.343,19.775,18373,14067.33,48168.33,50283.69,22535,62,9268.54,8502.1,16128.44,15787.2,10249.05,12908.52,-727.43
2026-03-23T09:00:00-05:00,20.24,41.207,9.703,18373,14484,49361.5,51753.66,13158,65,21751.38,22154.8,14140.56,13703.5,14270.27,10810.72,-6364.63
2026-03-23T10:00:00-05:00,21.25,44.557,9.94,18338,14564,50624.83,53160.69,13275,68,26220.86,26097.3,11003.07,10915,17024.69,10870.89,-5695.15
2026-03-23T11:00:00-05:00,24.03,41.762,9.833,18249.67,14518,51872,54393.71,16168,71,29295.23,27796.2,6332.6,7479,16604.96,10899.47,-2532.34
2026-03-23T12:00:00-05:00,26.28,39.045,16.047,18239,14209.17,53404.25,55668.4,18655,74,31377.02,28900,3251.6,4830.2,15440.52,11723.83,-827.04
2026-03-23T13:00:00-05:00,31.4,64.55,27.572,18239,13997.83,55369,57164.47,21807,76,31136.19,29381.9,2244.97,3498.4,15009.59,13726.76,-155.42
2026-03-23T14:00:00-05:00,32.68,48.19,22.695,18205.5,14193.33,57481,58695.71,24160,78,31138.7,29799.9,2038.66,3087.3,15546.19,16254.1,-817.22
2026-03-23T15:00:00-05:00,39.43,30.915,23.04,18057.83,14262.42,59510.25,60144.81,26315,79,30878.62,29763.3,2160.5,3321.9,15504.8,18281.77,-912.37
2026-03-23T16:00:00-05:00,49.06,26.507,26.005,17850,14163.67,61549.58,61480.91,28785,80,30147.82,29498.2,2479.07,3898.9,15684.53,20011.66,-459.51
2026-03-23T17:00:00-05:00,45.31,29.762,29.075,17600,14120,62722.25,61908.39,32234,80,27474.46,26798.1,2981.94,4675.1,15778.17,21938.49,-207.5
2026-03-23T18:00:00-05:00,89.11,98.655,97.962,17600,14144.5,61303.58,61123.7,41294,78,16230.11,15878.9,4034.46,5624.3,13603.67,27335,1874.96
2026-03-23T19:00:00-05:00,119.61,187.868,184.835,17600,13830,57743,59518.07,50838,75,2151.02,1833.6,4923.19,6838.4,8514.43,29868.25,8106.06
2026-03-23T20:00:00-05:00,124.27,299.618,293.332,17600,13532.17,56128,58715.13,51104,71,0.85,0.6,5199.3,8474.4,6725.56,30330.03,7896.33
2026-03-23T21:00:00-05:00,102.16,903.17,894.952,17600,13545.67,53037.67,56870.11,47390,69,0.66,0,5900.39,10269.5,5418.32,31136.17,3365.15
2026-03-23T22:00:00-05:00,87.99,323.598,323.985,17596.67,13540.33,49648.25,53675.37,43143,68,0.35,0,6704.23,11897.4,5406.82,30370.47,61.86
2026-03-23T23:00:00-05:00,45.16,86.565,82.963,17531.92,13556.08,47244,50268.46,40622,66,0.43,0,7594.41,13202.3,6340.5,27610,-190.77
2026-03-24T00:00:00-05:00,40.51,92.067,84.028,17223,14375,45275,47278.86,37323,64,1.06,0,8119.76,11641.8,5902.65,25686.59,-355.31
2026-03-24T01:00:00-05:00,32.82,51.918,51.958,17223,14492.83,43855.92,45016.09,35052,63,1.43,0,8845.3,11896.2,6647.27,24701.53,-1650.75
2026-03-24T02:00:00-05:00,32.35,43.11,43.11,17223,14506.17,42816.17,43464.85,33539,62,0.35,0,9349.29,11849.1,8064.01,23600.59,-2200.19
2026-03-24T03:00:00-05:00,34.4,47.185,47.195,17223,14410,42321.83,42845.84,33230,62,0.36,0,9085.29,11833.3,9755.29,23261.84,-2273.77
2026-03-24T04:00:00-05:00,32.96,48.335,48.745,17226.75,14388.83,42719,43230.9,34341,62,0.35,0,8336.4,11672.5,10457.75,22944.02,-856.02
2026-03-24T05:00:00-05:00,36,70.53,70.932,17268,14646.17,43957.83,45013.69,35962,61,0.35,0,7902.76,11378,9805.25,23097.28,676.18
2026-03-24T06:00:00-05:00,39.05,131.202,131.045,17297.17,15046.25,45927.17,47683.38,37941,60,0.35,0,7855.65,11183.1,7964.92,23802.95,2064.71
2026-03-24T07:00:00-05:00,41.62,118.557,119.103,17691.75,15114.5,46825,49190.43,38191,60,184.24,285.4,8457.82,10990.5,7258.98,24240.59,1459.03
2026-03-24T08:00:00-05:00,34.98,39.05,26.033,18046.75,15516,47608.83,49899.37,33009,64,6426.34,6944.6,8050.74,10239.2,7376.58,21199.74,-255.7
2026-03-24T09:00:00-05:00,29.33,30.87,29.807,18046.75,16560.83,49407.25,51340.45,25004,67,18274.03,19582.8,6003.36,9274.7,7170.34,14254.18,-740.34
2026-03-24T10:00:00-05:00,26.92,31.3,20.995,17978,16584.67,50623.08,52716,18141,71,25511.98,25226.9,6879.87,9222.3,10184.35,11315.13,-3378.97
2026-03-24T11:00:00-05:00,26.55,34.015,23.875,17978,16550.58,52188.42,54135.03,17759,76,27022.99,27813.8,7301.6,9602.5,11806.46,11393.83,-2926.59
2026-03-24T12:00:00-05:00,31.58,52.082,30.415,17955.67,16585.67,53963.25,55881.33,19038,79,28148.75,29256.4,6624.47,9483.9,12344.41,11740.34,-2628.88
2026-03-24T13:00:00-05:00,42.1,56.405,32.835,17822.33,16556.5,56386.75,57862.11,19941,82,29897.31,30484.4,6378.53,9580.6,13293.33,12620.85,-3408.74
2026-03-24T14:00:00-05:00,47.24,39.005,29.71,17639,16697.33,58533.92,59432.01,20913,84,30061.84,30770.3,7409.33,10075.6,14917.29,13098.34,-3858.2
2026-03-24T15:00:00-05:00,51.6,29.73,24.793,17414,16782.83,60762.5,61082.34,21683,85,30355.84,30777.9,8595.01,10890.6,15387.32,12663.66,-2677.47
2026-03-24T16:00:00-05:00,51.18,29.225,24.57,17289,16468.83,62600.42,62575.19,22493,85,29992.36,30594.1,10025.63,12079.4,15069.68,12903.6,-1876.44
2026-03-24T17:00:00-05:00,50.42,44.045,26.665,17273.33,16453.75,63497.67,63177.32,24596,84,26957.27,28065.7,11925.4,13326.3,15426.43,14951.38,-1071.58
2026-03-24T18:00:00-05:00,67.96,54.587,46.638,17233.67,16549.92,62449.75,62255.08,33099,83,15789.72,16574.2,13709.36,14706.2,13600.74,19723.52,2238.41
2026-03-24T19:00:00-05:00,59.69,93.575,93.755,17192,16805.33,60271,60890.02,43336,79,2161.81,1887.5,14861.73,16918,8321.01,22452.91,8388.4
2026-03-24T20:00:00-05:00,53.05,50.647,50.525,17192,16720.67,59285.25,60216.95,40535,76,1.52,0.7,18785.48,20599.9,9302.82,23215.39,4802.33
2026-03-24T21:00:00-05:00,42.31,37.225,31.53,17200.5,16646.83,57687.75,58356.76,35318,74,0.74,0,22509.63,23921.4,9548.71,22173.9,781.64
2026-03-24T22:00:00-05:00,36,32.715,23.57,17279,16934,54757.42,55159.67,31485,72,0.33,0,23497.07,25721,9382,19472.43,-174.68
2026-03-24T23:00:00-05:00,31.76,29.898,20.485,17293.67,16953.33,51228.92,51884.91,28226,71,0.34,0,23377.7,26562.8,10208.27,17292.12,-1341.4
2026-03-25T00:00:00-05:00,27.59,26.227,17.42,18280,15824.67,48372.92,48143.76,24505,70,0.36,0,23966.55,26506.5,11271.03,15293.17,-1602.87
2026-03-25T01:00:00-05:00,25.93,25.072,16.378,18280,15857.33,46400.17,45973.33,23107,69,0.36,0,23307.19,26339,12684.87,14280.67,-1893.51
2026-03-25T02:00:00-05:00,24.36,24.195,15.953,18280,15852.5,45172.17,44616.37,22280,68,0.37,0,22921.2,25670.4,13706.26,13956.2,-2169.15
2026-03-25T03:00:00-05:00,24.32,23.27,15.102,18287.5,15808.5,44470,43947.14,22057,67,0.37,0,22389.96,24881.5,14787.54,13911.18,-1764.51
2026-03-25T04:00:00-05:00,24.57,23.028,15.207,18373.75,15543.33,44610.92,44134.29,22572,67,0.39,0,21967.44,23955.3,14782.54,13846.42,-744.08
2026-03-25T05:00:00-05:00,29.41,25.178,17.55,18418.92,15276,46094.17,45772.3,24229,66,0.99,0,21719.83,23075.2,14413.24,14473.7,-10.83
2026-03-25T06:00:00-05:00,30.15,28.67,20.438,18466.83,15281.42,48704.17,48180.54,26670,66,1.85,0,21868.6,22295.7,12852.2,14660.05,1344.86
2026-03-25T07:00:00-05:00,33.34,27.065,20.005,18133.75,15814.25,49775,49530.77,27587,66,400.3,339.5,21791.06,21109.5,11566.91,14949.27,1753.12
2026-03-25T08:00:00-05:00,30.47,23.325,16.71,18141,16234.17,50142.92,50414.69,23234,68,7231.64,7914.8,19570.35,19516.6,11796.28,12114.13,890.7
2026-03-25T09:00:00-05:00,24.73,23.278,13.085,18145.17,16083.83,51356,52295.55,16974,72,17179.52,21611.5,16978.81,18219.9,12864.6,9191.29,-1433.3
2026-03-25T10:00:00-05:00,28.51,29.348,10.26,18191,16125,52934.5,54268.92,14399,75,20614.5,26940.4,17646.43,17534.4,14579.35,8856.59,-3510.87
2026-03-25T11:00:00-05:00,34.03,27.865,10.293,18157.17,16156.67,54728.17,56349.62,14832,78,23413,29014.1,16326.67,16517.9,15587.17,8783.73,-2906.48
2026-03-25T12:00:00-05:00,35.09,31.152,12.638,17790.83,16277,56812,58656.99,16169,81,25960.59,30306.1,14516.39,15872.7,15525.67,9230.81,-1887.48
2026-03-25T13:00:00-05:00,37.95,54.655,12.985,17585.33,16179,59398.17,61010.26,17552,84,26371,31489.4,15280.46,16442.7,15403.08,10018,-1478.61
2026-03-25T14:00:00-05:00,43.4,62.685,16.213,17517.75,16183.58,62004.67,62947.6,17748,86,26912.11,31920.9,17155.18,17911,15478.34,9817.46,-971.77
2026-03-25T15:00:00-05:00,50.42,57.018,20.683,17515,15985,64108.17,64698.51,18859,87,26971.37,32147.6,18151.94,19584.4,15650.17,10736.46,-1042.56
2026-03-25T16:00:00-05:00,48.55,56.773,18.845,17515,15846.42,65711.67,65935.26,20175,86,26632.69,32278,18800.22,21130,15988.51,12017.94,-1434.42
2026-03-25T17:00:00-05:00,53.44,35.003,15.225,17515,14850.92,66484.5,66084.16,22417,86,24514.17,29877.4,19509.22,22516.7,16106.9,13389.19,-1034.63
2026-03-25T18:00:00-05:00,61.07,48.895,31.615,17515,14730.67,65269.83,64697.34,28680,84,15164.22,17859.6,21576.69,23664.9,14700.67,17488.75,705.88
2026-03-25T19:00:00-05:00,66.08,50.918,39.825,17514.17,14593.92,63333.08,62840.72,37269,80,2445.48,2071.3,23733.24,24480.5,10285.9,20308.61,5794.52
2026-03-25T20:00:00-05:00,58.45,50.803,40.54,17505,14642.5,62184.33,61932.42,37634,77,9.6,1.1,24636.19,26132.7,9020.52,20599.53,5582.42
2026-03-25T21:00:00-05:00,50.41,56.225,40.52,17513.5,14682.5,59814.75,59774.35,34353,75,0.34,0,25615.96,27834.2,8466.06,20391.07,2310.06
2026-03-25T22:00:00-05:00,42.14,34.725,23.863,17607,14785,56183.5,56224.2,30614,74,0.34,0,25838.28,28908.1,8627.28,18872.37,46.46
2026-03-25T23:00:00-05:00,32.27,27.61,17.862,17607,14720.5,52451.33,52699.45,26842,72,0.34,0,25299.45,29640,9407.86,16688.61,-545.5
2026-03-26T00:00:00-05:00,29.99,24.423,14.765,17607,14747,49355.83,49484.84,24807,71,0.35,0,24712.35,28953.4,10188.95,14976.01,-967.81
2026-03-26T01:00:00-05:00,28.26,24.115,14.618,17607,14668.67,47331,47309.11,22494,70,0.37,0,24847.77,28582.3,11220.32,13059.67,-1134.57
2026-03-26T02:00:00-05:00,26.02,24.14,15.015,17607,14632,45862.67,45922.07,21158,69,0.37,0,24774.21,28058.1,11696.7,11959.24,-1277.98
2026-03-26T03:00:00-05:00,27.56,23.628,14.337,17607,14632,45026.83,45219.44,20872,68,0.42,0,24166.78,27433.3,12512.89,11837.54,-1153.3
2026-03-26T04:00:00-05:00,25.57,23.705,14.58,17610.75,14632,45032.08,45357.48,21102,67,0.43,0,23873.81,26904.2,13024.24,11918.03,-853.12
2026-03-26T05:00:00-05:00,29.63,26.1,16.418,17652,14632.67,46470.58,46817.92,22264,67,0.59,0,24037.51,26460.1,12817.59,12224.05,-454.06
2026-03-26T06:00:00-05:00,28.23,30.442,19.332,17384.5,14871.08,49074.67,49108.95,24585,67,0.42,0,24326.99,26009.5,11429.92,12642.29,983.52
2026-03-26T07:00:00-05:00,30.07,28.05,18.285,17056,15274.42,49951.92,50339.61,25364,67,317.63,384.7,24239.2,25617.2,10654.5,13014.35,1282.07
2026-03-26T08:00:00-05:00,26.08,22.282,13.887,17336.67,15420.83,50296.25,50879.79,21484,69,6231.17,8380.3,22455.25,25120.8,11052.35,10987.9,-128.33
2026-03-26T09:00:00-05:00,27.26,16.485,6.788,17344.67,15920.83,51497.25,52498.19,15217,72,14645.61,21755.7,21537.6,25737.4,12634.01,8278.81,-1996.57
2026-03-26T10:00:00-05:00,26.65,18.97,3.255,17282,16118.33,52998.92,54218.04,12649,76,18045.73,26600.8,22171.08,25386.2,14656.18,7788.35,-3178.01
2026-03-26T11:00:00-05:00,29.21,22.125,3.173,17182,15884.67,54876.92,56029.69,12835,79,20552.68,28840.2,21359.43,25403.5,16582.52,8214.51,-3326.48
2026-03-26T12:00:00-05:00,30.05,41.365,7.178,17178.25,15667.5,56808.42,58059.98,14186,82,21454.51,30398.2,20951.49,25688.5,16758.31,8576.64,-2376.56
2026-03-26T13:00:00-05:00,39.09,45.438,8.83,17103.67,15630.5,59053.25,60470.32,15738,84,21754.24,31927.3,21397.48,26360.2,16384.82,8885.34,-1707.81
2026-03-26T14:00:00-05:00,41.03,48.588,12.862,17068.33,15616.58,61423.75,62534.12,16510,86,23126.14,32308.1,21656.96,26972.1,15969.64,8483.19,-803.26
2026-03-26T15:00:00-05:00,43.8,36.277,14.507,16822.33,15553.67,63523.33,64486.87,17587,87,23928.67,32473.4,21854.01,27625.7,16216.62,9623.99,-829.79
2026-03-26T16:00:00-05:00,46.92,31.622,16.125,16731.5,15717.67,65491,66002.98,19311,88,23970.32,32607.1,22111,28274.8,16335.96,10591.94,-720.11
2026-03-26T17:00:00-05:00,46.9,30.435,12.258,16456.5,15631,66182.33,66513.13,21132,87,22430.56,30591,22540.7,28938,15950.45,12340.19,-560.78
2026-03-26T18:00:00-05:00,64.54,39.96,23.395,16392.33,15498.83,65046.92,65504.9,27315,85,14133.41,18655,23698.94,29202,15371.87,16290.56,922.14
2026-03-26T19:00:00-05:00,58.26,42.363,27.992,16606,15526.17,62882.33,63656.24,34985,81,2361.74,2245.2,25549.92,29280.6,11486.01,19320.76,4417.69
2026-03-26T20:00:00-05:00,53.91,40.027,27.253,16504.67,15908.5,61719.17,62518.26,35340,78,2.51,1.4,26412.3,30264,10076.78,19390.9,4782.13
2026-03-26T21:00:00-05:00,45.64,47.82,32.42,16318,16399.33,59370.5,60307.06,33151,76,0.38,0,26363.35,31022.3,9319.12,19463.94,2673.89
2026-03-26T22:00:00-05:00,41.38,36.062,23.58,16318,16366,55696.83,56879.89,29508,74,0.42,0,26442.9,30913.2,9483.02,18248.65,292.54
2026-03-26T23:00:00-05:00,32.35,30.682,19.177,16338.5,16365.08,52153.5,53308.5,25894,73,0.42,0,26385.86,31101.8,9660.71,15913.57,-249.07
2026-03-27T00:00:00-05:00,28.48,27.45,16.285,16110,16636.83,49191.5,49574.16,23303,71,0.43,0,26046.07,30645.8,10038.12,14318.64,-900.86
2026-03-27T01:00:00-05:00,26.93,27.253,17.045,15656,16925.5,46835.83,47350.88,21155,70,0.45,0,25674.39,30381.4,11595.26,13543.29,-2187.3
2026-03-27T02:00:00-05:00,24.26,23.995,15.33,15656,16950.33,45429.08,45752.48,20563,68,0.44,0,24753.06,29737.6,13233.62,13027.51,-2233.84
2026-03-27T03:00:00-05:00,23.64,23.918,16.037,15656,17101.33,44349.5,44959.01,21042,66,1.57,0,23143.88,25915.1,13517.14,12711.2,-1474.52
2026-03-27T04:00:00-05:00,25.06,24.675,19.385,15659.75,16431.33,44241.58,44988.38,22515,65,0.52,0,21453.97,22543.7,13907.75,12948.96,-473.71
2026-03-27T05:00:00-05:00,30.66,23.932,19.555,15701,16247,45612,46390.44,24182,64,1.22,0,21253.92,20548.7,13756.26,13691.96,150.78
2026-03-27T06:00:00-05:00,30.6,24.653,18.935,15701,16257.42,47731.83,48786.37,25995,63,2.05,0,21534.71,20147.2,12432.05,13972.93,1745.01
2026-03-27T07:00:00-05:00,33.27,21.81,16.065,15726.42,16629.75,48750.42,50286.67,26028,63,507.48,448.1,22181.13,19413.7,12151.36,13804.72,1995.32
2026-03-27T08:00:00-05:00,29.28,17.075,14.102,15781,16447.83,49313.08,51311.95,19923,66,8388.23,8603.1,20903.3,22555.1,12484.48,10336.99,86.9
2026-03-27T09:00:00-05:00,26.3,4.558,3.77,15774.75,16409,51091,53189.95,13379,69,15516.31,20629.8,22057.36,25586.2,14136.91,7544.88,-2641.89
2026-03-27T10:00:00-05:00,30.6,8.928,4.043,15676.33,16585.17,52781.92,54902.81,13456,71,15945.59,23042.8,23211.3,26472.4,15819.85,7530.44,-2280.48
2026-03-27T11:00:00-05:00,32.54,12.547,5.13,15528,16513.5,54144.92,56313.93,13599,73,17848.3,24496.8,22575.02,27031.3,16002.03,7920.57,-2805.04
2026-03-27T12:00:00-05:00,39.23,21.45,7.095,15524.08,16561.67,55350.33,57809.14,15840,74,17804.54,25438,21582.49,27394.9,16058.52,8893.5,-1761.43
2026-03-27T13:00:00-05:00,45.16,28.122,15.638,15481,16611.83,56699.42,59279.43,18518,74,16929.55,23735.7,21133,27278.7,14937.97,10334.86,-754.57
2026-03-27T14:00:00-05:00,51.69,28.18,16.86,15480.75,16436.17,57873.42,60307.21,20082,74,16241.24,23435.9,21431.32,27325,15200.21,11762.21,-1031.56
2026-03-27T15:00:00-05:00,51.52,37.542,22.702,15478,16411.42,58939,60941.96,22734,73,14278.83,22513.3,21818.92,27389.9,14819.91,13216.66,-673.79
2026-03-27T16:00:00-05:00,55.02,39.438,23.028,15478,15952.58,59444.33,61124.19,24366,71,12528.69,19691.6,22520.7,27724.6,15291.39,14646.56,-878.13
2026-03-27T17:00:00-05:00,51.12,33.323,18.795,15478,16085,59173.17,60378.02,24799,69,11361.94,16943.1,23086.99,27707.3,15913.72,15860.16,-1208.43
2026-03-27T18:00:00-05:00,60.56,36.217,21.222,15478,15923.25,57726.17,58374.37,28862,67,5494.65,9857.4,23512.83,27952,15030.69,17977.06,462.53
2026-03-27T19:00:00-05:00,52.5,35.572,21.403,15478,15626.33,56273.58,56754.28,31125,64,537.61,1055.5,24586.34,27421.2,13695.71,18498.93,1731.06
2026-03-27T20:00:00-05:00,47.82,29.88,19.74,15320.83,15726,55197.42,56501.79,30496,62,2.42,0.6,24787.41,26539.6,14048.76,18737.27,948.16
2026-03-27T21:00:00-05:00,42.27,27.975,18.82,14926.67,15647,53290.08,54783.65,29499,61,2.4,0,23914.46,25398.8,14079.42,18206.4,484.06
2026-03-27T22:00:00-05:00,37.63,28.213,19.355,14804.33,15355.33,50979.75,52207.61,28063,60,2.23,0,22929.9,24216.3,14184.47,17547.97,-216.23
2026-03-27T23:00:00-05:00,31.87,26.267,19.69,14844.08,15284.25,48472.42,49470.55,25555,59,2.37,0,21628.42,22789.4,14535.05,16987.77,-821.99
2026-03-28T00:00:00-05:00,28.18,25.198,18.863,15373,14923.83,46311.67,45551.58,27099,59,1.73,0,19327.56,19616.7,14475.3,17111.28,-574.38
2026-03-28T01:00:00-05:00,26.97,27.448,23.412,15373,14965,44547.67,43913.26,27244,58,1.75,0,17404.87,17457.9,14586.62,17647.09,-1263.17
2026-03-28T02:00:00-05:00,26.04,25.973,25.827,15373,14965,43292.25,42744.32,28006,58,1.44,0,15337.74,15266.8,15615.93,18291.79,-1711.88
2026-03-28T03:00:00-05:00,27.57,24.145,24.568,15373,14965,42411.17,41900.88,28447,57,0.47,0,14034.42,13304.8,15636.01,18008.29,-858.3
2026-03-28T04:00:00-05:00,30.55,28.338,28.602,15376.75,14965,41930.17,41528.43,29556,57,0.45,0,12352.06,11631.2,15212.01,18390.78,-96.85
2026-03-28T05:00:00-05:00,34.98,38.405,38.398,15372.17,15067.5,41957.67,41630.58,31751,56,0.45,0,10147.01,10172.4,14922.32,20210.14,85.36
2026-03-28T06:00:00-05:00,40.07,35.532,35.922,15363,15162.33,43146.17,42404.62,33927,56,1.3,0,9124.51,8633.6,13856.38,20923.32,1634.09
2026-03-28T07:00:00-05:00,43.71,32.032,34.18,15363,14989.08,44204.67,43260.71,36254,55,155.62,285.5,7723.14,6995,11882.88,20739.23,4272.47
2026-03-28T08:00:00-05:00,44.65,32.045,34.33,15363,15307.33,45534.08,44447.48,36100,56,2509.08,3759.4,6843.53,5609.9,10703.76,20369.77,4394.38
2026-03-28T09:00:00-05:00,40.6,31.185,31.853,15363,15339.5,46747.58,46044.27,33669,57,6770,8360.6,6216.08,4588.8,10487.74,20045.74,2127.38
2026-03-28T10:00:00-05:00,35.77,27.303,27.072,15363,15330.5,47546.25,46913.41,30783,58,11808.26,11988.5,4919.46,3787.7,10397.18,19165.46,137.46
2026-03-28T11:00:00-05:00,30.42,18.668,18.65,15363,15376.33,47783.08,47448.43,26089,60,18037.9,14740.3,3673.54,3150.5,12022.81,17467.86,-1534.82
2026-03-28T12:00:00-05:00,26.5,15.22,15.22,15363,15686.17,47871.58,47528.89,22316,62,22518.31,17466.4,3047.55,2961.4,13939.27,15412.84,-2258.82
2026-03-28T13:00:00-05:00,21.25,14.94,14.8,15363,16151.33,48132.08,47704.53,20432,64,24643.77,21605,3027.55,4489.5,15705.81,14790.63,-3116.23
2026-03-28T14:00:00-05:00,20.76,16.145,15.803,15363,16704,48689.25,48151.5,20299,65,25224.01,22369.9,3119.83,4988.4,17537.6,15340.92,-4017.34
2026-03-28T15:00:00-05:00,20.19,16.68,15.95,15238,16555.5,49361.5,48806.32,20955,66,24826.52,21946.5,3510.99,5738.7,18097.76,15495.42,-3599.19
2026-03-28T16:00:00-05:00,20.22,15.173,13.228,15238,15949.92,49899.92,49394.16,21551,67,23948.33,21099.7,4370.4,6706.5,17286.05,14627.66,-2085.82
2026-03-28T17:00:00-05:00,21.91,17.748,16.225,15238,15415.5,50040.5,49953.97,24472,67,20260.44,18637.5,5318.43,7925.9,16352.44,15809.65,-390.75
2026-03-28T18:00:00-05:00,36.56,31.847,30.57,15238,15407,49662,49590.89,29772,66,13221.71,11597,6695.1,9357.6,15000.8,18778.05,1087.38
2026-03-28T19:00:00-05:00,51.16,31.11,31.138,15238,15302,49617.08,48758.37,38613,64,2407.69,2150.1,8556.45,10974.8,10764.4,20457.28,6434.75
2026-03-28T20:00:00-05:00,46.88,26.412,26.54,15238,15302,49771.83,49044.61,39093,63,3.5,2.6,10719.94,13199.8,9715.89,20207.64,6811.97
2026-03-28T21:00:00-05:00,33.77,24.653,24.685,15238,15302,48866.75,47993.28,34106,61,1.5,0,14857.19,15804.3,9394.16,19381.03,2690.6
2026-03-28T22:00:00-05:00,26.39,20.763,20.608,15046,15302,47394.58,46474.01,29170,60,1.02,0,18325.39,18126.9,9905.4,18263.76,161.94
2026-03-28T23:00:00-05:00,21.61,20.74,16.645,14086,15302,45639,44635.49,27465,58,1.2,0,19499.96,19934.7,10010.87,16369.31,-395.92
2026-03-29T00:00:00-05:00,25.23,17.32,13.233,14091.42,15959.5,43933.42,43493.76,23641,57,1.46,0,20398.84,19612.5,10415.45,14115.05,-452.65
2026-03-29T01:00:00-05:00,22.47,17.165,11.9,14151,16031,42753.58,42194.84,21898,56,1.7,0,20893.44,20096.7,11052.88,12914.17,-711.27
2026-03-29T02:00:00-05:00,21.7,16.31,11.115,14151,16031,41957.83,41216.97,20456,55,1.86,0,21532.23,20503.8,11664.14,11694.9,-728.26
2026-03-29T03:00:00-05:00,22.59,15.162,9.99,14151,15859,41444.75,40781.42,19716,54,1.92,0,21745.58,20725.3,12384.94,10967.46,-571.43
2026-03-29T04:00:00-05:00,21.96,17.298,11.575,14154.5,15515,41385.67,40593.71,19937,54,1.89,0,21426.54,20662.4,12335.83,11246.75,-730.13
2026-03-29T05:00:00-05:00,23.07,17.435,11.443,14168.92,15543,41856.58,40536.79,20452,53,1.84,0,21355.66,20762.3,12009.3,11266.49,-78.79
2026-03-29T06:00:00-05:00,22.41,17.847,11.88,14198,15557.67,42719.42,41090.45,21340,52,1.83,0,21305.98,21021.3,11159.05,11460.13,790.61
2026-03-29T07:00:00-05:00,21.92,17.79,11.638,14198,15559,43643.33,42182.52,21529,54,639.09,570.6,21411.81,21064,10686.67,11351.09,1025.96
2026-03-29T08:00:00-05:00,13.65,9.775,4.725,14198,15562.67,44775.58,43564.51,17232,59,8317.49,10444,19112.17,20460.6,11376.89,8290.67,-39.18
2026-03-29T09:00:00-05:00,3.8,8.627,-1.505,14198,15570,45852.5,45256.81,12124,65,15799.82,24618,17858.62,21213.8,13144.44,7279.63,-3669.54
2026-03-29T10:00:00-05:00,5.3,6.62,-8.087,14198,15559,46938.83,46334.79,9443,70,18641.94,28877.8,18739.71,20976.3,16789.82,7254.74,-5905.04
2026-03-29T11:00:00-05:00,5.52,3.375,-12.368,14198,15601,47969.67,47633.86,10056,74,19146.29,30741.2,18653.46,20340,18363.88,7066.52,-4314.2
2026-03-29T12:00:00-05:00,7.19,2.252,-13.647,13893,15908.5,49389.83,49218.57,11732,77,19586.89,31360,17926.22,19738.8,17728.95,7016,-2050.25
2026-03-29T13:00:00-05:00,8.79,3.377,-12.043,13893,15775.17,51080.25,50982.29,13069,79,19824.92,31119.3,18087.95,19599.7,16745.58,7009.31,-675.79
2026-03-29T14:00:00-05:00,12.42,12.045,-6.658,13893,15277,52925.17,53013.23,13321,81,20428.8,31324.7,19036.56,19813.6,16678.13,6999.06,-417.56
2026-03-29T15:00:00-05:00,13.42,18.675,-0.778,13846,15166.17,54683.92,55001.01,13507,82,21493.01,31358.5,19561.18,20475.7,17286.85,7426.04,-516.5
2026-03-29T16:00:00-05:00,15.35,32.87,1.205,13846,15170,56344.42,56719.46,14264,83,21601.12,31214.1,20372.28,21660.6,17458.2,7949.51,-506.09
2026-03-29T17:00:00-05:00,16.26,23.08,1.015,13846,15158.17,57725.5,58231.33,16103,82,20717.68,29295.7,20838.74,23177.2,17059.96,9681.58,-500.28
2026-03-29T18:00:00-05:00,31.54,25.343,14.435,13846,15024,57891.5,58012.7,22122,80,13673.08,18125.4,22176.6,24396.2,15595.84,13766.68,647.3
2026-03-29T19:00:00-05:00,38,30.94,21.615,13866.92,15024,57085.33,56844.98,30648,77,2243.57,2468.8,24265.7,25602.7,11372.18,15738.35,4876.92
2026-03-29T20:00:00-05:00,38.85,29.81,21.765,14097,15033.33,57143.58,56327.09,31989,74,2.49,3.3,25202.48,27348.6,10167.95,16046.19,4882.31
2026-03-29T21:00:00-05:00,38.89,28.708,19.765,14097,15035,55491.33,54501.65,29420,72,1.23,0,26190.15,28830.1,10007.99,15946.26,2638.7
2026-03-29T22:00:00-05:00,32.6,26.957,17.552,14097,15056.67,52556.25,51967.76,26852,71,1.45,0,25903.68,29428.3,10218.26,15582.81,405.77
2026-03-29T23:00:00-05:00,25.33,20.763,13.08,14211,14862,49316,48991.96,23568,69,1.54,0,25490.74,30002.3,11165.92,13991.66,-406.25
2026-03-30T00:00:00-05:00,24.63,21.077,12.845,15465,14732,46681.33,46003.24,21957,69,1.59,0,24838.92,29876.6,11328.83,12474.66,-303.67
2026-03-30T01:00:00-05:00,23.24,20.352,12.035,15465,14734,44707.17,44411.77,20274,67,1.68,0,24514.93,29488.7,11661.77,11227.14,-552.25
2026-03-30T02:00:00-05:00,21.12,19.043,11.075,15465,14734,43626.67,43579.02,19408,67,1.66,0,24254.44,28897.2,12475.91,11117.95,-1036.76
2026-03-30T03:00:00-05:00,21.19,20.5,12.425,15472.5,14734,43196.17,43073.44,19076,66,1.64,0,24091.54,28215.1,13336.41,11220.1,-1350.89
2026-03-30T04:00:00-05:00,22.38,20.825,13.097,15555,14734,43645.25,43329.39,19512,66,1.67,0,24075.33,27520.7,14435.6,11249.25,-938.74
2026-03-30T05:00:00-05:00,25.09,23.142,15.312,15555,14737.75,45324.17,44939.88,21049,66,1.72,0,24132.62,26653.3,13695.96,11528.45,174.35
2026-03-30T06:00:00-05:00,27.17,26.517,18.352,15564.17,14813.17,48003.67,47334.76,23780,66,1.8,0,24018.28,25760,12032.55,12046.46,1712.09
2026-03-30T07:00:00-05:00,26.48,31.407,21.728,15688.67,15339.42,49226.25,48719.27,25413,66,449.95,533.6,23343.61,24747.8,9783.72,12478.23,2056.01
2026-03-30T08:00:00-05:00,21.9,23.938,15.193,15786.33,16529.67,49869.92,49586.47,22154,68,6469.56,8693.5,21143.63,24361.7,9566.5,11698.47,429.26
2026-03-30T09:00:00-05:00,14.38,18.582,11.422,15839.42,17135.58,51168.58,50986.61,16936,71,13859.66,20459.6,20269.59,24893,10856.42,9472.45,-1560.34
2026-03-30T10:00:00-05:00,14.35,19.58,12.752,15834,17296.92,52779.58,52534.22,13472,75,16979.98,25117.1,22104.66,24498.1,12120.72,8373.74,-2454.3
2026-03-30T11:00:00-05:00,14.05,19.887,13.007,15820.67,17383.67,54466,54099.52,12599,78,19573.49,27868.3,22116.66,24035.3,13623.78,8196.71,-3165.58
2026-03-30T12:00:00-05:00,17.09,19.645,11.763,15794,17007.67,56231.17,55667.41,12986,80,21228.17,29498.5,21898.39,23837,15405.38,8040.07,-2624.49
2026-03-30T13:00:00-05:00,19.64,20.375,13.845,15773.17,16793.83,58317.25,57421.47,14063,82,22539.04,31196.4,21572.3,24377.2,15693.87,8342.65,-1790.85
2026-03-30T14:00:00-05:00,21,25.487,17.963,15669,16828.5,60034.25,59128.17,15377,84,22959.85,31999.7,21559.91,25044.5,15383.64,9142.36,-1458.76
2026-03-30T15:00:00-05:00,23.04,25.628,18.097,15669,16274.08,61826.25,60898.92,16222,85,23856.28,32007.5,21577.9,25890.2,16568.75,9895.99,-2047.41
2026-03-30T16:00:00-05:00,22.8,26.06,18.49,15667.33,16204.5,63556.75,62463.93,17671,85,23915.62,31821.2,21851.6,26690.9,16723.14,10759.29,-1309.96
2026-03-30T17:00:00-05:00,23.33,28.6,20.95,15659,16240,64195.33,62965.59,19920,84,21975.16,29745,22250.45,27493.8,16588.32,12379.21,-1514.21
2026-03-30T18:00:00-05:00,36.32,41.08,30.482,15650.67,17103,63303.25,61912.78,26570,81,12897.96,17777.3,23962.78,28038.2,14361.92,15782.82,1101.72
2026-03-30T19:00:00-05:00,44.13,41.733,29.81,15559,17148.33,61629.83,60265.11,33702,78,1998.28,2197.3,25995.14,28014.5,11040.19,18749.03,4631.23
2026-03-30T20:00:00-05:00,41.91,47.723,33.2,15559,17019.58,60966.17,59223.23,34529,76,3.15,2.8,26479.32,28933.2,9356.44,18700.35,5376.4
2026-03-30T21:00:00-05:00,39.1,89.465,63.918,15559,16806.33,58829,57229.44,32633,74,1.56,0,26367.48,29711,8136.71,18654.84,3215.01
2026-03-30T22:00:00-05:00,35.12,61.153,42.035,15559,16347,55413.75,54278.45,29633,73,1.67,0,25994.42,30334.4,8037.84,18524.09,268.92
2026-03-30T23:00:00-05:00,27.18,31.47,19.805,15559,16216.67,51809.08,51147.09,26051,72,1.8,0,25745.15,30501.5,8444.6,16530.58,-552.97
2026-03-31T00:00:00-05:00,25.93,30.182,18.637,15559,15760.67,48984.67,48867.08,23592,70,1.76,0,25481.3,30334.5,8774.1,14402.54,-593.22
2026-03-31T01:00:00-05:00,23.95,26.602,15.797,15559,15749.83,46883.33,46780.19,21991,70,1.83,0,24981.96,30320.2,9370.61,13395.5,-944.58
2026-03-31T02:00:00-05:00,22.34,24.72,14.483,15559,15739,45532.17,45400.56,21273,69,1.76,0,24284.49,29997.5,10356.39,13022.47,-1191.92
2026-03-31T03:00:00-05:00,22.16,24.755,14.5,15559,15719,44795.75,44707.03,21235,68,2,0,23550.43,29547.5,11381.75,12826.47,-1080.35
2026-03-31T04:00:00-05:00,23.45,26.36,15.738,15559,16025,45170.67,44925.41,21615,67,2.03,0,23437.6,28964.4,11833.35,12812.29,-796.35
2026-03-31T05:00:00-05:00,26.26,33.747,21.61,15559,16073,46566.25,46568.53,22950,67,2,0,23486.98,28255.2,11432.68,13381.84,-145.16
2026-03-31T06:00:00-05:00,27.17,38.073,25.298,15589.25,16085.5,49180.92,48949.08,25409,66,2.1,0,23570.49,27538.4,10113.02,13959.8,1156.13
2026-03-31T07:00:00-05:00,27.66,32.837,21.923,15790,16322,50074.92,50245.96,25547,66,688.22,521.8,23820.18,26708.9,9095.04,14154.4,1169.19
2026-03-31T08:00:00-05:00,23,16.04,10.358,15812.33,16098.67,50742.75,50925.91,19843,69,8921.77,7486.4,21862.3,25495.7,10569.39,11914.59,-1239.71
2026-03-31T09:00:00-05:00,17.29,16.155,8.765,16060.08,17009.17,52245.83,52484.48,16264,72,14887.3,17487.7,20979.73,25275.3,12431.06,10273.72,-2537.13
2026-03-31T10:00:00-05:00,16.07,15.47,9.915,16083,16847,54044.58,54165.15,13688,75,18634.57,22849.1,21504.48,24731.6,14515.47,9436.58,-3837.18
2026-03-31T11:00:00-05:00,17.22,15.193,10.085,16082.17,16626,55688.33,55966.04,13344,78,21969.78,25812.2,20295.3,23031.6,16105.89,9045.69,-3746.18
2026-03-31T12:00:00-05:00,20.74,16.225,9.975,15596.67,16237.33,57485.42,58027.08,14660,80,24874.24,27737.5,17803.11,21265.5,16024.86,9023,-2033.48
2026-03-31T13:00:00-05:00,23.51,20.747,13.865,15253,16263.67,59305.25,60216.18,16504,83,25761.14,29127.7,16920.61,20105.8,15950.6,10015.27,-1308.61
2026-03-31T14:00:00-05:00,26.12,23.097,16.627,14969,16208.67,61317.08,61849.52,18498,85,25228.92,29241.8,17321.3,19830.2,16130.84,10793.39,-488.99
2026-03-31T15:00:00-05:00,29.72,23.132,16.842,14967.75,16162.17,63034.17,63338.6,19572,86,24985.99,28670.9,18345.62,20115.2,15951.18,11506.82,-645.37
2026-03-31T16:00:00-05:00,27.97,26.81,18.535,14912.33,16475.92,64780.83,64593.29,21767,86,23624.3,26894.2,19292.32,20887.7,15671.6,13108.67,44.31
2026-03-31T17:00:00-05:00,28.29,20.545,17.015,14754,16316.67,65568.75,65040.25,23270,85,21429.24,23598.4,20812.63,22244,16076.99,14694.13,-615.37
2026-03-31T18:00:00-05:00,36.75,34.602,30.62,14754,16349.25,64594.83,63922.62,28789,83,12380.86,13513.2,23549.94,23634,14624.98,17624.2,1334.67
2026-03-31T19:00:00-05:00,46.48,36.528,33.592,14746.5,16012.33,62990.75,62645.13,36045,80,1552.48,1790.4,25490.24,24778.1,11110.86,19937.52,4717.27
2026-03-31T20:00:00-05:00,40.07,36.143,33.882,14701.5,15737,62245.83,62149.03,37402,78,3.21,3.3,24928.7,26055.9,9668.84,20283.84,5515.37
2026-03-31T21:00:00-05:00,35.58,35.278,34.775,14664,15811.5,60183.33,60145.16,35704,76,1.65,0,24681.89,27133.1,8932.28,20179.59,3864.31
2026-03-31T22:00:00-05:00,32.9,30.763,31.135,14664,15179,56848.92,56968.89,32515,74,1.67,0,24572.02,27882.1,8210.61,19538.67,1329.76
2026-03-31T23:00:00-05:00,25.88,28.71,28.878,14857.67,14879.83,53193.17,53678.14,30234,73,1.66,0,22861.8,28445.4,7665.16,18471.8,105.86
2026-04-01T00:00:00-05:00,28.62,31.117,31.138,16988,14833.83,50347.5,50112.63,27995,72,1.58,0,22477.96,27591.3,7212.53,16532.19,-132.95
2026-04-01T01:00:00-05:00,25.71,29.795,29.795,16988,14905,48369.67,47944.88,26676,71,1.59,0,21777.08,27049,7772.2,15659.98,-573.18
2026-04-01T02:00:00-05:00,24.25,34.138,34.138,16988,14620,47105.83,46568.66,26681,70,1.38,0,20447.1,26263.7,7993.39,15579.64,-506.64
2026-04-01T03:00:00-05:00,23.48,42.15,42.15,16995.5,14050,46088.25,45725.55,26831,70,0.37,0,19284.98,25592.7,8336.29,15972.5,-705.11
2026-04-01T04:00:00-05:00,23.77,32.435,32.435,17078,14050,46293.92,45710.32,27088,70,0.36,0,19142.1,24727.6,9009.86,16222.14,-697.45
2026-04-01T05:00:00-05:00,27.26,39.053,39.073,17078,14050,47594.17,47058.61,28130,69,0.39,0,19336.95,23930.2,8656.43,16431.67,226.4
2026-04-01T06:00:00-05:00,27.87,49.165,49.188,17085.5,14031.75,49921.67,49445.09,30296,69,1.7,0,19367.66,23311,7149.62,16936.93,1898.5
2026-04-01T07:00:00-05:00,27.53,92.335,92.36,17174.92,14158.67,50138.75,50531.13,30364,69,350,485.4,19136.65,22950.5,5363.44,16988.85,1729.03
2026-04-01T08:00:00-05:00,24.51,27.95,24.5,17234,14544.58,51431.25,51410.52,25104,71,6346.44,6792.4,19804.13,23273.3,5918.16,14521.12,-454.31
2026-04-01T09:00:00-05:00,21.46,20.635,17.852,17228.83,14512.67,53391.25,53317.74,19589,73,13117.96,15146.6,20534.17,23965,8149.91,12635.85,-1973.37
2026-04-01T10:00:00-05:00,19.16,21.228,16.607,17266.67,14837.17,54916.58,55312.33,17955,76,15156.04,19344.7,21643.71,24344.5,11160.06,12398.3,-3298.25
2026-04-01T11:00:00-05:00,18.7,22.81,16.682,17040.83,15300.92,56664.08,57214.69,17151,78,18158.9,22293.2,21227.04,24556.9,13589.27,12268.58,-4060.38
2026-04-01T12:00:00-05:00,19.14,21.798,15.615,16936.5,16202.5,58816.25,59171.29,16797,81,21778.35,24337.8,20042.23,24966.2,14781.12,12351.08,-4404.08
2026-04-01T13:00:00-05:00,22.73,24.52,16.705,16863.67,16053.67,61027.75,61036.25,18284,84,22418.23,25446,20008.84,26081.8,16016.25,12421.14,-3181.91
2026-04-01T14:00:00-05:00,25.55,21.632,17.972,16860,16056.83,63107.83,62654.52,19025,85,21764,25303.5,22195.15,27493.7,16811.81,12066.04,-2680.38
2026-04-01T15:00:00-05:00,29.89,23.582,16.795,16764.5,15954.67,64658.42,64270.34,20353,86,20740.48,24216.4,23408.52,28877.5,17069.5,12951.31,-1771.9
2026-04-01T16:00:00-05:00,33.41,21.898,19.165,16672,15999.92,65769.5,65259.18,22717,85,18575.67,21352.1,24371.98,29600.4,16822.55,13997.39,-1031.47
2026-04-01T17:00:00-05:00,35.5,24.733,23.755,16672,15644.33,65713,65554.93,25567,84,14659.62,17705.3,25482.12,29874.6,16351.59,15397.17,19.46
2026-04-01T18:00:00-05:00,49.12,37.6,35.575,16672,15517.67,64492,64355.63,30453,82,7705.89,9628.7,26390.08,29739,14636.09,17827.84,1370.52
2026-04-01T19:00:00-05:00,49.32,42.693,39.858,16640.67,14854.67,63198.58,62300.41,35066,79,1039.77,1372.2,27036.44,28701,13196.63,20388.29,2677.14
2026-04-01T20:00:00-05:00,47.4,38.762,38.61,16625,14799.5,62237.25,61363.04,36636,77,6.37,4,25594,28148.1,12262.11,21113.88,3064.07
2026-04-01T21:00:00-05:00,48.22,38.943,38.93,16620.08,14847.08,60412.33,59575.41,36511,76,0.36,0,23942.13,27876.9,10788.11,20762.93,3335.48
2026-04-01T22:00:00-05:00,45.23,50.803,50.295,16566,15014.17,57124.67,56654.09,35613,74,0.36,0,21565.8,27465.2,8729.59,20451.88,2931.03
2026-04-01T23:00:00-05:00,32.23,50.475,49.862,16658.17,15107.08,53535.75,53293.82,33051,73,0.36,0,20614.67,27446.9,8186.05,20019.98,996.25
2026-04-02T00:00:00-05:00,29.03,48.245,47.6,17672,15070.67,50546.75,50264.46,30885,72,0.38,0,19744.79,26512.4,8230.52,19288.04,-237.16
2026-04-02T01:00:00-05:00,27.1,30.36,29.965,17672,15212,48939.33,48237.75,27868,71,0.39,0,21139.59,26079.3,9823.78,18047.96,-2099.95
2026-04-02T02:00:00-05:00,24.42,29.702,29.287,17672,15244.67,47476.42,46793.04,26693,70,0.39,0,20864.8,25971.5,11670.05,17217.55,-2385.24
2026-04-02T03:00:00-05:00,23.98,26.127,25.73,17672,15304.17,46457.75,45967.71,25763,70,0.4,0,20723.39,25558.2,12939.98,16625.33,-2646.07
2026-04-02T04:00:00-05:00,24.28,25.007,24.665,17672,15303,46814.25,46004.72,26224,69,0.41,0,20476.32,24866.3,13780.01,16402.55,-1840.76
2026-04-02T05:00:00-05:00,28.39,27.245,26.79,17672,15303,47936.08,47342.76,28100,68,0.42,0,19713.22,24015.2,13586.15,16684.08,-275.74
2026-04-02T06:00:00-05:00,31.91,34.403,33.752,17672,15338.42,50104,49723.58,31367,67,0.62,0,18561.53,23188.5,11304.68,17402.02,2189.43
2026-04-02T07:00:00-05:00,36.13,35.385,34.713,17670.83,15484.83,50942.67,50959.92,32817,67,208.36,390,17880.6,21858.1,9897.91,17749.14,3202.36
2026-04-02T08:00:00-05:00,29.98,24.243,23.88,17736.5,15629,51400.25,51887.74,28451,68,6367.76,6185.4,16430.29,20231.7,10218.33,16957.48,312.09
2026-04-02T09:00:00-05:00,22.57,19.418,18.9,17860.67,16006.08,53052.67,53724.67,23920,70,14975.24,15620,13964.17,19446.2,11387.68,15660.05,-1435.83
2026-04-02T10:00:00-05:00,22.16,19.495,19.147,17918.33,16082.17,54396,55417.44,22181,73,19199.37,19791.3,12912.87,17758.1,12449.99,15437.54,-2657.54
2026-04-02T11:00:00-05:00,22.67,17.86,17.587,17740,16144.17,55797.17,56880.09,21267,76,22874.57,22345,11567.6,15877.3,14331.47,14711.15,-2617.21
2026-04-02T12:00:00-05:00,22.83,16.827,15.993,17757,16166.5,57244.17,58437.69,20935,78,25606.88,24095.7,10573.66,15290,14793.27,14048.2,-2108.78
2026-04-02T13:00:00-05:00,24.19,16.13,15.54,17744.92,16410.83,58891.5,59994.01,21396,80,25557.01,25569.9,11821.77,14835.7,14879.84,13798.96,-1259.95
2026-04-02T14:00:00-05:00,24.36,21.5,15.855,17739.58,16416.17,60328.08,61183.91,21431,82,24539.57,25368.4,14295.93,16263.7,15514.49,14190.1,-1899.49
2026-04-02T15:00:00-05:00,26.92,17.707,14.995,17458.75,16104.67,61746.83,62526.55,22111,83,23353.74,24039,16167.43,18178.4,16168.49,14378.94,-1580.59
2026-04-02T16:00:00-05:00,29.58,23.395,18.907,17445,16162.17,63048.17,63567.8,23982,83,22088.79,22555.6,16892.17,20143.3,16357.36,15374.86,-1098.32
2026-04-02T17:00:00-05:00,33.38,26.373,21.412,17381,16208.67,63564,63867.57,26364,82,19345.68,19864.7,17866.11,21909.7,15972.04,16446.28,-969.67
2026-04-02T18:00:00-05:00,44.2,35.433,30.618,17381,16198.75,62793.83,62839.5,30017,80,12632.81,12773.3,20236.53,23643.6,14282.74,17737.24,808.72
2026-04-02T19:00:00-05:00,49.04,38.493,37.157,17336,16071.67,61171.08,60702.9,36266,78,2612.01,2085,22377.73,24660.9,10646.68,19160.34,5429.12
2026-04-02T20:00:00-05:00,47.13,33.632,33.285,17291,16073.83,60533.42,59788.73,36438,76,6.77,6.6,24078.92,26228.2,9739.01,19122.52,5447.3
2026-04-02T21:00:00-05:00,37.59,32.082,30.313,17291,16137.25,59080.25,58333.24,32561,75,0.44,0,26645.87,28201,9616.24,18571.09,2008.29
2026-04-02T22:00:00-05:00,33.64,29.893,26.12,17291,16806.33,56852.08,56025.81,28890,74,0.55,0,28073.72,29677.1,9859.84,17515.27,-399.76
2026-04-02T23:00:00-05:00,26.15,25.227,21.915,17270.08,16852.67,53931.5,53080.01,25983,73,0.58,0,27941.51,30574.8,10542.87,16385.21,-1366.32
2026-04-03T00:00:00-05:00,23.65,21.86,18.905,17040,16116.17,51353,50741.49,23409,72,0.6,0,27947.36,30607.7,11632.41,15064.77,-1505.08
2026-04-03T01:00:00-05:00,20.9,20.977,18.027,17040,16117,49347.33,48725.74,21727,72,0.58,0,27570.38,30649.8,12269.64,14272.47,-1649.43
2026-04-03T02:00:00-05:00,19.17,20.495,17.508,17040,16108.5,47910.25,47445.88,20502,71,0.57,0,27337,30369.8,13386.4,14042.64,-2417.89
2026-04-03T03:00:00-05:00,18.98,18.917,16.042,17040,16100,47272.42,46303.99,20081,71,0.63,0,27075.27,29922,14440.76,13927.52,-2697.09
2026-04-03T04:00:00-05:00,19.32,17.588,14.425,17040,16100,47190.33,46021.84,20433,71,0.65,0,26730.58,29309.1,15073.98,13566.09,-1913.81
2026-04-03T05:00:00-05:00,22.52,16.958,13.908,17040,16092.17,47917.5,46896.29,21292,71,0.66,0,26442.24,28640.7,15031.39,13293.12,-645.2
2026-04-03T06:00:00-05:00,23.86,20.195,17.43,17040,16086.5,49227.33,48220.94,22947,71,0.73,0,26151.82,27917,14348.65,13838.59,293.99
2026-04-03T07:00:00-05:00,24.47,21.445,19.04,17040,16215,50306.17,49228.54,24541,71,307.36,423.7,25346.65,27116.8,13658.98,14354.65,1135.85
2026-04-03T08:00:00-05:00,21.97,18.58,16.855,17040,16492.83,51499.5,51296.43,21173,72,,4943.7,23869.32,26842.2,14379.71,14371.5,-79.75
2026-04-03T09:00:00-05:00,20.13,16.968,14.745,17041.25,16496.25,53401,53697.71,20428,75,9280.62,10881,23553.76,26766.9,15669.05,13700.58,-1923.34
2026-04-03T10:00:00-05:00,20.59,16.027,13.66,17061.92,16583.67,55540.75,55883.44,18896,76,13342.74,14734.9,23161.16,26186.9,16670.48,13220.63,-2431.72
2026-04-03T11:00:00-05:00,22.55,15.295,12.335,17135.33,16661.17,57417.75,57677.26,19076,79,15790.94,17784.3,22376.8,25036.3,16635.47,12882.66,-1611.08
2026-04-03T12:00:00-05:00,23.22,14.452,9.877,17122,16572.5,58891.17,59336.49,19479,80,18223.35,19892.6,21063.27,23598.3,16082.17,12414.16,-842.26
2026-04-03T13:00:00-05:00,24.45,13.725,9.352,17122,16570,60037.33,60710.41,20477,81,19640.25,21280.4,19843.39,22247.9,16212.62,12796.51,-298.42
2026-04-03T14:00:00-05:00,26.45,22.378,21.435,17122,16384.17,60924.67,61777.65,24187,82,17684.71,20617.1,18947.33,21305.4,15659.44,15360.64,-180.3
2026-04-03T15:00:00-05:00,32.85,24.425,23.99,17120.75,16251.25,61762,62032.02,26277,82,16354.15,19207.1,19062.55,20612.8,15607.42,16964.09,-288.51
2026-04-03T16:00:00-05:00,39.22,25.952,25.46,17107,15360.17,62116.08,61910.47,28448,81,14766.83,17682.2,18881.84,19989.9,15242.8,17837.65,-121.34
2026-04-03T17:00:00-05:00,42.7,23.96,22.69,17107,14761.17,61663.75,61507.98,28301,81,13388.15,14979,19978.35,20623.6,15295.89,17674.51,-137.86
2026-04-03T18:00:00-05:00,55.63,42.87,41.378,16878,14593.17,60378.75,59690.74,31188,79,8851.46,9268.9,20380.49,21217.8,14264.68,19273.15,1279.86
2026-04-03T19:00:00-05:00,60.6,46.323,45.602,16878,14515.67,58762.08,58250.4,36495,78,1671.93,1643,20604.92,21267.6,12443.43,21750,3943.68
2026-04-03T20:00:00-05:00,56.81,41.858,41.222,16878,14679.17,58390.17,58279.96,37539,76,8.4,6.2,20889.39,21965.2,11702.47,22551.1,4008.8
2026-04-03T21:00:00-05:00,53.6,46.56,45.84,17027.83,14689.42,57178.17,57177.65,37068,75,0.91,0,20164.55,22830.1,10523.74,22301.54,3795.71
2026-04-03T22:00:00-05:00,67.19,38.983,38.38,17668.33,14600.5,55429.75,55132.66,35361,74,0.87,0,20147.89,22837,9336.3,21761.17,2866.59
2026-04-03T23:00:00-05:00,38.83,29.6,29.263,17661.08,14497.25,53260.5,52394.83,30550,73,1.25,0,22687.48,23354.7,9215.61,19922.5,50.16
2026-04-04T00:00:00-05:00,35.08,22.573,22.513,20335,12781,51164.5,48931.01,26722,72,1.22,0,24575.19,23524.7,10110.04,17815.24,-738.24
2026-04-04T01:00:00-05:00,31.96,17.788,17.74,20293.5,12827.5,49591.92,46661.74,23897,71,1.21,0,25810.95,23643.3,10830.78,16041.06,-924.96
2026-04-04T02:00:00-05:00,30,18.782,18.755,20252,12869,47956.17,44942.38,23199,70,1.18,0,24810.67,23393.3,11493.92,16081.7,-1458.01
2026-04-04T03:00:00-05:00,26.95,16.34,16.327,20252,12869,47108.33,44043.82,22789,70,1.07,0,24333.95,22983.3,12310.4,15320.64,-1089.57
2026-04-04T04:00:00-05:00,25.14,14.985,14.985,20252,12869,46587.25,43572.09,22208,69,1.01,0,24344.29,22905.3,12948.9,14747.17,-1082.74
2026-04-04T05:00:00-05:00,23.58,14.065,13.02,20252,12868,46555.17,43444.66,20940,68,1.01,0,25610.2,22960.9,13527.6,13744.49,-940.62
2026-04-04T06:00:00-05:00,20.9,15.885,15.1,20258.92,12863,46688.25,44221.16,22098,67,0.92,0,24427.23,22942.6,13422.75,14594.57,-899.04
2026-04-04T07:00:00-05:00,21.9,16.105,12.082,20338.92,12863,47002.33,45035.32,22129,66,227.26,309.3,24597.06,23582.8,13812.05,14150.55,-719.19
2026-04-04T08:00:00-05:00,21.52,20.505,16.87,20382,12863,48206.25,46927.25,22567,65,2221.41,3560.2,23292.4,24105.5,13328.17,14248.85,-357.18
2026-04-04T09:00:00-05:00,22.03,23.898,19.008,20382,12863,49833.25,49405.13,22609,65,4563.22,7773.7,22494.71,24694.5,13898.18,14668.77,-1277.3
2026-04-04T10:00:00-05:00,22.25,23.705,18.238,20366.33,12839.33,51405.92,51156.59,22271,66,6519.38,10176.7,22503.41,25120.5,14965.3,14680.52,-2855.71
2026-04-04T11:00:00-05:00,24.59,23.645,16.775,20270.5,12825,52485.08,52157.81,22495,65,7905.88,12307.6,22039.5,24653.1,16023.14,14887.33,-2886.46
2026-04-04T12:00:00-05:00,27.3,22.372,14.88,20206,12825,52702.67,52839.16,22450,65,9477.57,14014.4,20738.03,23730.3,16266.56,14698.78,-1737.68
2026-04-04T13:00:00-05:00,27.04,22.333,15.567,20206,12895,52560.33,52880.31,22922,66,10009.65,15588.5,19650.43,22259,16574.98,14865.43,-1126.83
2026-04-04T14:00:00-05:00,25.65,21.853,15.183,20206,12895,52238.67,52622.77,22796,67,10798.49,16059.9,18653.81,20540.2,17067.91,14358.1,-654.03
2026-04-04T15:00:00-05:00,23.32,14.452,9.84,20206,12902.83,52389,52320.57,21285,68,12781.77,15640.1,18297.41,18596,17233.43,13385.37,-1005.04
2026-04-04T16:00:00-05:00,22.56,8.118,3.438,20206,13342.67,52499.17,51983.73,20616,69,13734.08,15674.7,18180.82,16932.2,17352.04,12597.46,-535.25
2026-04-04T17:00:00-05:00,23.15,11.64,5.425,20206,13401.83,52018.92,51712.03,21963,68,12544.81,13713.4,17509.3,15620.5,17554.9,13992.89,-502.53
2026-04-04T18:00:00-05:00,29.85,13.278,10.345,20206,13206,51300.33,51034.91,24262,67,10298.01,9119,16772.08,13581.7,16999.72,15444.74,-190.05
2026-04-04T19:00:00-05:00,50.04,43.345,43.345,20206,13215.17,50138,49742.68,33455,65,1848.41,1856.2,14857.81,12506.9,13770.21,21226.42,1937.89
2026-04-04T20:00:00-05:00,61.03,33.612,33.58,20206,12561,50024.42,49209.25,36410,62,2.75,6.3,13609.02,11498.6,13878.08,23121.18,1702.82
2026-04-04T21:00:00-05:00,65.02,27.622,28.005,20206,12022.5,49315.17,48366.11,36090,61,0.71,0,13314.17,11087.2,13443.39,22440.57,2011.88
2026-04-04T22:00:00-05:00,84.48,25.99,26.405,20206,11960,47697.5,47139.09,34643,59,0.35,0,13160.87,10918.3,13305.53,21401.65,1655.6
2026-04-04T23:00:00-05:00,65.28,23.888,24.438,20220.67,11950.17,45624.08,45541.57,32292,59,0.35,0,13472.76,10947.5,13667.23,20171.14,921.44
2026-04-05T00:00:00-05:00,59.88,23.753,24.245,20299,11866.67,43760.75,45157.96,30609,59,0.35,0,13186.5,11566.1,13816.75,19301.12,409.45
2026-04-05T01:00:00-05:00,42.49,23.61,24.14,20299,11971,42400.25,43753.66,30260,58,0.35,0,12192.99,11235.3,13631.25,18758.66,623.45
2026-04-05T02:00:00-05:00,40.71,23.5,24.043,20299,11973,41395,42423.21,29846,57,0.36,0,11590.3,10920,13670.12,18627.36,333.4
2026-04-05T03:00:00-05:00,39.18,24.157,24.705,20299,11973,40747.33,41654.83,29793,56,0.35,0,10973.89,10697.7,13410.23,18791.48,0.48
2026-04-05T04:00:00-05:00,37.68,24.39,24.92,20299,11973,40589.92,41360.26,30453,55,0.39,0,10130.58,10608,12949,18933.99,366.38
2026-04-05T05:00:00-05:00,38.93,25.872,26.892,20299,12081.33,40805,41092.77,31616,54,0.4,0,9158.42,10570,11898.9,19261.72,1083.49
2026-04-05T06:00:00-05:00,34.58,29.997,31.995,20305.92,12204.33,41514.92,41591.63,32990,53,0.66,0,8470.07,10376.6,9982.61,19271.92,2487.04
2026-04-05T07:00:00-05:00,37.94,27.71,29.552,20382,12350.33,42439.33,42533.4,32606,53,971.76,827.8,8790.69,10198.1,8762.25,19282.93,2156.88
2026-04-05T08:00:00-05:00,20.07,17.29,17.188,20382,12452.83,43770.75,43949.14,25532,56,9949.47,9518.2,8197.07,9946.7,10111.4,16291.83,-560.78
2026-04-05T09:00:00-05:00,16.98,12.04,11.938,20382,12378.67,45168.58,45161.18,16364,58,19725.38,19227.1,9013.81,9970.4,11551.78,10055.67,-1465.41
2026-04-05T10:00:00-05:00,13.72,5.377,4.92,20382,12297.83,45892.33,45714.12,11939,60,22409.6,22872.1,11505.89,10648,13652.4,8270.46,-3524.46
2026-04-05T11:00:00-05:00,11.8,2.095,1.183,20382,12265.67,46021.08,45769.2,11262,62,22760.85,24736.2,12002.12,11551,16515.32,8081.34,-3770.86
2026-04-05T12:00:00-05:00,9.52,3.798,2.84,20382,12209.67,46099.58,45742.9,11263,63,22601.66,25804.3,12237.86,12284.3,17676.71,8229.86,-3498.28
2026-04-05T13:00:00-05:00,8.48,2.965,2.17,20382,12173,45987.92,45810.4,11510,63,22687.16,24866.9,11779.58,12434,18215.76,8180.7,-3393.55
2026-04-05T14:00:00-05:00,9.76,1.925,1.708,20382,12081.33,45754.83,46222.89,12511,64,21714.47,24156.1,11579.67,12472,18316.53,8074.14,-2224.31
2026-04-05T15:00:00-05:00,10.19,2.102,1.957,20382,12073,45674.33,46674.3,13975,65,20130.69,23055.5,11566.05,12445.7,17425.26,8129.82,-1002.42
2026-04-05T16:00:00-05:00,14.9,5.335,4.903,20382,12154.83,45756.33,47160.54,15217,66,19076.49,19357,11474.16,12348.8,16890.12,8734.93,-405.71
2026-04-05T17:00:00-05:00,18.11,13.015,12.795,20382,12311,45821.42,47895.32,18152,66,16762.39,16840.6,10912.83,12256.7,16681.93,11111.06,-322.43
2026-04-05T18:00:00-05:00,27.53,23.288,23.288,20382,12750.17,46006.42,48017.33,24499,65,11298.26,10650.6,10232.16,11636.2,16091.78,15971.83,83.99
2026-04-05T19:00:00-05:00,59.63,50.818,50.337,20382,12951,46351.83,48142,34026,62,2607.02,2027.3,9666.32,10674,13398.93,20623.76,3102.26
2026-04-05T20:00:00-05:00,55.46,52.875,52.193,20326.67,12607.33,47469.25,48824.98,38283,60,20.84,7.7,9160.08,10488.1,11554.07,22157.81,4599.4
2026-04-05T21:00:00-05:00,51.49,45.175,44.768,20175.17,12861.33,46829.67,47971,37502,58,0.42,0,9404.07,10882.5,11240.76,22399.8,3123.17
2026-04-05T22:00:00-05:00,59.98,37.363,37.178,19556,13496.17,45257.17,46462,35990,57,0.43,0,9396.52,11425.9,10972.98,21938.3,1461.03
2026-04-05T23:00:00-05:00,46.28,39.635,39.453,19580.92,13237.42,43292.42,44393.35,34379,56,0.45,0,9034.27,11724.8,11132.9,21392.08,457.13
2026-04-06T00:00:00-05:00,33.92,42.247,42.043,19904,13170.5,41754.83,42140.97,33207,54,0.45,0,8636.43,10746,11321.14,21566.3,-768.21
2026-04-06T01:00:00-05:00,32.64,48.767,48.265,19904,13238,40595.42,40902.53,32529,54,0.45,0,8116.54,10558.3,12198.47,22026.76,-1959.94
2026-04-06T02:00:00-05:00,34.41,48.668,48.345,19904,13193,40047.25,40219.78,32743,53,0.44,0,7359.73,10234.4,13164.51,22220.12,-1986.87
2026-04-06T03:00:00-05:00,34.92,46.17,45.977,19911.5,13103,39971.17,40128.97,32616,53,0.45,0,7345.76,10056.9,14424.61,22244.73,-2263.83
2026-04-06T04:00:00-05:00,36.25,40.933,42.57,19994,13272.33,40703.42,40557.66,33275,52,0.46,0,7360.62,9911.5,14771.74,21953.97,-1297.82
2026-04-06T05:00:00-05:00,54.31,38.713,42.045,20004.75,13414.17,42292.5,42395.11,35133,51,0.46,0,7034.33,9500.5,13765.75,21836.15,611.39
2026-04-06T06:00:00-05:00,62.45,33.408,33.567,20463.5,13461.5,45017.5,45289.3,38118,49,0.45,0,6698.46,8979,11663,21936.68,3614.26
2026-04-06T07:00:00-05:00,50.88,30.17,30.085,20662.25,13482.42,46536.08,47008.91,38087,51,1586.77,1075.6,6806.6,8456.2,10211.62,21202.27,4725.91
2026-04-06T08:00:00-05:00,24.14,11.968,11.895,20731,13319.75,47302.33,47840.36,24049,56,16999.69,11821.5,6170.94,7443.9,13008.97,14734.72,-980.78
2026-04-06T09:00:00-05:00,16.22,3.198,2.49,20731,13311,47702.58,48279.52,12120,60,30756.92,23768.1,4804.74,6144.3,15346.09,8697.38,-4180.34
2026-04-06T10:00:00-05:00,13.42,0.725,0.685,21015.58,13320.33,47640.58,48453.58,11097,64,30949.32,28278.7,5591.21,5635.3,17056.3,7922.51,-3555.4
2026-04-06T11:00:00-05:00,12.49,0.045,-0.025,21757.67,12761.42,47569.33,48200.87,11441,67,30569.47,29919.5,5550.67,5468,17367.67,7860.61,-2902.45
2026-04-06T12:00:00-05:00,10.93,0.492,0.453,21625.83,12566,47717.42,48295.17,11474,68,31262.64,30941.5,4964.28,5284.4,17807.31,7865.9,-2836.19
2026-04-06T13:00:00-05:00,12.19,0.452,0.402,21998.58,12598.08,48238,48722.87,12316,70,31317.13,31025.9,4560.61,5377.2,18078.84,7855.22,-1970.52
2026-04-06T14:00:00-05:00,11.97,0.16,0.112,21771.42,12357.08,48930,49302.14,13245,71,31225.57,30892,4408.47,5579.9,17922.93,7853.57,-1033.14
2026-04-06T15:00:00-05:00,11.68,1.2,0.985,21461,12101.5,49888.42,49988.55,13546,72,31747.75,31007.2,4491.64,5816.1,17971.64,7944.39,-797.48
2026-04-06T16:00:00-05:00,11.85,4.265,2.658,21456.83,12034.5,51135.75,50771.92,14943,72,31797.77,30509.8,4300.46,6195.5,17455.06,8793.12,-410.78
2026-04-06T17:00:00-05:00,13.77,5.335,3.202,21411,11924.33,52220.17,51656.41,17342,72,30281.61,28621.2,4544.55,6735.3,17545.15,10724.69,-236.32
2026-04-06T18:00:00-05:00,26.3,36.29,35.775,21411,12197.33,52274.67,51484.92,27162,70,19635.36,18538,5544.59,7337.6,15301.46,17105.54,1339.3
2026-04-06T19:00:00-05:00,73.77,76.61,75.853,21411,12796.67,51226.25,51016.41,41829,66,2975.34,2608.6,6472.51,8098.5,9150.85,22176.46,8119.56
2026-04-06T20:00:00-05:00,62.32,69.495,68.812,21411,12593.5,51144.33,51278.29,42626,63,5.7,8.7,8522.12,9771.9,8662.14,23025.76,7260
2026-04-06T21:00:00-05:00,48.88,65.895,65.278,21411,12499.5,49740.08,50192.6,38142,60,1.92,0,11702.97,12074.1,7547.21,22816.87,2749.5
2026-04-06T22:00:00-05:00,38.39,29.705,29.555,21411,12790.5,47468.42,47780.01,32469,59,0.95,0,15021.85,14101.5,8055.77,20357.94,-410.4
2026-04-06T23:00:00-05:00,27.03,20.863,20.108,21427.25,12619.25,45187.33,45130.2,27910,57,0.8,0,17360.24,15583.3,9648.23,18523.03,-1424.3
2026-04-07T00:00:00-05:00,19.72,18.065,17.885,21606,12481,43241.33,43319.96,25049,56,0.82,0,18136.18,17002.5,10430.25,16762.62,-1855.83
2026-04-07T01:00:00-05:00,19.58,17.877,18.185,21606,12481,41956.33,42139.25,24037,55,0.87,0,17928.05,17361.5,11717.99,16442.74,-2337.09
2026-04-07T02:00:00-05:00,18.98,16.495,16.645,21606,12481,41239.42,41378.39,23530,54,0.87,0,17710.23,17109.5,13538.11,15894.19,-2070.27
2026-04-07T03:00:00-05:00,19.43,15.735,16.637,21606,12481,41017.33,41154.56,23834,53,0.89,0,17168.09,16639.2,14671.23,15841.29,-1591.96
2026-04-07T04:00:00-05:00,20.17,16.133,16.87,21606,12605,41636.42,41624.41,24860,53,0.9,0,16693.43,16125.7,14740.04,15966.2,-750.76
2026-04-07T05:00:00-05:00,23.47,21.255,22.113,21606,12794.67,43510.75,43365.11,27207,51,1.02,0,16101.43,15476.6,13639.92,17075.11,251.19
2026-04-07T06:00:00-05:00,25.88,22.078,22.435,21511.83,13062.17,46415.08,46390.59,30264,50,1.43,0,15972.17,14598.5,11263.89,17398.19,2834.58
2026-04-07T07:00:00-05:00,26.2,20.065,20.01,21456.25,13131.25,47491.92,48104.29,30288,52,1633.79,1296.8,15548.07,13819.3,9442.92,16938.96,3510.13
2026-04-07T08:00:00-05:00,16.19,19.665,11.355,21613.58,12711,47273.92,48333.96,21044,57,12818.64,12339.1,13399.63,12402.5,9962.97,11576.33,-73.7
2026-04-07T09:00:00-05:00,8.27,15.422,5.002,21761.5,12877.33,47241,48345.24,14444,62,22633.33,23177.8,10134.82,10705.3,11972.68,9258.85,-2778.05
2026-04-07T10:00:00-05:00,13.13,15.775,5.062,21699,12651.33,47424,48294.88,11272,66,24733.82,27289,11388.85,10530.6,14778,9075.64,-4742.06
2026-04-07T11:00:00-05:00,14.15,16.132,5.242,21699,12575.17,47614.75,48199.57,10841,68,26261.84,29278,10539.28,10621.2,17349.8,9136.75,-5329.52
2026-04-07T12:00:00-05:00,15.26,15.2,4.875,21699,12544.67,47573,48361.48,12273,70,26714.36,30567.8,8544.22,9889.5,18220.64,9028.41,-4037.04
2026-04-07T13:00:00-05:00,15.29,15.625,4.5,21699,12585.17,48188.83,48786.7,13658,70,26884.09,29982,7574.62,9326.8,17790.69,9054.41,-2603
2026-04-07T14:00:00-05:00,15,15.46,4.46,21698.75,13077.83,48857.5,49381.36,15285,72,25256.66,29307,8238.51,9353,16912.78,9049.31,-899.86
2026-04-07T15:00:00-05:00,15.46,18.392,7.32,21687.67,13040,49788.33,50097.08,16407,73,24066.77,27937.5,9229.5,9765.9,16746.76,9591.01,-459.64
2026-04-07T16:00:00-05:00,17.33,35.487,16.382,21596.83,13037.83,50778.17,50787.91,19907,72,21384.61,23487.6,9433.09,10655.2,16305.74,11412.8,196.8
2026-04-07T17:00:00-05:00,20.68,40.885,27.72,21539.5,13020.67,51230.67,51598.88,24237,71,16802.12,20225.5,10167.1,11782.8,16005.08,14268.24,98.99
2026-04-07T18:00:00-05:00,29.77,31.285,31.13,21387.17,13059.5,50935.58,51518.67,29745,70,10458.01,12546.9,10791.98,12537.2,14900.58,17674.61,704.22
2026-04-07T19:00:00-05:00,37.37,41.968,35.358,21388,13046.67,50914.42,51162.01,37543,67,2105.37,2358,11222.82,12913,10915.58,19733.19,5536.43
2026-04-07T20:00:00-05:00,42.73,48.927,48.555,21388,13041,51503.33,51699.17,40594,65,33.47,10.2,10871.07,13681.1,8299.4,20524.59,7451.86
2026-04-07T21:00:00-05:00,41.29,61.595,48.53,21388,12936.17,49758.17,50531.9,38090,63,0.74,0,11852.23,14831.9,7113.31,20783.36,4665.82
2026-04-07T22:00:00-05:00,34.32,59.012,52.085,21388,13022,46906.42,48239.1,34193,62,0.15,0,12870.88,15637.3,6589.97,20553.09,959.14
2026-04-07T23:00:00-05:00,27.8,34.988,28.487,21446.83,13033.67,44650.5,45798.05,31896,61,0.46,0,12733.89,16050.5,6875.44,19506.01,-621.5
2026-04-08T00:00:00-05:00,24.44,31.61,19.032,22094,13136.83,42848,43310.88,29859,60,0.54,0,13073.56,14947.9,8170.3,18557.59,-1482.91
2026-04-08T01:00:00-05:00,25.65,34.283,27.557,22094,13413.5,41462.33,41652.02,29128,59,0.57,0,12388.54,14392.4,9478.79,18224.39,-1609.68
2026-04-08T02:00:00-05:00,27.17,34.087,33.287,22094,13434.25,40797.08,40604.56,29275,58,0.68,0,11439.1,13447.2,11241.43,18324.95,-1757.26
2026-04-08T03:00:00-05:00,27.22,35.425,28.857,22101.5,13378,40449.83,40178.24,29893,58,0.95,0,10545.22,12560.8,11729.4,18622.89,-1450.59
2026-04-08T04:00:00-05:00,29.42,34.285,28.385,22184,13638.83,41045.08,40544.44,30509,57,0.91,0,10462.63,11816.9,11870.65,18621.76,-814.05
2026-04-08T05:00:00-05:00,33.82,38.105,37.685,22204.83,13690.83,42754.75,42240,31945,56,0.87,0,10638.01,11280,11379.04,19086.59,285.37
2026-04-08T06:00:00-05:00,38.11,35.928,35.922,22440.08,13676.67,45642.58,44970.6,34585,56,0.73,0,10843.1,11023.6,8969.96,19186.63,2777.58
2026-04-08T07:00:00-05:00,35.21,33.72,33.552,22523.67,14480.75,46597.83,46320.04,33402,57,1459.24,1235,11701.21,10902.5,7163.07,18168.87,2590.71
2026-04-08T08:00:00-05:00,17.33,16.085,15.863,22745.5,14624.17,47215.58,46838.72,22679,61,13796.71,12789.4,10633.99,10303,8042.77,11865.73,-141.62
2026-04-08T09:00:00-05:00,15.38,13.788,4.978,22732.33,14874.67,47812.33,47767.04,14160,66,24323.56,24549.9,9279.41,9588.6,11606.02,9235.68,-4056.33
2026-04-08T10:00:00-05:00,14.68,15.825,5.155,22749,15047,48556.83,48474.55,11477,70,26317.41,28561.5,10639.8,10387.2,14906.16,9357.51,-5394.43
2026-04-08T11:00:00-05:00,15.64,17.855,6.452,22707.25,15039.08,49433.25,49129.9,12447,72,25664.2,30443.5,11258.42,11014.5,16587.18,9584.3,-4570.02
2026-04-08T12:00:00-05:00,17.34,20.452,7.602,22829,14989.67,50406.5,49943.06,15057,74,25271.08,31580.4,9991.28,10462.2,16058.6,9741.77,-2431.68
2026-04-08T13:00:00-05:00,19.28,37.985,13.075,22829,14931.33,51831.92,51037.94,16929,76,25560.45,30180.8,9269.43,9832.2,15133.14,9936.95,-1195.46
2026-04-08T14:00:00-05:00,20.01,35.81,12.093,22583,14468.83,52978.83,52111.07,19124,77,24252.83,29481.3,9492.39,9782.7,14720.38,10734.11,-309.47
2026-04-08T15:00:00-05:00,22.63,26.562,15.693,22466.17,14430.83,54433.92,53333.16,19690,78,24102.93,28862.1,10532.8,10046.2,14533.15,11155.69,-284.66
2026-04-08T16:00:00-05:00,25.06,20.945,13.135,22384.67,14445,55944.33,54501.56,19948,78,24672.85,26496.9,11213.14,10661.5,14687.74,11908.49,-723.73
2026-04-08T17:00:00-05:00,20.02,24.512,15.36,22177,13587.83,56941.67,55021.6,22316,78,23012.98,23868,11576.94,11749.2,14691.61,13594.87,-196.65
2026-04-08T18:00:00-05:00,32.23,39.885,22.79,21748.33,13433.83,56726.17,54544.67,27127,76,16867.69,15746.9,12747.27,12948.4,13943.38,16215.01,681.87
2026-04-08T19:00:00-05:00,46.05,90.872,80.488,21529.83,13094.5,55414.17,53262.84,37407,74,3947.04,2875.6,14219.42,14504.3,8322.83,18192.63,7386.31
2026-04-08T20:00:00-05:00,43.44,86.333,71.657,21497.33,13202.5,54488.58,52968.47,38231,71,15.75,14.6,16195.31,17240.1,7158.97,19730.02,6193.15
2026-04-08T21:00:00-05:00,34.55,126.198,87.44,21670.67,13210.33,53155.25,51777.01,33256,69,0.39,0,19877.95,20292.2,6305.38,19347.68,1537.15
2026-04-08T22:00:00-05:00,27.61,38.243,32.39,21564,13709.5,51647.75,49526.15,28985,68,0.35,0,22789.78,22355.4,7079.84,16979.13,-282.15
2026-04-08T23:00:00-05:00,21.92,27.815,21.1,21442.17,13914.08,48603.42,46750.6,25024,67,0.33,0,23759.04,23538.8,8301.78,14983.73,-1613.73
2026-04-09T00:00:00-05:00,22.26,27.293,20.828,20982,14245.33,46080.92,44534.46,22521,66,0.33,0,23697.28,24465.3,10039.11,13732.85,-2555.9
2026-04-09T01:00:00-05:00,20.59,24.665,15.345,20982,14182,44308.25,42877.08,21547,65,0.52,0,22847.93,24279.7,11454.8,12763.87,-2066.94
2026-04-09T02:00:00-05:00,20.48,23.242,11.543,20982,13821,43149.33,41854.58,20778,64,0.64,0,22356.24,23658.8,12404.32,12178.87,-1793.92
2026-04-09T03:00:00-05:00,20.15,21.607,8.725,20982,13872,42578.08,41385.12,20547,64,0.74,0,22039.29,22810.3,12878.78,12040.01,-1511.61
2026-04-09T04:00:00-05:00,20.77,23.568,9.717,20982,13872,42927.25,41755.52,21313,63,0.82,0,21556.66,21975.7,12597.24,12056.57,-840.74
2026-04-09T05:00:00-05:00,23.95,31.735,17.548,20986.17,13858.25,44588.75,43584.52,23201,62,0.83,0,21229.3,21105.3,11788.01,12561.33,320.74
2026-04-09T06:00:00-05:00,26.18,31.883,26.257,21031.17,13771.25,47360.58,46347.49,26898,63,0.82,0,20268.07,20221.1,9878.84,13319.25,2666.45
2026-04-09T07:00:00-05:00,26.49,33.503,31.548,21008.17,13954.5,48373.92,47675.68,28546,64,1291.2,1313.1,18480.23,19272.2,7980.99,13782.04,3219.28
2026-04-09T08:00:00-05:00,17.18,24.26,23.025,20525.17,14861.67,49042.33,48351.67,23469,66,9944.9,12049.7,15472.42,17603.4,8186.91,12181.04,201.11
2026-04-09T09:00:00-05:00,14.49,27.448,24.3,19168,15907.5,49824.17,49599.8,20089,69,16094.44,22144.4,13594.16,17008.4,9714.78,11497.28,-2048.8
2026-04-09T10:00:00-05:00,15.24,24.73,20.632,18977,15709.17,51181.92,50838.76,17936,71,18151.77,24638.1,15009.13,18002.8,12006.71,11273.84,-3737.07
2026-04-09T11:00:00-05:00,16.58,24.32,19.742,18964.83,16159.92,52466.58,52029.59,16071,74,20927.37,26713.3,15365.04,17573.4,13873.91,11050.26,-4398.25
2026-04-09T12:00:00-05:00,19.05,26.022,19.307,18814.83,15754.33,53805,53332.36,17004,77,21287.92,27960.7,15444.85,17388.3,14592.98,10680.85,-2999.03
2026-04-09T13:00:00-05:00,22.53,30.435,23.4,18265,16012.25,55473.08,54971.48,19625,78,20561.23,27627.5,15135.85,17651.8,14907.86,12144.66,-2218.06
2026-04-09T14:00:00-05:00,24.96,28.498,21.85,18190,16252.33,56659.5,56445.36,21528,79,20058.81,26595.8,14997.3,18004.8,14829.79,13432.86,-1619.36
2026-04-09T15:00:00-05:00,27.73,28.763,24.712,18195,15924.08,57957,57909.26,22296,80,19702.84,24693.4,15855.83,18327.3,14747.17,13449.3,-1258.06
2026-04-09T16:00:00-05:00,29.58,52.748,44.435,18200,16014.5,58892.08,58985.88,26359,80,17761.97,21732.9,14605.28,18728.4,13514.15,14934.81,823.28
2026-04-09T17:00:00-05:00,32.27,61.287,50.352,18200,15847.9,58778.73,59135.27,28341,78,15149.16,18464.7,15325.16,19442.4,14044.22,17101.44,112.56
2026-04-09T18:00:00-05:00,38.85,89.843,78.585,18185,15474.5,57489,58214.4,31988,76,9526.12,11820.8,16099.07,20494.1,13037.04,19338.88,1305.76
2026-04-09T19:00:00-05:00,42.52,98.837,89.068,18105.83,15466,56020.5,56723.1,36191,74,2234.05,2210,17653.84,21121.1,10306.04,20199.59,4420.83
2026-04-09T20:00:00-05:00,41.1,159.268,148.17,18060,15692.58,55301.33,56350.8,36522,72,21.08,14.2,18811.66,22056.5,8915.72,20667.43,4060.89
2026-04-09T21:00:00-05:00,38.97,149.917,139.147,18060,15760.5,54236.33,54910.31,34462,71,0.12,0,19894.12,23483.6,8486.99,20537.72,2121.15
2026-04-09T22:00:00-05:00,32.45,85.28,76.233,18060,15590,51700.33,52291.65,31554,69,0.11,0,20330.92,24509.5,8461.11,19989.36,-109.57
2026-04-09T23:00:00-05:00,26.95,35.592,25.222,18201.25,15246.67,49308.42,49196.95,28773,68,0.11,0,20548.19,24786.7,9112.82,18075.66,-992.48
2026-04-10T00:00:00-05:00,24.88,29.56,16.92,18405,15597.17,47207.33,46609.61,25795,68,0.12,0,21446.23,24375.3,10303.59,16095.58,-1780.92
2026-04-10T01:00:00-05:00,24.52,29.892,22.772,18405,15566,45576.17,44682.63,24126,67,0.13,0,21280.09,23812.6,11994.47,15778.13,-2922.04
2026-04-10T02:00:00-05:00,22.7,27.922,22.89,18405,15565,44512.25,43457.15,23960,67,0.15,0,20403.35,22994.6,13230.83,15681.22,-2269.72
2026-04-10T03:00:00-05:00,22.44,24.26,23.065,18405,15700.33,44033.58,42774.99,23664,66,0.16,0,20343.75,21988.9,13864.4,15546.42,-2600.36
2026-04-10T04:00:00-05:00,22.77,24.31,22.453,18405,15978.83,44299.33,42958.1,24090,66,0.19,0,20176.61,20821.4,14489.44,15720.33,-2215.54
2026-04-10T05:00:00-05:00,26.84,22.918,24.323,18409.17,15654.25,45708,44458.16,25726,66,0.23,0,19819.96,19692.5,13766.06,15795.91,-206.89
2026-04-10T06:00:00-05:00,32.78,31.078,34.57,18462.08,15579.5,48059.83,46980.56,29682,66,0.18,0,18247.39,18197.1,11484.2,16564.91,2516.36
2026-04-10T07:00:00-05:00,42.42,33.835,25.275,18495.33,15627.17,49131.33,48377.48,32150,66,816.59,890.8,16150.22,16065.7,10223.75,17151.86,3960.8
2026-04-10T08:00:00-05:00,36.7,30.523,31.955,18407,15684.5,49905.33,49410.37,29531,68,7480.42,6651.7,12810.46,14177.7,10565.09,16980.79,1687.3
2026-04-10T09:00:00-05:00,28.95,28.352,25.398,18407,15688.83,51199.33,50883.78,23589,70,15062.51,12598.2,12462.45,13588.8,12675.08,15918.9,-2263.59
2026-04-10T10:00:00-05:00,26.3,22.812,20.272,18430.83,15806.17,52639.08,52325.69,21405,72,19599.24,17227.7,11534.27,13012.8,14373.36,15172.9,-2783.97
2026-04-10T11:00:00-05:00,25.33,21.89,18.31,18408,15751.25,53889.33,53571.7,20531,75,23082.05,20060.5,10181.81,11614.8,15229.85,14876.12,-3087.07
2026-04-10T12:00:00-05:00,24.29,22.265,18.045,18408,15411.33,55115.08,54709.37,20189,76,24691.29,22166,10116.5,10951.2,15830.88,14775.63,-3112.33
2026-04-10T13:00:00-05:00,23.32,29.822,23.61,18312,15474,56498.5,56022.32,22986,79,23222.04,23710.2,10198.48,11218.1,15731.01,15409.81,-1110.58
2026-04-10T14:00:00-05:00,22.76,31.2,25.427,17740,15859.25,57770.83,56874.43,24908,79,21967.99,23300.3,10825.55,12139.9,15519.41,16626.4,-772.12
2026-04-10T15:00:00-05:00,23.42,25.883,21.575,17478,15793,58520.67,57624.54,25927,80,20468.72,21649.4,12099.4,13496.6,15699.65,17009.16,-1151.3
2026-04-10T16:00:00-05:00,23.97,23.19,19.335,17478,15635.67,58891.67,58169.69,26376,79,18908.62,20014.6,13570.45,15305.5,15842.8,17088.86,-871.3
2026-04-10T17:00:00-05:00,25.82,35.305,32.452,17398,15633.25,59050.08,58179.67,28672,79,15317.58,17199.6,15054.62,17714.2,15387.36,18049.56,42.16
2026-04-10T18:00:00-05:00,35.01,60.525,56.405,17398,15199,58274.67,57088.4,32274,76,8985.71,11225.4,17065.74,19675,14472.56,20066.28,835.46
2026-04-10T19:00:00-05:00,39.54,66.435,63.15,17393.83,15238.33,56889.5,55346.43,36775,74,2151.8,2130.2,18018.34,20813.1,12113.14,21415.15,3892.82
2026-04-10T20:00:00-05:00,40.82,65.442,62.572,17348,15273,56632.75,54817.34,37606,73,8.54,14.2,19071.9,22018.7,10971.42,21803.4,4301.04
2026-04-10T21:00:00-05:00,39.55,36.465,35.345,17368.5,15306.5,55456.92,53695.38,35398,71,0.11,0,20136.41,23252,10538.26,20825.78,3178.95
2026-04-10T22:00:00-05:00,32.26,55.595,54.007,17744,15669.83,53255.5,52117.71,32954,70,0.13,0,20422.13,24269.6,9259.86,20090.78,2055.43
2026-04-10T23:00:00-05:00,25.54,38.267,37.737,17794.5,15601,50808.83,49655.64,30568,69,0.15,0,20366.82,24603.5,9240.42,19864.42,-266.26
2026-04-11T00:00:00-05:00,29.51,29.96,29.96,19099,15724.67,48496.5,48010.13,29014,69,0.14,0,19603.16,21600.1,10252.52,18510.54,-593.33
2026-04-11T01:00:00-05:00,27.46,29.255,29.255,19099,15711,46676.25,45872.58,28218,68,0.17,0,18564.41,20721.5,10456.72,17684.41,-590.55
2026-04-11T02:00:00-05:00,26.79,33.975,33.975,19099,15713.5,45120.75,44335.32,27669,67,0.18,0,17531,19351.9,11044.72,17501.09,-1059.91
2026-04-11T03:00:00-05:00,26.05,28.64,28.64,19099,15698,44203.08,43306.49,27406,67,0.18,0,16825.47,17895.1,11413.84,17447.74,-1224.23
2026-04-11T04:00:00-05:00,30.89,26.118,26.118,19099,15710.33,44036.33,42932.39,27846,67,0.17,0,16176.89,16662.6,11778.26,17262.57,-848.15
2026-04-11T05:00:00-05:00,29.48,28.39,28.39,19099,15699.5,44449.25,43250.69,28892,67,0.17,0,15517.85,15735.4,11775.22,17325.62,98.59
2026-04-11T06:00:00-05:00,29.56,30.965,30.965,19099,15585.5,45407.08,44172.64,30823,68,0.22,0,14487.26,14755,10439.86,17530.52,2015.06
2026-04-11T07:00:00-05:00,29.06,34.408,33.927,19099,16031.33,46017.58,44801.61,32156,68,854.76,1062.1,12957.59,13875.1,8345.55,18001.72,2936.29
2026-04-11T08:00:00-05:00,18.95,27.047,27.047,19099,16485.33,47654.67,46747.96,28030,70,6546.93,8067.8,12891.4,13863.8,8467.53,17164.09,110.51
2026-04-11T09:00:00-05:00,17.85,17.76,17.395,19099,16957.17,49850,49335.03,21207,71,12452.38,14130.9,15975.75,15746.4,11053.31,14931.3,-2663.34
2026-04-11T10:00:00-05:00,15.24,17.565,16.695,19099,16338,51964.92,51559.99,18330,73,15778.86,17685,17683.76,17462.7,13525.58,14132.33,-3914.75
2026-04-11T11:00:00-05:00,15.18,18.903,17.335,19099,16356.33,53575.67,53107.59,18525,75,17381.88,20220.8,17563.81,18173.6,15077.9,14100.43,-4133.71
2026-04-11T12:00:00-05:00,16.4,16.735,15.485,19099,16394,54789.67,54587.98,17771,76,19536.56,21873.2,17393.9,18719.8,16540.09,14014.55,-3975.7
2026-04-11T13:00:00-05:00,20.08,13.723,11.72,19078.33,16321.17,55682,55846.11,17280,78,20689.89,22091.3,17636.61,19345.6,16932.79,12906.25,-3111.26
2026-04-11T14:00:00-05:00,22.14,25.56,8.645,19037,15617,56467.17,56926.02,18547,78,19558.41,20846.3,18282.05,20147.1,16559.9,12510.22,-1633.5
2026-04-11T15:00:00-05:00,23.47,24.877,11.348,19037,15560,57043,57976.11,20642,78,18163.76,19061.9,18220.01,21016.2,16482.92,13595.79,-1003.91
2026-04-11T16:00:00-05:00,26.06,20.528,16.255,17649.5,17141.67,57605,58701.03,22542,77,14824.62,16396.3,20219.44,21701.5,16013.44,15107.21,-695.65
2026-04-11T17:00:00-05:00,30.83,27.05,21.905,17471,17021,57546.25,58789.18,25032,76,12003.05,12887.6,20531.2,21899.9,15606.74,16520.77,-192.7
2026-04-11T18:00:00-05:00,43.4,51.335,50.49,17471,16776.67,56307.92,57779.34,31371,75,5617.96,7520.1,19422.72,21480.6,13682.26,18890.78,1939.02
2026-04-11T19:00:00-05:00,50.14,56.198,55.578,17466.83,16576.25,55308.42,55868.27,36161,73,820.72,1459.7,18373.67,20707.4,11677.19,20588.42,3850.87
2026-04-11T20:00:00-05:00,50.53,59.797,59.207,17421,16523.33,54950.42,55052.74,37597,71,3.03,11.6,17392.35,20107,10424.36,20930.5,4933.08
2026-04-11T21:00:00-05:00,55.3,62.832,62.262,17421,16381,53824.58,53961.79,37238,71,0.03,0,16642.1,20195,9142.14,21020.4,4439.34
2026-04-11T22:00:00-05:00,57.67,100.452,99.538,17421,16389.5,51794.75,52250.73,36525,70,0.05,0,15410.02,21153.7,7074.55,21186.37,3580.11
2026-04-11T23:00:00-05:00,38.38,210.447,208.602,17494.08,16308.33,48160.67,50090.45,34905,70,0.14,0,13492.89,21908.2,5721.26,22013.55,1048.62
2026-04-12T00:00:00-05:00,50.17,112.03,110.92,18298,15719.83,46360.67,48317.13,33534,70,0.11,0,12860.77,20741.2,5585.98,21879.19,159.79
2026-04-12T01:00:00-05:00,35.59,78.062,77.24,18298,16185.67,45020.17,46434.38,31653,69,0.1,0,13397.38,20534.1,6235.57,21487.13,-1129.46
2026-04-12T02:00:00-05:00,32.58,53.385,52.713,18298,16279,44614.17,45091.66,30567,69,0.09,0,14089.71,20379.5,7341.51,20335.9,-1221.51
2026-04-12T03:00:00-05:00,28.4,36.175,35.68,18298,16279.67,44346.33,44020.23,29205,69,0.13,0,15157.66,19994.2,7771.27,18396.44,-858.38
2026-04-12T04:00:00-05:00,27.17,28.545,28.188,18298,16280,44033.08,43473.99,27850,67,0.13,0,16165.22,19574.8,8527.83,16994.39,-817.46
2026-04-12T05:00:00-05:00,24.98,24.733,24.525,18298,16280,44144.67,43288.69,26692,67,0.13,0,17418.33,19310,9449.96,16283.98,-996.38
2026-04-12T06:00:00-05:00,20.15,23.413,23.11,18298,16280,44512,43595.82,25908,66,0.48,0,18542.85,19107.4,10181.92,15660.92,-353.76
2026-04-12T07:00:00-05:00,21.57,20.275,20.093,18298,16273,45141.17,43981.15,24674,67,391.62,767.6,20001.06,19092.1,10238.43,15355.86,-223.82
2026-04-12T08:00:00-05:00,16.91,20.577,19.815,18298,16278,46770.33,45971.12,22899,68,4545.06,5609.5,19189.21,19687.8,10957.71,14602.13,-1131.4
2026-04-12T09:00:00-05:00,17.14,22.53,20.972,18268.67,16307.33,48810.67,48660.84,23198,69,7499.45,11506.5,17988.42,21012.1,12210.84,14579.67,-1739.7
2026-04-12T10:00:00-05:00,16.94,22.915,19.41,18092.67,16483.33,50467.33,50709.23,22002,72,9142.13,15526.7,19182.48,22332.9,13967.04,14394.92,-2855.04
2026-04-12T11:00:00-05:00,17.2,23.992,22.625,17757,16819,52090.5,52265.41,21715,73,10262.63,17796.6,20015.73,22615.3,15426.59,14597.68,-3574.43
2026-04-12T12:00:00-05:00,18.55,22.62,17.81,17757,16811.17,53367.25,53655.22,21705,75,11775.88,19342.5,19783.51,22161.2,16049.87,14300,-3433.99
2026-04-12T13:00:00-05:00,22.71,23.228,21.407,17421.17,16947.17,54104.33,54744.03,22877,76,12738.51,20189.6,18448.36,21280.1,15550.09,14097.63,-1976.36
2026-04-12T14:00:00-05:00,22.41,20.428,19.537,16585,17703,54557.33,55656.63,22725,76,13911.56,20183,17898.2,20292.2,16117.98,14060.44,-1774.85
2026-04-12T15:00:00-05:00,25.38,25.865,24.028,16585,17705.5,54756.33,56331.39,24959,76,12480.51,18883.4,17311.68,19748.4,15525.99,14673.82,-617.28
2026-04-12T16:00:00-05:00,29.71,26.755,25.48,16585,17708.67,55059,56790.84,26360,75,11310.74,16751.9,17378.83,20079.8,15581.82,15625.69,-470.44
2026-04-12T17:00:00-05:00,31.15,35.93,33.825,16585,17722,55247.83,57132.93,27477,76,10170.34,14562.3,17604.6,20778.8,15347.19,16121.67,-272.93
2026-04-12T18:00:00-05:00,41.7,36.08,34.645,16585,17724.67,55330.42,56598.64,29745,75,7442.85,10586.8,18131.68,21289.3,14959.39,17493.99,287.45
2026-04-12T19:00:00-05:00,37.95,31.22,30.53,16179.67,18121.83,55318.75,55435.71,32632,74,2100.51,2577.1,20511.87,23543.9,13220.17,17763.01,2687.22
2026-04-12T20:00:00-05:00,40.23,26.312,25.682,15977,18284,55973.25,55068.35,33055,73,20.78,24.5,22853.01,24875.7,12632.78,17570.19,3733.68
2026-04-12T21:00:00-05:00,36.34,26.33,24.953,15977,18329.67,55137.25,53994.43,30751,72,1.27,0,24416.36,26526.9,12924.58,17479.48,1644.84
2026-04-12T22:00:00-05:00,29.75,23.533,18.898,15977,18311,52866.83,52033.47,28664,72,1.22,0,24361.29,27647.9,13548.45,16940.35,99.16
2026-04-12T23:00:00-05:00,24.24,21.143,17.468,16026.25,18287.67,50209.17,49505.45,26038,71,1.34,0,24327.94,28338,14455.7,16196.74,-664.3
2026-04-13T00:00:00-05:00,21.23,21.245,18.05,16587,18309,47965.83,47213.17,24676,71,1.38,0,23393.54,29035.7,14220.24,15395.39,-411.97
2026-04-13T01:00:00-05:00,20.3,18.455,14.96,16587,18356.67,46233.92,45491.51,22968,70,1.49,0,23310.89,28548.3,15009.11,14714.61,-955.13
2026-04-13T02:00:00-05:00,19.12,21.372,17.453,16587,18344,45207.92,44509.05,22735,70,1.25,0,22483.62,27773.9,14851.07,14809.09,-990.23
2026-04-13T03:00:00-05:00,19.11,23.625,17.938,16590.75,18384,44888.58,44007.51,23104,70,1.26,0,21755.35,26970,15148.24,15089.72,-1447.02
2026-04-13T04:00:00-05:00,19.64,23.263,17.61,16632,18392.33,45638.75,44310.95,23567,70,1.42,0,21950.48,26114.2,15235.18,14947.19,-816.38
2026-04-13T05:00:00-05:00,25.77,25.84,19.527,16633.83,18453.58,47348.75,45787.85,25013,70,1.39,0,22170.8,25232.2,14865.16,15151.5,23.26
2026-04-13T06:00:00-05:00,28.07,29.317,25.612,16657.33,18662.08,50176.58,48207.04,28255,70,2.16,0,21755.71,24373.6,13547.46,15771.11,1302.36
2026-04-13T07:00:00-05:00,30.61,26.878,24.112,16829.83,18870.75,51434.67,49607.3,28930,70,1113.82,902.1,21345.73,23493.4,12508.71,15928.47,1423.81
2026-04-13T08:00:00-05:00,25.85,21.678,17.465,17154,19014.83,52360.58,50911.09,25683,72,8320.46,7548.1,18235.47,22698.6,12756.73,15233.01,-316.2
2026-04-13T09:00:00-05:00,21.98,22.11,19.162,17054,18387.75,53703.5,52742.14,23340,74,12497.65,14918.7,17744.18,22535.4,14093.27,15202.42,-2162.99
2026-04-13T10:00:00-05:00,21.32,20.237,17.273,16962,18487.67,55310.25,54810.47,22720,77,15001.52,19236.5,17411.03,22044.3,14886.18,15016.71,-2353.27
2026-04-13T11:00:00-05:00,21.31,25.115,17.99,16550.58,18824.17,57152.17,56652.58,23202,80,18165.61,21531.9,15607.41,21045.4,15221.78,15107.67,-1612.67
2026-04-13T12:00:00-05:00,22.72,46.667,21.398,16417.75,19014.17,58801.42,58353.96,23897,81,20780.92,23224.6,13993.95,20521.8,15371.4,15138.01,-1502.48
2026-04-13T13:00:00-05:00,23.78,38.092,24.66,16407,18882.92,60599.5,59982.41,25313,82,21357.51,26279.2,13941.06,20698.6,15776.41,15754.46,-1153.12
2026-04-13T14:00:00-05:00,28.8,46.495,28.383,16400.67,18825,62289.25,61277.49,26870,84,21166.24,25679.3,14206.11,21372.7,15342.52,16439.01,-441.11
2026-04-13T15:00:00-05:00,30.69,44.798,24.818,16388,18630.17,63785.5,62427.77,27800,84,20408.78,24216.8,15427.31,22318.4,15155.7,17245.77,-613.07
2026-04-13T16:00:00-05:00,38.25,36.475,21.865,16288.83,18473.67,65314.42,63293.27,28546,84,19282.62,21789.3,17428.65,23625.8,15507.89,17238.17,-90.53
2026-04-13T17:00:00-05:00,38.42,46.263,34.793,16197.83,18369.42,65509.25,63583.28,30656,84,15873.35,18797.4,18984.01,24933,15861.39,19089.53,206.1
2026-04-13T18:00:00-05:00,57.6,88.108,78.175,16179.33,18637.33,64364.83,62432.5,35578,81,8918.9,12338.4,20012.76,25689,14271.08,21867.95,1767.92
2026-04-13T19:00:00-05:00,55.24,116.69,104.397,16145.42,18980.67,62903.58,60735.87,39636,79,2444.77,2654.7,20867.72,26055.3,12147.18,23543.45,4137.99
2026-04-13T20:00:00-05:00,59.65,136.82,123.288,16139,19086.33,62250.67,59956.17,40304,77,314.05,24.2,21760.02,26955.5,10103.74,24120.08,4173.6
2026-04-13T21:00:00-05:00,50.95,96.937,87.102,16139,19155,60156.92,58297.71,37851,76,1.42,0,22445.32,27980.8,9843.92,23859.84,2208.96
2026-04-13T22:00:00-05:00,46.14,38.937,35.448,16139,19116.5,57378.33,55633.79,34226,74,0.25,0,23354.95,28695.2,10293.02,22182.22,240.9
2026-04-13T23:00:00-05:00,31.06,29.697,26.02,16158.33,18902.17,53992.5,52013.74,30374,73,0.17,0,23815.17,29132.6,10181.02,19676.96,-799.49
2026-04-14T00:00:00-05:00,25.29,26.032,23.147,16371,18829.67,51120.25,49048.16,27908,73,0.16,0,23362.06,28452.7,10305.61,17601.43,-772.24
2026-04-14T01:00:00-05:00,23.74,22.56,19.4,16371,18808,49186.17,47025.04,26132,72,0.18,0,23128.13,28390.2,11732.4,16864.55,-1615.79
2026-04-14T02:00:00-05:00,21.19,22.38,19.845,16371,18812,47809.5,45788.41,25128,72,0.17,0,22729.82,28089.1,13446.95,16288.47,-1736.16
2026-04-14T03:00:00-05:00,19.39,21.977,19.955,16371,18812,47079.67,45175.81,24178,71,0.23,0,22893.31,27228.9,14804.31,15977.35,-2138.91
2026-04-14T04:00:00-05:00,18.88,22.467,20.612,16371,18812,47318.83,45388.89,24606,71,0.28,0,22584.64,26004.7,14794.26,16033.22,-1742.03
2026-04-14T05:00:00-05:00,21.68,21.96,19.88,16371,18813.33,48702.08,46928.64,26108,71,0.3,0,22413.19,24860,14298.65,16219.84,-314.67
2026-04-14T06:00:00-05:00,25.32,25.652,23.582,16375.17,18819.92,51284.67,49452.3,29000,71,0.4,0.1,22101.97,23825.6,12657.32,17184.56,1288.27
2026-04-14T07:00:00-05:00,27.79,24.465,22.935,16398.67,18842.33,51955.67,50723.79,30380,71,857.7,1055.5,20685.9,22655.8,11415.89,17522.66,1845.48
2026-04-14T08:00:00-05:00,22.02,21.115,19.185,16392.42,19248.67,52610.25,51606.03,27634,72,6102.67,7884,18760.48,22147.8,11867.86,17123.75,66.09
2026-04-14T09:00:00-05:00,19.06,22.878,8.662,16364,19815.08,53912.17,53289.18,25284,73,9211.37,14772.4,19280.12,22710.3,12821.61,16604.97,-1732.73
2026-04-14T10:00:00-05:00,20.21,21.532,17.102,16318,20285.67,55271.5,54989.57,22982,75,12186.06,18156.4,20009.24,23384.4,13850.5,15888.47,-2604.11
2026-04-14T11:00:00-05:00,22.05,30.395,13.4,16318,20375,56684.08,56579.77,22868,77,13960.17,20378.9,19583.17,23399.7,14922.69,15735.74,-2284.4
2026-04-14T12:00:00-05:00,21.93,38.892,11.762,16318,20078,57964.75,58213.42,22337,79,16380.48,22441.7,19142.41,23383,15852.8,15094.28,-1848.59
2026-04-14T13:00:00-05:00,23.76,85.753,10.458,16318,20820,59326.92,59680.24,23200,80,17288.82,23786.4,18754.68,23719.9,15336.76,15348.49,-658.48
2026-04-14T14:00:00-05:00,27.51,127.745,8.217,16228.83,20783.5,60220.42,60605.43,23691,82,17347.04,23037.8,19032.3,24316.4,15684.45,15550.92,-656.85
2026-04-14T15:00:00-05:00,30.33,113.94,10.628,16174.5,20590,61589.92,61399.12,24899,82,16889.87,21594.7,19708.93,25203.9,15654.62,16782.88,-643.64
2026-04-14T16:00:00-05:00,33.24,30.74,22.007,15992,20302.33,62756.33,61950.56,27469,82,14266.84,19118.7,20937.9,26143.3,14914.65,18463.18,-768.03
2026-04-14T17:00:00-05:00,38.81,48.375,35.028,15992,20270.67,63103.75,61912.52,30994,81,11116.65,16060.4,20989.61,27031.1,14838.59,19897.68,184.33
2026-04-14T18:00:00-05:00,47.68,70.987,56.117,15987.83,19373.92,61913.25,60894.73,34243,80,6164.81,10068.6,21556.06,27712.6,14051.2,21967.41,941.53
2026-04-14T19:00:00-05:00,47.79,72.237,47.802,15901.17,18675,61091,59551.49,36356,77,1192.27,2117.9,23513,27698.1,13042.96,22733.59,2299.59
2026-04-14T20:00:00-05:00,46.6,49.057,31.203,15691,18450,61159.92,59367.16,36515,75,11.48,21.5,24581.9,27789.6,12090.14,22446.29,2898.93
2026-04-14T21:00:00-05:00,47.31,38.875,30.802,15697.5,18457,59747.83,57968.42,36139,74,0.21,0,23732.63,28046.5,10831.01,22025,3021.44
2026-04-14T22:00:00-05:00,41.36,33.677,28.185,15754,18461,56716.25,55486,33854,73,0.26,0,23084.68,28229.6,10850.24,21465.34,1453.35
2026-04-14T23:00:00-05:00,32.24,27.938,26.18,15745.33,18364.83,53232.5,52481.13,30935,72,0.27,0,22113.68,28377.7,11389.15,20229.79,-316.72
2026-04-15T00:00:00-05:00,29.72,24.737,24.593,15980,18705,50300.42,49864.7,28790,72,0.27,0,21652.4,25464.9,11473.7,18986.54,-226
2026-04-15T01:00:00-05:00,24.01,24.51,24.365,15980,19095.42,48430.75,47521.52,27992,71,0.26,0,20512.47,24621.6,12064.11,18674.11,-1114.05
2026-04-15T02:00:00-05:00,21.81,23.492,23.305,15980,19063,47468.17,45886.05,26928,70,0.27,0,20585.27,23536.4,12737.53,18491.81,-1797.95
2026-04-15T03:00:00-05:00,22.4,22.64,22.485,15865.5,18687.67,46880.58,44959.81,27071,70,0.31,0,19832.72,22388.7,13079.17,18235.95,-1382.76
2026-04-15T04:00:00-05:00,23.99,23.362,23.325,15826,18730.67,47056.75,45070.58,28232,69,0.27,0,18726.36,21132,13128.26,18484.04,-618.78
2026-04-15T05:00:00-05:00,27.54,32.18,32.123,15787,18754.17,48298.33,46361.12,31011,68,0.31,0,17154.16,20141.8,11740.94,19163.07,1041.31
2026-04-15T06:00:00-05:00,35.06,35.193,35.602,15754.5,19179.5,50503.75,48987.81,33541,68,1.45,0.2,16857.55,19552.1,10024.01,20119.66,2549.04
2026-04-15T07:00:00-05:00,36.49,34.188,34.208,15849.75,19379.83,51137.08,50268.05,33854,69,1173.36,1100.3,16063,18563.8,8505.51,20380.82,2526.32
2026-04-15T08:00:00-05:00,28.6,28.442,22.36,15884,19689.83,52103.25,51209.34,29727,70,7511.7,7963.7,14749.23,18191.1,8114.72,19330.52,-242.94
2026-04-15T09:00:00-05:00,23.44,31.345,19.222,15847,20004.42,53819.17,52971.23,24222,73,14785.36,15432,14621.07,18622.8,9926.41,17357.92,-2460.47
2026-04-15T10:00:00-05:00,23.12,33.017,13.64,15847,20224.33,55497,54764.89,19440,75,19829.01,19915.6,16092.11,18579.8,12719.38,15066.39,-3711.98
2026-04-15T11:00:00-05:00,23.28,39.785,13.17,15822.83,19749.92,57213.75,56521.05,18783,77,23089.1,22513.5,15242.94,18232.2,14338.51,14959.11,-3598.67
2026-04-15T12:00:00-05:00,25.51,17.95,16.207,15772.42,19197.33,58466.83,58157.15,21489,78,23842.71,24445.7,13058.33,18135.1,14774.36,16687.03,-2885.35
2026-04-15T13:00:00-05:00,31.04,24.555,17.55,15738.67,19159.58,59641.58,59843.64,23440,79,23248.28,25092.2,12873.5,18190.2,14703.19,17148.59,-2122.34
2026-04-15T14:00:00-05:00,29.89,36.56,22.085,15617.17,18818.33,60713.17,61001.81,25590,80,22175.89,24358.9,12879.84,18560.3,14776.95,18423.37,-1445.14
2026-04-15T15:00:00-05:00,35.02,31.558,23.35,15244,19164,61582.17,61928.78,26895,80,21347.28,23097.4,13294.78,19089.2,14895.36,18899.21,-1189.1
2026-04-15T16:00:00-05:00,37.38,39.023,23.985,15058.33,19469,62266.33,62536.51,28416,80,19006.8,21434.5,14814.78,19569.2,14637.68,19235.21,-1044.34
2026-04-15T17:00:00-05:00,38.24,28.575,14.303,15040,19469,62483.5,62315.78,29234,80,17546.5,19248.5,15686.71,19855.1,15115.47,18843.34,-572.92
2026-04-15T18:00:00-05:00,54.72,39.595,26.392,15040,19459,61674,61048.12,31398,79,14007.95,13742.7,16360.15,19838.1,14949.74,20513.31,469.97
2026-04-15T19:00:00-05:00,65.57,77.202,67.582,14960.67,19316.17,60002.5,59298.45,40358,77,3846.86,3643.9,15894.99,19278.2,11881.61,25348.6,4781.58
2026-04-15T20:00:00-05:00,70.91,97.138,94.637,14904.33,19329.17,59197.33,58790.37,45058,75,45.68,42,14159.58,19578,9055.17,26825.38,7523.95
2026-04-15T21:00:00-05:00,68.76,76.41,74.995,15095.5,19251.67,57690.33,57216.15,42462,74,0.21,0,15352.27,20165.8,8914.52,27078.02,4514.44
2026-04-15T22:00:00-05:00,55.15,49.853,49.19,15507,19228,54872.08,54685.93,38036,72,0.25,0,17002.94,20562.6,9173.4,26101.37,752.22
2026-04-15T23:00:00-05:00,37.19,33.057,32.185,15545.33,19133,51940.67,51523.24,34325,71,0.27,0,17826.77,21056.3,9791.05,24084.71,-1064.44
2026-04-16T00:00:00-05:00,34.9,28.625,27.43,15967,18653,49483.58,49075.94,30982,70,0.27,0,18588.93,18883.4,10817.02,21663.77,-1813.23
2026-04-16T01:00:00-05:00,34.36,24.47,23.702,15967,18728,47639.42,47133.88,29128,70,0.28,0,18530.75,19061.3,12280.72,20335.65,-1751.82
2026-04-16T02:00:00-05:00,31.28,22.75,21.805,15967,18728,46382.5,45950.83,28013,69,0.27,0,18387.6,18903.6,13153.52,20002.39,-1717.13
2026-04-16T03:00:00-05:00,26.49,23.9,23.42,15967,18728,45754.25,45246.5,27754,67,0.36,0,18004.78,18408.9,13381.03,19844.48,-1915.53
2026-04-16T04:00:00-05:00,27.79,23.912,23.525,15967,18736,45703.67,45315.94,28719,67,0.34,0,16934.57,17693.3,14041.19,19929.08,-1039.72
2026-04-16T05:00:00-05:00,35.5,29.24,29.065,15949.67,18595.17,46909.17,46631.97,30904,66,0.34,0,15839.13,16920.8,13577.19,20509.91,-164.81
2026-04-16T06:00:00-05:00,39.32,28.497,28.382,15773.17,18673.67,49381.42,49142.07,33894,66,1.55,1.1,15328.36,15849.9,11362.54,20877.64,2258.82
2026-04-16T07:00:00-05:00,40.43,23.8,23.78,15916.25,18609.17,50205.17,50315.47,33453,67,2134.83,1592.9,14566.95,14525,10181.09,20385.34,2607.3
2026-04-16T08:00:00-05:00,20.29,13.7,13.682,15911.17,18813.75,51479.58,51585.29,24835,70,13730.32,12252,12760.66,13403.7,11456.56,16162.91,-428.11
2026-04-16T09:00:00-05:00,19.62,14.787,13.155,15934,19182.17,53288.25,53556.53,19316,74,22250.37,21835.6,11610.1,12393.9,13317.67,14648.81,-2963.96
2026-04-16T10:00:00-05:00,21.44,33.385,13.848,15973,19179.33,55424.92,55627.23,17550,77,24675.92,25554.6,13061.72,11523.8,14911.6,14345.41,-4084.32
2026-04-16T11:00:00-05:00,25.66,33.493,12.457,15858,18919.42,57821.67,57777.45,17684,80,26978.65,27901.2,12994.39,11187.3,15545.12,14292.86,-3724.42
2026-04-16T12:00:00-05:00,29.18,27.043,12.088,15858,18363.58,60260.08,59841.58,19246,82,28001.23,29360.3,12842.38,11472.6,15410.24,14182.57,-2050.43
2026-04-16T13:00:00-05:00,33.02,45.46,10.652,15858,18349,62623,61925.58,20504,84,28366.72,30212.5,13615.79,12307.1,15380.21,14426.56,-948.41
2026-04-16T14:00:00-05:00,39.35,29.59,11.572,15858,17943.83,64808.17,63362.02,21265,85,27909.21,30168.3,15523.68,13808.2,16100.43,14921.55,-841.53
2026-04-16T15:00:00-05:00,40.82,45.655,14.765,15845.33,17653.08,66471.92,64788.6,23065,85,25466.03,29986.9,17856.84,15875.2,16286.76,15828.28,-490.77
2026-04-16T16:00:00-05:00,36.43,50.285,16.452,15792,17679,67667.33,65785.64,24600,85,23271.29,29774.6,19724.08,18308.7,16048.45,16841.71,-709.87
2026-04-16T17:00:00-05:00,31.74,41.052,15.287,15627.5,17662.67,67724.33,65771.61,25405,84,21093.55,27026.2,21257.53,20663.2,16797.07,17179.15,-1359.97
2026-04-16T18:00:00-05:00,48.43,43.682,25.302,15448.5,17631,66381.75,64196.61,29392,83,13898.31,17710,23188.25,22453.8,16226.83,19341.66,-43.5
2026-04-16T19:00:00-05:00,68.42,55.882,30.26,15407,17978.58,64400.83,62285.01,36280,80,3384.98,3469.9,24823.93,23410,13846.08,22233.36,2723.84
2026-04-16T20:00:00-05:00,69.18,36.268,23.665,15491.67,18025,63603.42,61652.68,37325,78,45.29,35.2,26304.1,24692.6,12261.95,21863.11,4326.47
2026-04-16T21:00:00-05:00,60.71,35.097,21.415,15674,17879.75,61650.58,59985.32,35268,76,2.93,0,26557.79,26260.7,11829.26,20725.38,3500.72
2026-04-16T22:00:00-05:00,37.85,33.275,19.205,15674,18245.83,58257.75,57142.09,31824,75,0.12,0,26680.6,27420.7,11214.06,19558.79,1459.53
2026-04-16T23:00:00-05:00,28.9,28.578,16.263,15742,18167.33,54487.5,53793.26,28163,74,0.12,0,26553.48,28149.8,11476.16,17619.61,-177.29
2026-04-17T00:00:00-05:00,21.5,25.073,13.688,16490,17466,51511.08,50920.41,25224,73,0.15,0,26449.19,28638.3,11637.98,15105.64,-609.22
2026-04-17T01:00:00-05:00,20.11,22.04,12.007,16490,17466,49229.17,48628.93,23045,72,0.16,0,26304.5,29095.4,12593.64,14254.92,-1113.28
2026-04-17T02:00:00-05:00,19.82,20.987,11.142,16490,17466,47807.83,47103.18,22002,71,0.23,0,25862.54,29053.4,13197.89,13594.75,-897.59
2026-04-17T03:00:00-05:00,19.14,21.65,11.485,16490,17528.33,47048.42,46291.26,21445,70,0.23,0,25647.83,28670.1,13236.04,13122.36,-823.72
2026-04-17T04:00:00-05:00,18.39,18.137,11.003,16410,17616.33,47027.33,46254.53,21654,70,0.21,0,25349.34,27839.4,13236.12,12926.59,-268.25
2026-04-17T05:00:00-05:00,20.8,19.605,13.428,16330,17795.92,48306,47449.32,23575,69,0.19,0,24602.39,26918.6,12201.09,13823.44,661.22
2026-04-17T06:00:00-05:00,24.52,24.473,17.577,16330,17930.5,50553.33,49599.99,25886,68,2.25,2.8,24552.48,26071.3,10666.71,14617.59,1806.14
2026-04-17T07:00:00-05:00,22.11,21.48,16.707,16311.17,17949.83,51178.92,50673.15,25537,70,2032.24,1912.1,23547.4,25522.9,10000.07,14372.33,1177.28
2026-04-17T08:00:00-05:00,17.12,16.705,13.685,16349,17767.58,52445.75,51986.92,18737,72,12760.82,13054.2,20792.92,26821.9,11382.57,10838.12,-1360.55
2026-04-17T09:00:00-05:00,16.42,15.195,11.155,16362.33,17152.17,54460.5,53959.88,14832,75,17619.89,22441.1,21874.4,27106.6,13803.2,9685.38,-3436.11
2026-04-17T10:00:00-05:00,20.4,33.407,12.082,16482.33,17251.5,56532.83,56087.99,14884,77,19737.95,25726.9,21765.34,26333.9,15890.01,9919.28,-3770.97
2026-04-17T11:00:00-05:00,24.35,25.072,12.492,16313,17378.08,58530.08,57995.55,16419,80,21532.33,27684.8,20391.91,25660.2,16919.72,10789,-3302.99
2026-04-17T12:00:00-05:00,26.38,25.733,10.618,16295,17019,60114.25,59811.87,18731,81,22022.19,28671.7,19220.94,25201.7,16635.19,11429.15,-2005.02
2026-04-17T13:00:00-05:00,34.03,45.763,17.483,16295,17178.33,61620.92,61646.13,21031,83,21249.41,28110.3,19266.39,25191.9,16490.8,12755.91,-1271.34
2026-04-17T14:00:00-05:00,38.79,59.282,21.005,16027.5,17417.25,62675.17,63005.99,22892,84,21169.66,27857.5,18527.26,25497.5,15957.24,13796.18,-874.62
2026-04-17T15:00:00-05:00,42.95,42.728,23.347,15458.67,17715.67,63466,64070.48,24099,84,20644.24,27112.1,18673.64,25871.9,16055.49,14521.15,-422.73
2026-04-17T16:00:00-05:00,39.75,29.375,19.28,15449,17733.58,64265,64787.95,24917,84,19693.52,25304.5,19580.72,26203.4,16148.99,15996.89,-942.63
2026-04-17T17:00:00-05:00,40.77,39.7,23.608,15449,17950.92,63768.67,64737.12,28241,83,15311.21,22410.7,20266.82,26532.2,15777.15,17951.35,-139.62
2026-04-17T18:00:00-05:00,48.84,46.543,23.345,15304,17578.17,62415.17,63412.1,29902,82,11207.36,14940.8,21401.99,26254.5,15671.51,18609.32,44.72
2026-04-17T19:00:00-05:00,57.37,34.26,24.573,15014,17318.5,61076,61228.83,33979,80,3290.76,3145.2,23825.89,25347.7,13745.69,20270.47,2246.93
2026-04-17T20:00:00-05:00,57.08,29.457,24.27,14754,17193.5,60540.83,60104.45,35221,78,45.45,39.8,25321.84,26323.4,12518.61,20172,3907.68
2026-04-17T21:00:00-05:00,56.21,35.203,24.767,15081.67,16698.25,59118.83,58676.82,33307,76,0.31,0,25965.12,27130.6,12180.86,19051.47,2826.62
2026-04-17T22:00:00-05:00,49.31,36.867,24.52,15912,16879.33,56717.42,56376.23,31141,75,0.32,0,25723.42,24658.3,11677.21,17928.76,1932.76
2026-04-17T23:00:00-05:00,40.03,33.517,23.968,15569.17,17302.08,53955.9,53385.9,28778,74,0.33,0,25060.8,24921.9,11166.59,16938.46,1219.1
2026-04-18T00:00:00-05:00,34.44,27.72,16.045,15186,17833,51142.92,50532.65,25844,72,0.33,0,25299.39,27341.9,10916.25,15598.73,36.35
2026-04-18T01:00:00-05:00,30,22.545,15.103,15186,17842,49271.08,48016.52,24166,71,0.36,0,25076.91,25443.7,11494.36,14673.43,-335.92
2026-04-18T02:00:00-05:00,25.92,21.795,14.537,15186,17823.5,47821.5,46117.61,22160,69,0.38,0,25523.14,26076.8,12159.38,13769.9,-902.41
2026-04-18T03:00:00-05:00,22.26,19.607,13.585,15186,17792,46613.08,45234.98,21306,67,0.36,0,25273.74,27288.3,12656.55,13063.85,-644.88
2026-04-18T04:00:00-05:00,21.28,19.405,15.312,15186,17633.92,45274.33,44769.54,21090,65,0.37,0,24262.73,26369.6,12390.93,12793.2,-528.68
2026-04-18T05:00:00-05:00,23.06,20.415,14.868,15186,17710.83,45053.17,44702.63,20695,64,0.36,0,24168.68,26723.3,12555.97,12259.36,-551.74
2026-04-18T06:00:00-05:00,21.5,23.287,17.755,15186,17721,45698.5,45371.01,21772,62,0.97,1.3,23872.62,26896.5,12235.58,11976.48,-52.06
2026-04-18T07:00:00-05:00,21.2,21.975,16.525,15181,17734.5,46378.67,46121.95,22087,62,1061.41,1257.1,23145.48,26191,11744.88,11536.64,264.03
2026-04-18T08:00:00-05:00,20.33,19.362,13.253,15176,17693,47872.25,47962.58,19911,62,5957.2,8393,21825.16,27259.5,12386.79,11482.91,-1084.45
2026-04-18T09:00:00-05:00,25.05,20.547,14.875,15176,17730.08,49758.25,50219.85,18208,62,8804.91,15612.9,22623.82,27204.8,14059.37,11317.86,-2426.77
2026-04-18T10:00:00-05:00,27.56,17.67,13.062,15176,17800.33,51234.42,52056.16,17135,62,11479.81,18533.6,22509.09,25788.1,15917.09,11297.63,-3073.06
2026-04-18T11:00:00-05:00,30.9,20.77,10.632,15176,17792,52315,53410.18,16801,62,13579.48,20543.3,21878.97,23936.4,16920.82,11107.08,-2942.73
2026-04-18T12:00:00-05:00,32.49,40.32,12.775,15176,17801.83,52651.58,54325.57,18456,62,13679.96,21525.8,20516.14,22150.4,16603.23,11264.49,-1137.65
2026-04-18T13:00:00-05:00,37.68,40.69,15.758,15157.33,17828,52471.33,54686.68,20595,63,13189.09,20967,18605.37,20674.2,16253.89,12281.02,-425.25
2026-04-18T14:00:00-05:00,34.98,66.777,12.762,15120,17841.25,52020.92,54676.21,21637,64,12900.25,20326.5,17506.05,19584.7,15761.64,12592.18,-650.02
2026-04-18T15:00:00-05:00,32,109.588,19.092,15120,17978,51401.58,54393.5,22136,64,12441.35,18918.5,16840.29,18938.5,15254.09,12599.02,-28.31
2026-04-18T16:00:00-05:00,27.77,126.947,23.075,15107.67,18011.17,50985.25,53982.76,22678,63,12090.54,16422.1,16269.02,18305.9,14946,13435.11,-470.11
2026-04-18T17:00:00-05:00,26.07,30.542,14.773,15046,18201.67,50342.17,53257.67,23329,62,11506.56,14905.7,15539.54,18155.5,15161.89,14624.98,-961.88
2026-04-18T18:00:00-05:00,26.2,31.503,15.422,15046.83,18134.75,49282.08,52208.05,24384,61,10221.44,11580.8,14768.18,18032,15190.33,15447.09,-139.12
2026-04-18T19:00:00-05:00,29.71,54.97,40.607,15046,18049.58,48477.75,51148.04,32258,58,3625.49,3621.5,12631.82,16369.3,11661.28,18782.21,3432.91
2026-04-18T20:00:00-05:00,37.05,87.713,62.042,15046,17825,48392.92,50753.35,37570,56,86.1,57.5,10770.87,16226.3,8308.52,20156.8,6918.05
2026-04-18T21:00:00-05:00,37.8,87.05,83.683,15046,18125.5,47367.92,49767.92,36947,54,0.16,0,10508.31,16787.9,7522.25,20604.02,5649.53
2026-04-18T22:00:00-05:00,40.71,78.883,76.1,15046,18336.33,45538.08,48257.5,34000,54,0.13,0,11622.81,16616,7244.3,21230.61,1512.56
2026-04-18T23:00:00-05:00,37.94,36.42,35.44,15172.83,18289.08,44473.83,46523.34,31870,53,0.13,0,12695.39,16911.6,7569.66,20279.07,8.78
2026-04-19T00:00:00-05:00,27.96,35.842,34.43,16573.42,17848.33,42966.08,43844.35,28820,52,0.16,0,14232.44,16661.2,7476.9,17745.69,-278.16
2026-04-19T01:00:00-05:00,28.17,35.467,33.225,16633,17306,41799.25,42432,27511,51,0.15,0,14346.98,16400.8,8246.09,17434.23,-1158.15
2026-04-19T02:00:00-05:00,30.75,33.355,33.41,16633,18274.17,41015.83,41428.28,27058,50,0.13,0,13977.07,15659.7,9053.02,16898.86,-974.5
2026-04-19T03:00:00-05:00,33.85,34.152,33.972,16633,18417,40669.33,40907.32,27098,49,0.16,0,13549.38,14716.4,9664.11,16731.09,-620.51
2026-04-19T04:00:00-05:00,34.57,44.062,43.455,16600.5,18261.75,40607.17,40767.04,28023,49,0.24,0,12601.18,13751.7,9828.64,17034.87,-194.37
2026-04-19T05:00:00-05:00,34.99,45.29,44.54,16571.33,18079.92,40994.5,40908.86,29208,48,0.22,0,11738.74,12731.8,9186.16,17134.62,782.34
2026-04-19T06:00:00-05:00,28.33,46.105,45.865,16571.33,17826.25,41814.42,41673.27,30886,47,5.41,7.7,10875.06,11681.4,7452.22,17171.2,2075.08
2026-04-19T07:00:00-05:00,26.71,69.503,69.243,16568,17859.33,42159.08,42934.09,28812,49,3346.63,2751.6,9906.48,10826,6133.74,16729.22,747.98
2026-04-19T08:00:00-05:00,13.69,12.267,11.537,16572.17,17937.25,44250.17,44137.5,17592,53,17977.78,16225.9,8582.14,9722,7840.96,9068.55,-1155.11
2026-04-19T09:00:00-05:00,5.07,14.45,10.06,16501,18258.67,45174.25,45131.11,12768,57,24448.16,25657.2,7931.97,9091,10334.28,7013.2,-2522.95
2026-04-19T10:00:00-05:00,1.79,11.635,7.722,16503.5,18367.75,45271.08,45368.83,10631,60,24920.3,28178.9,9742.36,9475.5,12479.86,6669.35,-3685.68
2026-04-19T11:00:00-05:00,1.97,9.748,6.02,16501,18364,45337.17,45382.72,9277,63,25149.1,29446.4,10896.54,10041,14530.16,6176.03,-4560.51
2026-04-19T12:00:00-05:00,2.07,10.22,5.845,16501.83,18339.25,45219.83,45509.94,10436,65,23801.38,30121.9,10991.24,10740.5,15440.23,6546.54,-3747.51
2026-04-19T13:00:00-05:00,3.47,9.292,4.963,16511,18231.58,45341.25,45964,11106,67,22771.5,29531,11452.6,11615.1,16152.43,6483.42,-2943.94
2026-04-19T14:00:00-05:00,5.29,8.977,4.462,16511,17977.42,45658.33,46843.25,12561,68,21768.17,28906.4,11292.16,12545.8,16541.34,7237.76,-2243.45
2026-04-19T15:00:00-05:00,5.65,13.74,7.74,16511,18163,46381,47775.95,14373,68,20791.73,28156.6,11166.56,13307.3,16435.55,7936.65,-1087.15
2026-04-19T16:00:00-05:00,8.75,16.365,8.9,16511,18186.17,47211.83,48773.64,16277,69,19559.53,25843.6,11302.3,13939.7,16615.49,9445.36,-740.61
2026-04-19T17:00:00-05:00,9.77,15.605,10.205,16511,18196,48046.42,49888.56,18475,68,17431.83,23873.9,12121.39,14598.3,16566.28,11629.65,-817.9
2026-04-19T18:00:00-05:00,16.46,23.562,22.013,16400.67,17781.17,48221.58,49993.62,24699,66,11155.59,16534.3,12417.97,14785.8,15936.2,15962.55,-10.86
2026-04-19T19:00:00-05:00,38.96,45.42,45.628,16180,17739.67,47913.75,49617.66,33630,64,2369.35,2946,11916.35,14481.6,12557.76,18930.81,3883.54
2026-04-19T20:00:00-05:00,39.94,43.372,43.49,16180,17709,48902.5,49776.98,36403,62,19.62,38.2,12447.34,14748.3,11340.01,20465.71,4542.96
2026-04-19T21:00:00-05:00,41.33,31.5,31.522,16180,17444,48177.92,48832.89,34307,61,0.12,0,13973.47,15659.9,12403.14,20358.5,2199.26
2026-04-19T22:00:00-05:00,37.32,29.148,29.26,16180,17607,45884.83,46923.71,31553,59,0.15,0,14506.19,16518.8,12448.91,19302.49,568.6
2026-04-19T23:00:00-05:00,25.12,27.113,27.268,16201.58,17499,43291.58,44519.12,29025,59,0.14,0,14387.54,17009.6,12660.37,18770.64,-367.29
2026-04-20T00:00:00-05:00,24.35,28.38,28.66,16439,17636.33,41644.83,42370.4,27694,57,0.14,0,14046.91,15735.8,12661.67,18268.01,-1518.66
2026-04-20T01:00:00-05:00,25.07,25.048,26.368,16439,17690,40329.25,41048.91,25892,57,0.12,0,14510.43,15228.5,13773.45,17911.26,-2927.14
2026-04-20T02:00:00-05:00,27.07,21.368,21.758,16439,17691,39883.08,40315.1,25138,56,0.14,0,14753.85,14310.2,15063.97,17120.15,-1944.82
2026-04-20T03:00:00-05:00,33.73,22.135,22.25,16442.75,17676,39716.83,40000.21,26308,56,0.15,0,13388.82,13055.4,14519.42,17186.96,-743.6
2026-04-20T04:00:00-05:00,39.08,26.098,26.11,16487.75,17511,40431.75,40421.23,27828,56,0.16,0,12519.26,11894.8,14176.7,18046.03,-252.67
2026-04-20T05:00:00-05:00,50.78,33.412,33.16,16532,17497,42341,42325.78,31145,56,0.12,0,11055.84,10857.9,13179.67,18901.11,1425.83
2026-04-20T06:00:00-05:00,42.56,42.252,41.56,16570.5,17470.17,45373.92,45088.93,35386,56,5.81,6.9,9764.24,9824.7,10527.6,20097,4220.81
2026-04-20T07:00:00-05:00,46.67,51.42,44.812,16640.25,17502.83,46795.08,46637.38,37698,57,898.48,1828,8200.52,8997.6,8091.14,20218.29,6345.64
2026-04-20T08:00:00-05:00,38.46,151.147,145.948,16674.67,17715.42,45699,47208.94,35258,58,3867.28,8520.5,6640.45,8123.9,5543.61,21362.83,2969.26
2026-04-20T09:00:00-05:00,26.03,67.443,65.797,16673.83,18107.92,47117,47937.22,33094,60,8099.57,13324.9,5761.98,7769.5,5610.95,21800.73,-5.56
2026-04-20T10:00:00-05:00,21.04,59.832,59.365,16710,18345,47939.08,48351.06,30734,62,12018.94,15584.9,5161.88,8440.3,6070.28,20718.19,-816.07
2026-04-20T11:00:00-05:00,20.77,35.675,36.725,16692.67,18406.5,48075.92,48502.99,26973,64,15286.5,17557.6,5770.17,9195.1,8222.35,19026.87,-2747.3
2026-04-20T12:00:00-05:00,20.98,26.517,27.672,16635.17,18374,48761.92,48985.11,24298,65,18120.47,18798.6,6330.78,9983.3,11108.81,17790.31,-4006.95
2026-04-20T13:00:00-05:00,25.12,33.78,30.65,16521,18350.17,49138.08,49355.81,23437,65,18243.18,17275.1,7415,11111.3,13397.48,17067.02,-3602.6
2026-04-20T14:00:00-05:00,23.28,52.175,45.448,16521,18275.92,49117,49804.29,25507,66,15542.2,16587.3,8101.38,12382.6,14225.19,18190.52,-2937.37
2026-04-20T15:00:00-05:00,24.07,58.703,50.775,16446,18199.58,48907.42,50327.31,27496,66,13080.97,15394.1,8341.81,13414.6,14979.72,19523.93,-2633.02
2026-04-20T16:00:00-05:00,24.14,51.443,48.45,16348.5,18350.67,48761.58,50720.47,29561,66,10673.73,12806.4,8558.38,14418.2,15181.46,20853.19,-1984.86
2026-04-20T17:00:00-05:00,28.48,55.747,54.308,16253.67,18522.67,49063.25,51139.83,31711,66,8714.79,10415.3,8578.24,15263.9,14702.01,21889.72,-1012.36
2026-04-20T18:00:00-05:00,33.67,53.07,49.033,16178,18606.67,49412.5,50981.65,32514,65,7100.2,6624.2,9793.84,15596.6,15116.96,22826.29,-1450.25
2026-04-20T19:00:00-05:00,42.42,58.908,58.292,16178,18629.67,49659.67,50561.35,36003,63,2184.78,1559.7,11423.88,15606.2,13787,23358.93,1268.75
2026-04-20T20:00:00-05:00,42.6,53.89,53.405,16178,18512.83,50436.67,51079.34,37858,62,24.26,33.5,12537.2,15840.8,12645.08,23572.25,2815.21
2026-04-20T21:00:00-05:00,49.37,43.135,42.908,16194.83,18466.67,49710.58,50002.62,36865,62,1.33,0,12935.01,16126.9,12923.69,23534.09,1905.35
2026-04-20T22:00:00-05:00,42.73,39.097,39.235,16380,18617.67,47336.75,47881.65,34979,62,1.08,0,12498.11,16722.5,13184.62,23041.71,292.83
2026-04-20T23:00:00-05:00,32.15,33.675,34.555,16390.17,18507.67,44666.92,45529.26,31985,61,0.79,0,12803.53,17020.2,13844.26,22090.73,-1558.58
2026-04-21T00:00:00-05:00,31.53,36.158,36.72,16502,18544.92,42967,43604.02,31133,61,0.7,0,11840.46,15290.6,14122,21599.91,-1892.99
2026-04-21T01:00:00-05:00,32.28,39.965,40.032,16502,18934,41883.75,42309.97,31295,61,0.86,0,10611.37,14199.7,15195.04,22256.63,-2322.37
2026-04-21T02:00:00-05:00,33.25,44.02,43.977,16502,18609,41270.67,41506.56,31876,60,0.95,0,9385.63,12898.4,15463.25,22512.56,-1801.85
2026-04-21T03:00:00-05:00,37.69,42.932,43.207,16502,18609,41036.42,41283.11,32355,60,0.96,0,8661.59,11693.9,15443.21,22715.68,-1460.4
2026-04-21T04:00:00-05:00,41.11,47.668,50.153,16505.75,18609,41366.5,41514.14,34355,59,0.88,0,6968.88,10579.1,14468.38,22986.1,46.56
2026-04-21T05:00:00-05:00,53.04,61.267,63.125,16540.67,18621.67,42973.17,43121.05,36759,60,0.91,0,6077.07,9748.6,13610.97,24225.37,1229.8
2026-04-21T06:00:00-05:00,61.9,54.705,58.46,16528,18647,45690.92,45771.48,39368,59,1.17,1.7,6146.63,9141.7,12696.07,24787.11,3082.9
2026-04-21T07:00:00-05:00,57.6,48.09,50.903,16536,18639.75,47005.42,47309.26,40443,60,208.43,670.1,6301.28,8621.3,11321.2,24860.91,3845.5
2026-04-21T08:00:00-05:00,76.07,39.023,40.432,16455.92,18520.92,47687.67,47847.17,38987,60,1825.22,3105.7,6817.99,8344.1,10783.43,24678.55,2797.24
2026-04-21T09:00:00-05:00,51.08,41.283,41.252,16252,19000,48612.5,48981.31,36851,61,4621.53,5680,7075.82,8820.2,10336.84,24501.85,1383.08
2026-04-21T10:00:00-05:00,36.7,39.932,39.985,16312,18988.5,49357,49750.72,34293,62,7305.75,8504.1,7729.52,9543.5,10415.15,23303.71,-138.09
2026-04-21T11:00:00-05:00,34.69,33.837,33.837,16169.5,19046.5,49906.25,50030.38,31314,63,10216.21,10640.9,8319.85,9967.3,10917.32,21455.22,-1275.28
2026-04-21T12:00:00-05:00,31.97,29.323,29.252,15688.83,19583,50166.92,50241.83,28653,64,11780.96,12185.8,9724,10297.7,12031.52,19873.36,-2411.18
2026-04-21T13:00:00-05:00,28.23,25.288,25.262,15672,19179.33,50336.25,50312.68,26538,65,13081.73,14092.2,10716.55,10644.5,13420.3,18657.42,-2795.76
2026-04-21T14:00:00-05:00,28.52,25.745,25.715,15671.75,19091.83,50455.25,50439.04,25987,66,13521.23,13675.2,10954.49,11222.5,14592.1,18736.04,-2924.95
2026-04-21T15:00:00-05:00,29.1,26.06,25.91,15688,19839.17,50382.92,50659.08,25657,67,12433.15,12768.3,12276.41,12000.9,15272.36,18730.26,-2562.62
2026-04-21T16:00:00-05:00,28.16,31.745,31.105,15533.33,20831.33,50748.58,51060.45,27055,67,10713.22,11599,12906.47,13006.8,14472.84,19275.04,-1757.29
2026-04-21T17:00:00-05:00,29.97,31.283,25.678,15418.5,21291.33,51088,51458.11,27605,67,9077.74,9873.7,14254.34,14269.6,14893.48,19704.96,-1668.14
2026-04-21T18:00:00-05:00,38.48,29.545,21.773,15501,20961,51066.92,51343.88,28904,66,6718.12,7328.5,15469.2,15407.3,14814.71,19994.31,-301.25
2026-04-21T19:00:00-05:00,47.7,29.487,24.998,15501,21033.67,51088.58,50979.08,31632,66,2242.76,2035.7,17199.48,16772.4,13318.55,20335.27,1985.55
2026-04-21T20:00:00-05:00,40.9,29.182,29.218,15501,20656,51434.42,51616.61,33403,65,49.84,47,17978.38,18710.6,12275.89,20853.14,2834.04
2026-04-21T21:00:00-05:00,41.11,27.562,27.565,15501,20508.5,50425.58,50705.44,31686,64,0.92,0,18845.11,20538.1,12595.93,20715.9,1239.49
2026-04-21T22:00:00-05:00,32.18,25.895,25.898,15501,20509.08,48262.08,48698.84,29152,64,1.05,0,19264.57,22074,13258.2,19996.98,-512.04
2026-04-21T23:00:00-05:00,25.84,25.307,25.432,15560,20525.17,45951.67,46479.36,26837,64,1.22,0,18955.51,22851.6,13727.81,18829.53,-1626.13
2026-04-22T00:00:00-05:00,26.32,26.745,26.905,16159,20627.58,44228.83,44810.59,26359,64,1.27,0,17953.14,20425.1,12985.17,18079.69,-1362.68
2026-04-22T01:00:00-05:00,25.97,23.802,24.153,16109,20655.5,42926.33,43445.07,25537,64,1.09,0,17444.89,19498.8,14044.45,17984.84,-1893
2026-04-22T02:00:00-05:00,27.3,22.94,22.94,16109,20502.17,42219.08,42654.2,26304,64,1.16,0,15936.77,18215.7,14438.64,18023.85,-705.81
2026-04-22T03:00:00-05:00,31.82,26.72,26.683,16112.75,20702,41932.08,42295.57,27862,64,1.25,0,14033.43,16928,13958.83,18397.39,-253.96
2026-04-22T04:00:00-05:00,35.3,34.217,34.065,16157.75,20701.75,42407.58,42397.69,29562,64,1.33,0,12786.92,15820.8,13327.17,19283.57,34.28
2026-04-22T05:00:00-05:00,40,35.58,35.438,16199,21115,44087.67,43914.22,31215,64,1.57,0,12696.95,14948.3,12774.7,19758.7,1091.1
2026-04-22T06:00:00-05:00,43.89,33.19,33.105,16224,21246.67,46821.5,46489.19,33571,64,2.37,3.3,13086.42,14245.6,11449.49,20370.45,2547.07
2026-04-22T07:00:00-05:00,40.17,27.142,27.113,16496.92,21292.08,48064.5,47802.74,33896,65,772.03,1056.8,13353.56,13552.9,10572.84,19933.94,3472.27
2026-04-22T08:00:00-05:00,36.86,26.352,26.112,16628.83,20790,48768,48503.08,30846,66,4199.27,5678.6,13624.5,13412.2,9876.85,19094.57,1452.07
2026-04-22T09:00:00-05:00,26.49,23.975,21.372,16654.67,21032.42,49821.67,49963.7,25817,67,9679.29,10657.3,14275.6,14005,10948.92,17575.52,-1318.27
2026-04-22T10:00:00-05:00,25.3,23.622,17.94,16838,20704.25,50976,50976.78,22843,70,13239.99,15190.4,14841.47,14181.2,12212.97,15741.18,-1651.56
2026-04-22T11:00:00-05:00,28.05,24.472,17.918,16725.67,20936.5,52229.83,51948.1,22002,72,15597.35,18186.2,14565.39,13838.3,13093.67,15430.1,-2451.54
2026-04-22T12:00:00-05:00,27.05,21.543,14.86,16675.33,20890,53447.08,52760.01,21767,74,17580.6,20052.6,14240.17,13689.3,13740.32,15033.13,-1849.73
2026-04-22T13:00:00-05:00,31.7,21.512,14.333,16437,20857.08,54564.17,53627.78,21151,77,18978.34,22505.3,14410,14026.2,14296.76,14833.82,-1550.04
2026-04-22T14:00:00-05:00,31.91,24.41,14.105,16403.58,20482.33,55400.17,54370.33,20644,79,20389.06,21871.2,14362.76,14939,15086.46,14192.72,-1468.8
2026-04-22T15:00:00-05:00,33.19,34.345,11.155,16385,20195.33,56405,55294.68,21083,80,20854,20764.7,14409.86,16308.7,16157.72,14258.44,-1483.86
2026-04-22T16:00:00-05:00,32.76,34.045,13.735,16076.67,20121.5,57485.25,56065.49,22259,80,19939.63,19711.7,15291.64,18343,16193.86,14592.89,-1202.84
2026-04-22T17:00:00-05:00,36.01,35.312,15.642,15984.17,20371.83,58169.83,56654.94,23690,80,17513.67,17287.3,16983.57,20769.7,16118.98,15440.4,-602.64
2026-04-22T18:00:00-05:00,46.15,40.575,18.833,15252.83,20953,57998.67,56388.16,26884,80,12037.6,12229.2,19143.32,22692.2,14934.29,16494.19,932.52
2026-04-22T19:00:00-05:00,52.44,56.823,31.035,14929,20643.42,57562.33,55550.56,32960,77,3417.06,3166.2,21225.62,24137.1,11865.11,19087.53,3830.1
2026-04-22T20:00:00-05:00,51.41,81.79,43.545,14929,20162.17,57698.42,55853.28,34418,75,120.02,58.8,23129.86,25905.9,9972.92,20413.33,3859.48
2026-04-22T21:00:00-05:00,58.3,59.95,33.757,14762.17,20188.67,56381.5,54720.99,32649,74,7.41,0,23714.3,27677.5,9878.42,20535.09,1822.8
2026-04-22T22:00:00-05:00,40.57,46.243,27.537,14760.5,20216,53613.75,52370.42,30745,72,0.17,0,23017.95,28866,9686.94,19916.02,492.19
2026-04-22T23:00:00-05:00,31.09,32.19,19.602,14772,20276.42,50293.5,49809.14,27892,71,0.2,0,22555.15,29353.8,10251.25,18323.92,-575.57
2026-04-23T00:00:00-05:00,31.16,31.767,19.062,15003,20262.33,47637.17,46813.86,25713,70,0.21,0,21972.16,28477.9,10530.84,16463.05,-476.86
2026-04-23T01:00:00-05:00,29.22,29.365,17.945,15003,20327.33,45888.17,45049.07,24164,70,0.19,0,21817.56,28131.7,11065.96,15886.61,-1310.67
2026-04-23T02:00:00-05:00,27.78,29.418,17.443,15003,20318,44830.33,43995.31,23621,69,0.21,0,21206.7,27466.5,11908.06,15807.57,-1574.11
2026-04-23T03:00:00-05:00,28.11,29.078,17.177,15003,20320,44259.75,43475.51,23516,69,0.22,0,20750.5,26747.2,13064.68,15847.13,-1703.6
2026-04-23T04:00:00-05:00,28.37,27.79,16.878,15006.75,20320,44541.25,43639.06,24238,69,0.21,0,20088.3,26068.6,13551.91,15817.98,-922.11
2026-04-23T05:00:00-05:00,31.46,38.215,22.97,15048,20332.58,46064.75,45090.67,26241,69,0.25,0,19681.64,25460.3,13012.08,16208.15,142.03
2026-04-23T06:00:00-05:00,31.27,46.588,28.26,15048,20393,48819.92,47483.46,29113,69,3.54,7,19477.58,24722.4,11456.87,17272.75,1721.63
2026-04-23T07:00:00-05:00,35.55,41.508,25.543,15017.75,20463.5,49848.5,48537.77,29453,69,1401.25,1654.1,18955.59,23772.5,10966.54,17829.3,1683.09
2026-04-23T08:00:00-05:00,31.77,26.883,17.448,15189,20542.5,50881.42,49582.54,25137,71,7447.15,9692.5,18147.25,23024,11308.59,16049.44,-199.25
2026-04-23T09:00:00-05:00,31.9,29.87,19.617,15162,20882.92,52352.17,51409.31,23063,73,11151.57,16499.1,18052.05,22627.4,11986.98,15343.27,-1362.03
2026-04-23T10:00:00-05:00,35.74,30.312,19.852,15067.83,21419,53880.33,53165.88,22402,75,13764.71,20337.1,17573.52,21738.1,12183.37,15296.06,-1659.33
2026-04-23T11:00:00-05:00,33.5,40.905,20.223,15013.5,21076.67,55169,54892.79,22279,77,16803.87,22693.5,16046.64,20235.6,13527.17,15376.7,-2310.85
2026-04-23T12:00:00-05:00,35.66,40.04,19.388,14918.25,19627.75,56416.75,56518.51,21490,79,19771.04,24141.7,15036.72,19202.8,14767.6,15531.98,-3179.73
2026-04-23T13:00:00-05:00,40.43,32.36,15.105,14877,19845,57879.5,58318.41,21733,80,20901.21,25544.8,15125.88,19320.9,15400.49,14953.31,-1949.5
2026-04-23T14:00:00-05:00,43.62,27.555,13.51,14877,20102.58,59241.08,59767.36,22319,81,20707.49,25172.5,16083.27,20445.5,15489.9,14716.08,-1076.64
2026-04-23T15:00:00-05:00,39.99,26.215,12.89,14609.33,19412.42,60383.5,61124.75,22637,82,19574.87,24493.1,18074.59,22053.8,16411.14,14911.16,-669.85
2026-04-23T16:00:00-05:00,40.6,43.52,19.55,14405.83,19955.58,61572.42,62264.67,24597,82,17355.65,24246.8,19624.9,24060.4,16288.85,16138.98,-310.19
2026-04-23T17:00:00-05:00,40.08,49.012,22.622,14398,19641.67,61804.58,62589.93,27409,81,14060.15,21778.4,20325.97,25962.5,15902.38,17971.9,-110.71
2026-04-23T18:00:00-05:00,49.47,55.838,29.003,14360.5,19772.33,60862.58,61710.85,30440,80,8623.37,15224.6,21867.84,26523.2,15390.73,19906.26,414.07
2026-04-23T19:00:00-05:00,60.52,62.442,34.57,14357.25,19681.92,59969.67,60246.94,34151,79,1697,3329.9,24046.89,26400.5,13491.25,21691.9,2075.13
2026-04-23T20:00:00-05:00,56.39,41.75,27.495,14137.33,19111.83,60120.08,59792.43,35389,77,23.48,69.5,24715.93,26988.5,12367.14,21934.85,2906.02
2026-04-23T21:00:00-05:00,60.07,42.38,25.93,14088.17,19138.42,58791.33,58415.08,34224,76,0.32,0,24628.9,27798.5,12244.62,21707.96,2011.91
2026-04-23T22:00:00-05:00,48.75,33.758,23.488,13838,19499,56206.42,55873.07,31675,75,0.33,0,24647.16,28289,12432.61,21604.84,-176.29
2026-04-23T23:00:00-05:00,34.91,29.465,20.363,13553.83,19343.75,53010.5,52936.63,29056,74,0.33,0,24122.51,28354.6,13232.55,20125.64,-967.38
2026-04-24T00:00:00-05:00,30.28,26.055,16.497,13684,18629.17,50542.83,49703.53,27151,73,0.33,0,23511.9,27375.3,14171.97,18758.08,-1695.41
2026-04-24T01:00:00-05:00,27.29,24.582,15.802,13684,18645.17,48637.33,47602.64,26270,72,0.34,0,22437.93,26629.5,15162.41,18034.04,-1748.85
2026-04-24T02:00:00-05:00,26.55,23.648,15.627,13650,18582,47423,46256.81,25770,72,0.3,0,21708.4,25322,15726,17821.22,-1662.43
2026-04-24T03:00:00-05:00,23.82,25.06,17.303,13555.67,18579.33,46747.58,45615.5,26235,71,0.31,0,20544.63,23630.5,16192.54,18330.87,-1675.24
2026-04-24T04:00:00-05:00,26.82,25.212,19.165,13172.75,19014.67,46932.58,45634.38,28020,71,0.29,0,18874.87,21889,15908.24,19107.41,-845.42
2026-04-24T05:00:00-05:00,29.01,29.662,23.017,13214,19009.17,48245.75,46893.59,30936,70,0.34,0,17200.67,19909.8,14975.12,20423.72,146.79
2026-04-24T06:00:00-05:00,35.84,35.305,22.69,13214,18877.33,50608.75,49137.92,34617,70,2.9,6.7,15803.52,17704.8,13787.86,22286.06,1441.95
2026-04-24T07:00:00-05:00,38.83,30.082,24.43,13210.08,18309.33,51679.58,50140.03,35523,71,2083.46,1721.1,13944.79,15543.2,14181.51,23679.71,726.18
2026-04-24T08:00:00-05:00,31.41,22.537,18.725,13167,18308.83,53134.17,51644.04,30266,73,12053.74,10924.6,10681.33,13225,16295.92,21926.63,-1792.71
2026-04-24T09:00:00-05:00,33.6,27.102,14.725,13190.33,18432,54922.5,53791.42,29417,76,17295.66,17963.8,8150.34,11134.2,16732.23,20653.81,-1538.45
2026-04-24T10:00:00-05:00,32.47,21.118,11.048,13407,18331,56785.83,56243.23,27645,78,22455.23,20838.7,6628.12,9393.6,17111.4,19282.59,-1691.81
2026-04-24T11:00:00-05:00,36.87,25.845,13.608,13279.67,18106.08,58697.42,58585.04,28130,81,25252.66,23334,5228.86,7612.6,16840.82,19542.05,-1161.11
2026-04-24T12:00:00-05:00,40.44,24.107,17.652,13199.33,18054,60984.58,60806.01,28505,83,27738.64,25131.8,4646.37,6359.3,16560.97,19423.52,-689.14
2026-04-24T13:00:00-05:00,43.84,38.153,27.297,12976.83,18036.83,63580.83,63119.02,30646,85,28403.18,26820.1,4414.55,5651.7,16524.54,20633.15,364.04
2026-04-24T14:00:00-05:00,50.3,65.833,52.587,12968.75,17814.67,65727.75,64948.3,33791,86,27304.49,26715,4421.44,5425,16316.44,23750.95,-62.49
2026-04-24T15:00:00-05:00,56.16,65.817,70.943,12939.33,17909.17,67501.33,66254.27,36234,87,26536.12,26171.9,4578.06,5531.6,16547.44,25943.62,-368.15
2026-04-24T16:00:00-05:00,65.37,75.215,80.413,12926,18024.67,68662.75,67032.66,37453,87,26263.5,25680.3,4739.05,5928.9,16740.04,27001.05,-423.54
2026-04-24T17:00:00-05:00,67.23,52.13,47.498,12915.83,17786.83,69160,66894.1,38518,87,25945.71,24107.2,4688.54,6528.3,16892.67,27557.51,-406.56
2026-04-24T18:00:00-05:00,130.06,166.57,196.748,12791.5,17780.25,66511.25,65080.29,43375,85,18950.31,18206.6,4445.4,6973.8,15386.37,30117.02,1322.67
2026-04-24T19:00:00-05:00,237.81,593.333,640.153,12697,17611.42,62350.58,62435.47,53289,82,5063.56,4603.8,4190.25,7678.2,9957.08,32956.73,7933.51
2026-04-24T20:00:00-05:00,235.74,579.817,601.092,12697,17726.83,59779.17,61040.1,54161,80,92.58,95.7,5589.64,9461,8939.51,33818.33,7606.47
2026-04-24T21:00:00-05:00,266.76,174.048,232.882,12697,17761.25,57852.58,59620.45,49865,77,0.27,0,8127.44,12040.1,8206.38,32953.78,4020.27
2026-04-24T22:00:00-05:00,172.56,135.668,147.998,12697,17808.42,55253.58,57469.87,45844,75,0.37,0,9533.17,14837.8,7301.63,32019.09,810.1
2026-04-24T23:00:00-05:00,58.53,35.805,37.115,12640.83,17761.92,53817.42,54724.35,41910,74,0.39,0,12003.25,17538.7,7633.91,29463.12,-637.13
2026-04-25T00:00:00-05:00,34.65,29.568,30.493,13093,17473.33,51819.83,52419.93,36561,73,0.33,0,15383.09,18567.7,8518.78,25793.5,-1990.7
2026-04-25T01:00:00-05:00,26.13,23.212,23.91,13093,17309.67,49794.83,50102.52,33192,72,0.34,0,16720.59,18968.5,10954.59,23040.2,-1441.28
2026-04-25T02:00:00-05:00,21.42,25.175,24.71,13093,17247,48540.33,48401.92,32117,72,0.35,0,16474.33,18522.9,12068.24,22666.2,-2240.99
2026-04-25T03:00:00-05:00,18.96,23.275,24.463,13093,17518.67,47572,47231.61,31956,72,0.37,0,15443.58,17793.6,13085.23,22025.21,-1611.82
2026-04-25T04:00:00-05:00,16.32,22.67,25.745,13096.75,17797,47240.42,46617.88,32444,71,0.37,0,14398.48,16719.9,13616.23,22145.09,-1372.76
2026-04-25T05:00:00-05:00,19.72,23.305,27.092,13138,17797.5,47294.67,46748.08,34246,71,0.35,0,12610.67,15488.3,13577.8,22679.22,-690.98
2026-04-25T06:00:00-05:00,25.01,23.043,27.767,13138,17835.08,48009.42,47387.95,35935,71,4.65,13.2,11629.87,14350,12875.6,23049.23,508.77
2026-04-25T07:00:00-05:00,19.24,21.59,27.405,13138,17806.83,48883,47781.6,35757,72,1877.54,2145.9,10867.31,13227.6,11925.63,22873.31,661.79
2026-04-25T08:00:00-05:00,16.05,20.168,25.608,13138,17877.83,51036,49731.64,31507,74,10404.13,12596.3,8981.54,11688.6,12915.06,21433.24,-802.13
2026-04-25T09:00:00-05:00,20.48,24.685,28.83,13138,17891,53500.92,52589.94,29299,77,16789.67,19942.5,7269.34,10320.5,13199.7,21146.68,-1751.42
2026-04-25T10:00:00-05:00,23.71,22.617,25.48,13138,17727.83,56229.17,55477.39,27010,80,21163.74,22955.4,7968.16,9620.4,15212.02,20867.87,-3783.95
2026-04-25T11:00:00-05:00,26.47,29.81,25.8,13138,17655,58747.42,58316.96,25593,82,24602.55,25177.1,8390.11,8987.2,16648.12,20133.89,-4382.26
2026-04-25T12:00:00-05:00,29.91,44.598,26.4,13138,17625.25,61328.58,61140.75,27114,84,26528.64,26832.1,7657.02,8584.9,17179.29,20407.26,-3010.64
2026-04-25T13:00:00-05:00,29.45,85.215,37.688,13115,17518,63765.25,63845.47,29267,85,27156.29,27696.6,7236.36,8783.6,16999.46,21296.69,-1740.03
2026-04-25T14:00:00-05:00,35.01,33.735,31.682,13092,17833.5,66020.58,66561.79,30607,86,27783.25,27708.2,7581.36,9594.3,16986.07,22157.95,-1546.02
2026-04-25T15:00:00-05:00,38.33,36.937,27.9,13092,18325.75,67925.58,68675.85,31374,87,27539.12,27391.3,8930.93,10701.7,16913.84,21988.2,-886.21
2026-04-25T16:00:00-05:00,46.69,27.582,25.755,13092,18242.83,69174,69871,32669,87,26031.4,26169.2,10426.04,12254.7,16679.53,22721.26,-310.58
2026-04-25T17:00:00-05:00,45.92,24.525,45.618,13088.25,18225.92,69100.58,69727.91,34704,86,23137.86,23734.2,11314.58,13790.2,16810.54,23788.93,111.44
2026-04-25T18:00:00-05:00,51.3,43.78,83.798,13047,18242.83,66763.08,67939.62,40059,85,14991.31,16858.8,11926.33,14324.2,15631.89,26716.88,995.98
2026-04-25T19:00:00-05:00,80.03,69.53,93.14,13047,18222.83,63930.33,65026.79,48510,82,3451.73,4176,12165.14,14785.7,10920.66,29452.34,5821.12
2026-04-25T20:00:00-05:00,74.37,57.538,92.767,13047,18229.33,62137.17,63215.22,49978,80,50.18,110.9,12184.07,16355.2,9590.55,29576.97,6892.06
2026-04-25T21:00:00-05:00,68.09,54.23,66.023,13047,18200.83,60614.75,61266.16,46348,78,3.09,0,14354.51,18342.4,8982.58,29387.11,3743.78
2026-04-25T22:00:00-05:00,43.75,37.88,37.762,13047,18039.67,58680.08,58639.06,42146,77,1.54,0,16682.07,20332.9,9164.21,28533.19,558.45
2026-04-25T23:00:00-05:00,27.43,26.34,27.198,13062.08,17999.58,56171.42,55687.07,37142,76,0.74,0,19172.27,22046.8,9535.63,25018.9,-661.04
2026-04-26T00:00:00-05:00,26.05,24.788,25.545,13228,17544,53506.92,52153.48,34406,75,0.36,0,19232.73,18650.9,9852.3,22971.27,-1184.96
2026-04-26T01:00:00-05:00,22.65,22.183,23.437,13228,17558,51054.25,49986.55,32905,74,0.62,0,18276.49,18666.9,10933.36,22029.18,-608.26
2026-04-26T02:00:00-05:00,19.64,22.14,24.055,13228,17567,49255.08,48479.41,31648,73,0.83,0,17710.43,18162.1,11052.74,21804.24,-915.26
2026-04-26T03:00:00-05:00,17.27,23.293,24.8,13228,17639,48048.42,47384.77,31520,73,1.13,0,16529.73,17402.2,11019.18,21929.62,-1471.31
2026-04-26T04:00:00-05:00,17.03,22.82,23.938,13228,17639,47402,46827.78,31239,72,1.15,0,16131.75,16524.7,11474.79,21840.68,-1454.47
2026-04-26T05:00:00-05:00,17.69,21.755,25.185,13228,17639,47099.33,46668.33,31926,72,1.29,0,15185.73,15360.8,11666.74,21845.47,-557.92
2026-04-26T06:00:00-05:00,21.96,24.785,27.41,13229.58,17639,47329.5,47157.29,34410,72,3.14,13.3,12891.48,13846,10831.19,22646.42,384.38
2026-04-26T07:00:00-05:00,19.99,26.497,28.165,13247,17639,47697.17,47456.24,36011,73,1186.4,2070.1,10426.79,12283.8,9353.85,23093.2,704.93
2026-04-26T08:00:00-05:00,16.22,28.293,29.16,13247,17953,49769.08,49408.49,35058,74,6904.78,11711.7,7651.05,10241.4,9158.52,22961.89,-328.94
2026-04-26T09:00:00-05:00,16.76,23.445,24.66,13247,17954,52287.17,52251.9,32641,77,13589.67,18757.9,5980.59,8215.1,10877.42,22354.34,-1702.89
2026-04-26T10:00:00-05:00,19.29,20.95,23.005,13247,17948.5,55065.92,55004.39,31085,79,18238.2,22412.5,5613.3,7335.5,12111.95,21913.28,-2107.69
2026-04-26T11:00:00-05:00,25.9,24.41,22.875,13054.67,18012.83,57398.58,57702.52,30175,80,21188.58,24925.9,5982.98,7001.3,13367.92,21171.22,-1835.7
2026-04-26T12:00:00-05:00,29.91,22.082,20.943,12670,18110.5,59172.58,60476.41,29992,82,22338.9,26795.7,6804.1,6951.2,14377.8,20895.55,-1879.15
2026-04-26T13:00:00-05:00,33.81,20.963,19.8,12670,17548.67,60812.5,63027.55,29368,84,23367.47,28162,7969.15,7823.3,15242.26,20475.15,-1841.79
2026-04-26T14:00:00-05:00,31.7,22.498,17.26,12552.5,17364.83,62857,65070.16,27897,85,24666.46,28132.2,10131.21,9815.9,15874.9,18936.07,-1187.98
2026-04-26T15:00:00-05:00,39.63,28.243,19.4,12511.67,16928.17,64773.08,66814.22,27816,86,24068.98,27842.2,12831.75,12184.9,16319.6,19105.28,-1346.76
2026-04-26T16:00:00-05:00,47.35,21.067,18.83,12510,16624.5,66528.5,67896.71,29124,86,22007.14,27147.3,15303.37,14955.7,17080.84,20878.61,-1772.03
2026-04-26T17:00:00-05:00,39.67,27.885,19.155,12510,16655.33,67395.92,68407.28,30984,86,18248.43,25017,18149.4,17991.3,17592.4,21643.87,-1619.04
2026-04-26T18:00:00-05:00,59.17,35.457,29.635,12510,16674.42,66910.25,67211.59,34729,84,11524.32,18061.8,20746.08,20365,16621.19,22860.5,36.01
2026-04-26T19:00:00-05:00,54.39,28.432,26.9,12510,16643,65736.67,64884.28,38775,82,3526.31,5012.1,23497.43,22018.3,14436.97,23952.54,2088.61
2026-04-26T20:00:00-05:00,47.04,27.16,26.148,12510,16643,65217.33,63429.07,39746,80,68.97,112.8,25352.7,23741.7,12783.2,23367.31,3483.55
2026-04-26T21:00:00-05:00,43.24,31.817,31.678,12510,16914.83,63597.25,61652.92,38270,79,0.54,0,25477.42,25530.3,12246.05,23625.48,1628.98
2026-04-26T22:00:00-05:00,34.84,24.837,23.905,12510,16990.67,60552.75,58680.94,35099,78,0.28,0,25623.06,26785.7,13526.75,22439.9,-204.16
2026-04-26T23:00:00-05:00,27.93,22.182,20.065,12510,16702.17,57068.42,55591.53,32264,77,0.28,0,24962,27438.6,14816.96,21263.12,-1107.65
2026-04-27T00:00:00-05:00,25.02,20.69,18.345,12510,16592.83,54083.42,53103.74,30180,76,0.44,0,24040.31,27278.7,14972.42,20341.72,-1415.03
2026-04-27T01:00:00-05:00,21.92,19.8,17.77,12510,16623.67,52133.42,50887.44,28500,76,0.69,0,23380.77,26586.1,15894.3,19647.01,-2004
2026-04-27T02:00:00-05:00,21.05,18.703,17.95,12510,16622,50772.83,49492.48,28495,75,0.66,0,22172.53,25324.9,16900.17,19444.38,-1529.09
2026-04-27T03:00:00-05:00,20.85,17.865,17.75,12517.5,16622,49988.33,48645.85,29322,74,0.61,0,20649.72,23741.3,16480.8,19385.89,-466.29
2026-04-27T04:00:00-05:00,21.95,21.938,21.71,12600,16643.17,50115.42,48752.01,31462,74,0.64,0,18524.46,21974.4,15718.68,20576.78,316.97
2026-04-27T05:00:00-05:00,24.71,27.092,26.74,12612.5,16662.83,51439.42,50090.53,34576,74,0.3,0,16691.94,20285.4,14551.91,22004.3,1163.85
2026-04-27T06:00:00-05:00,27.62,34.09,34.048,12773.67,16586.67,53534.75,52420.94,39027,73,2.84,19.2,14313.09,18780.9,12317.22,23938.16,2591.35
2026-04-27T07:00:00-05:00,28.23,29.215,29.095,12997.25,16604.25,54084.58,53464.19,38463,74,1932.32,2365.5,13617.96,17540.3,12228.49,24355.9,1162.76
2026-04-27T08:00:00-05:00,25.94,23.827,22.365,13167.75,16649.25,56223.92,55008.96,33433,76,11356.99,13050.3,11275.87,16103.4,13744.65,22302.36,-1012.26
2026-04-27T09:00:00-05:00,26.99,21.878,18.912,13235,16692.5,58536.25,57474.62,29042,78,18417.25,20899.6,10939.26,15839.1,15332.92,20696.46,-2495.06
2026-04-27T10:00:00-05:00,38.44,18.835,15.805,13239.17,16771,61138.58,60500.89,25919,81,22385.33,24651.1,12744.88,16647.3,16377.26,19139.3,-2987.04
2026-04-27T11:00:00-05:00,47.49,45.568,20.157,13279,16733.67,63788.58,63612.68,26553,83,25220.11,27215.2,11871.71,16433,16806.02,19239.75,-2237.26
2026-04-27T12:00:00-05:00,52.55,26.967,29.23,13276,16685.5,66517.58,66665.88,28632,85,24902.22,28943.5,12857.12,16020.4,17104.38,21257.55,-2198.65
2026-04-27T13:00:00-05:00,47.16,32.633,39.965,13232.67,16661,69137.75,69481.61,31993,86,24325.35,30394.4,12678.16,15912.6,16934.41,22916.85,-1028.91
2026-04-27T14:00:00-05:00,50.85,35.543,41.542,13122.5,16648.33,71588.83,71675.39,35225,88,24020.52,29937.2,12245.28,15667.6,16617.22,24152.87,-215.77
2026-04-27T15:00:00-05:00,57.5,41.495,64.285,12719.67,17215,73322.58,73228.68,36811,88,24656.99,29463.7,11773.9,15159.4,16403.22,25534.16,-355.17
2026-04-27T16:00:00-05:00,63.42,43.682,71.465,12512,17538.42,74739,74023.01,38777,88,24590.36,28857.4,11345.7,14646.9,16321.94,27291.52,-293.98
2026-04-27T17:00:00-05:00,66.27,60.742,103.275,12512,17192.33,74370.67,73734.8,41218,88,22046.71,26641.3,11222.5,14062,16260.16,29339.56,-82.36
2026-04-27T18:00:00-05:00,200.99,231.885,297.965,12512,17067.83,71330.17,71769.58,45829,86,14378.92,19757.9,11345.43,12734.9,15310.72,32165.73,882.34
2026-04-27T19:00:00-05:00,457.55,376.562,429.432,12512,16982.83,67811,69050.57,53861,83,3993.06,4584.7,10133.14,11292.2,11342.5,34753.09,5389.47
2026-04-27T20:00:00-05:00,407.77,471.805,522.795,12512,17057.67,65596.5,67357.4,56699,81,70.07,100.4,8885.52,11061.1,8792.63,35149.79,7991.74
2026-04-27T21:00:00-05:00,431.44,646.845,702.318,12524.5,17147.67,63007.83,65250.85,54197,80,1.12,0,9009.53,12148.4,7868.43,35019.98,5648.11
2026-04-27T22:00:00-05:00,383.5,186.632,207.577,12662,17238.83,59730.33,61917.04,48262,78,0.45,0,11590.27,14144.1,7390.32,33896.26,839.95
2026-04-27T23:00:00-05:00,124.99,33.09,33.615,12662,17354.42,58148.17,58058.07,42611,78,0.47,0,15668.31,16179.3,8556.87,30296.93,-1258.2
2026-04-28T00:00:00-05:00,52.34,25.46,26.177,12606.67,17578.17,55699.33,55616.07,36715,77,0.49,0,19021.42,17589.8,10146.04,26148.92,-2586.24
2026-04-28T01:00:00-05:00,33.74,25.287,25.602,12662,17563.33,53903.83,53052.73,34213,77,0.47,0,19753.89,18978.1,12392.09,24586.01,-3441.02
2026-04-28T02:00:00-05:00,35.14,24.095,23.938,12662,17514,52299.92,51258.25,33891,76,0.48,0,18490.45,19193.1,12995.81,23619.61,-2481.63
2026-04-28T03:00:00-05:00,33.67,24.918,24.872,12662,17509.08,51579.83,50155.41,34254,76,0.45,0,17344.07,18721.7,13843.4,23729.34,-2195.72
2026-04-28T04:00:00-05:00,34.02,23.705,23.707,12460,17641.08,51845.17,50011.57,35053,76,0.41,0,16747.75,17848.2,14294.49,23467.03,-1050.12
2026-04-28T05:00:00-05:00,36.31,32.323,32.205,12460,17585,53153.58,51052.79,37984,75,0.41,0,15081.33,16836,13259.28,24758.64,370.16
2026-04-28T06:00:00-05:00,38.47,44.112,44,12460.33,17585.33,55291.75,53254.08,42147,74,8.09,14.8,13043.2,15876.1,10959.56,26604.6,2545.01
2026-04-28T07:00:00-05:00,36.99,43.01,42.767,12471.58,17590.25,56028,53984.63,42248,74,1428.31,1884.8,12285.21,14956.3,9494.59,26967.33,2406.88
2026-04-28T08:00:00-05:00,30.1,36.26,35.818,12242,17801.42,57102.08,55186.25,39260,76,6844.4,10183.7,10903.64,14310.7,9133.41,26302.9,261.85
2026-04-28T09:00:00-05:00,23.5,27.852,27.82,11874.83,18286.58,58996.92,57681.09,35557,79,11967.31,16633.9,11360.23,14444.7,10419.24,24722.88,-1670.27
2026-04-28T10:00:00-05:00,26.09,28.557,26.097,12215,18163.17,61281.17,60596.58,32638,80,16135.53,20489.3,12366.58,14996.3,12087.89,23747.62,-2942.28
2026-04-28T11:00:00-05:00,32.54,34.54,26.38,12149,18087.83,63694.83,63564.01,31210,82,19796.41,23423.7,12521.6,15048.1,13597.79,22899.38,-3539.26
2026-04-28T12:00:00-05:00,41.17,44.255,25.25,11846,18310.83,65914.83,66489.25,30414,84,22970.45,25689,12374.36,14931.9,14954.27,22126.6,-3149.39
2026-04-28T13:00:00-05:00,48.4,47.577,27.572,11720,17970.67,68222.83,69195.6,32387,85,22806.39,27036.7,12884.58,15118.7,15267.55,23533.36,-2486.58
2026-04-28T14:00:00-05:00,54.79,40.128,31.065,11720,17872.58,70097.25,71193.68,32855,86,23263.56,26994.9,13847.13,15380,15676.45,23704.06,-2437.89
2026-04-28T15:00:00-05:00,61.47,33.525,41.012,11586.67,17633.33,71315.5,72718.21,33582,87,22476.84,26736.4,15082.07,15285.3,16466.93,24056.46,-1351.01
2026-04-28T16:00:00-05:00,63.21,32.488,34.428,11475,18067,71811.42,73501.05,35205,87,20437.67,25675.9,16039.59,15064.2,16911,24816.67,-666.85
2026-04-28T17:00:00-05:00,58.86,84.493,59.7,11475,18100,71354.25,73257.74,39532,85,16380.7,23321.4,15474.23,14817.9,16335.31,27700.38,0.59
2026-04-28T18:00:00-05:00,109.41,73.523,67.955,11475,18295.33,69264.25,71448.63,44454,84,10622.55,16751.4,14307.28,14019.5,15635.39,31155.38,145.18
2026-04-28T19:00:00-05:00,209.93,111.425,111.445,11428,18613.33,66266.5,68993.86,49342,82,3229.96,4178.1,13790.61,13012.6,12316.42,32217.64,3918.71
2026-04-28T20:00:00-05:00,192.71,52.952,53.532,11428,18455,65136.17,67304.18,49147,80,88.33,103,15902.27,13394.6,11790.6,31547.96,4821.6
2026-04-28T21:00:00-05:00,174.07,33.385,33.725,11449.33,18764.5,63648.17,65073.49,45754,79,1.44,0,17983.15,14558.4,11395.75,30069.23,3186.23
2026-04-28T22:00:00-05:00,146.28,33.44,33.352,11634,19383.17,60390.42,61473.37,42399,77,1.18,0,18208.89,15656.5,11530.58,28482.08,1170.92
2026-04-28T23:00:00-05:00,56.29,29.105,28.707,11627.42,19153.33,56932.18,57611.71,39086,75,1.3,0,17952.75,16519,12256.96,26727.57,-275.1
2026-04-29T00:00:00-05:00,39.35,30.493,30.323,11555,19533.5,53754.67,54163.32,36362,74,1.52,0,17400.42,17223.3,11484.68,24315.48,-50.74
2026-04-29T01:00:00-05:00,34.91,33.2,32.882,11653.17,19435.17,51099.17,51366.34,35301,74,0.92,0,15939.97,16570.9,11594.36,23496.01,-744.02
2026-04-29T02:00:00-05:00,34.48,34.99,34.587,11558.33,19416.83,49094.92,49314.08,34690,73,0.24,0,14406.5,15942.7,12240.43,23476.54,-1496.33
2026-04-29T03:00:00-05:00,31.78,32.753,32.63,11555,19418.33,47977.25,48128.6,33326,72,0.29,0,14670.36,15477.8,13095.23,23023.72,-2095.7
2026-04-29T04:00:00-05:00,29.14,26.133,25.787,11555,19141.17,48404.25,48054.24,32709,71,0.27,0,15656.7,15255.3,13363.76,22640.69,-1222.25
2026-04-29T05:00:00-05:00,32.55,34.182,34.438,11556.92,19127.08,49615.58,49001.94,34253,71,0.28,0,15272.39,15034.4,12683.7,22245.05,94.56
2026-04-29T06:00:00-05:00,29.75,37.398,37.768,11598.83,19533,51471.5,51549.6,36381,70,4.46,14.5,14999.5,14522.7,11243.23,22913.43,842.95
2026-04-29T07:00:00-05:00,33.6,32.362,32.463,11616.67,19866,52719,52528.93,36487,69,998.48,1493,15158.68,13727.1,10825.73,22908.01,837.72
2026-04-29T08:00:00-05:00,27.86,33.58,33.49,11753.17,20128.83,54054.5,53755.73,34448,70,4516.72,7573,14983.73,13025.1,11089.54,22354.89,-605.99
2026-04-29T09:00:00-05:00,26.74,29.148,28.925,11563,20250.92,55341.42,55803.44,31100,71,7944.61,11917.4,16187.13,12241.5,13624.06,21916.4,-3241.16
2026-04-29T10:00:00-05:00,28.98,27.628,27.48,11048.83,20735.33,56732.17,57856.48,29656,71,12012.36,14591.7,15043.72,10922.1,15663.68,21425.17,-4217.59
2026-04-29T11:00:00-05:00,33.67,27.863,19.912,10886,20693.25,58172.67,59737,28345,72,15052.01,16439.7,14715.14,9499,16966.41,20162.41,-3242.22
2026-04-29T12:00:00-05:00,38.17,26.247,17.395,10886,20410.5,59343.83,61449.37,28285,73,17340.67,17702.7,13638.67,8252.5,16553.91,19347.59,-1384.83
2026-04-29T13:00:00-05:00,42.56,33.228,24.097,10886,20257.17,60356.33,62889.91,31277,73,17640.22,18184.7,11377.43,7353.6,15614.31,21244.15,-483.08
2026-04-29T14:00:00-05:00,45.57,47.292,36.563,10880,20027.33,60665.08,63706.65,33512,72,17174.61,18031.5,9930.15,6661.9,14892.27,22176.87,346.1
2026-04-29T15:00:00-05:00,53.46,61.065,56.627,10814,20089.17,60361.08,64031.6,36657,72,15179.06,17436.4,8110.66,6189.7,14676.73,25713.28,-22.73
2026-04-29T16:00:00-05:00,60.68,45.927,45.032,10182.25,20638,60753.42,64197.18,40671,72,12345.83,16254.4,7750.36,6183.9,15231.08,28634.7,-713.23
2026-04-29T17:00:00-05:00,62.48,56.453,55.878,9291,21378.17,60397.25,63502.5,43410,72,9921.35,14363.1,7109.6,6542.1,14462.32,29718.61,904.96
2026-04-29T18:00:00-05:00,75.81,68.4,67.477,9249.5,21393.08,59241.5,61739.36,46295,71,5374.04,10142.6,7666.38,7364.6,13438.07,30943.12,2240.49
2026-04-29T19:00:00-05:00,77.35,61.805,61.81,9042,20558.5,58090.67,60180.78,48592,70,1517.13,2912.6,8005.75,8891.5,11734.72,31223.34,4150.45
2026-04-29T20:00:00-05:00,74.79,51.055,51.057,9042,20443.67,57690.25,59972.62,47993,68,37.44,80.2,9680.28,10683.6,11606.25,31026.57,3666.32
2026-04-29T21:00:00-05:00,62.82,38.145,38.145,9055.33,20440.08,56220.92,58325.7,45302,67,1.62,0,11061.46,12136,11372.57,30628.54,1107.05
2026-04-29T22:00:00-05:00,53.76,37.105,37.105,9207.42,20121.83,53479.83,55315.95,42776,66,0.16,0,10891.28,12903.7,11919.66,30166.3,-487.1
2026-04-29T23:00:00-05:00,36.56,32.35,32.422,9288.83,20014.67,50587.08,52374.02,39883,66,0.16,0,10882.3,12589,12842.84,28473.13,-1649.11
2026-04-30T00:00:00-05:00,36.51,45.315,45.35,9529,20150.33,48193.58,49995.12,38287,66,0.17,0,9926.51,12877.3,12409.42,26476.88,-1004.97
2026-04-30T01:00:00-05:00,36.84,45.353,45.427,9529,20110.75,46425.25,47725.79,36931,65,0.14,0,9473.8,11957.2,13773.15,25741.68,-1681.54
2026-04-30T02:00:00-05:00,35.23,38.188,38.185,9529,20131.83,45389.83,46053.84,35897,65,0.15,0,9454.77,10414.9,15300.3,25443.49,-2666.09
2026-04-30T03:00:00-05:00,36.8,36.337,36.387,9529,20114,44618.08,45153.86,36063,64,0.17,0,8543.38,8983.5,15584.59,25355.58,-2376.6
2026-04-30T04:00:00-05:00,38.74,35.79,35.797,9529,20020.25,44992.58,45366.24,37339,64,0.19,0,7595.08,7937.6,14929.19,25455.04,-982.45
2026-04-30T05:00:00-05:00,45.68,44.677,44.745,9533.58,20044.83,46346,47007.33,39036,63,0.21,0,7177.01,6975.1,14276.84,26032.01,208.19
2026-04-30T06:00:00-05:00,49.46,50.84,50.852,9584.83,20287.5,48583.5,50050.19,42463,63,29,15.8,5962.95,6253,11952.92,27008.3,2722.53
2026-04-30T07:00:00-05:00,50.46,43.948,43.948,9570.67,20393.25,49427.67,51548.27,42241,64,1082.99,1110.9,5984.54,5889.5,12036.07,27208.74,2097.38
2026-04-30T08:00:00-05:00,48.58,44.903,44.903,9464,20721,50413.5,52564.11,41047,65,3432.6,5154.6,5783.9,5744.5,11508.04,27146.71,1151.97
2026-04-30T09:00:00-05:00,39.11,59.34,59.362,9464,20981.5,51536.5,54031.38,41142,65,5209.96,8153.7,5053.93,5774.8,10764.36,27160.72,1252.83
2026-04-30T10:00:00-05:00,37.37,42.073,42.11,9464,20744,52915,55455.69,38383,66,8255.58,10241.7,6138.64,5722.2,12373.87,26957.41,-1448.16
2026-04-30T11:00:00-05:00,37.16,33.503,33.545,9464,20910.17,54377.75,56743.83,36030,67,11340.2,11731,6883.26,5636.4,13431.11,25839.14,-2578.22
2026-04-30T12:00:00-05:00,36.56,38.53,31.595,9464,20917.75,55796.33,57720.38,34414,68,14494.22,12779,6788.16,5684,14242.28,24657.17,-3049.76
2026-04-30T13:00:00-05:00,39.43,76.848,38.932,9455.67,20585.5,56917.33,58487.47,35875,69,14551.55,12737.8,6384.15,5842.7,14018.83,24825.8,-1387.85
2026-04-30T14:00:00-05:00,39.22,61.5,51.085,9414,20573.5,57152.42,58534.25,37903,70,13154.79,12348.5,6055.52,6379.1,13761.72,26241.59,-1028.16
2026-04-30T15:00:00-05:00,42.07,51.397,51.44,9396.67,20492.5,57251.08,58352.23,39370,69,11286.62,11433.4,6626.23,7293.3,14544.83,27301.93,-993.92
2026-04-30T16:00:00-05:00,49.65,57.523,57.525,9358.83,20485.75,57003.08,58141.91,41433,69,8758.21,9672.2,6825.63,8295.9,14708.43,28450.81,-129.89
2026-04-30T17:00:00-05:00,60.89,36.025,35.887,9343,20368.08,56855.42,57636.61,42143,68,6384.74,7745.5,8355.13,9435.7,14817.12,28869.76,48.02
2026-04-30T18:00:00-05:00,44.35,48.08,48.108,9272.17,20284.75,56025.42,56735.35,44765,67,2615.35,4989.2,8710.94,10584.1,13706.61,29579.08,1877.02
2026-04-30T19:00:00-05:00,46.42,39.205,39.23,9303,20294.33,55344.83,56061.55,46034,67,544.31,1350.9,8778.26,11464.4,12557.19,29746.56,3097.02
2026-04-30T20:00:00-05:00,44.87,42.788,42.713,9303,20264,55300.83,56545.06,47005,66,8.13,44.2,8322.84,12131.7,10817.57,29733.42,3910.92
2026-04-30T21:00:00-05:00,52.27,48.92,49.01,9351.08,19598.75,54104.33,55401.61,46113,65,0.39,0,8048.98,12751.8,9332.56,29907.04,2767.91
2026-04-30T22:00:00-05:00,40.08,43.075,44.267,9880,18824.42,51391.5,52761.59,43687,64,0.06,0,7905.4,13054.4,9066.87,29189.21,872.05
2026-04-30T23:00:00-05:00,33.47,37.477,40.023,9974.75,18818.5,48576.5,49623.63,41025,64,0.14,0,7647.53,13157.5,9410.27,27637.86,-436.17
2026-05-01T00:00:00-05:00,50.9,28.302,31.815,11017,18449.83,46313.25,46944.84,38128,63,0.08,0,8310.66,11675.9,9941.93,25308.69,-481.33
2026-05-01T01:00:00-05:00,40.12,28.972,32.677,11017,18319,44740.42,45185.97,36679,62,0.14,0,8136.93,11733.7,10209.17,24216.7,-500.26
2026-05-01T02:00:00-05:00,39.43,31.762,33.94,11017,17812.33,43521.67,43995,36266,62,0.13,0,7307.93,11794.8,10292.31,23680.34,-416.14
2026-05-01T03:00:00-05:00,34.81,28.415,28.69,11017,17711,43172.5,43317.78,35362,61,0.15,0,7812.39,11986.8,10961.6,23425.48,-923.31
2026-05-01T04:00:00-05:00,31.93,27.733,27.815,11017,17723.5,43355.92,43651.78,34282,61,0.12,0,9056.01,12611.9,11358.3,23139.11,-923.13
2026-05-01T05:00:00-05:00,27.55,28.113,28.163,11017,17659.33,44605.08,45294.07,34746,60,0.96,0,9758.53,13480.7,11409.45,22917.28,-307.93
2026-05-01T06:00:00-05:00,28.59,31.195,31.205,11017,17649.33,46847.17,47882.04,36581,60,3,7.5,10132.1,14640.1,10900.04,23058.95,717.53
2026-05-01T07:00:00-05:00,26.63,35.435,35.435,11017,17916.17,47890.42,49400.38,37313,60,218.03,494.7,10335.69,15976.1,9939.74,23135.97,1126.43
2026-05-01T08:00:00-05:00,25.12,34.625,34.625,10973.67,18678.67,48804.58,50200.26,36084,59,985.26,1784.1,11620.23,17264.2,9727.09,22819.28,300.36
2026-05-01T09:00:00-05:00,28.3,30.742,30.75,10887,19739.25,49794.67,50985.61,33796,60,3112.99,3094.1,12738.87,18423.5,10000.86,22114.8,-1073.23
2026-05-01T10:00:00-05:00,24.41,42.595,43.585,11050.5,19960.33,50213.83,51480.56,33440,60,4553.86,4604.6,12123.19,19008.9,10503.61,21347.09,-707
2026-05-01T11:00:00-05:00,24.73,29.925,29.99,11023,19996,50214,52026.12,30749,61,6986.99,5854.3,12478.45,19271.1,12633.52,21061.43,-2820
2026-05-01T12:00:00-05:00,23.03,23.838,24.068,10985,19910.67,50130,52437.95,27942,61,9714.89,6969.6,12457.11,19187,15448.88,20786.07,-4786.36
2026-05-01T13:00:00-05:00,22.21,21.795,21.622,10947,19917.33,50011.17,52817.59,26517,62,10465.83,6740,12961.67,18653.9,16540.53,20429.8,-4583.15
2026-05-01T14:00:00-05:00,22.7,14.538,13.672,10914.5,20063.67,49938,52633.19,24631,62,10543.64,6571.5,14555.97,18300.9,17075.75,17709.63,-2846.95
2026-05-01T15:00:00-05:00,21.23,13.582,13.288,10854,20133.83,49897.33,52103.51,24414,62,10618.15,6015.6,14802.03,18119.2,16665.48,16463.72,-1358.81
2026-05-01T16:00:00-05:00,21.59,14.308,13.535,10077,20919.25,49885.67,51573.46,25315,62,9496.63,5097.7,15133.94,17751.8,16413.84,16358.37,-175.13
2026-05-01T17:00:00-05:00,21.74,24.03,17.875,10077,20572.25,49737.92,51048.23,27721,61,6798.64,3957.6,15245.97,17086.6,15934.57,18395.59,-186.06
2026-05-01T18:00:00-05:00,28.09,29.93,28.003,10077,20293,49312.33,50480.22,44973,60,4362.33,2627.8,14130.03,16387.9,15832.18,20237.21,24.25
2026-05-01T19:00:00-05:00,32.88,43.758,43.55,10078.58,20262.5,48857.42,49579.46,35227,59,1449.33,2094.2,12202.36,15355.3,14139.47,21968.6,887.3
2026-05-01T20:00:00-05:00,40.98,49.178,51.215,10096,20324.5,49130.58,49181.21,39041,58,26.16,66.7,10084.72,14462.6,12760.61,23415.04,2448.47
2026-05-01T21:00:00-05:00,46.53,38.505,41.96,10045.67,20459.33,48724.92,48649.97,39466,57,0.34,0,9321.76,13744,12367.97,23038.05,3205.99
2026-05-01T22:00:00-05:00,53.49,39.785,47.01,9848,20536.33,47180.42,47151.47,38857,56,0.4,0,8408.59,13233.3,11212.07,22678.6,2982.47
2026-05-01T23:00:00-05:00,43.19,43.545,54.365,9695.5,20549.33,45098.83,45393.67,37339,56,0.76,0,7866.16,12782.7,10441.08,22143.88,1976.75
2026-05-02T00:00:00-05:00,51.13,36.425,50.135,9701,20684.33,43291.33,43509.32,36369,55,0.44,0,7010.44,6426.3,10030.36,21096.26,2039.79
2026-05-02T01:00:00-05:00,43.13,41.62,58.86,9656,20635,42006.17,41987.09,35614,54,0.39,0,6477.8,5879.7,9358.21,20998.56,1610.64
2026-05-02T02:00:00-05:00,41.35,49.778,71.115,9656,20442,40951.67,40891.16,34959,53,0.43,0,6031.03,5425.6,8697.27,21418.54,644.72
2026-05-02T03:00:00-05:00,37.67,46.065,57.137,9656,20453,40640.83,40103.47,34697,53,0.41,0,5933.82,5280.6,8678.92,21803.75,62.91
2026-05-02T04:00:00-05:00,35.34,47.2,59.825,9656,20481.33,40668.67,39603.36,34904,52,0.51,0,5769.55,5350.2,8760.34,22022.22,-97.62
2026-05-02T05:00:00-05:00,37.07,32.73,37.212,9657.5,20577.5,40990.42,40013.74,34411,51,0.41,0,6539.29,5355.3,9380.92,21743.06,-328.62
2026-05-02T06:00:00-05:00,37.79,34.523,48.47,9674,20660.17,41762.25,40581.53,34820,51,80.64,69.3,6818.86,5136.7,8421.54,20950.07,1149.04
2026-05-02T07:00:00-05:00,25.87,23.735,34.623,9674,20683,42398.42,41809.06,29137,54,6321.15,4175.3,6853.5,4870.1,8791.37,17160.31,-372.43
2026-05-02T08:00:00-05:00,11.32,3.05,3.385,9674,21023,45000.5,44304.96,15426,58,23723.54,19391.3,5784.72,4296.2,11090.84,8359.7,-2608.2
2026-05-02T09:00:00-05:00,3.14,0.668,1.19,9674,21243,45815,46069.04,10230,62,31098.81,28779.5,4441.6,3698.5,14300.45,6525.79,-4181.92
2026-05-02T10:00:00-05:00,3.87,0.262,1.03,9566.67,21350.33,46211.75,46748.94,10306,66,32115.66,31790.8,3838.23,3320.4,16140.82,6464.85,-3907.41
2026-05-02T11:00:00-05:00,5.44,1.078,1.795,9513,21404,46807.92,47062.32,9831,68,33644.88,33331.7,3328.32,2940.5,17534.08,6539.82,-4503
2026-05-02T12:00:00-05:00,5.87,-0.28,1.04,9513,21352.33,47183.08,47191.19,11421,70,32659.97,34108.5,3137.57,2619.1,17809.67,6659.81,-3041.43
2026-05-02T13:00:00-05:00,6.99,2.578,4.993,9513,21245.83,47706.25,47445.92,13471,72,31208.01,32527.9,3048.73,2399.7,17307.43,7005.93,-1183.86
2026-05-02T14:00:00-05:00,8.19,4.843,8.805,9513,20920,48457.75,48271.77,14953,73,30707.81,32181.4,2817.11,2298.2,17048.5,7650.55,-1063.98
2026-05-02T15:00:00-05:00,7.59,5.805,10.53,9513,20868.33,49796.17,49452.8,16212,74,30809.05,31956.9,2751.64,2274.9,16673.82,8331.3,-678.22
2026-05-02T16:00:00-05:00,9.46,9.06,15.443,9513,20798.33,51251.75,50705.42,18007,75,30193.2,30417.4,3033.59,2296.8,16698.38,9597.35,-422.06
2026-05-02T17:00:00-05:00,13.01,4.38,10.525,9271.5,20637.5,52369.42,51773.94,20213,74,29054.33,28479.9,3137.98,2424.8,16889.89,11965.16,-433.87
2026-05-02T18:00:00-05:00,20.97,27.72,28.225,9030,20954,52514.67,51381.73,26689,73,22900.69,20992.6,2982.39,2616.4,16387.64,17777.85,130.42
2026-05-02T19:00:00-05:00,67.47,64.027,63.722,9030,20578.67,51433.17,50059.45,41941,70,7047.4,6133,2531.06,4426.7,12383.28,25744.28,4512.83
2026-05-02T20:00:00-05:00,73.16,50.797,50.678,9030,20501.33,50970.17,48921.29,47008,66,159.4,139,3804.82,5425.7,9973.33,27211.12,6388.52
2026-05-02T21:00:00-05:00,63.11,33.1,33.358,9030,20286.17,49996.5,48029.19,43559,64,0.3,0,6525.99,7343.4,10170.92,25685.26,4401.14
2026-05-02T22:00:00-05:00,43.26,29.503,30.64,9030,20263.83,47962.92,46587.52,38965,62,0.15,0,9092.71,10040.4,9498.95,23817.71,2052.95
2026-05-02T23:00:00-05:00,29.91,23.705,24.24,9052.67,20017.33,45854.83,44725.33,34230,60,0.16,0,11748.86,12231.4,9135.53,21586.01,516.78
2026-05-03T00:00:00-05:00,22.64,17.22,18.668,9302,20026,43946.17,43563.85,30259,58,0.16,0,13817.62,13772.2,9373.86,18914.15,82.22
2026-05-03T01:00:00-05:00,20.89,15.377,17.273,9302,20023.17,42522.5,41828.44,27674,57,0.2,0,14944.42,14868.5,10002.95,16984.18,-534.68
2026-05-03T02:00:00-05:00,18.85,13.42,15.575,9302,20009,41488.58,40642.77,25744,57,0.21,0,15809.57,15487.3,11014.79,15584.5,-837.23
2026-05-03T03:00:00-05:00,17.71,13.555,14.835,9302,19750.67,41064.67,39755.36,24201,56,0.26,0,16906.96,15847.7,11678.31,14163.07,-540.66
2026-05-03T04:00:00-05:00,16.89,12.84,13.777,9302,19701,40944.75,39231.4,23159,55,0.27,0,17804.34,15848.6,11688.95,13065.98,-306.44
2026-05-03T05:00:00-05:00,18.38,13.635,14.5,9302,19701,41108.42,39446.03,23206,54,0.22,0,17832.2,15272.6,11645.65,13354.37,-125.19
2026-05-03T06:00:00-05:00,19.44,15.92,16.31,9302,19701,41442.42,39707.2,23770,53,90.88,67.2,17577.16,14567.5,10465.35,12435.76,1037.06
2026-05-03T07:00:00-05:00,13.89,2.953,5.42,9302,19692.67,42138.58,40511.19,18254,58,7012.3,4506.5,16799.26,14015.9,10671.04,9011.35,-806.16
2026-05-03T08:00:00-05:00,1.45,-2.413,-2.187,9302,19517.08,43388.67,43173.32,12070,64,19633.09,20657.1,11591.2,12033.5,13812.01,6927.75,-3641.54
2026-05-03T09:00:00-05:00,1.41,-3.387,-2.983,9302,19702.17,44793.58,45635.69,10200,69,23419.54,29228.5,10941.5,10158.6,16129.48,6456.73,-4283.77
2026-05-03T10:00:00-05:00,2.1,-2.52,-2.47,9302,19727,46102.67,47360.93,9153,73,24626.28,31894.7,12244.49,11225.6,17560.94,6426.15,-4462.8
2026-05-03T11:00:00-05:00,4.68,-1.545,-1.507,9403.17,19727,47394.58,49101.13,10447,75,26115.31,33512.4,10769.86,10995.6,17214.42,6506.37,-2898.74
2026-05-03T12:00:00-05:00,6.74,-1.74,-1.735,10516,19709.58,49051.17,50821.91,12132,76,25905.98,34105.5,10913.29,10188.3,17094.98,6546.18,-1225.88
2026-05-03T13:00:00-05:00,9.61,1.943,-0.945,10516,19231.83,51157.33,52575.45,12778,78,26336.25,32770.2,11970.53,10665.8,17207.36,6789.29,-959.31
2026-05-03T14:00:00-05:00,14.89,3.245,-0.2,10361.83,19672,53024.17,54356.8,12597,79,27397.59,32322.8,12894.3,11738.4,17184.67,7070.39,-1254.3
2026-05-03T15:00:00-05:00,17.02,3.74,0.413,10331,20539.33,54977,56138.19,13282,79,27593.36,31522,13960.66,12701.6,17156.11,7227.94,-750.73
2026-05-03T16:00:00-05:00,20.05,6.398,2.785,10331,20619,56676.25,57654.51,14170,79,27658.61,29617.6,14812.19,13759.5,17393.28,7790.61,-694.56
2026-05-03T17:00:00-05:00,21.82,1.118,0.6,10331,20720.33,57538.08,58235.93,16257,78,25404.06,26682.8,15912.28,15025.2,17481.83,9329.34,-166.67
2026-05-03T18:00:00-05:00,26.12,15.562,13.922,10331,20815.5,57482.33,57457.69,20869,77,18751.04,18501,17914.13,16538.3,16705.42,12882.22,526.9
2026-05-03T19:00:00-05:00,36.48,26.785,26.817,10331,20415.5,56093.17,55555.73,31388,74,5058.28,4423.8,19528.53,17988.7,11315.72,16024.93,5985.24
2026-05-03T20:00:00-05:00,34.29,27.05,27.065,10331,20475.5,55455.58,53890.07,34549,70,110.49,109.9,20652.9,20074.9,8950.14,16382.21,7364.32
2026-05-03T21:00:00-05:00,27,29.09,29.185,10331,20423,54144.25,52386.73,30996,69,1.19,0,23274.21,23060.6,7982.82,16082.91,3681.26
2026-05-03T22:00:00-05:00,23.79,19.6,18.493,10331,20173,51334.83,49995.54,26199,67,1.24,0,25315.8,25174.4,8752.23,15233.85,382.21
2026-05-03T23:00:00-05:00,18.58,13.31,12.287,10342.17,20038.67,48134.08,47070.77,22558,66,0.96,0,25750.79,26088.5,9819.82,13261.54,-263.03
2026-05-04T00:00:00-05:00,19.3,17.828,16.293,10465,20561,45410.42,44689.57,19999,65,0.92,0,25540.77,27198.1,9542.46,10594.11,35.17
2026-05-04T01:00:00-05:00,18.47,18.33,16.868,10465,20561,43648.08,42839.07,18201,64,0.17,0,25499.09,27333.4,9667.9,9510.53,-698.62
2026-05-04T02:00:00-05:00,15.01,16.24,14.89,10465,20766.67,42604.92,41696.3,17896,64,0.2,0,24737.51,27086.6,10301.73,9179.82,-670.44
2026-05-04T03:00:00-05:00,15.66,15.918,14.7,10465,20781,42175.42,41167.55,17355,63,0.2,0,24833.92,26737.9,10776.58,9075.14,-974.48
2026-05-04T04:00:00-05:00,16.29,15.845,14.82,10465,20800.33,42526.83,41414.59,17766,62,0.17,0,24684.97,26260.5,11374.38,9108.2,-685.38
2026-05-04T05:00:00-05:00,20.45,18.91,18.1,10468.75,20839.33,44161.08,42970.84,19276,61,0.17,0,24765.3,25683.9,10870.26,9530.06,292.85
2026-05-04T06:00:00-05:00,17.87,20.385,19.027,10554.33,21223.5,46534.67,45103.07,21697,61,107.59,85.3,24602.32,25201,8743.99,10008.19,1988.81
2026-05-04T07:00:00-05:00,16.04,11.892,10.865,10811.92,21132.25,47488.58,46543.18,18364,63,5763.96,4812.6,23315.52,24454.8,7992.94,8459.7,446.24
2026-05-04T08:00:00-05:00,5.92,1.155,-0.06,10793.17,20775,48500.33,48651.3,11212,68,17702.18,19359,19517.44,23353.1,10937.57,5856.75,-3073.84
2026-05-04T09:00:00-05:00,4.03,4.335,-0.495,10837.33,20255.25,50072.33,50791.21,8005,71,22084.97,27227.9,19940.38,23233,14266.3,5859.04,-5317.63
2026-05-04T10:00:00-05:00,5.41,3.47,-0.257,10873.17,20368.75,51995,52657.2,9355,74,23100.81,29226.6,19471.86,23528.7,15729.69,6024.14,-3957.17
2026-05-04T11:00:00-05:00,8.87,6.457,2.477,10870.42,21257.17,53530.75,54453.68,9964,77,25618.13,30214,17910.95,22913.3,15777.41,5950.03,-3490.3
2026-05-04T12:00:00-05:00,10.98,11.17,7.088,10895.83,21256.58,55178.58,56195.66,12132,79,26230.16,30667.3,16725.28,22175.2,15873.74,6341.24,-1922.83
2026-05-04T13:00:00-05:00,21.22,17.015,14.997,11004,20961.42,57065.83,57862.51,14410,81,26426.15,29581.4,16150.85,22074.5,15829.25,7766.29,-1389.39
2026-05-04T14:00:00-05:00,27.09,24.488,21.24,10997.17,20759.17,58954.42,59565.55,16694,82,25946.36,29082,16228.34,22579.2,15279.11,8999.45,-1221.06
2026-05-04T15:00:00-05:00,36,34.142,24.675,10939,20271.58,60523.83,61279.2,19712,82,23801.77,28575.7,16954.02,23494.3,15198.84,10379.62,-320.25
2026-05-04T16:00:00-05:00,35.7,27.713,20.655,10918.17,19531.08,61962.83,62879.65,20720,82,22026.9,27770.8,19210.89,24738.2,15967.9,11637.72,-1125.54
2026-05-04T17:00:00-05:00,31.84,23.067,18.312,10824,19191.33,62409.42,63657.04,22354,81,19005.68,25419.2,21105.81,26110.1,16588.74,13572.55,-679.62
2026-05-04T18:00:00-05:00,32.28,22.55,19.285,10822,19031.33,61725.92,62704.52,25660,80,13093.56,18322.6,23068.96,27083.6,16107.34,15213.75,355.55
2026-05-04T19:00:00-05:00,34.4,34.218,31.803,10675.5,19002.67,60621.58,60785.45,33194,78,3041.88,4852.8,24458.13,27057.9,12306.07,17693.07,3877.32
2026-05-04T20:00:00-05:00,33.06,34.552,32.245,10750.33,18855.17,60624.67,58744.42,35521,76,51.05,123.4,25034.1,27586.6,10391.48,18382.9,4958.39
2026-05-04T21:00:00-05:00,34.39,38.763,35.295,10990.33,18296.83,59227.33,56970.25,34074,75,0.11,0,25309.69,28786.2,9418.37,18475.5,3487.45
2026-05-04T22:00:00-05:00,33.39,29.345,27.403,10950.33,18310.75,55924.75,54103.79,30302,74,0.15,0,25835.37,29545.7,9567.35,17698.87,627.78
2026-05-04T23:00:00-05:00,22.05,21.717,20.275,10897.5,18569.33,52487.5,50891.09,26664,73,0.26,0,26027.48,29895.5,10286.06,16458.72,-568.69
2026-05-05T00:00:00-05:00,20.06,21.645,19.89,10903,18694.33,49876.25,49410.32,24074,72,0.19,0,25883.06,29652.4,10660.43,14698.75,-701.58
2026-05-05T01:00:00-05:00,18.4,21.045,19.63,10903,18687,48114.25,47515.46,22531,71,0.19,0,25564.16,29433.5,11116.53,14267.52,-1691.03
2026-05-05T02:00:00-05:00,18.19,21.028,19.415,10903,18654.25,47035.92,46388.51,21938,71,0.18,0,25009.81,28864.1,12622.93,14217.6,-2165.45
2026-05-05T03:00:00-05:00,18.58,21.132,19.655,10903,18294,46620.75,45570.78,21579,70,0.25,0,24881.32,28022.3,14229.91,14100.69,-2412.03
2026-05-05T04:00:00-05:00,19.24,19.888,19.275,10903,18294,46884.58,45706.01,22358,70,0.28,0,24426.24,27008.5,14962.06,13897.12,-1382.64
2026-05-05T05:00:00-05:00,20.41,20.528,21.105,10906.75,18293.92,48362.25,47412.66,23829,70,0.29,0,24403.89,25876.4,14481.8,14090.32,-110.78
2026-05-05T06:00:00-05:00,20.32,26.197,26.382,10959.42,18377.92,50884.08,49648.22,27042,70,17.84,45.6,23708.74,24466.7,12159.09,14599.75,2110.11
2026-05-05T07:00:00-05:00,21.57,25.58,25.59,11124.33,18552.5,51838.33,50693.21,28125,71,1832.24,2479.5,21846.53,22636.5,10749.02,14631.7,1948.58
2026-05-05T08:00:00-05:00,21.07,33.327,33.897,11489.5,18506.67,52828.58,52077.17,27340,72,6466.25,10010.3,18930.08,21027.4,9997.02,15009.12,319.61
2026-05-05T09:00:00-05:00,19.72,31.615,32.233,11547,18371,54145.58,54170.22,26645,74,10494.24,16200.5,16894.08,20048.8,10646.44,15585.6,-1160.9
2026-05-05T10:00:00-05:00,21.8,38.98,39.068,11551.17,18336,55812.42,56546.63,26473,76,14664.62,19628.9,14596.08,19145.3,11633.7,16129.67,-1820.97
2026-05-05T11:00:00-05:00,25.64,28.99,29.502,11542.83,18214.5,57580.17,59162.98,24821,79,18909.79,23053.4,13782.44,17925.6,13744.22,16482.37,-3472.9
2026-05-05T12:00:00-05:00,29.49,24.575,23.69,11158,17920,59533.75,61996.27,23842,80,21974.36,25329.5,13609.06,17005.9,15096.42,16409.07,-3080.14
2026-05-05T13:00:00-05:00,32.18,20.385,17.808,11019.83,17760.83,61732.92,64719.55,24928,82,23994.68,26108.1,12732.31,16798.3,15701.06,17338.22,-2501.73
2026-05-05T14:00:00-05:00,32.49,23.105,19.252,10534,17956.67,63931.25,67030.5,27010,84,24196.25,25604.2,12642.13,17163.4,15260.58,18557.12,-1496.33
2026-05-05T15:00:00-05:00,35.14,23.188,16.495,10183,17917.08,66357.75,68843.24,28980,85,23845.77,24604.6,13439.08,17583.7,15725.24,19664.91,-623.92
2026-05-05T16:00:00-05:00,36.84,30.08,24.965,9808,18070.75,68167.42,69914.01,32488,85,20470.81,22226,15158.75,18152.3,15889.96,22781.07,-362.99
2026-05-05T17:00:00-05:00,39.23,29.75,27.332,9808,17809.5,68549.75,69819.18,35633,83,15285.11,18875.2,17718.65,18547.4,16585.82,25448.43,-545.8
2026-05-05T18:00:00-05:00,56.17,32.365,31.762,9779,18086,66906,68278.41,39139,81,9635.36,12822.3,18315.17,18431.2,16016.81,27347.16,292.76
2026-05-05T19:00:00-05:00,83.67,48.455,48.58,9752,18156.67,64864.5,65619.47,45264,79,2977.51,3401.6,16763.9,18286,12925.01,29358.27,3898.41
2026-05-05T20:00:00-05:00,68.27,50.613,50.64,9752,18015.67,63644.33,63682.03,48297,76,80.33,111.8,15349.82,18453.1,11839.49,31217.55,4577.01
2026-05-05T21:00:00-05:00,86.01,44.445,44.218,9765.33,17677.75,61422.17,61860,46982,75,0.12,0,14581.58,18528.9,11284.48,31386.67,2931.82
2026-05-05T22:00:00-05:00,60.47,38.852,38.895,9912,17665.67,57834.67,58452.99,44066,73,0.09,0,14034.79,17883.8,11534.25,30626.98,814.77
2026-05-05T23:00:00-05:00,45.95,33.043,33.142,9912,16811.25,53962.83,54955.99,40673,72,0.13,0,13510.92,16864.1,12166.87,29541.87,-1421.49
2026-05-06T00:00:00-05:00,44.17,31.92,32.05,9912,17270.83,50898.33,52081.32,38480,70,0.1,0,12575.58,14613.4,12753.22,27907.95,-1687.15
2026-05-06T01:00:00-05:00,38.08,31.492,31.71,9912,17412.5,49046.17,49698.61,36759,70,0.12,0,12389.45,13823.9,13684.39,27372.13,-2812.47
2026-05-06T02:00:00-05:00,38.47,30.85,31.045,9912,17755,47761.92,48051.43,36168,69,0.1,0,11645.1,12920.9,15237.56,27178.84,-3423.19
2026-05-06T03:00:00-05:00,41.55,28.125,27.775,9912,18608,47165.42,47180.43,36640,68,0.11,0,10569.16,11775.5,15892.25,26621.68,-2207.4
2026-05-06T04:00:00-05:00,39.58,27.722,27.35,9912,18615.33,47216.25,47369.07,37423,67,0.1,0,9747.37,10427.8,15311.33,26528.93,-973.53
2026-05-06T05:00:00-05:00,47.32,27.425,26.985,9912,18664,48394.17,49061.04,38401,66,0.11,0,9860,9064.1,14587.09,26417.4,254.88
2026-05-06T06:00:00-05:00,57.9,24.995,24.773,9912,18506.08,50851.58,51486.65,39285,65,6.01,33.2,11416.43,7821.4,14011.5,26123.45,1811.78
2026-05-06T07:00:00-05:00,54.4,27.237,27.148,9889,18171.75,51864.83,52530.86,39514,64,792.63,1619.7,11567.84,6882.2,13686.03,26067.97,1659.41
2026-05-06T08:00:00-05:00,67.88,29.153,28.992,9800.5,18287.33,52635.75,53491.87,38314,65,3195.05,6445.6,11072.26,6419.4,13361.87,25754.03,217.72
2026-05-06T09:00:00-05:00,43.6,27.297,27.062,9850,18040.75,53871.58,55207.89,36655,66,6623.23,10852.9,10491.53,6285,13594.39,25096.83,-367.96
2026-05-06T10:00:00-05:00,39.26,33.215,32.475,9850,18584.83,54729.33,57093.18,35459,66,10192.6,15179.1,9083.44,6142.4,13613.96,25105.57,-1555.63
2026-05-06T11:00:00-05:00,36.97,25.035,24.622,9845.5,19232.92,55139.67,59018.59,33539,66,14578.46,17976.8,6992.84,5848.1,14950.16,24058.3,-2116.98
2026-05-06T12:00:00-05:00,37.3,22.702,20.808,9796,19779.67,56120,60741.56,30911,69,20064.23,19846,5091.69,5672,15316.69,22219.55,-1660.26
2026-05-06T13:00:00-05:00,39.62,30.272,29.443,9792.33,19473.75,57799.83,62478.03,33846,71,20355.61,21702.1,3486.27,5795.1,14812.68,24588.57,-1114.27
2026-05-06T14:00:00-05:00,42.1,27.39,27.28,9752,19532.92,59241.5,63855.23,34499,72,21821.82,21740.9,2859.76,6280.8,15052.7,24399.51,-648
2026-05-06T15:00:00-05:00,48.2,31.33,30.412,9752,19536.17,60131.08,64914.68,35816,73,21069.76,20773.6,3218.29,7266.8,15030.96,24970.5,44.12
2026-05-06T16:00:00-05:00,47.98,57.718,40.242,9702,19660.92,60688.42,65531.81,38650,72,17568.92,19417.3,4448.16,8506.8,14556.32,26602.38,496.49
2026-05-06T17:00:00-05:00,51.76,35.602,34.135,9652,19902.5,60536.17,65298.81,39878,72,15049.5,16766.6,5671.22,10202.2,14896.66,27868.16,6.73
2026-05-06T18:00:00-05:00,57.64,36.072,36.457,9652,19641.17,59445.58,64378.39,41037,70,11380.36,12167.1,7114,12083.9,14718.31,28619.34,259.33
2026-05-06T19:00:00-05:00,54.18,34.295,34.42,9652,19599,58103.17,62335.94,44667,69,4449.42,3912.7,9031.73,13214.2,12435.41,29185.35,3566.17
2026-05-06T20:00:00-05:00,51.46,41.953,41.913,9652,19450,57504.25,61564.05,46917,67,226.72,152,10382.15,14432.9,10255.52,29422.52,5805.25
2026-05-06T21:00:00-05:00,48.9,37.698,37.695,9665.33,19462.67,56043.33,60244.58,43927,66,0.08,0,12238.88,15854.1,10055.67,29304.16,3271.48
2026-05-06T22:00:00-05:00,34.07,34.505,34.505,9812,19510,53103.83,57055.67,39867,64,0.06,0,13434.49,16987.7,10237.2,28384.69,400.18
2026-05-06T23:00:00-05:00,25.69,28.162,28.162,9813.08,19784.75,49963.75,53640.47,37603,64,0.06,0,12545.41,17376.8,10415.37,26759.42,-194.25
2026-05-07T00:00:00-05:00,24.97,33.27,33.27,9825,20555.17,47356.08,48948.32,36666,62,0.08,0,10828.88,13427.2,9762.26,25399.59,228.55
2026-05-07T01:00:00-05:00,27.3,43.35,43.35,9825,19806,45611,46591,36304,61,0.07,0,9419.89,12686.8,9906.92,25484.91,-248.76
2026-05-07T02:00:00-05:00,26.32,36.973,36.973,9825,19304,44408.58,44950.5,35915,60,0.09,0,8581.4,12042.6,11306.84,25882.48,-1104.93
2026-05-07T03:00:00-05:00,23.67,34.718,34.722,9825,19352.83,43945.25,44198.79,36010,59,0.1,0,7939.02,11388.1,11460.44,26000.18,-1125.27
2026-05-07T04:00:00-05:00,23.67,34.113,34.113,9825,19424.67,44092.42,44449.62,36157,59,0.1,0,7925.52,10556.2,11240.14,26057.5,-928.77
2026-05-07T05:00:00-05:00,28.42,36.462,36.462,9825,19390.5,45431.25,46016.23,36946,58,0.09,0,8384.18,9528.1,11706.18,26088.7,-191.84
2026-05-07T06:00:00-05:00,36,28.81,28.763,9829.25,19426.83,47752.5,48831.73,38897,57,64,57.9,8638.93,8607.2,10402.92,26019.36,1600.88
2026-05-07T07:00:00-05:00,34.4,23.562,23.557,9871,19526.42,48545.67,50138.18,36223,58,3432.14,2844.8,8862.17,7724.5,10324.22,24746.32,1142
2026-05-07T08:00:00-05:00,22.4,18.475,18.48,9705.33,19637.75,49011.08,50863.7,29911,60,11223.51,10992.4,7859.49,6841,11329.83,22314.49,-1067.14
2026-05-07T09:00:00-05:00,20.58,22.645,16.022,9618.17,19762.17,49418.92,51625,25867,62,16530.95,16240.8,6990.49,6144.2,12970.14,20827.98,-2761.17
2026-05-07T10:00:00-05:00,20.56,17.99,14.673,9709.17,19965.67,49756.75,52168.4,23034,64,20604.76,18723.7,6150.3,5635.9,14520.99,19459.81,-3897.56
2026-05-07T11:00:00-05:00,20.32,14.032,13.903,9755,19963.17,50207.33,52834.98,22467,66,21993.7,20675.3,5750.66,5291.8,16344.62,18367.03,-3428.8
2026-05-07T12:00:00-05:00,21.36,13.838,13.86,9609.33,19959.17,50745.75,53489.04,21857,68,23435.79,22207.9,5403.06,4894.4,17176.5,17851.07,-3449.24
2026-05-07T13:00:00-05:00,19.91,14.745,14.637,9431,20136,51843.42,54152.14,23446,70,23706.39,22629.9,4643.43,4638.6,17470.81,18535.07,-2962.74
2026-05-07T14:00:00-05:00,20.51,14.397,14.395,9431,20049.17,52897.17,54722.64,24563,72,23897.4,22378.2,4411.85,4603.8,17152.31,18221.39,-1397.21
2026-05-07T15:00:00-05:00,20.42,22.003,21.885,9431,20084.83,54002.45,55317.99,28117,72,21200.6,21645.4,4502.88,4686,16056.01,21060.99,-522.65
2026-05-07T16:00:00-05:00,23.33,29.262,28.972,9431,19772.42,54924.75,56109.62,32198,72,17406.76,19866.8,5305.24,5007.2,15382.28,23387.68,-416.83
2026-05-07T17:00:00-05:00,22.67,28.022,27.913,9431,19466.91,55022.44,56469.44,34637,72,14101.04,17356.7,6289.25,5489.8,15471.47,24703.38,-381.63
2026-05-07T18:00:00-05:00,33.01,37.818,37.35,9431,19464,54323.5,56236.87,36819,71,9521.46,12985.2,8064.23,6265.9,15079.03,26054.61,223.55
2026-05-07T19:00:00-05:00,46.83,31.815,31.677,9431,19263.67,53964.83,55369.82,40324,69,4540.94,4458.8,9106.13,7567.4,13405.15,26576.74,3058.93
2026-05-07T20:00:00-05:00,51.6,35.165,34.98,9431,18948.5,54407.92,54917.7,44493,68,264.04,170.2,9662.07,9557.1,10530.07,27403.98,6147.24
2026-05-07T21:00:00-05:00,39.88,33.94,33.76,9444.33,18834.83,53492,53822.45,42763,66,2.15,0,10786.78,11770,10408.53,27165.56,4657.45
2026-05-07T22:00:00-05:00,26.87,36.245,35.585,9591,18842,50885.58,51461.45,39768,65,1.57,0,11257.56,13052.8,9868.42,27284.38,1418.76
2026-05-07T23:00:00-05:00,21.95,35.085,34.517,9591,18696.92,47885.08,48533.99,38004,65,0.05,0,10054.41,13436.3,10388.56,26940.98,-193.33
2026-05-08T00:00:00-05:00,24.3,27.288,26.99,9591,18555.5,45501.92,46427.11,35867,64,0.07,0,9724.26,12438.3,11390.01,26075.78,-973.33
2026-05-08T01:00:00-05:00,24.97,27.45,28.255,9591,18413,43891,44658.7,35350,64,0.12,0,8569.78,11844.5,12360.95,25849.24,-1098.76
2026-05-08T02:00:00-05:00,24.98,27.785,27.545,9591,18425,42978.75,43475,35663,63,0.1,0,7343.05,10920.8,12213.93,25578.54,-560.63
2026-05-08T03:00:00-05:00,23.93,27.555,27.07,9591,18431,42447.92,42866.45,35336,63,0.11,0,7137.73,10116.7,12383.59,25589.19,-895.82
2026-05-08T04:00:00-05:00,23.75,26.273,25.795,9591,18412.83,42782.58,43074.77,34579,62,0.14,0,8181.64,9456.5,13175.88,25118.25,-925.09
2026-05-08T05:00:00-05:00,25.36,28.315,27.8,9591,18642.17,44225.5,44570.03,35593,62,0.11,0,8527.58,8770.4,13191.25,25489.79,-157.56
2026-05-08T06:00:00-05:00,28.56,30.287,29.735,9592,18604,46564.58,46988.18,38007,62,38.44,79,8387.88,8082.7,11638.93,25977.42,1489.54
2026-05-08T07:00:00-05:00,28.99,29.787,29.345,9603,18704.42,47616.75,48332.14,38503,64,1659.11,2600.5,7383.61,7142.5,10335.13,26465.03,1420.06
2026-05-08T08:00:00-05:00,24.67,29.198,28.803,9450.33,18917.5,48810.42,49574.21,37224,66,5761.25,9022.1,5732,5998.5,9834.76,25848.21,539.96
2026-05-08T09:00:00-05:00,21.35,27.355,26.915,9317,19027.5,49977.83,50959.78,35458,67,10356.45,13863.2,4108.99,5431.6,9815.14,25358.73,-360.27
2026-05-08T10:00:00-05:00,19.78,23.82,23.675,9317,19110.33,51018.58,52253.07,32854,69,14412.92,17562.3,3686.46,5210.6,11223.15,24505.26,-1590.78
2026-05-08T11:00:00-05:00,20.07,24.66,24.763,9317,19083.08,51907.33,53400.6,31343,71,17255.62,20100.8,3296.33,4799.5,12780.28,24435.52,-2868.44
2026-05-08T12:00:00-05:00,19.88,24.858,25.345,9317,19191.42,52984.67,54709.22,30146,73,19411.93,22276,3354.52,4438.3,14354.7,24215.09,-3940.88
2026-05-08T13:00:00-05:00,19.76,21.648,22.092,9297.33,19114.17,54530.5,56153.52,27859,75,22999.33,23389.1,3655.07,4343.3,17085.54,23445.09,-5321.82
2026-05-08T14:00:00-05:00,19.66,20.06,20.055,9249,18911.25,55850.58,57258.68,28585,77,23140.36,22874.5,4038.98,4549.2,17561.9,22845.27,-3404.84
2026-05-08T15:00:00-05:00,21.77,21.765,20.395,9189,18864.83,56713,57935.33,30144,77,22146.94,21509.9,4360.39,4882.3,16437.43,22142.69,-751.74
2026-05-08T16:00:00-05:00,21.6,24.26,23.483,9101.5,18884.58,57540.58,58403.32,32924,79,20309.07,19182.4,4270.29,5321.6,15884.99,23542.11,-111.39
2026-05-08T17:00:00-05:00,29.71,26.325,26.122,9049,18847.67,57980.75,58235.39,34490,78,18308.17,15898.3,5197.53,6124.1,15914.99,24381.39,79.87
2026-05-08T18:00:00-05:00,42.55,35.418,35.547,9049,18842.83,57152.75,57298.92,38024,78,12791.53,11727,6413.05,7200.6,14715.9,26145.2,1375.44
2026-05-08T19:00:00-05:00,52.39,36.57,36.778,9049,18841.58,56079.67,55650.34,43785,76,4230.76,4642.1,8020.25,8409.4,12448.44,28072.37,4607.99
2026-05-08T20:00:00-05:00,49.5,39.535,39.557,8904,18477,56305.17,54996.42,45416,75,205.11,189.4,10652.24,10539.2,10642.51,28624.3,5647.77
2026-05-08T21:00:00-05:00,44.33,44.383,44.405,8648.83,18480.67,55845.83,54242.09,43404,74,0.63,0,12497.62,12832.4,9897.5,28907.71,3304.49
2026-05-08T22:00:00-05:00,36.19,48.222,48.163,9032,19283.5,54040.58,52382.8,41571,73,0.73,0,12549.84,13731.1,9313.22,28705.15,1543.7
2026-05-08T23:00:00-05:00,31.83,40.35,40.35,9062.75,19308.17,51933.58,50037.4,39582,72,0.82,0,12431.03,13802.7,9652.86,28481.54,-201.31
2026-05-09T00:00:00-05:00,38.02,38.882,38.655,9401,19407.67,49679.75,47869.68,38348,71,0.84,0,11431.41,11353.2,9849.06,27220.48,-87.29
2026-05-09T01:00:00-05:00,36.54,27.193,27.065,9401,19371,47796.83,45650.1,36189,71,0.9,0,11670.91,10079.8,10415.42,26192.45,-933.74
2026-05-09T02:00:00-05:00,40.44,42.555,42.307,9401,19362,46652.75,44014.55,37643,71,0.88,0,9058.25,8608.9,10109.83,26438.15,-6.68
2026-05-09T03:00:00-05:00,39.53,41.635,41.463,9401,19542.17,45825.42,43020.7,38511,70,0.86,0,7336.25,7565.8,10101.07,26634.83,587.05
2026-05-09T04:00:00-05:00,40,31.502,31.597,9401,19378.33,45768.67,42572.62,37195,70,0.87,0,8554.92,6687.5,10680.15,26387.91,-734.26
2026-05-09T05:00:00-05:00,37.1,26.932,26.972,9401.75,19450.33,46162.75,43424.61,35580,70,0.71,0,10574.59,5699,11810.45,25438.9,-773.23
2026-05-09T06:00:00-05:00,37.43,27.137,27.153,9410,19534.17,46719.42,44360.9,36356,69,23.57,82.2,10347.94,4794.2,10628.23,24940.89,681.71
2026-05-09T07:00:00-05:00,31.62,31.65,31.475,9356.67,19789,47511.83,45172.37,35668,70,3010.44,3443.4,8744.49,4101.6,9396.15,24384.07,567.46
2026-05-09T08:00:00-05:00,20.38,21.355,21.358,9250,19439,49848.75,47942.42,30334,73,13586.7,13995.2,5834.83,3193.3,10613.88,22231.33,-1250.63
2026-05-09T09:00:00-05:00,19.03,19.465,19.455,9250,19470.67,52352.08,50859.85,26707,76,21103.4,21026,4519.74,2523.3,12762.71,21171,-2921.22
2026-05-09T10:00:00-05:00,19.04,19.512,18.448,9250,19608.33,54535.17,53704.15,24411,80,25265.29,24524.1,4779.62,2542.9,14689.76,19966.88,-3737.04
2026-05-09T11:00:00-05:00,18.11,16.39,16.153,9250,19492.83,57050.33,56534.87,22872,83,28933.52,27173.8,5177.99,2693.2,15946.12,18520.46,-3708.55
2026-05-09T12:00:00-05:00,18.91,17.925,16.24,9130.67,19402.5,60029.92,59338.22,22845,86,32366.56,29144.8,4711.1,3096,16536.84,18212.91,-3592.95
2026-05-09T13:00:00-05:00,21.98,21.73,18.315,8943.5,19406.17,63220.92,61328.56,25006,88,32779.65,29115.2,5303.32,3779.4,16468.3,18479.77,-2197.84
2026-05-09T14:00:00-05:00,23.18,28.753,25.512,8918,19404.17,66049.25,63271.03,27771,88,32635.03,28972.2,5543.97,4468.1,15943.61,19473.15,-947.65
2026-05-09T15:00:00-05:00,24.27,41.858,26.758,8918,19392.75,68351,65110.7,29696,88,32527.87,28417.5,6071.17,5217.6,15681.99,20732.02,-479.35
2026-05-09T16:00:00-05:00,28.83,33.61,26.795,8918,19290.83,69799.75,66174.75,31210,90,31255.79,26679.7,7340.79,6242.6,15667.61,22207.34,-343.82
2026-05-09T17:00:00-05:00,31.6,29.998,23.79,8918,19006.67,70233.08,65767.45,32438,90,28942.02,23691.1,8944.41,7632.1,16114.09,23337.92,-408.41
2026-05-09T18:00:00-05:00,42.12,31.198,29.245,8918,18886.17,69118.33,64021.51,35488,88,22676.7,17494.5,11130.03,9509.2,15560.07,25320.47,508.99
2026-05-09T19:00:00-05:00,53.7,44.057,43.617,8918,19568,66588.92,61468.81,45721,85,7961.7,6118.8,13118.14,11014.6,10500.58,28268.82,6379.34
2026-05-09T20:00:00-05:00,47.87,37.56,37.562,8918,19704.33,64189.08,59878.71,46940,81,259.72,227.5,16911.62,14594.7,9941.08,29235.23,6391.43
2026-05-09T21:00:00-05:00,33.88,31.74,31.432,8931.33,19652.75,62087.58,58575.81,41380,79,0.36,0,20496.79,18025.4,10426.43,27295.77,2866.58
2026-05-09T22:00:00-05:00,28.09,29.293,26.12,9078,19444.33,59523.25,55828.73,36868,77,0.44,0,22573.11,20520.6,10554.38,25889.65,469.19
2026-05-09T23:00:00-05:00,24.83,26.15,20.207,9082.67,19266,56552.83,52666.07,33296,77,0.37,0,23394.19,21705.9,10712.31,23915.26,-723.17
2026-05-10T00:00:00-05:00,23.61,24.413,19.52,9134,18749.42,53476.33,51370.81,30820,76,0.57,0,22805.04,21216.9,11400,22198.73,-867.03
2026-05-10T01:00:00-05:00,23.9,23.635,17.118,9134,19005.33,51060.33,49021.23,28512,75,0.66,0,22671.88,20557.3,12320.56,20472.51,-1024.36
2026-05-10T02:00:00-05:00,21.36,21.955,15.745,9134,18994,49235.33,47040.49,27005,73,0.75,0,22325.01,19693.8,13146.08,19547.06,-1364.44
2026-05-10T03:00:00-05:00,20.11,20.632,14.723,9134,18994,47828.33,45737.14,26638,72,0.78,0,21251.67,18631.4,13932.07,19242.72,-1267.55
2026-05-10T04:00:00-05:00,20.37,19.395,15.242,9134,18771.75,46964.33,45017.93,27433,71,0.74,0,19596.29,17533.9,14204.7,19597.03,-759.64
2026-05-10T05:00:00-05:00,20.06,19.412,18.245,9134,18602.83,46595.92,45068.31,29159,70,0.76,0,17399.67,16742.6,13466.99,20309.78,271.7
2026-05-10T06:00:00-05:00,19.28,20.865,19.628,9134,18478.5,46421.17,45408.4,30488,69,46.63,103.7,15905.28,15983.4,12578.92,20710.14,1144.8
2026-05-10T07:00:00-05:00,17.94,20.037,18.685,9027.33,18538,46752.42,45914.75,28665,72,3715.46,4119.8,14280.09,14766.3,12805.88,19597.45,223.25
2026-05-10T08:00:00-05:00,14.02,16.52,13.808,8974,18071.67,49139.25,48399.36,22035,74,13702.38,15250.2,13247.18,13498.3,14294.55,15096.39,-1868.21
2026-05-10T09:00:00-05:00,14.42,17.635,13.4,8451,18467.33,52426.67,51577.38,19458,77,20481.82,21435,12294.37,12915.9,15666.08,14387.09,-3643.21
2026-05-10T10:00:00-05:00,16.16,17.677,13.892,8451,18492.92,55707.67,54459.05,19515,80,22770.28,24505.5,13269.44,12490.9,16070.37,14527.42,-3632.93
2026-05-10T11:00:00-05:00,20.02,17.11,13.737,8451,18766,58790.08,57411.26,20636,80,24556.37,26851.7,13499.28,11738,16280.66,14411.02,-2076.31
2026-05-10T12:00:00-05:00,22.76,20.182,15.655,8451,18772.33,60552.42,60084.63,21997,80,23556.9,28456.4,14966.16,11279.7,16141.55,15042.6,-998.85
2026-05-10T13:00:00-05:00,27.75,39.423,20.15,8451,18537.92,62431.5,62369.79,23795,82,22952.01,26615,15648.3,11732.2,16203.44,16571.4,-701.52
2026-05-10T14:00:00-05:00,28.98,54.26,23.785,8451,18275,64025.17,64141.29,25065,82,21714.99,25853.7,17193.52,13130.5,15945.05,17428.9,-393.98
2026-05-10T15:00:00-05:00,30.89,40.953,20.012,8451,17909.83,64885.75,65334.43,24780,81,19977.72,24641.5,19928,15090.7,16559.43,17710.24,-1321.54
2026-05-10T16:00:00-05:00,30.02,36.802,17.69,8451,17862.17,65190.75,65804.24,25870,80,18180.63,21250.6,20808.4,17049.2,16668.75,18410.8,-1158.12
2026-05-10T17:00:00-05:00,30.46,29.968,23.232,8451,18023.5,64595.67,65146.07,29999,78,13541.6,17993.9,20708.86,18730.6,15942.41,21334.73,-419.29
2026-05-10T18:00:00-05:00,32.89,30.625,22.493,8451,17893.58,63565.5,62947.37,33477,76,7853.9,12528.9,21970.2,19574.3,15601.74,24256.7,-744.7
2026-05-10T19:00:00-05:00,40.13,35.14,23.922,7611.67,18560,61929,60889.4,37523,74,2517.43,3976.5,21617.26,18457.5,13882.78,25165.44,1507.91
2026-05-10T20:00:00-05:00,41.36,35.242,31.46,7573,18291,61047.92,59744.81,40612,72,125.12,164.7,20149.16,17467.2,12295.79,26458.16,3183.45
2026-05-10T21:00:00-05:00,46.32,34.488,33.535,7435,18035.42,59222.25,58554.1,41627,69,0.22,0,17706.53,16481.8,11201.47,27008.29,3565.03
2026-05-10T22:00:00-05:00,38,30.233,30.155,7435,17935.5,55534.67,55896.31,39436,67,0.11,0,16358.74,15779.4,11518.29,27000.34,1325.45
2026-05-10T23:00:00-05:00,31.38,34.165,34.037,7470.58,18117.75,51874.58,52434.77,38250,66,0.11,0,13741.87,14806.2,11233.9,26721.22,509.42
2026-05-11T00:00:00-05:00,35.05,28.245,28.197,7862,18126,48985.58,49212.18,36927,66,0.08,0,12097.68,12075,12134.52,26461.24,-620.14
2026-05-11T01:00:00-05:00,31.37,25.128,25.122,7862,18142.5,46907.25,46626.54,34793,65,0.08,0,12233.29,10879.9,13698.74,25534.96,-1244.7
2026-05-11T02:00:00-05:00,30.8,23.113,23.407,7862,18166,45481.25,44916.84,32320,64,0.09,0,13146.56,9639.3,15568.99,24449.91,-1774.08
2026-05-11T03:00:00-05:00,29.82,22.43,22.86,7862,18168,44492.75,44089.64,31530,63,0.07,0,12936.68,8888,16504.06,24044.74,-1572.81
2026-05-11T04:00:00-05:00,30.25,24.418,24.61,7862,18213.67,44504.33,44323.1,33123,63,0.08,0,11303.97,8290.2,16405.31,24298.33,-480.84
2026-05-11T05:00:00-05:00,34.11,33.653,33.587,7865.75,18659.5,45758.42,45674.68,36701,62,0.13,0,8889.63,7359,14724.49,25553.62,894.42
2026-05-11T06:00:00-05:00,36.95,29.9,29.843,7923.92,18913.67,48256.58,48009.39,40260,62,28.84,78,7747.86,6476.5,12601.44,26217.24,2952.99
2026-05-11T07:00:00-05:00,36.35,27.337,27.343,8114.17,18839.83,49292.83,49240.32,38728,63,3204.44,2820.8,7222.55,5375.7,11435.58,25717.64,1954.78
2026-05-11T08:00:00-05:00,26.44,19.71,19.713,8160,18611.17,49991.75,50976.62,31908,64,11994.88,10459.5,5948.61,4584.2,13343.66,23144.05,-475.59
2026-05-11T09:00:00-05:00,21.87,16.24,16.205,8160,18478.17,50937.33,53067.43,26615,67,18847.71,15692.8,5362.95,4158.2,14684.18,20080.81,-1926.7
2026-05-11T10:00:00-05:00,20.5,15.112,14.822,8160,18483.92,52554.5,55156.61,24824,70,23144.08,19686.3,4495.29,3759.7,15683.63,19335.77,-2398.61
2026-05-11T11:00:00-05:00,19.34,17.26,17.058,8070.5,18427,54220.75,56925.49,24837,72,25719.36,22797.9,3521.98,3486.7,16742.68,21021.35,-4073.03
2026-05-11T12:00:00-05:00,20.45,15.88,15.353,7929.67,18330.67,55667.75,58740.35,23803,75,28479,25298.3,3249.74,3339.1,18097.99,19781.14,-3849.94
2026-05-11T13:00:00-05:00,22.06,14.683,13.368,7904,17985.08,57587.83,60574.37,24982,77,29266.37,26639.2,3229.75,3231.9,17536.47,19023.24,-1885.83
2026-05-11T14:00:00-05:00,25.32,22.548,14.953,7697.33,17721.67,59222.5,62231.41,27035,78,28795.43,26543.7,3269.16,3198.7,16975.53,20535.33,-1419.39
2026-05-11T15:00:00-05:00,26.92,16.347,15.395,7656,17256.33,60654.25,63546.67,28106,79,29061.01,25720.2,3325.35,3217.6,17018.85,20919.85,-952.78
2026-05-11T16:00:00-05:00,28.12,15.465,14.855,7642.5,17282.25,62102.83,64990.92,28416,80,29977.22,24850.3,3690.55,3313.3,16936.33,20933.45,-572.14
2026-05-11T17:00:00-05:00,32.12,15.953,15.322,7494,17067,63141.83,65202.37,29348,80,29834.36,22100,3926.65,3524.6,17326.68,21587.26,-403.7
2026-05-11T18:00:00-05:00,60.52,35.365,33.632,7494,17045.83,62840.25,63979.09,35580,79,23786.32,16702.1,3550.32,3867.6,16191.82,26830.12,-55.5
2026-05-11T19:00:00-05:00,120.77,69.842,68.867,7539.83,17135.5,61136.5,61615.01,48720,76,8882.46,6570,3669.73,4165.6,12061.14,33049.75,4796.96
2026-05-11T20:00:00-05:00,116.19,52.217,51.902,7594,17112.42,59574.25,59896.03,54082,73,465.34,281.3,5005.58,5320,10300.75,35185.19,7033.81
2026-05-11T21:00:00-05:00,80.1,34.157,34.64,7607.33,17104,57789.08,58234.27,50371,71,1.11,0,7602.29,7239.7,9962.54,33517.81,5060.22
2026-05-11T22:00:00-05:00,47.12,34.947,34.64,7754,17124,54296.67,55142.62,44642,70,1.13,0,9882.38,9174.9,9617.11,31822.72,1360.1
2026-05-11T23:00:00-05:00,31.93,26.402,26.162,7754,17242.58,50734.17,51660.18,39192,68,0.22,0,11755.52,10676.3,9984.77,28054.66,70.21
2026-05-12T00:00:00-05:00,22.58,24.388,24.36,7754,17984,47843.75,47860.92,34458,66,0.16,0,13563.22,12092.8,9790.21,24544.69,-192.98
2026-05-12T01:00:00-05:00,21.47,21.67,22.265,7754,17982,45854.25,45648.41,31550,65,0.16,0,14410.02,12958.3,10314.99,22427.76,-323.72
2026-05-12T02:00:00-05:00,21.42,21.378,21.5,7754,17982,44406,44228.44,29266,64,0.26,0,15203.61,13508.9,10871.68,21135.8,-966.08
2026-05-12T03:00:00-05:00,20.1,21.33,21.32,7754,17916,43663.83,43338.63,28222,63,0.13,0,15414.19,13803.1,11757.72,20659.64,-1458.2
2026-05-12T04:00:00-05:00,19.11,20.207,20.197,7754,17850,43713,43440.73,28459,63,0.19,0,15210.55,13585.6,12749.52,20425.13,-865.47
2026-05-12T05:00:00-05:00,22.02,22.66,22.645,7740.33,17803.17,44993.75,44978.61,30330,62,0.13,0,14538.78,12654.5,12453.38,21317.37,81.52
2026-05-12T06:00:00-05:00,25.14,22.032,21.983,7741,18034.25,47159.33,47244.47,32738,62,204.13,179.1,14116.79,11691.3,10477.58,21519.84,2258.34
2026-05-12T07:00:00-05:00,19.45,13.87,13.83,7707,18185.5,48442.33,48379.95,26593,66,9064,6057.4,12701.09,10669.3,10157.26,17827.74,-240.53
2026-05-12T08:00:00-05:00,10.35,4.418,3.342,7662,18054,49876.42,50141.36,15009,70,26082.01,21502.2,8761.93,8582.1,13689.49,12606.67,-5577.48
2026-05-12T09:00:00-05:00,9.9,3.988,2.63,7790.75,18382.42,51515.92,52270.76,12710,74,30998.1,29410.4,7738.9,7303.1,17756.95,12204.95,-6851.2
2026-05-12T10:00:00-05:00,10.13,7.81,3.475,7997,18126.83,53718.83,54153.87,15214,77,30964.13,31365.9,7357.62,7162.1,17540.91,12457.67,-4531.96
2026-05-12T11:00:00-05:00,12.97,12.42,5.14,7980.33,18379.67,56049.92,56014.71,18366,79,30975.02,33011.4,6537.89,6363,16041.32,13054.78,-2112.26
2026-05-12T12:00:00-05:00,17.55,15.303,7.093,7672,18154.67,58769.17,57967.53,20536,81,32517.18,33738,5467.19,5581.6,15373.42,13886.7,-359.18
2026-05-12T13:00:00-05:00,22.36,27.74,17.97,7666.17,17729,61364.33,60009.4,22966,83,33250.07,32276,5048.67,5193.1,15288.79,15981.83,-478.22
2026-05-12T14:00:00-05:00,27.08,28.055,21.442,7788.67,17794.17,63946.33,62038.13,25763,85,33394.31,32168,4688.72,5065.6,14985.46,17705.19,-305.89
2026-05-12T15:00:00-05:00,32,35.285,24.495,7692,17876.67,66557.42,63945.27,28835,86,33129.77,31917.5,4488.46,5214.5,14922.81,19921.02,-83.02
2026-05-12T16:00:00-05:00,32.66,36.12,27.363,7661,17798,68589.17,65755.36,31842,86,32429.45,30804.1,4260,5620.4,14770.78,21957.76,148.12
2026-05-12T17:00:00-05:00,30.5,36.985,31.935,7624.5,17510,69490.5,66339.68,34366,86,30911,28449.2,4266.55,6332.1,14968.64,24399.18,-44.47
2026-05-12T18:00:00-05:00,33.62,49.122,46.265,7569,17595.83,68582.17,65630.54,38777,85,24946.76,21711.2,5027.86,7522.5,14607.16,27730.47,674.33
2026-05-12T19:00:00-05:00,68.09,75.983,74.752,7656.5,16588.5,66008.08,63744.28,50082,81,8905,7233.5,7179.96,9451.4,10185.91,31727.88,7062.46
2026-05-12T20:00:00-05:00,66.57,57.25,57.097,7634,15857.17,63591.25,62115.4,51756,78,325.97,278.5,11617.02,12565.2,9304.81,32632.02,7425.15
2026-05-12T21:00:00-05:00,43.19,38.22,38.455,7562.33,15741.17,61390.92,60271.29,45140,75,1.22,0,16428.12,15835,9361.78,30630.35,3193.04
2026-05-12T22:00:00-05:00,27.86,29.413,30.033,7709,15937,57490,56809.07,38515,72,0.92,0,19204.36,18302,9163.6,26979.99,736.4
2026-05-12T23:00:00-05:00,20.92,23.218,24.553,7660.17,15496.5,53423.08,53190.53,33687,71,0.69,0,19651.29,19757.6,9145.16,23557.75,-152.48
2026-05-13T00:00:00-05:00,22.76,23.64,24.673,7503.33,15948.33,49916.17,49198.87,29605,70,1.13,0,20494.57,20485.1,8333.62,19480.3,186.98
2026-05-13T01:00:00-05:00,19.97,21.395,22.503,7514,16367.5,47769.42,46492.44,27293,68,0.66,0,20600.16,19945.8,8481.26,18123.03,-541.65
2026-05-13T02:00:00-05:00,17.87,19.497,20.605,7514,16657.67,46148.67,44648.14,26363,67,0.12,0,19874.19,18726.1,9656.91,17987.05,-1306.42
2026-05-13T03:00:00-05:00,19.06,22.852,24.032,7514,16606,45175.5,43773.55,26813,66,0.09,0,18414.09,17443.1,10465.9,18299.79,-1273.14
2026-05-13T04:00:00-05:00,20.26,26.25,27.293,7514,16632.25,45070.92,43833.08,28561,65,0.11,0,16506.39,15954.1,10823.14,18943.73,-693.74
2026-05-13T05:00:00-05:00,26.15,34.617,34.485,7392,16762.25,46161.75,45627.74,31489,64,0.12,0,14519.24,13820.7,9441.5,19781.99,763.1
2026-05-13T06:00:00-05:00,28.23,47.09,47.098,7042.67,16901.25,47740.17,47985.9,35240,64,199.77,208.2,12206.33,11391.9,6782.54,21046.81,3061.45
2026-05-13T07:00:00-05:00,19.65,28.667,30.615,6642,17380.83,48754.33,49193.82,29596,68,8897.97,6798.4,10046.3,9145.9,6476.43,19459.72,-838.25
2026-05-13T08:00:00-05:00,7.14,13.58,14.085,6492,17742.67,51318.58,51378.28,17983,74,26771.36,22963.1,6393.96,6427.5,10284.01,13527.98,-4427.02
2026-05-13T09:00:00-05:00,8.96,18.198,17.935,6492,18115.33,53899.83,54106.14,16846,78,32986.57,30728.8,3892.15,4369.2,13388.37,14676.92,-5621.99
2026-05-13T10:00:00-05:00,12.13,23.847,24.168,6477,18504.5,56764.5,56720.59,20623,82,33875.96,32599.2,2083.12,3602.9,14545.89,16054.27,-4293.42
2026-05-13T11:00:00-05:00,15.68,25.242,26.235,6474,17956.67,59902.92,59726.09,24218,85,34153.15,33926.1,1351.6,3148.5,14944.47,16613.57,-2082.57
2026-05-13T12:00:00-05:00,17.82,25.86,26.1,6474,17733.33,63190.58,62536.12,26694,87,34254.1,34445.9,2057.8,3164,14572.55,17718.67,-1528.69
2026-05-13T13:00:00-05:00,23.89,32.098,31.835,6474,17596.08,66632.5,65285.44,28913,88,34025.8,32964.8,3522.33,3788.8,14319.96,18929.72,-902.53
2026-05-13T14:00:00-05:00,30.02,39.157,37.788,6461.33,17727.17,69490.08,67800.84,30423,90,34126.67,32992.7,4797.87,4869.5,14644.16,20214.92,-833.44
2026-05-13T15:00:00-05:00,30.96,44.65,33.773,6464.5,17743.5,72022.58,70171.31,32005,90,33907.16,33099,6000.51,6258.5,15427.09,22890.61,-1803.81
2026-05-13T16:00:00-05:00,30.08,45.085,31.41,6473,17085.5,73865.92,71805.06,33776,90,32759.38,32193.6,7271.54,7841.5,15440.81,24175.98,-1176.48
2026-05-13T17:00:00-05:00,29.54,38,30.177,6445.5,17095.33,74663.75,72408.09,35615,90,30196.02,30029.5,8888.68,9746.7,15203.3,25226.04,-512.05
2026-05-13T18:00:00-05:00,32.28,43.76,40.265,6426,17238.33,73477.17,70700.18,39488,88,23395.28,22828.7,10759.35,12114.4,14621.82,27774.87,865.1
2026-05-13T19:00:00-05:00,60.07,57.92,56.493,6426,18113.83,70622.92,67950.83,49193,84,8441.34,6622.7,13272.49,14278.9,10227.2,30486.48,7368.31
2026-05-13T20:00:00-05:00,46.92,74.203,73.28,6426,18239.67,67598.17,65292.93,51532,80,255.11,263.7,15944.17,16785.1,7777.58,31517.44,8398.14
2026-05-13T21:00:00-05:00,37.86,44.305,44.025,6439.33,17968.17,64985.17,63232.27,44983,79,1.09,0,20249.16,20039.2,8170.67,30871.63,2430.09
2026-05-13T22:00:00-05:00,24.74,28.61,28.007,6586,17782.5,61050.67,59171.63,37979,77,0.78,0,23346.76,22351.6,8304.84,26575.18,140.44
2026-05-13T23:00:00-05:00,21.2,23.032,19.487,6862.92,17589.33,56785.42,54882.88,32803,75,0.7,0,24258.65,23425.5,9083.99,23901.38,-1112.57
2026-05-14T00:00:00-05:00,23.75,24.082,17.08,8199,17460,53025.42,51673.58,29412,74,0.24,0,23840.33,24065.1,9522.15,20258.45,-575.65
2026-05-14T01:00:00-05:00,23.87,21.62,15.643,8199,17483.75,50232.25,48935.59,26833,72,0.19,0,23545.06,24033,9966.82,18067.19,-808.82
2026-05-14T02:00:00-05:00,22.31,19.685,14.8,8199,17424.33,48302.75,46992.9,25336,71,0.15,0,23061.5,23478.5,10557.31,16737.07,-741.97
2026-05-14T03:00:00-05:00,21.89,17.7,16.43,8199,17761,47057.58,45990.66,25215,70,0.15,0,21887.67,22850.9,11160.42,16512.83,-558.84
2026-05-14T04:00:00-05:00,21.41,19.258,18.212,8199,17761,46786.33,45874.6,26039,68,0.17,0,20725.47,22011.8,11119.79,16911.61,-283.85
2026-05-14T05:00:00-05:00,22.99,21.025,20.903,8199,17761,47706.67,47202.42,27211,68,0.16,0,20390.58,20693.7,10750.44,17601.43,102.99
2026-05-14T06:00:00-05:00,22.69,16.143,22.017,8200,17888.75,49431.83,49212.56,28709,67,185.59,204,20440.85,19424.6,9202.27,17867.72,1451.16
2026-05-14T07:00:00-05:00,18.33,13.562,13.81,8052.67,18081.83,50783.92,50347.22,23116,71,8331.79,6900.9,19156.65,18112.8,9438.24,14784.72,-1134.04
2026-05-14T08:00:00-05:00,12.51,7.058,5.015,8019.75,19121.5,53153.58,52404.94,14768,76,23393.62,22513.5,14793.64,16433,12482.1,10389.87,-4173.76
2026-05-14T09:00:00-05:00,13.33,8.297,5.302,8180.33,19326.5,55839.75,55263.77,13607,80,28362.96,29400.4,13675.67,15840.3,14792.64,10155.59,-4706.63
2026-05-14T10:00:00-05:00,16.86,14.215,6.852,8338,19265.5,59033.75,58449.92,15623,83,29842.46,30779.2,13253.33,16262.8,14996.01,10822.24,-3156.79
2026-05-14T11:00:00-05:00,20.18,108.587,9.58,8304.67,19247.75,62128.42,61929.32,18136,86,30131.46,32473.3,13660.38,16704.3,14596.67,11992.09,-1663.62
2026-05-14T12:00:00-05:00,27.35,135.84,12.49,8230.67,19308.17,65153.58,65087.62,20252,88,29579.15,33238.8,15116.01,17876.6,14601.54,13647.56,-1283.96
2026-05-14T13:00:00-05:00,38.04,41.695,14.822,8116,19415.83,68521,68052.29,22805,89,28462.6,31873.4,16916.01,19469.7,14876.09,16355.51,-1502.95
2026-05-14T14:00:00-05:00,39.77,36.392,18.315,8090.58,19001.33,71154.58,70415.68,24760,90,27862.47,31714.2,18269.95,21189.2,15412.93,18234.94,-1596.35
2026-05-14T15:00:00-05:00,42.8,32.038,21.268,7811,19359.33,73138.17,72295.61,25677,91,27660.71,31597.7,19544.46,22851.1,16089.65,19073.6,-1850.84
2026-05-14T16:00:00-05:00,37.72,26.79,21.603,7810,18966.17,74708.33,73236.33,27834,90,26527.07,30001.1,20114.77,24242.3,16528.39,19928.45,-1223.73
2026-05-14T17:00:00-05:00,32.2,24.957,17.05,7799,18665,74772.42,73188.81,29735,89,23779.34,27177.3,21102.39,25665.8,16580.31,20857.71,-307.11
2026-05-14T18:00:00-05:00,33.81,30.408,29.287,7564.83,18452.5,73222.17,71337.7,33227,87,18044.12,20099,21895.74,26755.8,14976.74,22732.58,634.94
2026-05-14T19:00:00-05:00,40.73,44.24,40.035,7518,18354,70490.75,68537.69,41156,84,5194.09,5553.6,24325.93,26994.7,10474.02,24683.81,5657.76
2026-05-14T20:00:00-05:00,41.44,45.417,44.948,7518,18470.67,68176.58,66056.14,43417,81,104.54,210.9,24773.88,27316,8407.97,25544.55,6569.26
2026-05-14T21:00:00-05:00,40.22,50.852,51.91,7531.33,18546.58,65086.25,63971.28,41328,80,0.12,0,24017.1,28084.1,7306.01,25689.49,4044.42
2026-05-14T22:00:00-05:00,31.83,47.472,49.125,7678,18530.33,60835.75,60330.32,38367,78,0.14,0,22741.62,28639.6,6640.91,25540.88,1136.71
2026-05-14T23:00:00-05:00,23.61,27.685,27.81,7698.67,18515.92,56811.25,56510.45,34238,76,0.12,0,22853.86,28802.5,6995.31,22917.04,-92.35
2026-05-15T00:00:00-05:00,23.5,23.702,23.752,7926,18598.67,53495,54311.58,29832,75,0.13,0,23900.55,28526.5,7570.03,19792.62,-360.09
2026-05-15T01:00:00-05:00,22.6,20.523,20.358,7926,18692,51002.83,51487.27,26476,74,0.15,0,24690.3,28451.9,8521.78,17462.31,-725.73
2026-05-15T02:00:00-05:00,21.83,19.312,18.97,7926,18709,49288.75,49599.82,23730,73,0.25,0,25635.17,28161.5,9910.3,16006.27,-1352.83
2026-05-15T03:00:00-05:00,21.48,18.6,18.165,7926,18668,48344.25,48592.13,22966,72,0.32,0,25398.38,27657.8,10989.49,15443.19,-1422.63
2026-05-15T04:00:00-05:00,21.46,16.925,16.613,7926,18668,48275.67,48371.51,22172,71,0.27,0,26050.09,26994.3,11954.74,15083.64,-1554.3
2026-05-15T05:00:00-05:00,21.78,17.615,17.357,7926,18593,49301.83,49323.83,23495,71,0.22,0,25742.84,26380.9,11757.16,15047.53,-145.26
2026-05-15T06:00:00-05:00,22.32,20.402,20.273,7927,18716.17,51048.33,51240.49,25676,70,117.53,163.9,25162.12,25801.9,10055.9,15705.47,1268.43
2026-05-15T07:00:00-05:00,20.84,16.625,16.567,7839.33,19216.5,52238.75,52178.02,22893,72,4601.7,4893.3,24608.75,24820.5,10027.23,14314.48,-162.47
2026-05-15T08:00:00-05:00,16.95,13.325,11.018,7699,19730.33,54260.33,53848.58,17675,75,13872.93,15811.3,22569.14,24450.7,11594.42,11539.97,-2074.76
2026-05-15T09:00:00-05:00,17.89,18.043,10.125,7679.92,19853.83,56484.67,56292.02,14728,77,19060.38,21758.2,22556.75,24280.6,14409.9,11253.15,-4351.91
2026-05-15T10:00:00-05:00,20.31,17.452,7.893,7682,20025,58936.92,59161.61,14377,80,22976.92,25156.6,21435.66,23945.4,16888.83,11204.78,-4639.03
2026-05-15T11:00:00-05:00,29.82,18.753,7.707,7682,19749.42,61576,62227.03,16732,84,23699.41,27458.6,20987.66,23697.4,17470.48,11496.3,-2588.05
2026-05-15T12:00:00-05:00,33.2,23.39,8.633,7682,19352.17,64472.67,65402.44,18936,86,25156.29,28986.5,20201.65,23973.4,16908.17,12330.1,-1127.88
2026-05-15T13:00:00-05:00,39.98,37.547,15.283,7666.33,19176.42,67040.58,68409.29,21372,87,25111.68,28646.4,20354.24,24587.9,16405.22,14766.07,-1072.45
2026-05-15T14:00:00-05:00,35.04,36.15,19.418,7593.67,19156.67,69363.42,70886.03,24353,89,23108.35,28112.7,21784.03,25066.4,16478.64,16825.32,-768.73
2026-05-15T15:00:00-05:00,36.19,42.51,22.142,7361,18464,70971.92,72353.59,27139,88,21951.09,26862,21778.98,25738.7,16521.78,18761.47,-591.68
2026-05-15T16:00:00-05:00,34.74,45.315,28.13,7347,18427.83,70764.25,72976.61,30787,87,17507.5,23921.5,22535.44,26086,15975.29,21147.26,19.69
2026-05-15T17:00:00-05:00,31.82,41.792,28.555,7336,18022.83,69612.75,72347.2,33394,85,12220.86,20612,24066.61,26721.5,15154.27,22482.25,442.18
2026-05-15T18:00:00-05:00,36.38,28.675,24.85,7336,17498.67,67438.75,70537.61,34407,84,8199.02,14755.1,24802.47,27442.3,14907.66,23075.28,612.88
2026-05-15T19:00:00-05:00,34.64,28.097,23.093,7171.67,17205.5,65442.25,67591.41,35378,81,3831.82,5710.6,26156.24,27868.2,13616.83,22838.2,1522.07
2026-05-15T20:00:00-05:00,31.18,27.133,23.905,6933,17448.33,64418,65651.93,36942,80,444.33,317.7,26988.87,28461.3,12456.38,22693.83,3150.71
2026-05-15T21:00:00-05:00,30.5,25.225,24.177,6950.5,17454,62952.17,63759.87,36059,79,14.91,0,27012.01,29335.8,11411.95,22142.45,3091
2026-05-15T22:00:00-05:00,26.64,24.202,24.605,7143,17451.33,60421.25,60594.77,34920,78,0.11,0,25596.85,29808.3,10482.48,21608.77,2614.73
2026-05-15T23:00:00-05:00,22.73,28.072,28.452,7093.92,17557.92,57455.58,57302.72,33379,77,0.11,0,24233.8,30116.9,9233.2,20861.92,1571.03
2026-05-16T00:00:00-05:00,24.07,20.292,20.655,6547.67,17799.67,54748.58,54411.82,29613,76,0.12,0,25274.38,28426.2,9725.21,18660.15,431.16
2026-05-16T01:00:00-05:00,21.34,20.418,19.22,6535,17681.5,52224.33,51778.68,25734,75,0.09,0,26611.43,28541.2,10156.68,16565.13,135.8
2026-05-16T02:00:00-05:00,20.06,19.947,18.048,6535,17677.17,50312.75,49652.24,23427,74,0.15,0,26927.89,28296.2,10542.04,15108.21,-489.35
2026-05-16T03:00:00-05:00,19.68,18.792,16.742,6535,17678,49014.83,48375.98,22846,72,0.23,0,26244.44,27953,10857.83,14275.73,-361.26
2026-05-16T04:00:00-05:00,19.02,17.72,15.932,6535,17478.83,48281.75,47651.19,22510,72,0.3,0,25797.76,27548.9,11085.19,14076.17,-258.78
2026-05-16T05:00:00-05:00,21.48,17.688,15.942,6455,17439,48062.58,47574.27,22756,71,0.22,0,25260.63,26889.3,11087.29,14164.17,71.19
2026-05-16T06:00:00-05:00,19.07,22.923,20.61,6370.83,17439,48277.08,48077.1,23821,71,108.93,160.3,24349.85,26173,9812.98,13766.69,1070.51
2026-05-16T07:00:00-05:00,20.37,19.66,17.673,6325,17439,49184.25,48476.12,21033,72,5249.39,5305.7,22769.98,25015.1,9636.09,12264.45,-99.04
2026-05-16T08:00:00-05:00,15.86,12.05,9.617,6325,17457,51940.75,50711.37,14789,76,16013.15,18485.5,20933.54,25272.2,11805.53,9216.06,-2505.72
2026-05-16T09:00:00-05:00,18.5,15.898,9.865,6325,17097,55160.58,53783.07,12128,78,19775.69,25237.9,23051.06,25192.5,14718.5,9083.62,-4461.54
2026-05-16T10:00:00-05:00,22.99,25.077,13.923,6325,16753.5,58041.33,56949.87,13546,81,21927.42,27504,22422.63,24383.7,16409.88,10266.43,-4472.26
2026-05-16T11:00:00-05:00,30.17,31.213,13.445,6325,16603.67,60678.92,60313.14,15291,84,24151.15,29855.7,21053.78,23320.8,17500.27,10308.04,-2813.66
2026-05-16T12:00:00-05:00,35.49,37.277,13.635,6325,16832,63028.5,63547.46,16618,86,25805.42,31073.9,20489.92,22539,17169.07,10329.62,-1565.2
2026-05-16T13:00:00-05:00,37.36,22.787,10.945,6325,16840.17,65191.25,66225.27,18028,88,26834.8,31147.8,20190.7,22504.5,16429.2,11098.54,-873.54
2026-05-16T14:00:00-05:00,33.48,23.683,12.207,6325,16888.33,67195.42,68609.43,20054,88,26573.05,31250.6,20441.88,23037.7,16744.83,12910.18,-721.69
2026-05-16T15:00:00-05:00,30.24,27.015,13.678,6325,16098.33,69060.75,70542.93,22574,89,25609.14,30998.8,20775.55,23982.2,16689.45,15219.41,-549.11
2026-05-16T16:00:00-05:00,30.47,23.465,12.705,6325,15926.33,70205.67,71480.29,23526,89,24873.47,30049.7,21761.37,25452.6,17135.37,16510.38,-1026.32
2026-05-16T17:00:00-05:00,27.62,20.765,12.68,6325,16030.92,70415.58,71265.65,25079,88,22160.32,27437,23168.12,26983.7,17517.44,17405.49,-390.78
2026-05-16T18:00:00-05:00,28.25,24.903,18.13,6325,16203.83,69650.58,69593.62,28694,87,16710.08,21207.7,24384.35,28386.7,16876.2,19896.58,-194.71
2026-05-16T19:00:00-05:00,34.83,30.452,26.905,6325,16252.33,67232.75,66767.11,35574,84,6020.16,7601.6,25806.42,28788.8,13495.48,22021.22,3067.21
2026-05-16T20:00:00-05:00,33.55,28.468,25.78,6325,16119,65559.17,64576.57,37573,81,408.4,384,27638.31,29288.8,12254.44,22460.15,3784.08
2026-05-16T21:00:00-05:00,30.19,26.805,24.628,6325,15849,64071.17,62801.25,36068,80,0.16,0,28187.2,30010.2,11508.75,22215.75,2754.7
2026-05-16T22:00:00-05:00,29.41,24.417,21.975,6325,15766.67,61375.42,60001.18,33151,79,0.23,0,28366.78,30560.5,11567.73,21795.05,625.29
2026-05-16T23:00:00-05:00,24.51,23.43,20.872,6396.58,15556.67,58656.83,56898.77,30478,78,0.11,0,28325.46,30937.6,11770.59,20465.73,-67.62
2026-05-17T00:00:00-05:00,23.83,22.898,20.037,7184,16578.83,56365.92,54415.98,28189,77,0.11,0,28297.4,30763.5,11857.01,19043.41,-346.38
2026-05-17T01:00:00-05:00,21.67,21.142,18.53,7184,16598,54406.67,52230.9,26355,76,0.13,0,28087.64,30382.1,12222.38,17292.7,-40.06
2026-05-17T02:00:00-05:00,19.43,21.497,18.872,7184,16598,52890.25,50569.45,25121,76,0.13,0,27633.6,29798.1,12136.04,16480.37,-341.8
2026-05-17T03:00:00-05:00,20,22.638,20.065,7184,16588.33,51808.42,49347.12,24666,76,0.16,0,27049.28,28968.9,12263.07,16185.76,-643.69
2026-05-17T04:00:00-05:00,20.04,20.397,17.865,7184,16482,51318.5,48706.51,24821,75,0.2,0,26442.81,28014.2,12721.29,15807.56,-194.71
2026-05-17T05:00:00-05:00,22.95,21.37,18.968,7184,16482,51216,48721.99,25296,75,0.14,0,25917.28,26967,12168.56,15936.37,274.15
2026-05-17T06:00:00-05:00,20.13,22.193,20.79,7184,16487,51305,49034.24,26695,75,72.13,96.2,24514.41,25879.6,10853.39,15983.31,1613.4
2026-05-17T07:00:00-05:00,19.1,18.01,17.948,7184,16412.33,51963.25,49409.01,24695,76,3312.52,3167.1,23861.93,25467.4,10512.75,14598.99,1383.21
2026-05-17T08:00:00-05:00,18.1,20.505,17.552,7184,16332,54123.83,51604.29,21766,78,9150.59,11079.4,23030.6,26252,11501,14501.72,-1139.48
2026-05-17T09:00:00-05:00,21.53,25.05,18.497,7184,16526.17,56810.83,54640.53,20996,80,12830.5,16254.1,22810.98,26383,13253.42,14628.96,-2191.03
2026-05-17T10:00:00-05:00,29.18,26.372,19.505,7184,16565,59428.58,57671.91,21471,82,16011.16,19463.7,21749.92,25532.1,14898.24,15430.56,-3074.29
2026-05-17T11:00:00-05:00,30.47,24.46,19.12,7184,16487.33,61798.25,60658.67,21981,84,18343.37,22201.6,21301.25,24818.8,16605.04,15686.27,-3057.67
2026-05-17T12:00:00-05:00,33.79,26.075,17.275,7184,16565,63668.83,63221.28,22503,85,20807.04,24046.4,20239.89,24559.9,16668.45,15900.81,-2225.72
2026-05-17T13:00:00-05:00,33.88,22.405,17.777,7184,16539,65317.08,65330.47,24214,86,20990.39,24834.3,20046.71,25108.6,16331.71,16621.41,-913.77
2026-05-17T14:00:00-05:00,32.39,23.102,18.747,7184,16526,66514.33,67225.24,25319,87,20495.14,24375,20563.62,26040.2,16046.83,17388.64,-739.31
2026-05-17T15:00:00-05:00,29.97,24.635,19.988,7184,16450,67507.83,68732.92,26704,87,18970.62,23099.1,21762.43,27193.3,15957.36,18724.39,-950.44
2026-05-17T16:00:00-05:00,29.96,23.537,20.07,7178.17,16340.5,68352.58,69586.92,27605,87,17910.56,20666.2,22785.77,28332.4,16120.84,19549.73,-567.34
2026-05-17T17:00:00-05:00,32.44,29.192,25.225,7114,16330.67,68955.92,69456.82,30838,87,14013.87,17470,24111.8,29352.7,15919.81,21213.49,174.38
2026-05-17T18:00:00-05:00,33.63,33.96,29.115,7114,16501,68050.75,68200.22,33869,85,8803.21,12919.2,25435.78,30162,14835.81,22691.42,996.22
2026-05-17T19:00:00-05:00,33.06,35.297,32.422,7114,16520.17,66946.92,66336.66,36965,82,3550.98,6165.4,26480.78,30297.4,12626.49,23604.72,3069.96
2026-05-17T20:00:00-05:00,30.17,38.965,38.92,7114,16414.5,66593.58,64999.57,38330,82,406.75,401,27781.6,30757.9,10829.39,23781.13,4037.35
2026-05-17T21:00:00-05:00,29.56,44.82,43.305,7114,16324.5,65753.92,63716.86,37862,81,1.27,0,27996.17,31214.9,9225.26,24186.71,2976.34
2026-05-17T22:00:00-05:00,34.68,37.53,34.94,7114,16329,63105.67,61145.99,35135,80,0.19,0,28123.19,31577,9168.38,24048.17,198.71
2026-05-17T23:00:00-05:00,28.03,23.705,21.4,7174.83,16356.83,59884.42,57981.64,31484,80,0.18,0,28603.05,31775.9,10697.97,22187.76,-747.16
2026-05-18T00:00:00-05:00,22.91,22.395,20.018,7853.83,16309.75,57339.25,56530.27,28903,79,0.19,0,28586.28,31723.8,11029.1,20237.25,-426.49
2026-05-18T01:00:00-05:00,22.05,21.06,18.992,7962,16067.17,55494.08,54336.78,27793,78,0.2,0,27812.42,31241.3,11524.24,19204.35,-751.82
2026-05-18T02:00:00-05:00,20.4,20.333,18.372,7962,16022.5,54390,52819.67,26131,78,0.2,0,28303.39,30677.8,12753.59,19039.75,-1928.6
2026-05-18T03:00:00-05:00,20.09,20.878,18.512,7962,16218,53887.83,51927.5,25651,78,0.21,0,28234.83,29915.5,14204.46,19008.29,-2319.56
2026-05-18T04:00:00-05:00,19.94,21.495,18.94,7962,16218,54420.08,52079.24,26008,77,0.23,0,28305.82,29053.7,14593.03,18905.89,-1819.96
2026-05-18T05:00:00-05:00,24.19,23.062,20.543,7965.75,16440.83,55882.67,53130.91,28050,77,0.28,0,27711.91,28098.9,14381.86,19224.1,24.83
2026-05-18T06:00:00-05:00,24.56,23.45,21.418,8008.17,16544.17,57934.33,55045.2,30620,77,57.94,107.5,27102.28,27092.7,12565.86,19628,1783.78
2026-05-18T07:00:00-05:00,23.87,21.895,19.86,8025.17,16390.92,58747.17,56137.93,29398,78,3059.31,3297.8,26223.01,26353.2,12241.94,19184.13,1357.63
2026-05-18T08:00:00-05:00,25,22.297,16.715,7626.5,16014.33,59905.83,58224.66,25683,79,9090.97,11804.2,25006.87,27192.9,13273.65,18904.78,-1284.06
2026-05-18T09:00:00-05:00,35.8,26.25,17.082,7531.33,16138,61740.92,61047.39,24260,81,13512.28,17349.4,23838.46,27661.8,14419.59,19110.83,-2986.86
2026-05-18T10:00:00-05:00,38.77,26.65,17.105,7535,16094.25,64002.92,64012.57,23646,84,16820.03,20954.3,23352.84,27117.5,15573.71,19167.95,-3667.09
2026-05-18T11:00:00-05:00,46.27,34.905,16.225,7535,16228,66801.42,66655.99,24864,86,19070.46,23530.5,22695.04,26005,16530.94,19326.69,-2313.51
2026-05-18T12:00:00-05:00,40.79,31.053,17.3,7533.83,16107.5,69307.5,69053.29,25730,87,21329.98,25333.6,22115.92,25558.8,16541.3,19590.85,-1263.01
2026-05-18T13:00:00-05:00,40.41,26.798,16.87,7521,16127.08,71644.25,71265.95,26792,89,22546.97,26168.2,22200.79,25786.6,15980.32,19894.7,-469.2
2026-05-18T14:00:00-05:00,39.38,30.6,19.523,7521,15978.17,73579.83,72738.94,28596,90,22934,25952.9,21954.02,26560,15775.46,20861.57,-175.59
2026-05-18T15:00:00-05:00,39.02,30.237,19.872,7521,15948.17,75174,73485.54,30296,91,22922.62,25078.9,21903.57,27689.3,16047.75,21969.82,-69.72
2026-05-18T16:00:00-05:00,38.63,39.543,24.665,7494.67,15957.58,76309.58,73588.62,31940,90,21844.08,23460.9,22449.34,28592.7,16202.69,23250.81,-298.86
2026-05-18T17:00:00-05:00,35.14,38.1,27.677,7448,15932.33,76494.17,72778.29,33752,89,19402.69,20651.4,23345.86,29375.9,15911.18,24234.08,-24.03
2026-05-18T18:00:00-05:00,37.84,45.825,42.945,7433,16269,75217.58,71572.15,36916,88,14728.4,16220.3,23709.9,30025.1,14268.63,25336.01,1456.32
2026-05-18T19:00:00-05:00,40.61,47.29,48.533,7433,16281.83,73231.75,69374.69,41623,86,5907.09,7452.4,25828.62,29778.4,11845.73,27192.53,3946.46
2026-05-18T20:00:00-05:00,38.73,64.363,67.958,7445.5,16184,71838.25,67653.78,43294,84,434.04,453.5,28133.8,29718.4,9230.7,27502.88,5040.71
2026-05-18T21:00:00-05:00,34.91,64.697,65.702,7583,15682.83,69895.25,66155.67,41788,83,0.59,0,28308.14,29788.8,8242.26,28118.64,2541.74
2026-05-18T22:00:00-05:00,35.25,32.5,32.252,7583,15553.5,66659.83,63021.65,38404,81,0.13,0,28453.83,29633.2,8476.13,26634.87,771.97
2026-05-18T23:00:00-05:00,28.16,25.127,25.222,7583,15431.75,63158.58,59612.64,34917,80,0.17,0,28463.76,29535.6,8770.32,24578.74,-216.69
2026-05-19T00:00:00-05:00,21.18,24.392,24.28,7583,15168.17,59950.5,57033.43,32074,80,0.21,0,27971.05,28923.2,9735.44,22771.3,-913.91
2026-05-19T01:00:00-05:00,20.2,24.242,24.195,7583,15424.83,57562.42,54602.27,30456,79,0.16,0,27226.19,27794.5,10933.3,22374.84,-1798.44
2026-05-19T02:00:00-05:00,20.54,24.76,24.867,7583,15400.67,55814.08,52777.95,30744,79,0.24,0,25083.77,26165,12167.05,22745.06,-2191.56
2026-05-19T03:00:00-05:00,20.75,25.877,25.915,7583,15397.33,54569.08,51659.47,32450,77,0.23,0,22137.09,24723.6,12610.7,23029.36,-995.71
2026-05-19T04:00:00-05:00,22.71,30.625,30.747,7583,15495.83,54435.08,51718.54,34132,76,0.16,0,20300.67,22888.5,11963.38,23629.74,-208.18
2026-05-19T05:00:00-05:00,26.07,34.323,34.148,7586.75,15532.83,55256,52603.11,36911,75,0.17,0,18278.66,21391.9,10860.58,24383.95,1514.3
2026-05-19T06:00:00-05:00,28.86,40.417,40.285,7643.92,15498.33,56738.33,54933.11,39328,75,49.79,118.6,17261.07,20219.1,8742.11,25007.29,3247.63
2026-05-19T07:00:00-05:00,27.44,53.68,53.07,7769.42,15612.83,57033.75,55885.47,38964,75,1921.15,3634,16128.8,19296.9,6575.05,25402.79,2296.67
2026-05-19T08:00:00-05:00,20.75,32.67,31.957,7974,15969.83,58104,57508.74,33342,76,7923.36,12372.2,16740.59,19650.8,8133.05,24607.74,-2340.27
2026-05-19T09:00:00-05:00,25.11,26.655,23.43,7996.5,16157.17,59479.25,59744.86,26933,78,14521.03,17052.9,17987.7,19673.5,13058.08,23025.78,-6300.04
2026-05-19T10:00:00-05:00,32.04,25.338,17.953,8244,16208.17,61182.25,62058.85,24738,80,17459.53,19385,18800.28,18811.3,16946.79,21526.66,-5931.06
2026-05-19T11:00:00-05:00,39.29,33.46,16.983,8244,16394,63914,64147.27,26061,83,19126.8,21484,18510.54,17667.3,16726.43,21052.31,-3612.9
2026-05-19T12:00:00-05:00,41.01,37.29,18.422,8177.33,16400.67,66994.83,66061.41,28624,84,21455.18,23078.8,16688.41,16574.2,15985.46,21541.97,-1178.19
2026-05-19T13:00:00-05:00,38.37,37.238,20.745,7943,16333.92,68842,67799.94,30617,84,21405.5,22328.8,16747.51,15109.1,15603.78,22443.91,-518.6
2026-05-19T14:00:00-05:00,37.98,35.227,22.215,7787,16701,69351,68748.34,31599,83,21803.72,21821.5,15978.55,14470.7,14979.03,23621.96,-682.98
2026-05-19T15:00:00-05:00,39.41,45.773,29.827,7761.58,16229.17,69223.08,69117.32,34221,83,20192.98,20610.8,14856.12,14527.4,14490.31,25546,-192.73
2026-05-19T16:00:00-05:00,39.84,40.375,25.61,7474.17,16013.83,69060.67,68828.93,35205,82,18939.76,17885.7,14976.3,14315.5,14711.92,26651.17,-620.8
2026-05-19T17:00:00-05:00,34.97,46.235,36.767,7433,15826.17,68451.83,67800.85,38217,80,16568.59,14851,13796.82,14767,14684.91,28427.07,115.7
2026-05-19T18:00:00-05:00,37.27,66.72,64.613,7433,15735.83,66330.33,65860.93,44301,79,9031.57,10782.7,13155.55,15507.6,13439.15,31841,1510.04
2026-05-19T19:00:00-05:00,43.17,71.965,71.798,7433,15323.5,64274.67,63740.72,47390,77,4006.61,4228.5,12986.57,15038.5,12884.33,33364.21,2894.98
2026-05-19T20:00:00-05:00,48.22,60.062,60.02,7433,15032.33,63168.58,62541.67,50310,75,375.72,290.2,12561.97,14573.3,10996.44,33710.37,5259.95
2026-05-19T21:00:00-05:00,53.54,44.81,44.865,7433,14914,61190.17,61384.84,49472,72,0.09,0,11903.79,14606,10366.25,33171.22,4679.71
2026-05-19T22:00:00-05:00,46.97,36.87,36.875,7433,14924,56656,58496.41,45311,69,0.13,0,11718.09,13913.8,10198.27,32075.89,1862.27
2026-05-19T23:00:00-05:00,38.31,28.938,28.94,7356.33,14846.67,52420.09,55314.4,41137,68,0.13,0,11354.05,13230.6,10065.72,30090.15,-679.29
2026-05-20T00:00:00-05:00,32.38,25.088,25.108,6909,14620.17,49183.42,53642.46,36532,67,0.11,0,12757.61,12763.9,11471.92,27615.27,-1637.07
2026-05-20T01:00:00-05:00,28.03,24.275,24.32,6909,14415.5,47083.08,51149.07,34366,67,0.11,0,12843.28,11888.3,13095.96,26921.2,-2633.99
2026-05-20T02:00:00-05:00,28.53,23.918,23.928,6909,14403,45784.33,49358.53,33713,66,0.1,0,12174.96,11249.9,14368.05,26463.34,-2449.73
2026-05-20T03:00:00-05:00,27.75,23.643,23.643,6909,14528,45055.5,48267.75,33723,66,0.1,0,11395.62,10462.9,15405.32,26156.83,-1920.23
2026-05-20T04:00:00-05:00,27.76,23.453,23.453,6909,14580.5,45222.58,48276.35,34172,65,0.12,0,11045.42,9576.5,15308.23,25889.18,-1019.57
2026-05-20T05:00:00-05:00,27.95,23.107,23.188,6912.75,14784.92,46541.83,48992.84,34724,65,0.11,0,11741.34,8860.5,15590.15,25990.15,-422.38
2026-05-20T06:00:00-05:00,32.98,23.325,23.717,6966.33,14792.17,48735.83,51355.57,36017,65,32.93,98.8,12582.19,8298.3,14832.34,26812.14,-243.21
2026-05-20T07:00:00-05:00,32.07,21.09,21.58,7127.42,14858.5,49634.33,52319.28,35887,66,1396.44,2132.5,12298.11,8012.6,14220,26613.51,197.55
2026-05-20T08:00:00-05:00,34.51,17.828,18.295,7216.17,15222.83,50294.08,53623.93,33482,68,4992.69,6202.5,11765.2,7807.8,14502.6,25650.88,-740.7
2026-05-20T09:00:00-05:00,29.54,15.523,15.912,7252,15265.17,51325.58,55625.51,31046,69,8718.52,9572.6,11419.9,7446.3,15288.74,24274.06,-1489.08
2026-05-20T10:00:00-05:00,26.82,14.313,14.472,7252,15046.42,52366.83,57656,28298,71,13481.7,12976.4,10444.97,6891.7,16334.38,22741.54,-2527.29
2026-05-20T11:00:00-05:00,27.1,13.742,14.378,7252,14959.67,53595.92,59587.64,27464,73,17673.44,15686.3,8315.27,6416.3,16796.81,22271.84,-2630.81
2026-05-20T12:00:00-05:00,25.84,12.08,12.155,7153.33,14866.17,54737.58,61593.26,26061,74,21003.36,18022.7,7504.86,5892.3,17527.67,21161.12,-2892.65
2026-05-20T13:00:00-05:00,24.96,15.253,15.253,7104,14875.33,56368.75,63589.44,28594,76,22738.67,19856.4,4901.25,5366.9,16930.16,23154.55,-2053.99
2026-05-20T14:00:00-05:00,27.66,19.198,19.198,7104,15020.17,58290.5,65300.84,32732,77,21735.17,19761.2,3681.78,5272.1,15946.78,25306.89,-411.24
2026-05-20T15:00:00-05:00,32.25,19.485,19.485,7079,15669.67,60515.75,66766.13,34125,79,20043.76,18789.3,6170.07,5551.4,15799.18,25836.44,-155.67
2026-05-20T16:00:00-05:00,34.86,22.445,22.365,6954,15615.5,62928.42,67792.09,35107,80,19588.66,17704.9,8034.33,6092.2,15648.52,26923.97,-238.07
2026-05-20T17:00:00-05:00,39.82,34.865,34.472,6954,15497.42,64061.75,67778.15,39351,79,16304.41,14577.5,8400.83,6830.4,15585.1,29974.07,-20.22
2026-05-20T18:00:00-05:00,51.03,41.225,41.225,6954,15519.5,63566.58,66498.16,45451,78,11336.56,10071.6,6883.52,7667.9,15457.58,34128.64,-63.14
2026-05-20T19:00:00-05:00,60.07,45.975,45.975,6954,15377,61639.17,64154.68,51735,76,3119.3,4079.1,6924.77,7377,12546.11,36285.89,3494.58
2026-05-20T20:00:00-05:00,70.2,41.378,41.378,6921.5,15383,60883.67,62760.62,52929,74,89.8,252.1,7868.38,7537.1,11648.33,36296.35,4763.43
2026-05-20T21:00:00-05:00,62.37,35.305,35.305,7059,15389.33,59659.08,61247.82,50485,73,0.06,0,9323.31,7817.9,10954.84,34959.76,3803.67
2026-05-20T22:00:00-05:00,48.66,35.732,35.81,7059,15882,56880.17,58221.14,48185,72,0.07,0,8911.52,8292.5,10173.03,34658.64,1844.87
2026-05-20T23:00:00-05:00,39.62,37.005,37.163,7059,15746,53746.67,54860.57,46609,71,0.09,0,7208.63,8410.4,9470.54,34091.54,845.71
2026-05-21T00:00:00-05:00,34.74,32.783,32.932,7059,15763,50517.58,50545.82,43944,71,0.07,0,6761.37,7807.6,9574.05,32449.92,-6.76
2026-05-21T01:00:00-05:00,30.76,32.548,32.762,7059,15780,48627.83,48363.68,42034,71,0.09,0,6717.1,7102.6,9695.64,30844.5,-143.09
2026-05-21T02:00:00-05:00,28.85,29.355,29.705,7059,15772.25,47381.67,46897.22,40715,70,0.07,0,6729.51,6343.3,10537.46,30296.64,-689.87
2026-05-21T03:00:00-05:00,29.88,35.387,35.653,7059,15890.17,46675.42,46026.57,40314,70,0.09,0,6410.53,5719,11346.69,30638.7,-1169.83
2026-05-21T04:00:00-05:00,29.68,33.967,34.742,7059,16115,46818.33,46133.63,40573,70,0.08,0,6210.47,5124.3,12249.01,30794.67,-933.48
2026-05-21T05:00:00-05:00,31.18,38,38.867,7081.08,16130.5,47996.08,47974.06,41616,69,0.14,0,6284.89,4756.6,11882.21,30947.32,-12.92
2026-05-21T06:00:00-05:00,36.93,44.06,44.115,7335,15970.17,49907.08,50358.92,44562,69,54.66,60.7,5166.4,4390.1,10204.67,32145.63,1586.75
2026-05-21T07:00:00-05:00,39.16,43.038,43.038,7350,16105,50844.08,51526.14,45439,69,971.46,1644.1,4419.02,3924.9,8260.89,32376.9,2040.63
2026-05-21T08:00:00-05:00,33.59,43.943,43.943,7027,16440.5,51501.17,52955.11,44583,70,2977.93,5446.6,3904.44,3538.7,7377.48,32090.62,1535.16
2026-05-21T09:00:00-05:00,27.5,58.557,58.557,6843.33,16435.5,51911.08,54698.31,43101,71,6125.61,8280.8,2590.83,3402.9,6826.99,32085.76,-99.84
2026-05-21T10:00:00-05:00,26.58,37.422,37.425,6805,16458.5,53203.08,56221.33,40747,72,9136.5,10848,3167.64,3301.5,7986.22,30838.31,-976.85
2026-05-21T11:00:00-05:00,25.88,35.44,35.44,6794,16168.17,54192,57762.79,38366,74,12540.19,12970.3,3180.01,3232.4,9522.81,29875.05,-2252.04
2026-05-21T12:00:00-05:00,27.1,37.16,37.16,6555,16294.42,55233.58,59371.86,37527,76,14118.48,14481.4,3432.42,3309.9,11629.83,29983.88,-3096.09
2026-05-21T13:00:00-05:00,27.39,36.113,36.113,6555,16557.17,56499,60960.63,37127,77,14817.85,15742,4437.27,3545.4,13742.31,30398.12,-4271.21
2026-05-21T14:00:00-05:00,25.63,26.425,26.425,6555,16483.17,57648.67,62069.03,34713,78,16837.2,15863.1,6025.74,4045.8,15614.58,29216.93,-5138.22
2026-05-21T15:00:00-05:00,25.2,20.558,20.558,6555,16312.67,58411.75,62905.27,31970,78,18092.35,15506.7,8323.83,4758.1,17596.88,26720.89,-4036.03
2026-05-21T16:00:00-05:00,26,20.312,20.305,6515,16260.33,59166.75,63332.57,33274,79,17183.2,15031.8,8652.33,5720.4,16877.43,26031.32,-1542.33
2026-05-21T17:00:00-05:00,27.93,27.055,26.865,6480,15866.25,60073.67,62879.47,37092,77,14977.57,13380.3,7991.03,6768.4,15947.33,27920.41,-100.15
2026-05-21T18:00:00-05:00,28.7,30.412,30.412,6480,15853.33,59424.67,61780.91,40591,75,10927.31,10214.3,7973.9,7866.4,15495.11,29732.29,-185.26
2026-05-21T19:00:00-05:00,40.84,33.81,33.81,6480,14948.17,58280.25,59985.8,45687,73,4419.21,4828.9,8288.18,8648.5,13846.34,31929.29,2081.63
2026-05-21T20:00:00-05:00,45.45,38.52,38.233,6492.5,14847,57545.83,59083.71,50138,71,236.53,388.8,7197.62,9449.6,11209.48,33234.7,5138.09
2026-05-21T21:00:00-05:00,46.71,36.043,35.628,6643.33,14784.83,56322.67,58099.54,48975,70,1.31,0,7508.05,10256.6,10673.38,32417.24,5013.2
2026-05-21T22:00:00-05:00,36.51,34.312,33.973,6630,14223.33,53724.92,55640.81,45841,69,0.36,0,8039.27,10517.5,10386.99,32524.48,1710.56
2026-05-21T23:00:00-05:00,31.9,27.185,27.222,6630,14306.83,50845.42,52647.17,42154,69,0.17,0,8929.34,10046.8,11024.99,31011.67,-351.08
2026-05-22T00:00:00-05:00,29.39,23.688,23.688,6630,14370.33,48290.08,49557.48,38487,68,0.19,0,9951.14,8924,12265.13,29003.44,-967.52
2026-05-22T01:00:00-05:00,27.09,21.667,21.667,6630,14382,46519.75,47360.12,35506,68,0.19,0,11118.78,8459.9,13190.82,27758.99,-1764.84
2026-05-22T02:00:00-05:00,27.44,20.398,20.398,6630,13998.5,45377.58,45967.31,34416,68,0.21,0,11036.15,7943,14358.78,26865.17,-1668.47
2026-05-22T03:00:00-05:00,26.81,18.985,18.985,6630,13999,44770.33,45174.5,33994,67,0.22,0,10790.03,7577.7,15030.18,25993.49,-1149.71
2026-05-22T04:00:00-05:00,27.43,22.622,22.622,6630,13999,45014.25,45357.01,35968,67,0.27,0,8987.8,6819.1,14825.67,27576.44,-798.36
2026-05-22T05:00:00-05:00,29.03,23.688,23.688,6633.75,14006.5,46256.92,46749.71,38118,67,0.25,0,8038.58,6097.8,15083.28,28344.06,-65.48
2026-05-22T06:00:00-05:00,35.01,21.782,21.782,6662.5,14124.42,47940.08,48973.52,38683,67,158.52,142.3,9024.15,5495.8,13998.34,27613.24,1697.4
2026-05-22T07:00:00-05:00,31.95,18.317,18.317,6525,14500.67,49396.33,50243.44,35191,69,5534.38,3649.7,8544.03,4589.4,14075.68,25366.6,844.36
2026-05-22T08:00:00-05:00,23.19,14.45,14.45,6381.67,14640.33,51454.58,52135.55,28088,72,16640.46,12539.8,6573.24,3875.1,15496.26,21085.01,-871.16
2026-05-22T09:00:00-05:00,21.29,12.395,12.395,6353,14113.83,54256.42,54284.41,23853,75,24776.7,18524.7,5445.86,3583.3,16583.65,19102.34,-2817.47
2026-05-22T10:00:00-05:00,18.89,13.913,13.42,6353,14120.67,57219,56525.47,23561,78,28322.73,22937.9,5152.57,3175.3,17597.28,19896.49,-3711.14
2026-05-22T11:00:00-05:00,19.59,15.978,14.997,6353,13689.75,60227.25,58743.65,25760,80,29783.69,25869.6,4448.48,2770.8,18046.86,21647.18,-3399.46
2026-05-22T12:00:00-05:00,21.28,20.465,18.248,6353,13367.67,62894.58,61008.5,28678,83,30103.89,27895.8,3908.14,2516.8,16874.36,23044.92,-1976.18
2026-05-22T13:00:00-05:00,24.17,35.293,23.945,6188.5,13400.33,65930.33,63430.71,32880,84,29368.34,28326.2,3463.33,2534.1,15870.88,25239.65,-651.12
2026-05-22T14:00:00-05:00,25.69,32.017,26.06,5809.83,13538.67,68448.75,65600.65,36480,85,28011.79,28133.5,3766.43,3002.9,15381.74,27413.59,-420.05
2026-05-22T15:00:00-05:00,28.68,29.852,26.465,5725.33,13569.92,70437.5,67466.19,38147,86,27351.99,27382.1,4798.02,3773,15652.92,28525.99,-250.69
2026-05-22T16:00:00-05:00,31.27,31.38,26.168,5717,13527.17,71940.25,68885.5,38077,86,26635.25,25468.8,7192.75,5315.5,15710.44,28700.41,-414.61
2026-05-22T17:00:00-05:00,28.01,28.058,24.332,5687,13213.67,72135.5,69058.69,37826,86,23699.89,22052.2,10658.94,7336.7,16102.98,28797.29,-761.24
2026-05-22T18:00:00-05:00,37.51,28.392,27.94,5672,13291.17,70757.83,67642.79,39412,84,17741.4,16192.4,13774.09,9352,15835.81,29377.44,195.29
2026-05-22T19:00:00-05:00,43.82,36.455,36.44,5672,13187.17,68279.67,65017.05,47009,82,6378.52,6505.2,15078.61,11296.2,12538.61,32097.99,3732.18
2026-05-22T20:00:00-05:00,47.99,33.378,33.403,5684.5,13134.17,65976.25,63316.89,49852,79,359.88,400.7,15897.38,13066.2,10350.7,32335.38,6023.55
2026-05-22T21:00:00-05:00,43.38,35.078,35.103,5835.33,13156.33,63940.5,61796.88,48560,78,1.74,0,15544.95,13991.7,9249.16,31918.7,5055.54
2026-05-22T22:00:00-05:00,38.13,37.457,37.508,5848.67,13101.75,60831.33,59039.43,46205,76,1.35,0,14834.42,14376.9,7910.38,32399.38,2101.57
2026-05-22T23:00:00-05:00,31.1,24.248,24.248,5822,13107.42,57338.08,55903.01,41025,75,1.28,0,16555.63,14407.7,9504.9,30293.35,-385.26
2026-05-23T00:00:00-05:00,24.31,30.073,30.203,5822,12918.33,54208.25,50784.78,41236,74,1.32,0,13134.71,13674.2,8731.63,29817.96,481.17
2026-05-23T01:00:00-05:00,23.31,29.89,30.075,5822,13152.17,51606.83,48347.32,41145,73,1.31,0,10607.2,12498.4,8316.71,29842.63,-65.86
2026-05-23T02:00:00-05:00,23.47,31.417,31.64,5822,13093,49575.83,46530.2,41175,70,1.36,0,8530.13,11682.1,8501.75,30074.68,-417.87
2026-05-23T03:00:00-05:00,23.2,30.85,31.147,5822,13238.5,47937.5,45203.63,41294,69,1.39,0,6743.19,11211.6,8638.71,30014.49,-267.33
2026-05-23T04:00:00-05:00,22.81,24.39,24.545,5822,13586.67,46982.08,44578.42,39448,68,0.48,0,7607.33,10698.5,10057.96,28904.11,-559.75
2026-05-23T05:00:00-05:00,21.87,23.645,23.675,5822,13389.5,46543.83,45199.8,37900,68,0.17,0,8671.29,9907.7,10597.79,27786.49,-115.63
2026-05-23T06:00:00-05:00,23.36,23.04,23.05,5822,13424.83,46101.17,45914.5,38131,67,76.37,150.9,7954.43,9159,10184.96,27773.69,427.45
2026-05-23T07:00:00-05:00,22.14,18.9,18.987,5809.5,13591.17,46390.42,46739.9,34242,68,3997.48,3747.7,8062.9,8115.4,10647,25673.28,-875.21
2026-05-23T08:00:00-05:00,19.94,14.97,14.97,5672,13596.58,48581.42,49164.03,27683,71,14290.31,11385.7,6432.04,7140.8,13080.35,22274.82,-2832.64
2026-05-23T09:00:00-05:00,18.5,15.952,15.952,5672,14709.5,51336.25,51733.8,25795,73,20568.36,16302.1,4804.28,6674.6,15346.85,22360.11,-4230.4
2026-05-23T10:00:00-05:00,18.33,16.298,16.298,5672,15251.67,53786.67,53960.9,25805,75,23439.56,18650.6,4406.61,6266.6,17356.48,22323.89,-4307.69
2026-05-23T11:00:00-05:00,18.23,14.888,14.525,5672,15252.5,55896.42,55939.56,25347,77,24726.99,21452.9,5700.19,6022.4,17823.67,21150.67,-3346.5
2026-05-23T12:00:00-05:00,17.67,17.928,15.915,5672,15083.75,57512.83,57724.08,26982,79,24782.25,23205.8,5675.68,5678.4,17328.34,21693.67,-1909.43
2026-05-23T13:00:00-05:00,18.88,22.372,19.865,5672,14880,58291.33,58923.31,31198,80,23000.92,23279,4041.19,5387.8,16622.54,24399.85,-1262.69
2026-05-23T14:00:00-05:00,19.2,21.168,21.032,5672,14563,58649.17,59835.3,33501,81,21691.41,23077,3497.12,5613.7,16111.29,25518.16,-638.92
2026-05-23T15:00:00-05:00,18.93,24.45,24.438,5672,14754.67,59100.92,60365.75,35361,82,20176.38,22076.9,3521.84,6323.1,15656.42,26709.26,-625.88
2026-05-23T16:00:00-05:00,20.41,23.438,23.44,5672,14764.17,59845.08,60729.34,36211,82,19712.66,19436.1,3902.8,7548.3,15829.43,27227.03,-554.85
2026-05-23T17:00:00-05:00,23.92,23.515,23.515,5672,14821.92,60540.25,59800.5,36780,81,19415.51,16129.6,4332.51,8624.6,15373.93,27748.01,8.52
2026-05-23T18:00:00-05:00,30,30.643,30.643,5672,14985.33,60242.67,58223.12,40137,80,14287.56,11602.5,5905.37,9128.3,15160.78,29985.06,42.08
2026-05-23T19:00:00-05:00,32.8,32.95,32.95,5672,14958.17,58963,56668.48,43133,79,6205.66,5637.7,9776.35,9142.5,14130.29,31413.3,845.61
2026-05-23T20:00:00-05:00,37.52,26.835,26.835,5672,15104.67,57841.42,56142.64,44946,76,355.4,417.4,12584.46,9072,12231.16,30748.77,3299.84
2026-05-23T21:00:00-05:00,36.14,22.235,22.235,5672,14989.67,56743.67,55577.57,42056,73,0.12,0,14826.5,9406,13087.87,29194.47,2681.91
2026-05-23T22:00:00-05:00,34.25,22.165,22.165,5672,14686,54290.5,53755.83,39448,72,0.2,0,15024.53,9517.8,12852.83,28590.6,1221.15
2026-05-23T23:00:00-05:00,34.53,19.343,19.343,5672,14346.25,51690.33,51229.61,36901,71,0.12,0,14904.38,8761.2,13376.77,27171.96,119.62
2026-05-24T00:00:00-05:00,29.55,17.935,17.935,5672,14203.17,49220.75,50861.4,34804,70,0.11,0,14578.35,8254.2,13892.8,25540.76,-245.46
2026-05-24T01:00:00-05:00,26.3,15.448,15.448,5672,14267.5,47013.33,48572.06,32239,69,0.13,0,14836.3,7353.8,14896.2,23638.61,-306.16
2026-05-24T02:00:00-05:00,25.32,16.6,16.6,5672,14299,45685.33,46769.38,32317,68,0.2,0,13425.46,6389.7,14720.84,24207.84,-645.5
2026-05-24T03:00:00-05:00,24.67,19.035,19.125,5672,14287.67,44817.17,45518.38,34396,68,0.19,0,10455.68,5384.5,14434.82,25624,-90.69
2026-05-24T04:00:00-05:00,26.43,20.75,20.795,5672,14885,44176.58,44811.67,36278,67,0.1,0,7959.94,4629.7,14091.67,26923.18,81.87
2026-05-24T05:00:00-05:00,24.45,22.128,22.185,5672,15025,43879.33,44825.73,37672,67,0.14,0,6211.35,3760.3,13172.78,27417.15,860.65
2026-05-24T06:00:00-05:00,25.33,22.97,22.97,5672,15060.83,43788.75,45052.76,38198,67,170.3,186.5,5449.18,3091.2,12189.72,27442.3,1501.68
2026-05-24T07:00:00-05:00,21.8,19.133,19.133,5672,15084.17,44760.08,45532.53,34621,69,5482.39,4335.1,4558.43,2488.2,12973.33,25353.6,109.22
2026-05-24T08:00:00-05:00,17.12,13.902,13.922,5672,15132.17,47355.25,47845.89,26131,72,18020.1,13815.5,3023.13,1797.3,14908.66,19255.43,-1306.05
2026-05-24T09:00:00-05:00,15.82,14.34,14.398,5672,15132.5,50536.33,50513.86,23804,76,24729.32,19575.3,1801.52,1555.9,16379.39,19362.98,-3127.29
2026-05-24T10:00:00-05:00,15.57,16.978,16.98,5672,15181.67,53674.5,52927.16,24447,79,27527.35,23625.9,1529.16,1477.9,17781.31,21090.36,-4600.37
2026-05-24T11:00:00-05:00,16.19,16.15,16.15,5672,15292.5,57204.08,55383.96,26200,82,29608.92,26346,1182.25,1419.5,17973.58,20470.42,-2308.98
2026-05-24T12:00:00-05:00,16.31,17.517,17.52,5672,15418.67,60595.67,57814.9,28101,84,31392.51,28328.8,881.2,1521.3,17012.37,21475.97,-1424.38
2026-05-24T13:00:00-05:00,18.1,22.203,21.385,5672,15027.5,63503.25,59840.66,31150,85,31121.37,29050.5,1068.21,1776.8,16065.96,23112.41,-476.73
2026-05-24T14:00:00-05:00,19.01,26.702,24.84,5672,14790.33,65812.17,61709.25,33479,85,30391.99,28947.6,1806.65,2189.9,15661.77,24639.57,-444.62
2026-05-24T15:00:00-05:00,20.38,25.325,23.87,5672,14652,67546.58,63132.07,34893,85,29206.17,28500.5,3361.3,2708.5,15523.16,25838.74,-349.42
2026-05-24T16:00:00-05:00,21.72,25.19,24.305,5672,14648.83,67710.33,64389.5,36288,84,27596.9,27328.5,3891.87,3313.3,15265.74,27138.2,-313.49
2026-05-24T17:00:00-05:00,22.58,27.037,26.977,5672,14422.5,66657.17,64648.62,38607,82,23399.7,24386,4761.38,4108.5,15440.15,28789.32,-135.11
2026-05-24T18:00:00-05:00,30.49,30.095,29.868,5672,14375,64966.08,63584.86,41500,81,18298.19,18202.9,5298.7,5032.3,14909.85,30570.19,23.44
2026-05-24T19:00:00-05:00,49.2,34.468,34.38,5672,14811.5,62732.42,61861.32,47832,79,8299.32,7547.5,6807.33,5504.2,11985.46,31879.75,4480.53
2026-05-24T20:00:00-05:00,52.29,42.06,41.955,5672,15014,60805.5,60726.99,52058,76,580.52,491,8313.55,6384.5,9311.98,33243.97,7403.63
2026-05-24T21:00:00-05:00,44.28,35.135,35.108,5672,14938.33,59077.33,59508.61,48239,74,1.17,0,11022.12,7618.1,9508.08,32723.05,4115.26
2026-05-24T22:00:00-05:00,39.3,37.177,37.177,5672,14815,56451.92,56937.67,45950,73,1.22,0,10660.88,8355.9,7961.85,32680.42,2052.8
2026-05-24T23:00:00-05:00,30.56,29.63,29.63,5679,14895.83,53378.75,53720.73,42973,72,1.24,0,10525.88,8545.7,8166.59,31782.08,-48.21
2026-05-25T00:00:00-05:00,24.32,27.463,27.463,5756,14897.5,50592.92,52332.27,41265,71,1.26,0,9425.03,11151.3,7991.51,30402.08,-15.78
2026-05-25T01:00:00-05:00,22.05,26.415,26.415,5756,14979.33,48361.25,49882.67,40079,70,1.25,0,8395.95,10158.8,8384.96,29374.88,-284.92
2026-05-25T02:00:00-05:00,21.11,26.75,26.75,5756,14976,46745.83,47672.48,39560,70,1.32,0,7285.39,9057.5,8527.66,28926.54,-309.92
2026-05-25T03:00:00-05:00,21.61,25.268,25.268,5756,14790.33,45680.92,46155.66,39064,69,1.31,0,6678.88,8189.7,8865.43,28593.29,-191.48
2026-05-25T04:00:00-05:00,22.21,25.885,25.885,5756,14958.5,45444.17,45554.47,39224,68,1.34,0,6239.16,7351.6,8819.79,28801.56,-71.19
2026-05-25T05:00:00-05:00,25.3,26.863,26.863,5759.75,15056,45786.5,46400.48,40234,68,1.39,0,5511.41,6343.5,8346.92,29160.31,298.4
2026-05-25T06:00:00-05:00,26.11,26.043,26.043,5801,15056,45867.17,46405.26,40365,67,296.52,302.3,5244.63,5494.3,8115.72,29166.98,420.32
2026-05-25T07:00:00-05:00,20,18.205,18.205,5801,15057.75,46656.17,46800.87,33857,71,8180.57,7342.2,4510.35,4695.3,9551.89,24958.22,-975.74
2026-05-25T08:00:00-05:00,13.93,15.145,15.145,5801,15077.08,49420.42,49394.04,23943,75,22352.21,22358.4,2920.6,3876.9,12822.06,19461.67,-3699.61
2026-05-25T09:00:00-05:00,13.43,17.105,17.108,5801,15103.08,52814.08,53383.11,22027,78,27870.28,28954.7,2691.35,3569.5,15706.62,19875.73,-5643.27
2026-05-25T10:00:00-05:00,15.24,18.102,18.102,5801,15167.5,56767.67,57807.79,23071,80,30297.64,30452.4,3169.36,3566.4,16977.64,20205.17,-5291.69
2026-05-25T11:00:00-05:00,17.2,22.357,22.357,5801,15683.17,60630.17,61933.51,27587,83,29728.73,31880.4,3066.02,3624.8,16395.26,21785.59,-2584.23
2026-05-25T12:00:00-05:00,19.96,26.855,26.87,5801,15674.67,64008.75,64652.69,31611,84,29194.37,32712.8,2997.95,3901.2,15359.56,23136.13,-670.16
2026-05-25T13:00:00-05:00,23.34,35.783,34.842,5801,15712.83,66828.08,67041.11,34941,84,28564.05,31094.8,3181.82,4429.7,14525.66,25073.85,-22.47
2026-05-25T14:00:00-05:00,27.65,32.323,32.19,5801,15013.17,68829.08,69701.03,36440,84,28446.55,30807.3,3860.53,5205.7,14630.31,26883.42,-453.78
2026-05-25T15:00:00-05:00,29.01,33.777,33.325,5801,14928.17,69700.67,71923.97,37174,83,27518.88,30349.4,4996.7,6256.7,14664.37,27771.76,-853.16
2026-05-25T16:00:00-05:00,27.65,31.78,30.865,5786,14906.33,69639.17,72627.21,37419,81,25975.57,29378.4,6284.75,7592.8,14900.98,27997.44,-1077.42
2026-05-25T17:00:00-05:00,26.06,25.163,24.36,5756,14863.58,69118.5,72561.29,37288,80,24287.63,26897.2,7608.22,8966.8,15455.78,28038.63,-1146.04
2026-05-25T18:00:00-05:00,28.07,28.048,27.96,5756,14868.67,67349.25,70820.76,39788,79,18728.7,20461.7,8990.29,10163,15536.46,29608.97,-169.2
2026-05-25T19:00:00-05:00,45.22,35.898,35.725,5756,15023.5,65068.75,67728.4,47518,77,7193.57,7807,10511.88,10762.5,12204.09,31988.33,4397.74
2026-05-25T20:00:00-05:00,49.87,39.84,39.735,5756,15605,63362.25,65318.48,50783,74,359.14,491.6,12315.47,11930.2,9433.47,32406.4,7310.74
2026-05-25T21:00:00-05:00,37.24,44.722,44.608,5756,15587.08,61238.25,62314.88,49101,73,1.19,0,12322.12,13490.7,7781.27,32655.88,5419.75
2026-05-25T22:00:00-05:00,30.74,42.602,42.537,5229,16212,57681.92,58927.88,45036,72,1.22,0,12899.67,14816.6,7256.26,32518.61,1376.88
2026-05-25T23:00:00-05:00,25.33,28.633,28.633,5229,16268,54102.75,54940.4,41260,71,1.21,0,13078.14,15222.9,7542.77,30584.64,-330.32
2026-05-26T00:00:00-05:00,26.99,25.785,25.785,5229,16727.75,51128.92,51524.7,38891,70,1.28,0,12445.69,13452,7857.66,28498.74,-335.84
2026-05-26T01:00:00-05:00,23.77,25.01,25.052,5229,16630.67,48866.5,48967.37,37654,69,1.26,0,11387.12,12618.5,8790.25,27898.66,-1073.57
2026-05-26T02:00:00-05:00,23.97,25.312,25.325,5229,16760.67,47193.08,47159.64,36860,69,1.28,0,10444.55,11424.9,10178.54,27875.16,-1779.98
2026-05-26T03:00:00-05:00,23.92,21.018,21.108,5229,16987.17,46274.75,46520.98,35697,68,1.28,0,10637.43,10469.6,11766.4,26391.47,-995.02
2026-05-26T04:00:00-05:00,24.41,21.515,21.557,5247.33,16992.08,46410.83,46617.19,35754,68,1.33,0,10619.84,9439.1,11811.38,26152.95,-207.42
2026-05-26T05:00:00-05:00,28.23,27.923,27.923,5452.42,17553.5,47659.92,48404.5,38607,68,1.34,0,8902,8210.5,10579.56,27694.76,746.52
2026-05-26T06:00:00-05:00,23.79,30.305,30.335,5506.67,17400.25,49195.25,49790.73,40898,67,298.62,255.9,7886.63,7316.1,8639.05,28617.63,1452.35
2026-05-26T07:00:00-05:00,21.9,21.767,21.918,5653.33,17544.42,50850.08,50921.34,36879,70,5634.43,5348.6,8197.82,6454.9,9353.41,26670.85,-218.91
2026-05-26T08:00:00-05:00,17.04,19.507,19.86,5338.17,17566.17,52876.5,53071.67,31925,73,13425.24,14820.5,7365.85,5826.6,10694.38,24767.69,-1514.86
2026-05-26T09:00:00-05:00,17.04,19.007,18.533,5177.67,17807.33,55239.92,55422.61,27610,75,19439.87,19956.9,8006.59,6059.7,13372.58,23710.05,-4277.36
2026-05-26T10:00:00-05:00,17.47,20.835,18.632,5161,17787.67,57771.08,58085.54,26448,77,21333.81,22148.2,9777.93,6713.4,15784.77,23564.81,-5106.84
2026-05-26T11:00:00-05:00,18.49,22.35,18.238,5126,17298.5,61131.67,60895.09,27072,79,21542.61,24104,12305.31,7380.6,16654.18,22914.57,-3895.04
2026-05-26T12:00:00-05:00,22.31,34.872,20.253,5091,17402.5,64286.42,63852.54,29105,81,22390.16,25429.7,12592.12,8113.2,16279.52,23754.68,-2694.7
2026-05-26T13:00:00-05:00,26.25,37.975,20.07,5091,17228.58,66713.25,66362.97,30102,82,23129.97,25061.2,13140.13,9156,16904.02,23503.12,-2173.17
2026-05-26T14:00:00-05:00,28.66,43.202,17.94,5091,17305.17,68534.92,68664.64,30734,82,23876.87,24691.4,13778.63,10547,16703.87,22579.7,-896.39
2026-05-26T15:00:00-05:00,30.73,60.065,27.622,5091,17145.67,69117.92,70333.13,35256,82,22297.73,23540.2,11497.92,11613.9,15552.43,25834.42,-165.22
2026-05-26T16:00:00-05:00,32,52.54,28.418,5091,16836,70060.33,70878.49,37322,82,21148.22,21619.4,11535.89,12236.6,15819.02,27629.98,-539.63
2026-05-26T17:00:00-05:00,31.85,54.898,32.488,5091,16646,70255.08,70431.96,39014,82,19429.07,18397.5,11817.75,12684,15814.8,28930.92,-224.19
2026-05-26T18:00:00-05:00,34.71,92.89,70.175,5056.83,16646.17,68638,68910.38,46554,81,12669.27,12761,9538.37,12263.7,13232.56,33392.86,2159.68
2026-05-26T19:00:00-05:00,47.6,122.097,118.915,5058.33,16693.17,65764.75,66625.87,53604,79,3780.43,4329.5,8587.25,11036.5,10327.26,35998.61,5693.73
2026-05-26T20:00:00-05:00,57.71,129.698,132.392,5150,16892.83,63137.67,63889.2,55855,76,237.07,321.2,7152.91,10602.9,9112.04,36595.07,6546.49
2026-05-26T21:00:00-05:00,62.09,129.863,131.193,5150,17021,60500.5,62194.4,54191,72,1.34,0,6536.19,10463.8,7140.38,36998.64,4319.66
2026-05-26T22:00:00-05:00,57.94,159.81,160.693,5150,17116.83,56741.67,60022.63,50459,69,1.27,0,6533.49,10308.8,6012.69,36802.03,853.22
2026-05-26T23:00:00-05:00,46.4,75.842,79.58,5165.83,17347.83,53721.67,56890.72,47524,68,1.27,0,6385.39,10126.4,6137.72,35313.34,-371.27
2026-05-27T00:00:00-05:00,40.15,58.855,62.935,5340,17891.67,51013.08,53339.63,45051,68,1.17,0,6174,9228.3,6099.98,32888.85,11.53
2026-05-27T01:00:00-05:00,34.85,52.838,53.712,5340,18554,48976.58,50664.58,43337,67,1.08,0,5716.5,8292.5,6454.29,32399.73,-949.3
2026-05-27T02:00:00-05:00,32.54,38.54,39.53,5340,18567,47527.92,48699.21,41859,66,1.4,0,5831.59,7288.8,7697.85,31469.67,-1460.74
2026-05-27T03:00:00-05:00,34.06,35.038,38.32,5340,18605.33,45944.5,47678.33,40613,65,1.53,0,5448.77,6599,8971.5,30500.52,-1602.91
2026-05-27T04:00:00-05:00,35.77,38.755,42.715,5331.67,18841.67,45578.75,47633.22,41201,65,1.59,0,4390.13,5839.3,9721.64,30398.32,-963.63
2026-05-27T05:00:00-05:00,38.61,43.807,49.732,5244.17,19039.83,46383.25,49193.87,42262,65,1.6,0,4037.87,5073.7,9722.78,30427.4,131.88
2026-05-27T06:00:00-05:00,39.14,51.465,56.665,5291.58,19049.58,47900.25,50813.42,43693,65,41.55,142,4019.16,4559.7,7936.97,30841.41,1661.33
2026-05-27T07:00:00-05:00,39.64,34.363,35.247,5309,19087.17,49141.5,52052.89,41942,66,2088.25,2905.3,5024,4055.1,7703.18,30651.16,538.11
2026-05-27T08:00:00-05:00,34.7,26.808,26.838,5300.67,19387.5,50544.17,53749.05,37097,68,8078.18,8703.2,5281.74,3626.6,8349.84,28278.43,-845.88
2026-05-27T09:00:00-05:00,27.89,24.815,25.022,5259,19776.58,51839.33,55793.07,33656,70,12983.01,12799.4,5101.16,3545.2,9522.09,26999.48,-1958.07
2026-05-27T10:00:00-05:00,24.2,23.955,24.54,5259,20203.67,53270.25,57758.81,31638,72,16658.13,15911.4,4884.44,3466.2,10778.34,25941.54,-2636.07
2026-05-27T11:00:00-05:00,21.72,31.105,31.368,5259,20513.58,54288.33,59599.97,31450,74,19436.05,18539,3337.5,3378.5,12130.4,26886.1,-3808.93
2026-05-27T12:00:00-05:00,22.27,27.19,27.055,5259,20270.83,55309.25,61402.55,31717,75,22090.81,20483.8,1407.13,3363.9,13878.67,27355.13,-4514.8
2026-05-27T13:00:00-05:00,22.98,23.895,23.957,5259,20107.67,56410.25,63162.58,30774,77,24048.74,22320.5,1472.29,3479.9,15336.44,26691.84,-4403
2026-05-27T14:00:00-05:00,23.54,23.923,23.923,5259,19976,57731.83,64492.33,31964,78,24146.86,22138.5,1505.12,3769.5,15303.56,26624.89,-2672.14
2026-05-27T15:00:00-05:00,26.2,23.963,23.963,5259,19909.5,59433.92,65412.25,34290,80,23968.59,21399,1031.08,4012.2,14889.09,27053.32,-981.63
2026-05-27T16:00:00-05:00,28.22,28.8,28.8,5259,19443.08,60902.75,66072.58,36585,80,23219.77,20806.8,972.02,4280,14267.45,28496.43,-278.92
2026-05-27T17:00:00-05:00,27.53,31.885,31.885,5257.42,19377.67,61679.75,65948.14,38506,80,22094.95,18150.3,1030.25,4744.4,14742.02,30209.85,-246.05
2026-05-27T18:00:00-05:00,35.74,44.853,44.853,5240,18270.58,61425,65201.83,42554,80,17517.92,13732.3,1421.71,5293.7,14390.37,33176.63,346.32
2026-05-27T19:00:00-05:00,54.15,65.567,65.567,5248.33,18255.67,60282.42,63484.69,49903,77,8107.28,6837.2,2372.85,5712.2,12648.05,37322.85,3355.21
2026-05-27T20:00:00-05:00,63.33,62.688,62.688,5340,18834.83,59145,61831.9,54776,75,840.82,521.1,3577.92,6384.9,10035.45,37846.62,6939.68
2026-05-27T21:00:00-05:00,56.11,42.627,42.627,5340,19015.33,58388.25,60713.46,52753,73,171.82,0,5575.06,7316.4,10535.59,37610.33,4819.41
2026-05-27T22:00:00-05:00,47.25,36.355,36.355,5340,19554,55370.08,58198.19,47637,72,6.45,0,7980.33,8085,10299.12,35898.19,1317.44
2026-05-27T23:00:00-05:00,35.16,28.693,28.693,5340,19439.42,52179,54926.89,43037,71,1.22,0,9269.03,8323,10677.87,33381.62,-473.89
2026-05-28T00:00:00-05:00,35.22,25.213,25.213,5340,19318,49417,51292.02,39292,69,1.28,0,10297.04,8995.2,11193.05,30490.18,-873.12
2026-05-28T01:00:00-05:00,30.35,25.138,25.138,5340,19331.67,47534,48884.93,37559,69,1.18,0,10078.48,8800.4,11774.11,29247.43,-1294.19
2026-05-28T02:00:00-05:00,28.6,23.802,23.802,5340,19439.5,46096.42,47261.43,36458,68,1.11,0,9706.19,8368.5,12196.34,28047.93,-969.49
2026-05-28T03:00:00-05:00,28.06,24.81,24.81,5340,19518.17,45291.5,46301.32,36302,67,1.15,0,9024.78,7693.5,12783.4,28230.7,-1361.74
2026-05-28T04:00:00-05:00,29.4,23.845,23.845,5331.67,19505,45129.25,46275.4,36800,67,0.98,0,8300.67,6829.9,13280.12,27795.26,-295.47
2026-05-28T05:00:00-05:00,35.01,28.695,28.695,5240,19320.67,46314.58,47886.41,39119,66,1.23,0,7093.34,5892.1,12521.42,29131.12,497.02
2026-05-28T06:00:00-05:00,36.98,33.082,33.082,5240,19439.33,47872.75,49572.51,41782,66,160.63,277.4,5834.61,4841.9,10168.75,30246.6,2005.86
2026-05-28T07:00:00-05:00,28.37,25.55,25.55,5248.17,19764.25,49245.08,51084.43,37084,69,7250.62,6283.1,4752.94,3762.4,10890.51,28585.67,-693.56
2026-05-28T08:00:00-05:00,20.46,18.53,18.53,5392.33,19116.92,51355.83,53436.27,27312,72,20672.94,18025.5,3242.37,2773.9,13975.68,25017.54,-5543.94
2026-05-28T09:00:00-05:00,21.58,16.232,16.227,5394,19066.83,53823.92,56143.99,23021,76,28007.26,23620.6,2626.21,2150.6,17020.71,22034.56,-6268.08
2026-05-28T10:00:00-05:00,23.79,13.872,13.712,5392.33,19097.83,56665.58,58947.29,22770,79,31388.1,27111,2303.36,1751.7,17326.06,19776.63,-4109.74
2026-05-28T11:00:00-05:00,28.3,14.253,13.315,5384,18859.08,59854.58,62026.97,25424,82,32333.02,29139.6,1886.54,1493.4,16489.16,19749.26,-1141.05
2026-05-28T12:00:00-05:00,31.46,19.742,20.225,5384,18714,63254.75,64909.01,29430,84,31792.74,30308.4,1840.9,1448.4,15442.33,22765.19,-86.67
2026-05-28T13:00:00-05:00,37.99,40.548,33.953,5384,18462.5,66329.17,67830.99,32900,86,31221.28,30417.2,2044.44,1702.8,14508.57,25274.09,141.7
2026-05-28T14:00:00-05:00,42.16,54.15,41.835,5384,18153.67,69024.25,70248.59,35399,87,31323.39,30111.4,2149.85,2195.6,14590.21,27641.61,-508.26
2026-05-28T15:00:00-05:00,48.24,50.16,38.04,5365,17993,71620.33,72128.98,38059,88,31035.44,29591.4,2397.15,2779.9,14539.61,29264.18,-472.76
2026-05-28T16:00:00-05:00,52.1,45.435,37.578,5198.33,18133,73088.33,73311.08,40082,88,29710.83,28314.1,3251.92,3640.1,14790.05,31109.2,-408.91
2026-05-28T17:00:00-05:00,45.76,38.76,36.448,5165,18167.42,73380.58,73490.81,42952,87,26352.27,25530,4106.45,4873.7,15005.81,34084.23,-869.01
2026-05-28T18:00:00-05:00,66.36,73.902,72.925,5165,18020.08,71532.42,72531.22,47834,86,18802,19023.7,5073.36,6177.3,14472.99,37585.67,293.75
2026-05-28T19:00:00-05:00,111.17,71.818,70.823,5173.33,18269.5,69144.25,70365.53,54416,84,7904.81,7305.5,6992.5,7294.3,11739.74,39131.73,4887.48
2026-05-28T20:00:00-05:00,104.39,62.753,62.342,5249.17,18213.08,66756.42,67705.44,57201,80,641.18,508,9007.65,8564.6,9785.26,39329.81,7314.53
2026-05-28T21:00:00-05:00,78.12,36.293,36.293,5090.83,17640,64967.5,65856.2,52492,79,1.18,0,12672.23,10209.2,9638.78,37157.95,4625.19
2026-05-28T22:00:00-05:00,63.47,33.378,33.378,5094,17668.5,61740.67,62548.62,46557,77,1.18,0,15426.53,11727.2,9102.85,34680.61,1311.92
2026-05-28T23:00:00-05:00,36.27,24.88,24.735,5027.33,17826.08,57964,58544.06,41158,76,1.34,0,17063.46,12593.2,9461.56,31743.63,-268.73
2026-05-29T00:00:00-05:00,30.8,21.84,21.727,4294,17428,54458.08,54246.57,36901,75,1.28,0,17770.82,15492.5,9663.16,28713.72,-380.14
2026-05-29T01:00:00-05:00,24.14,20.973,20.883,4294,17283,51848.25,51350.31,34118,75,1.23,0,17845.18,15756.2,10286.83,26785.24,-979.22
2026-05-29T02:00:00-05:00,22.69,21.108,20.957,4294,17327.17,50102.5,49263.9,33101,74,1.29,0,17090.54,15503.4,11415.75,26135.27,-1359.81
2026-05-29T03:00:00-05:00,23.01,20.547,20.547,4294,17314.33,48989.75,48217.47,33377,73,1.25,0,15690.54,14913.6,12160.1,25841.08,-616.9
2026-05-29T04:00:00-05:00,23.65,23.617,23.617,4285.67,17244,48831.33,47974.98,35509,73,1.17,0,13275.64,14032.9,11504.28,27056.45,124.94
2026-05-29T05:00:00-05:00,24.46,32.025,25.663,4225.5,17308.17,49742.25,49262.71,38693,72,1.18,0,10959.29,12934.2,9855.33,28340.28,1031.17
2026-05-29T06:00:00-05:00,26.22,38.332,37.892,4572,17358,50715.58,50477.03,41461,72,290.92,305.2,8888.5,11799.5,7844.04,29828.5,2077.05
2026-05-29T07:00:00-05:00,21.78,27.023,27.475,4548.67,17350.25,52554.25,51929.33,38301,74,6113.15,7069.7,7963.75,10352.3,7833.64,28387.56,169.94
2026-05-29T08:00:00-05:00,16.15,24.198,24.407,4432,17404,55395.92,54779.51,34615,78,15357.09,19575.7,5189.21,8810.2,8374.9,26626.97,-1217.75
2026-05-29T09:00:00-05:00,17.63,20.46,19.707,4369,17409.67,58598.17,58150.47,29032,80,23977.83,25461.2,5415,8271.5,11836.16,24622.69,-4513.9
2026-05-29T10:00:00-05:00,20.38,22.525,20.78,4246,17069.58,62262.25,61703.11,28491,83,27025.02,27932.5,6493.58,8271.3,14819.05,25427.81,-5732.96
2026-05-29T11:00:00-05:00,26.02,33.095,23.407,4246,16805.5,66052.83,65215.29,30828,85,27252.26,29665,7736.17,8083.4,15297.84,25784.01,-4144.78
2026-05-29T12:00:00-05:00,36.11,33.367,21.73,3914,17291,69547.75,68397.97,31903,87,27956.24,30938,9465.85,8051.7,15138.59,25159.92,-2093.54
2026-05-29T13:00:00-05:00,43.07,50.568,24.275,3582,18113.83,72944.92,71500.2,32777,88,29313.42,31012.2,10658.14,8551.6,14969.53,25069.19,-1096.44
2026-05-29T14:00:00-05:00,53.04,50.28,24.165,3582,18220.5,75421.58,74049.27,33755,89,28992.91,30868.9,12584.88,9502.6,15191.67,25599.68,-929.59
2026-05-29T15:00:00-05:00,63.58,54.58,28.17,3582,18199.17,77010.92,75892.98,35466,89,27127.02,30524.1,14363.05,10795.9,15111.32,27035.63,-1092.29
2026-05-29T16:00:00-05:00,54.35,54.13,33.108,3058.33,18643.33,77609.08,76788.03,36333,90,25449.03,29256.7,15850.95,12162.4,16067.31,27216.42,-944.25
2026-05-29T17:00:00-05:00,54.04,34.158,24.997,2541,18316.5,77759.5,76860.81,37345,89,23878.71,26511.6,16626.92,13499.3,16159.23,27701.32,-525.03
2026-05-29T18:00:00-05:00,57.06,30.407,26.818,2415,17957.08,76199.83,75570.95,39210,88,19479.62,19422.7,17655.1,14649.8,16049.34,29094.82,8.81
2026-05-29T19:00:00-05:00,68.03,34.84,32.803,2423.33,18161.83,73683.5,72824.72,46833,85,7656.27,6972.1,19441.77,15338.7,13227.52,32260.39,3301.91
2026-05-29T20:00:00-05:00,60.85,30.552,30.332,2515,18085.5,70713.75,69604.6,50059,82,536.8,472.5,20292.6,16823.8,10885.13,32459.97,5847.64
2026-05-29T21:00:00-05:00,59.5,28.895,27.33,2515,18127.17,68326.33,67640.28,46366,81,0.34,0,22155.82,19255.5,10622.39,30574.75,4141.18
2026-05-29T22:00:00-05:00,37.2,25.645,22.29,2515,18213,65128.17,64515.91,40810,80,0.42,0,24565.49,21531.1,11444.02,28972.11,536.86
2026-05-29T23:00:00-05:00,26.62,23.86,19.957,2515,18369.42,61481.5,60830.56,36579,79,0.48,0,25150.75,22807,11743.87,26391.36,-321.19
2026-05-30T00:00:00-05:00,23.69,22.113,19.428,2515,19154.5,57996.25,57516.27,33044,78,0.47,0,25169.94,22544.9,11624.04,23173.6,-114.12
2026-05-30T01:00:00-05:00,22.02,21.875,20.767,2515,19451,55166,54389.46,30382,77,0.53,0,24937.64,22465.6,11240,20706.79,165.5
2026-05-30T02:00:00-05:00,21.37,21.712,20.605,2515,19611,53048.25,51868.94,28506,76,0.56,0,24642.43,22251,11256.09,19195.59,-31.05
2026-05-30T03:00:00-05:00,21.41,20.595,19.025,2515,19594.33,51390.42,50382.73,27340,75,0.52,0,24139.6,21980.4,11496.14,18454.81,-379.01
2026-05-30T04:00:00-05:00,21.48,19.915,19.203,2506.67,19549.67,50467,49472.88,27440,74,0.53,0,23056.65,21419.7,11508.69,18240.92,-65.48
2026-05-30T05:00:00-05:00,23.16,20.732,19.935,2415,19530,50156.58,49510.7,28354,74,0.54,0,21807.67,20710.1,11172.59,18484.75,457.57
2026-05-30T06:00:00-05:00,21,21.83,21.57,2415,19814.5,50020.67,49416.21,29327,74,313.71,238.6,20354.93,19746.3,10223.97,18712.87,962.59
2026-05-30T07:00:00-05:00,18.92,17.918,18.215,2415,19837.5,51113.42,50395.02,26217,76,6198.4,5459.6,18534.91,18151.7,10763.37,17031.41,-410.81
2026-05-30T08:00:00-05:00,16.83,16.5,16.102,2415,19407.83,53931,53406.31,22866,78,14388.43,15238.3,16481.39,16648.8,12037.69,15809.96,-2115.47
2026-05-30T09:00:00-05:00,17.41,18.485,17.62,2415,19816.83,57316.5,57189.73,22929,80,17728.93,20803.5,16381.96,16203.1,13519.95,17037.97,-3457.63
2026-05-30T10:00:00-05:00,19.73,19.672,16.752,2415,19992.67,60956.58,61071.63,22853,83,22747.12,24193.2,15117.36,15702.8,15383.92,17529.51,-4113.68
2026-05-30T11:00:00-05:00,26.33,22.88,17.627,2315.42,20068.17,64367.67,65024.58,25212,85,25403.17,26558.4,13564.53,14620.5,15289.4,17929.97,-2200.83
2026-05-30T12:00:00-05:00,32.98,23.85,17.385,1220,19596,67492.83,68454.86,26536,87,28899.15,27922.7,11826.25,13720.3,15727.91,17890.51,-1320.6
2026-05-30T13:00:00-05:00,38.1,29.962,20.725,1220,19224.83,70129.08,71257.03,29390,88,30435.31,28489.8,10121.55,13619.4,15435.93,19369.55,-334.19
2026-05-30T14:00:00-05:00,37.18,32.745,21.31,1220,19154.5,72389.67,73616.94,31126,90,30212.93,28473.5,10877.71,14401.8,15830.01,21463.99,-567.03
2026-05-30T15:00:00-05:00,40.63,35.073,24.797,1220,18828.83,74072.75,75304.39,32687,90,29277.68,28310.9,11980.5,15453.6,16028.79,23382.46,-868.89
2026-05-30T16:00:00-05:00,40.23,27.568,20.7,1220,18313.75,74891.83,76188.65,33655,89,27891.22,27268.2,13297.36,16622.8,16388.53,24507.35,-1412.86
2026-05-30T17:00:00-05:00,37.4,27.945,21.847,1220,18203.67,74450.67,76025.63,35243,88,24586.86,24745,14638.36,18180.5,16262.01,25270.05,-723.5
2026-05-30T18:00:00-05:00,35.88,30.432,23.45,1220,18507.5,73103.92,74696.39,38437,87,18949.54,19439.8,15840.35,19730,15932.88,27209.04,-28.58
2026-05-30T19:00:00-05:00,36.51,34.832,31.372,1220,18533.83,70769.67,72188.3,43920,85,8875.36,8816.2,18182.89,20146.8,13029.23,29474.35,2436.29
2026-05-30T20:00:00-05:00,39.24,33.675,33.4,1220,19153,68329.83,69305.79,49015,83,924.95,792.5,18498,20683.7,9742.35,30291.26,6155.62
2026-05-30T21:00:00-05:00,34.49,29.443,29.088,1220,18580.83,66399.33,67533.97,46760,81,8.91,0,19801.18,21801.7,9288.01,29663.37,4529.58
2026-05-30T22:00:00-05:00,26.55,26.375,24.9,1220,19031.33,63671,64647.32,42358,80,1.91,0,21506.92,22321,9067.58,28785.8,1390.93
2026-05-30T23:00:00-05:00,23.62,24.108,23.11,1220,18851.33,60524.58,61137.14,38754,78,1.79,0,22010.41,22473.3,9610.66,27142.13,2.85
2026-05-31T00:00:00-05:00,22.75,22.08,21.315,1220,19046.33,57385.67,57651.73,35254,77,1.77,0,22309.47,23107.3,10394.33,24661.88,-309.22
2026-05-31T01:00:00-05:00,21.72,21.68,21.492,1220,19048,54850.92,54737.34,33025,76,1.71,0,21958.97,22614.6,10244.42,22725.05,-223.33
2026-05-31T02:00:00-05:00,21.44,20.71,20.71,1220,19181.33,52694.92,52436.22,31387,75,1.93,0,21424.5,21720.9,10468.41,21509.68,-334.75
2026-05-31T03:00:00-05:00,21.01,22.23,22.23,1220,19248,51183.67,50941.6,31495,74,1.93,0,19790.5,20643.3,10541.51,21704.49,-326.45
2026-05-31T04:00:00-05:00,20.78,22.773,22.773,1220,19242.5,50210.92,49988.23,32082,74,1.48,0,18167.59,19251.6,10657.91,21852.51,-235.52
2026-05-31T05:00:00-05:00,22.21,22.483,22.483,1220,19027,49749.92,49560.68,32692,73,1.11,0,17061.91,17658.7,10750.07,21927.05,209.95
2026-05-31T06:00:00-05:00,21.47,21.965,21.965,1220,19027,49260.33,49135,33169,72,414.41,348,15683.6,16159,10339.09,21943.25,686.9
2026-05-31T07:00:00-05:00,18.56,15.995,15.972,1220,19001.33,50576.92,49689.86,26645,75,9955.94,8005.7,13783.21,14322.4,11516.87,17346.25,-1094.31
2026-05-31T08:00:00-05:00,12.73,9.068,7.433,1220,18911.58,53962.92,52748.29,17586,79,24785.23,23503.8,11375.57,12635.5,15336.14,14598.41,-6344.6
2026-05-31T09:00:00-05:00,15.19,11.452,6.655,1220,19178.67,57825,56769.99,17135,82,29591.37,30086.1,10834.82,11526.4,19397.53,15235.56,-7069.53
2026-05-31T10:00:00-05:00,19.84,13.878,8.63,1222.58,19178.42,61484.33,60807.83,21010,85,31413.74,31190.2,8831.96,9718.4,18926.02,15748.58,-3523.57
2026-05-31T11:00:00-05:00,22.9,18.637,15.105,1251,19001.75,65101.92,64922.7,25669,87,32122.07,32536.3,7128.65,7860.6,16991.21,17907.81,-998
2026-05-31T12:00:00-05:00,27.69,22.197,19.425,1251,18850,68446.58,68662.44,29240,88,32221.8,33442.4,6783.36,6822,16446.86,20715.38,-468.03
2026-05-31T13:00:00-05:00,31.96,29.4,20.715,1251,18851,71442.5,71911.42,31444,90,32391.77,32477.5,7436.51,6624.2,16150.22,22290.92,-31.9
2026-05-31T14:00:00-05:00,36.65,25.697,21.6,446,18887.08,73711.92,74571.65,33462,90,31468.71,32254.4,8655.92,7107.7,16062.32,23424.94,-39.92
2026-05-31T15:00:00-05:00,36.65,30.213,21.977,446,18687.5,75397.08,76531.34,34260,91,30408.43,31844.1,10624.08,8104,16137.74,24170.51,-187.94
2026-05-31T16:00:00-05:00,35.88,26.898,23.227,446,18272.75,76440.58,77698.21,35647,91,27758.17,30327.1,13006.63,9749.5,16137.31,25522.75,-309.43
2026-05-31T17:00:00-05:00,33.09,24.445,21.025,446,18225.5,76826.5,78109.44,35907,90,24897.37,27802.7,16023.18,11927.2,16880.17,24424.33,57.81
2026-05-31T18:00:00-05:00,34.9,27.645,23.71,446,18149,76083.92,77213.01,36738,89,20367.77,21397.6,19057.65,13889.4,16357.72,25073.41,611.13
2026-05-31T19:00:00-05:00,48.59,38.7,38.01,446,18184.17,73806.75,74792.67,46796,86,7478.42,8286,19753.45,15100.2,12504.03,30535.78,4190.47
2026-05-31T20:00:00-05:00,49.21,42.483,42.035,446,18090.17,71094.25,71775.1,52150,83,371.19,589.2,18725.88,16349,9986.54,32455,6440.47
2026-05-31T21:00:00-05:00,43.53,52.395,52.177,446,17998.67,68592.75,69747.65,51802,80,0.59,0,17036.35,17638.5,8039.35,32696.44,5496.28
2026-05-31T22:00:00-05:00,36.8,46.75,46.58,446,18099.58,64838.25,66262.92,49125,79,0.14,0,15984.64,18915.8,6381.94,33320.44,2134.15
2026-05-31T23:00:00-05:00,27.09,37.155,36.735,511.42,17800.83,60935.08,62065.31,45733,78,0.14,0,15451.48,19662.3,6251.42,32148.05,55.33
2026-06-01T00:00:00-05:00,27.32,50.94,50.34,920,16630.5,57092.58,57811.73,44679,77,0.17,0,12662.95,16848.8,5817.22,31198.01,128.4
2026-06-01T01:00:00-05:00,24.86,33.28,33.1,298,17272.33,54575.17,54783.18,43081,76,0.1,0,11630.99,16565.7,6169.72,30054.67,-448
2026-06-01T02:00:00-05:00,23.61,30.23,29.458,298,17318,52486.5,52631.4,40866,75,0.06,0,11717.6,16345.8,7205.32,28587.45,-1055.32
2026-06-01T03:00:00-05:00,23.19,26.797,26.225,298,17293,51325.25,51459.82,39289,75,0.05,0,12100.18,15714.5,9003.97,27707.8,-1406.37
2026-06-01T04:00:00-05:00,22.87,27.175,26.45,298,17292,51191.92,51194.71,38557,74,0.06,0,12612.1,14841.9,10166.78,27467.94,-1385.24
2026-06-01T05:00:00-05:00,24.44,25.46,25.22,298,17294.67,52375.58,52094.89,39151,74,0.05,0,13166.26,13849.3,11038.69,27049.6,-655.4
2026-06-01T06:00:00-05:00,30.08,24.203,23.915,298,17356.92,53371.17,53365.82,39641,74,374.94,344,13307.81,12087.4,10767.44,26705.14,667.72
2026-06-01T07:00:00-05:00,25.61,19.015,18.918,302.17,17560,55194.17,54698.61,33741,76,9426.46,7996.9,11828.4,9935.1,12194.96,24038.12,-1437.6
2026-06-01T08:00:00-05:00,18.24,16.777,16.02,348,17649,58470.83,57553.44,24586,80,23201.05,22794.2,10453.93,7760.4,15957.87,21641.69,-6486.87
2026-06-01T09:00:00-05:00,18.29,19.213,17.185,348,17596.83,61985,61093.7,23513,83,28034.13,29270,10174.8,6653.4,18427.93,20378.75,-6406.92
2026-06-01T10:00:00-05:00,22.37,22.223,20.55,348,17568,65785.08,64967.17,28865,85,30178.91,30662,6514.78,5389.9,16792.14,22390.84,-3082.42
2026-06-01T11:00:00-05:00,30.58,35.3,27.965,348.83,17765,69537.58,68764.43,34260,87,30881.42,31838.4,4155.47,4295.4,15185.46,24773.45,-953.87
2026-06-01T12:00:00-05:00,36.07,40.2,28.96,358,18390,72716.5,72397.12,37576,89,31352.55,32705.2,3602.62,3997.7,14831.49,26222.63,-205.4
2026-06-01T13:00:00-05:00,42.09,59.438,36.727,357.17,18755.67,75685.92,75440.69,40488,90,31076.06,31298.2,3985.51,4533.1,14228.51,28506.25,262.03
2026-06-01T14:00:00-05:00,44.07,62.222,41.255,348,18771.67,77647.92,77875.23,43252,91,30065.97,31182.4,4230.52,5606.5,13760.93,30288.45,448.33
2026-06-01T15:00:00-05:00,46.74,47.137,37.102,348,18580,78239.58,79237.91,43992,92,28766.72,30778.9,5417.24,7075.4,13880.87,31269.05,-644.7
2026-06-01T16:00:00-05:00,44.71,34.925,29.397,348,18734.08,78345,80108.58,42590,92,28265.38,29305.7,7494.54,9136.5,15386.17,30796.78,-1654.88
2026-06-01T17:00:00-05:00,38.78,29.037,26.955,348,18253.92,78117.42,80005.13,42195,92,26588.15,26909.6,9323.05,11250.4,16468.6,30786.61,-1643.27
2026-06-01T18:00:00-05:00,41.09,33.06,31.68,348,17243.67,77915.92,78996.67,44944,90,21055.63,21156.2,11909.87,13068,15981.82,31831.59,-233.25
2026-06-01T19:00:00-05:00,57.97,49.262,49.722,348,17870.17,76711.67,76738.51,52381,88,10034.54,8461.2,14449.02,14235.1,12627.81,34654.16,3833.33
2026-06-01T20:00:00-05:00,71.34,51.865,53.302,348,17890.17,74443.25,73840.42,59246,85,662.47,605.5,14698.51,15126.4,9723.75,37189.33,7550.82
2026-06-01T21:00:00-05:00,67.08,42.518,42.46,348,17903.42,72205,71521.42,56620,83,1.27,0,15814.16,16199.1,9128.91,36778.6,5475.46
2026-06-01T22:00:00-05:00,42.93,40.265,40.005,348,17418.83,68178.75,67547.39,51531,81,1.09,0,16940.69,17153.3,8928.3,35809.8,1671.65
2026-06-01T23:00:00-05:00,32.7,36.967,36.238,348,17198.5,63616.75,63190.28,47797,80,0.06,0,16093.3,17174.4,8848.53,33847.32,162.07
2026-06-02T00:00:00-05:00,26.22,35.447,34.895,348,17737.75,59702.83,58631.08,44875,79,0.03,0,15056.5,16856.7,8338.32,31508.89,-169.26
2026-06-02T01:00:00-05:00,25.45,30.915,30.515,348,17739,56831.5,55508.72,42566,78,0.04,0,14449.12,15860.8,8722.98,29994.84,-478.92
2026-06-02T02:00:00-05:00,24.04,29.803,30.005,348,17997.33,54636.92,53213.35,41555,77,0.03,0,13176.09,14488.4,9399.28,29285.52,-1003.09
2026-06-02T03:00:00-05:00,24.9,34.243,34.273,348,17962.5,53346.08,51870.71,41967,76,0.04,0,11457.55,12863.2,10476.88,29625.48,-1098.54
2026-06-02T04:00:00-05:00,30.27,31.398,31.633,348,17915.83,52905.58,51486.27,42739,76,0.05,0,10191.11,10886.1,11262.86,29628.83,-688.8
2026-06-02T05:00:00-05:00,35.03,37.228,37.243,348,17892,53646.92,52472.71,44073,75,0.2,0,9495.88,8822.2,10746.2,30149.42,73.29
2026-06-02T06:00:00-05:00,36.4,30.56,30.56,364.67,17832.67,54665.42,53766.82,45956,75,367.47,348.2,8280,7055.1,9223.1,30265.73,1524.34
2026-06-02T07:00:00-05:00,29.04,24.935,24.965,556.33,17982,56397.5,54966.23,41047,78,8109.39,7800.3,7072.22,5301.9,9572.08,28143.94,-510.51
2026-06-02T08:00:00-05:00,19.75,21.237,21.093,648,18397,59307.5,57657.14,32152,81,20901.93,21699.9,6060.85,3918.1,12258.68,25356.24,-4308.5
2026-06-02T09:00:00-05:00,19.23,22.17,21.483,648,18437.67,62772.42,61284.84,29054,84,27243.47,27916.2,6215.02,3388.4,16247.08,25038.33,-6795.37
2026-06-02T10:00:00-05:00,21.51,24.027,23.758,648,18734,66478.92,65139.25,32666,86,28897.44,29496,4688.94,3166.3,16587.61,25689.28,-3854.83
2026-06-02T11:00:00-05:00,26.01,31.06,30.36,648,18494.92,70663.42,69112.54,38594,87,28073.81,30635.3,3722.58,3249.5,15096.01,27368.48,-827.4
2026-06-02T12:00:00-05:00,30.1,45.013,36.072,648,18211.83,74152.92,72795.32,41089,89,28787.31,31485.3,4128.21,3847.3,14592.91,28558.76,-406.62
2026-06-02T13:00:00-05:00,32.12,54.125,43.818,648,18000.83,76871.75,76027.81,43505,90,27145.07,29573.9,6131.84,4866.8,14233.35,30210.51,-119.13
2026-06-02T14:00:00-05:00,33.58,48.257,35.237,581.33,18139.08,77851.08,78193.28,43781,90,24896.45,28418.4,9120.99,6322.7,14261.45,30624.15,-609.84
2026-06-02T15:00:00-05:00,34.59,50.855,40.963,398,18233.83,77726.33,79307.56,44337,90,22464.34,26886.7,10935.27,8204.7,13942.22,31159.27,-676.04
2026-06-02T16:00:00-05:00,34.28,48.818,49.48,348,17680.33,76725.42,79512.1,45219,88,18653.45,23534.5,12932.3,10349.5,14327.24,31189.45,-74.31
2026-06-02T17:00:00-05:00,33.73,29.307,29.24,348,17231.25,74756.42,78766.22,43690,85,17378.8,20173.6,13868.23,12297.6,16112.49,31865.21,-2024.42
2026-06-02T18:00:00-05:00,37.8,34.428,33.69,348,17125.17,72025.67,77008.35,46729,83,12046.02,14527.2,13338.18,13585.5,15393.81,33137.58,-358.81
2026-06-02T19:00:00-05:00,46.69,34.88,33.172,348,16420,69359.08,74381.68,51234,79,4329.08,5444.4,14010.81,14035.5,13479.09,34067.26,2902.4
2026-06-02T20:00:00-05:00,46.85,35.1,34.02,348,16449,66866.08,71457.91,53567,77,265.59,434.9,13176.98,14292.4,11561.36,33930.51,5064.63
2026-06-02T21:00:00-05:00,45.4,31.855,31.44,348,16940.42,64465.5,69385.65,50201,76,0.06,0,14494.12,14565.2,11334.79,33367.48,2645.99
2026-06-02T22:00:00-05:00,38.81,27.14,27.13,348,17025.67,60654.17,65662.82,45361,75,0.08,0,15549.47,14727.9,11462.18,32034.75,292.29
2026-06-02T23:00:00-05:00,31.76,25.668,26.558,348,17062.75,56861.33,61455.81,42820,74,0.09,0,14033.77,14446,11712.98,29869.25,-64.19
2026-06-03T00:00:00-05:00,30.98,27.207,28.597,348,17626.5,53448.58,56097.49,41324,73,0.08,0,12345.02,13370.7,11222.86,28747.53,-694.67
2026-06-03T01:00:00-05:00,27.44,24.872,27.35,348,18160.67,50834.67,53259.57,39744,72,0.09,0,11226.74,11567.9,12186.61,27960.32,-884.66
2026-06-03T02:00:00-05:00,30.28,25.302,28.285,348,18164,48921,51164.81,39549,71,0.07,0,9467.85,9286.3,12813.43,28015.09,-1039.58
2026-06-03T03:00:00-05:00,31.56,25.08,28.74,348,18155.17,47915.42,49849.03,40511,70,0.09,0,7463.02,7333.5,13191.51,28534.09,-591.62
2026-06-03T04:00:00-05:00,34.99,24.875,26.908,348,18234,47865.42,49488.36,39931,70,0.09,0,7880.7,5698.1,14051.32,28697.59,-1329.01
2026-06-03T05:00:00-05:00,36.75,25.17,26.74,348,18424.67,49049.08,50234.62,40876,70,0.14,0,8081.26,4531.3,14207.32,28732.98,-113.16
2026-06-03T06:00:00-05:00,36.58,30.097,30.41,351.67,18730.58,50611.42,51649.52,43617,70,270.87,283,6665.2,3850.4,12373.4,29722.88,1729.44
2026-06-03T07:00:00-05:00,32.18,25.585,28.66,392,19235.25,51915.25,52927.55,41983,71,4612.45,5425.2,5199.66,3127.3,12325.14,29510.76,427.69
2026-06-03T08:00:00-05:00,25.2,23.382,25.302,392,19758.92,54352.92,55379.61,38159,74,13392.42,14209.7,2635.81,2604.3,12739.26,27921.73,-618.56
2026-06-03T09:00:00-05:00,23.1,22.37,24.233,377.33,19876.25,57001.08,58371.07,34405,77,20386.81,19715.4,1996.5,2649.8,14364.63,27819.25,-3006.67
2026-06-03T10:00:00-05:00,23.78,28.693,28.322,331.33,20475.83,60422.25,61642.1,35150,80,23193.78,23651.6,1783.19,2676.2,16036.16,28581.21,-3894.41
2026-06-03T11:00:00-05:00,25.16,35.738,35.605,298,20208.42,63881,64822.79,38860,81,23255.5,25664.5,1517.99,2841,15629.61,29322.72,-1640.26
2026-06-03T12:00:00-05:00,26.08,46.315,45.55,298,19864.25,66813.25,67788.84,41638,82,23195.05,26973,1811.17,3386.2,15128.99,30521.64,-246.99
2026-06-03T13:00:00-05:00,32.35,46.275,44.872,298,19936.17,68632.67,70454.87,42974,84,23728.01,27135.8,1788.39,4287.4,15066.12,31551.97,-118.15
2026-06-03T14:00:00-05:00,31.9,44.32,43.113,298,20218.42,69779.17,72559.56,43017,84,24376.37,26467.5,2343.16,5403.3,15479.09,31905.84,-388.25
2026-06-03T15:00:00-05:00,32.06,40.498,39.135,298,20289.33,70503.17,73757.14,42709,85,23862.87,24997.3,3861.67,6783,15337.94,32019.59,-1065.55
2026-06-03T16:00:00-05:00,34.23,36.483,35.608,298,20240.83,71037.58,74295.14,42832,85,22376.99,22789.1,5825.94,8284.7,15394.75,32012.67,-965.42
2026-06-03T17:00:00-05:00,33.45,37.795,36.307,298,19389.75,70676.92,73785.7,43517,85,19940.08,19656,7244.56,9193.2,15757.78,32596.47,-1141.37
2026-06-03T18:00:00-05:00,40.35,36.6,35.695,298,18532,69906.42,72180.48,45520,83,14766.67,14378,9703.47,9729.2,15540.18,33534.36,19.79
2026-06-03T19:00:00-05:00,53.25,44.548,44.2,298,18525.92,67660,69769.54,50115,80,6092.42,5348.1,11614.16,9890,13591.5,35033.59,2919.46
2026-06-03T20:00:00-05:00,56.35,41.03,40.927,298,18509.83,65573.83,67341.31,53667,78,543.99,449.5,11440.48,9759.4,11001.75,35550.78,5772.9
2026-06-03T21:00:00-05:00,54.22,42.57,42.55,298,18497.33,63651.08,65585.38,52705,76,0.1,0,11114.86,9630.4,9773.11,35687.57,5016.01
2026-06-03T22:00:00-05:00,46.5,39.382,39.172,298,18562.67,60534.25,62455.42,48610,74,0.03,0,12181.04,9794.2,9787.19,34845.86,1663.06
2026-06-03T23:00:00-05:00,37.34,32.05,32.693,298,18625.08,57309.67,58782.31,45087,74,0.07,0,12489.22,9621.2,9806.85,32977.79,184.9
2026-06-04T00:00:00-05:00,26.12,26.562,28.005,298,18825,54275.5,53908.21,41262,73,0.06,0,13231.54,11756,9727.42,29767.57,-203.02
2026-06-04T01:00:00-05:00,23.36,24.412,26.645,267,18950,51695.42,51131.03,39574,73,0.07,0,12282.77,10941.4,10802.88,28717.33,-565.43
2026-06-04T02:00:00-05:00,23.21,24.052,26.935,267,18935.83,50128.92,49122.54,39067,72,0.06,0,11134.53,10019,11206.85,28363.57,-634.23
2026-06-04T03:00:00-05:00,23.9,25.988,27.718,267,18933,49303.83,48065.36,39757,72,0.07,0,9592.54,8950.8,11131.69,28566.64,-271.27
2026-06-04T04:00:00-05:00,25.98,27.467,31.64,267,18908,49101.17,47878.31,40572,72,0.08,0,8518.94,7770,11125.59,29357.36,-473.92
2026-06-04T05:00:00-05:00,26.73,30.337,33.997,267,18861.25,50165.17,49325.95,42278,71,0.08,0,7788.98,6882.2,10085.91,29716.22,588.91
2026-06-04T06:00:00-05:00,28.6,33.467,35.617,267,18873.5,51515.08,50887.84,44550,71,145.33,285.2,6807.38,6076.7,8792.44,30767.05,1685.71
2026-06-04T07:00:00-05:00,27.37,26.185,30.505,267,19139.75,52756.5,52416.99,42309,73,4609.28,5457.2,5746.58,4864.5,8713.14,30328.4,67.64
2026-06-04T08:00:00-05:00,20.9,24.397,25.548,267,19363,54956.17,54777.14,37785,75,13072.05,14468.7,4003.41,3957,10401.21,28550.51,-2038.85
2026-06-04T09:00:00-05:00,21.16,25.402,25.515,267,19266.83,57315.75,57521.95,34707,76,18123.98,20080.5,4333.35,3817.9,13442.69,28613.81,-4470.22
2026-06-04T10:00:00-05:00,20.87,27.92,27.715,271.17,19519.83,60120.75,60282.63,33863,78,21673.73,23676.5,4395.58,3662.3,15754.67,28303.71,-5984.41
2026-06-04T11:00:00-05:00,22.95,23.955,23.798,317,19490.5,62743.42,63256.6,33356,80,25325.8,25655.1,3934.15,3533,17031.77,27177.7,-4646.33
2026-06-04T12:00:00-05:00,25.59,24.155,22.715,312.83,19279,65487.58,65909.91,34330,82,27299.4,27135.2,3683.78,3639.7,16735.66,26013.1,-1886.42
2026-06-04T13:00:00-05:00,28,26.77,25.872,267,18589.92,68100.58,68497.11,37192,83,26841.03,26417.2,3924.43,4174,15764.89,27135.25,-553.22
2026-06-04T14:00:00-05:00,30.61,33.768,33.012,267,18728,69914.58,70449.98,40484,82,24677.37,25145.2,4649.92,5059.9,14621.99,28737.21,-397.03
2026-06-04T15:00:00-05:00,32.89,40.583,40.133,267,18765.43,70846,71782.46,42510,83,23042.72,23281.2,5160.21,6233.3,14205.6,29457.43,154.91
2026-06-04T16:00:00-05:00,32.53,38.87,37.672,267,18259.83,72067,72361.06,42538,85,23082.28,21167.6,6383.42,7644.3,15292.97,30444.99,-504.87
2026-06-04T17:00:00-05:00,32.12,36.158,36.127,267,18079.3,71938.82,72031.68,43297,85,20847.19,18004.9,7850.8,8976.3,15389.28,31059.35,-602.59
2026-06-04T18:00:00-05:00,36.42,45.098,44.358,267,17837,70598.83,70651.65,46719,83,14567.01,13026.8,9442.62,10371.7,13848.86,32040.09,1660.58
2026-06-04T19:00:00-05:00,42.19,63.542,62.62,267,18027.83,68543,68496.45,53116,81,5465.46,5803.7,10160.77,11352.6,10131.86,33561.53,6282.59
2026-06-04T20:00:00-05:00,43.59,83.343,82.675,267,18087,66554,66261.45,55275,78,341.51,499.1,11066.97,12389.5,7458.49,34187.28,7595.79
2026-06-04T21:00:00-05:00,39.89,81.065,80.492,267,18090.17,64376.67,64830.84,52123,77,0.19,0,12413.32,13789.3,5964.69,35304.72,3302.43
2026-06-04T22:00:00-05:00,31.86,53.95,54.115,267,18118.17,61745.25,61727.81,48268,76,0.05,0,13706.15,15000.8,5288.9,34026.17,357.95
2026-06-04T23:00:00-05:00,25,33.305,33.577,267,18225.67,58301.75,57947.98,43227,76,0.06,0,15298.16,15584.2,5758.04,30370.31,-398.86
2026-06-05T00:00:00-05:00,21.09,30.557,30.37,267,18221.17,55459,54060.74,39963,76,0.06,0,15691.97,17437.6,6415.99,28868.33,-1992.6
2026-06-05T01:00:00-05:00,21.62,28.835,28.42,267,18259.75,53199,51399.3,37873,75,0.05,0,15403.74,16458.2,8516.47,27514.38,-2619.07
2026-06-05T02:00:00-05:00,21.25,30.19,30.215,267,18980.67,51842.83,49537.1,38027,75,0.06,0,13889.85,15119.5,10251.81,27453.6,-2578.6
2026-06-05T03:00:00-05:00,21.93,29.155,29.87,267,18806.5,50623.17,48451.6,38803,75,0.3,0,11890.82,13912.3,11146.68,27881.12,-2259.61
2026-06-05T04:00:00-05:00,22.84,28.577,28.595,267,18639,50777.17,48231.58,39964,74,0.7,0,10777.79,12522.8,11447.04,28112.17,-1380.88
2026-06-05T05:00:00-05:00,26.85,34.592,34.548,267,18641.92,51619.5,49285.49,41468,74,0.51,0,10081.55,10984.8,10972.13,28229.99,25.58
2026-06-05T06:00:00-05:00,29.46,38.153,37.703,267,18692.58,52612.58,50690.02,42977,74,94.59,219,9505.57,9750,10331.8,29061.5,724.41
2026-06-05T07:00:00-05:00,31.38,36.683,36.165,267,19043.92,53681.5,52122.97,42694,74,2495.11,3616.5,8422.77,8525.9,10068.67,29212.53,535.69
2026-06-05T08:00:00-05:00,27.94,33.97,33.685,267,19929.5,55384.67,54434.96,41151,75,6849.86,8798,7258.46,7533.3,10359.22,29153,-353.86
2026-06-05T09:00:00-05:00,26.72,35.15,35.11,267,19922.5,57554.83,56937.25,40069,77,10104.04,13023.5,7234.93,7241.8,11230.42,29359.03,-1581.31
2026-06-05T10:00:00-05:00,26.79,31,30.542,267,19631.08,60289.58,59710.54,37069,79,14676.56,16901.2,8350.46,6820.9,13421.31,28556.21,-4009.42
2026-06-05T11:00:00-05:00,27.5,32.46,31.43,267,19348.92,62748.67,62264.26,37140,81,18413.26,19720.5,7023.72,6257.3,15556.48,28407.71,-3760.31
2026-06-05T12:00:00-05:00,29.22,33.94,31.818,267,19167.17,64148.75,64553.98,37772,81,20376.51,21640.1,5943.84,5933.9,15909.21,28064.92,-2713.09
2026-06-05T13:00:00-05:00,30.87,27.253,27.165,267,19061.67,66028.92,66735.6,37943,82,21979.97,21565.5,5994.63,6175.7,16043.11,27951.17,-2143.8
2026-06-05T14:00:00-05:00,32.77,30.58,30.13,267,18917.5,67017.5,68417.02,40257,82,19955.86,20821.6,6824.5,7042.3,15265.44,28401.59,-923.52
2026-06-05T15:00:00-05:00,33.66,56.305,55.923,267,18781.7,67181.91,69020.21,44732,82,16065.9,19174.8,6170.56,7973.9,13267.52,30175.46,1613.8
2026-06-05T16:00:00-05:00,36.82,72.055,71.898,267,17343.42,66894.25,69098.02,47024,82,12373.33,16220.7,7528.43,9049.4,12958.59,32027.33,2159.7
2026-06-05T17:00:00-05:00,36.86,63.507,62.8,267,17314.58,66085.58,68154.03,46711,81,9516.83,13313.6,9925.2,10304.8,14130.9,33278.59,238.69
2026-06-05T18:00:00-05:00,36.77,51.988,51.552,267,17420.08,64732.75,66481.32,47632,80,6384.12,9325.7,10837.84,11334.6,13745.95,33813.9,538.54
2026-06-05T19:00:00-05:00,41.21,65.235,65.045,267,16821.67,62976.67,64192.3,50868,79,1681.67,5232.9,10559.56,12044.5,11838.29,34322.77,3066.38
2026-06-05T20:00:00-05:00,41.05,57.362,57.362,267,17067.67,61900.42,62261.53,51433,78,94.02,506.5,10390.08,12621.3,10675.43,34256.16,3557.87
2026-06-05T21:00:00-05:00,41.55,46.335,46.23,267,17327.75,61049.42,61091.4,50881,76,0.05,0,10304,13344.9,9639.44,34130.38,3283.5
2026-06-05T22:00:00-05:00,34.67,47.722,47.535,267,17054.42,58843.58,59086.98,47924,75,0.07,0,11004.41,13923,8724.05,33094.08,1084.83
2026-06-05T23:00:00-05:00,32.39,61.897,61.922,267,17913.5,56251.5,56453.01,47168,75,0.13,0,9280.68,13922.1,7484.34,32538.63,1070.03
2026-06-06T00:00:00-05:00,33.3,80.54,80.462,267,18976.83,53249.08,54671.41,45511,74,0.14,0,7940.01,11125,6405.85,31980.94,902.55
2026-06-06T01:00:00-05:00,32.9,72.418,72.42,267,19360.33,51254,52281.24,45141,74,0.14,0,6215.53,10228.2,6042.52,32134.82,507.21
2026-06-06T02:00:00-05:00,31.64,74.302,74.322,267,19625.33,50046.92,50379.83,44892,73,0.17,0,5188.12,8903.9,5577.49,31942.73,434.44
2026-06-06T03:00:00-05:00,33.05,52.295,52.507,267,19655.33,49202.33,49081.08,43804,73,0.14,0,5356.55,7821.9,5634.39,31505.59,-174.94
2026-06-06T04:00:00-05:00,31.84,61.327,61.507,267,19340.5,48740.33,48272.88,43589,73,0.25,0,5082.99,6685.7,5767.42,31352.69,27.87
2026-06-06T05:00:00-05:00,33.48,60.038,60.06,267,18792.08,48820.42,48153.55,44063,73,0.25,0,4670.23,5694.1,5867.72,31486.51,89.08
2026-06-06T06:00:00-05:00,35.08,80.298,80.208,267,18694.33,49189.08,48090.14,45132,72,48.35,194,3966.65,5017.7,5069.56,31979.52,670.99
2026-06-06T07:00:00-05:00,31.83,59.637,59.68,267,18913.92,49869.83,49048.71,44549,73,1900.81,3593,3286.55,4182.1,4690.49,32213.45,-28.81
2026-06-06T08:00:00-05:00,27.86,52.67,52.655,267,19228.83,52205.08,51876.38,42194,74,6941.51,10516.2,2906.15,3705,4948.98,30901.95,-703.81
2026-06-06T09:00:00-05:00,25.42,42.217,42.528,267,19490.83,55149.5,54975.59,38121,76,13690.26,15478.3,3159.44,3848.5,7264.3,29684.26,-3406.51
2026-06-06T10:00:00-05:00,24.75,35.25,34.003,267,19668.5,58368.42,58143.16,35238,79,18867.88,19060.6,4111.22,3751.1,11131,28339.51,-4714.04
2026-06-06T11:00:00-05:00,25.83,32.382,29.398,267,19506.92,61559.83,61242.4,31388,81,24609.31,21812,5401.41,3590.7,15452.16,26706.65,-7136.43
2026-06-06T12:00:00-05:00,27.63,35.745,28.448,267,19626.5,64436.75,63898.32,32647,83,26237.12,23651.5,5391.84,4827.1,17699.69,25821.81,-4873.44
2026-06-06T13:00:00-05:00,27.99,43.667,29.482,267,19921.92,66739.25,65943.67,34284,85,26022.4,25257.6,6348.16,5077.5,17130.53,25636.96,-2886.5
2026-06-06T14:00:00-05:00,29.63,43.38,30.275,267,19904.17,68411.08,67780.38,35859,86,26160.08,24723.1,6316.51,5567.8,16541.82,25884.24,-1447.6
2026-06-06T15:00:00-05:00,30.85,30.247,25.097,267,19314.83,70087.5,68918.18,35340,87,27661.45,23215.7,6994.84,6164.7,16652.37,25317.81,-976.82
2026-06-06T16:00:00-05:00,30.53,44.547,36.565,267,19266.83,71207.25,69556.62,37661,87,26663.54,22180.3,6851.38,6909.3,15911.99,26747.69,-150.27
2026-06-06T17:00:00-05:00,31.6,45.173,42.495,267,18858,71438.92,69067.21,40908,87,23732.32,19576.2,6858.2,7792.6,15778.84,28998.74,-119.65
2026-06-06T18:00:00-05:00,38.92,58.45,59.633,267,18433,69180.75,67396.22,45881,83,17029.22,14809.6,6484.7,8744.5,14631.79,31583.52,1280.4
2026-06-06T19:00:00-05:00,49.26,91.29,93.567,267,18463.25,66002.25,65166.4,53134,81,6896.52,7636.3,6190.41,9469.6,11030.32,33926.69,5926.37
2026-06-06T20:00:00-05:00,51.34,104.778,106.853,267,18469.67,63628.75,63103.47,56215,80,842.95,709,6677.38,10391.2,8855.27,34819.08,7958.07
2026-06-06T21:00:00-05:00,52.61,175.335,177.897,267,18404.08,61721.58,61940.49,53934,79,0.76,0,7961.14,11746,7346.9,35230.46,5182.22
2026-06-06T22:00:00-05:00,43.9,132.32,132.645,267,18339,59197.83,60260.7,49239,78,0.12,0,10082.93,12972.2,5992.91,34847.43,635.81
2026-06-06T23:00:00-05:00,33.66,41.77,41.795,267,17895.58,57853.33,57678.9,45159,77,0.16,0,12810.08,14002.2,6568.18,32102.76,-181.39
2026-06-07T00:00:00-05:00,33,38.35,38.43,267,17967,55435.58,55585.21,42356,76,0.16,0,13243.11,13799.9,6254.61,28960.37,5.58
2026-06-07T01:00:00-05:00,28.47,31.498,31.327,267,18032.5,53498.75,53374.92,38913,76,0.21,0,14696.58,14429.3,6506.12,26035.21,-495.18
2026-06-07T02:00:00-05:00,28.19,27.468,27.327,267,18359.33,51988.33,51787.81,36156,76,0.17,0,15902.27,14863.2,7142.77,24266.25,-914.47
2026-06-07T03:00:00-05:00,28.5,24.56,24.56,267,18552.08,51064.5,50569.23,34383,75,0.17,0,16735.22,15012.3,8229.14,23174.3,-757.27
2026-06-07T04:00:00-05:00,28.49,26.285,26.285,267,18822,50597.42,49806.3,34374,75,0.19,0,16255.08,14910.9,8108.07,23092.28,-824.68
2026-06-07T05:00:00-05:00,25.98,25.082,25.082,267,18807,50360.67,49772.67,34308,75,0.16,0,16063.16,14977,8484.18,22637.49,-251.27
2026-06-07T06:00:00-05:00,25.37,24.085,24.085,267,18778.67,50316.67,49376.98,33795,75,97.02,234.4,16459.26,15053.4,8318.08,21604.08,369.53
2026-06-07T07:00:00-05:00,24.76,21.2,21.13,272.42,18708.42,50858.83,50167.96,30580,76,4644.45,4856.5,15525.42,14937.9,8604.66,19575.04,-596.85
2026-06-07T08:00:00-05:00,18.95,19.08,16.36,332,18816,53168,52975.79,24237,78,14210.48,14429.6,14532.29,17818.2,10568.8,16171.39,-2444.47
2026-06-07T09:00:00-05:00,20.15,20.36,16.452,332,18876.33,56436,56426.04,22060,81,18176.66,19599.4,15947.56,18815.3,12871.18,15880.36,-3878.12
2026-06-07T10:00:00-05:00,21.59,23.652,18.253,332,18871.5,59396.33,59779.4,22086,82,19901.2,22999.5,17251.59,19165.5,15750.36,16935.1,-5137.52
2026-06-07T11:00:00-05:00,25.2,24.925,16.898,332,18866.5,61836.33,62967.31,21959,84,22419.71,24983.8,17331.81,19051.1,17769.74,16446.93,-4823.03
2026-06-07T12:00:00-05:00,31.1,21.948,15.408,332,18823.33,63872.42,65888.54,24098,86,23051.09,26546.6,16584.06,18753,17227.54,15894.73,-1985.74
2026-06-07T13:00:00-05:00,35.42,25.853,19.182,332,18594.67,65964,68198.47,27321,88,21885.54,27094,16642.54,18680.9,16654.76,17556.3,-497.28
2026-06-07T14:00:00-05:00,31.58,28.475,19.287,332,18318.75,68218.33,70010.07,27204,89,22963.89,26588.5,17888.01,18867.1,16608.9,17564.66,-1066.39
2026-06-07T15:00:00-05:00,33.14,32.91,21.86,332,18315.83,70642.92,71264.93,29709,90,22117.99,25499.7,18673.09,19231.3,16441.8,19403.33,-715.69
2026-06-07T16:00:00-05:00,31.66,34.303,25.043,332,17934.17,72353.75,72029.06,32558,90,20343.19,23900.4,19373.82,19805.6,16455.93,21458.67,-409.57
2026-06-07T17:00:00-05:00,30.89,45.368,35.572,332,17788.33,73045.17,71980.63,36441,90,17161.34,21586.9,19417.12,20438.8,15820.16,23924.96,349.88
2026-06-07T18:00:00-05:00,33.16,55.325,47.982,332,17791,72425,71235.73,39127,88,13316.83,17002,20063.14,21069.5,14456.9,25292.44,1216.3
2026-06-07T19:00:00-05:00,36.13,64.972,63.033,332,17974.5,71079.58,69835.87,42835,86,7492.12,8532,20869.42,21869.3,11952.53,26076.98,3630.79
2026-06-07T20:00:00-05:00,37.14,55.705,57.622,332,18098.17,69677.33,67925.47,46168,84,934.49,829.9,22618.95,23402.2,9265.04,27208.26,5526.83
2026-06-07T21:00:00-05:00,34.25,40.63,38.455,332,18002.08,68583.67,66675.23,44705,83,0.44,0,23986.11,25430.5,9061.72,27485.8,3638.99
2026-06-07T22:00:00-05:00,33.64,43.743,39.72,332,18363.75,65807.25,63879.16,40910,82,0.77,0,25118.42,26525.4,8142.42,26529.74,796.16
2026-06-07T23:00:00-05:00,25.94,29.592,26.14,332,18142.75,62469.08,60325.78,37152,81,0.91,0,25546.3,27092,8097.42,24161.98,-290.54
2026-06-08T00:00:00-05:00,25.8,29.78,26.755,332,18728.67,59462.67,56270.65,34016,80,1.18,0,25604.95,28170.1,7875.61,21611.38,-158.92
2026-06-08T01:00:00-05:00,24.05,26.275,25.298,332,18735.33,57341.58,53845.75,31950,79,8.43,0,25458.18,27770.1,8537.64,20585.75,-773.63
2026-06-08T02:00:00-05:00,22.68,25.203,22.97,332,18368,55955.58,52225.53,30354,79,4.16,0,25665.91,27231.6,10381.44,20141.29,-1581.25
2026-06-08T03:00:00-05:00,21.41,24.378,23.125,332,18176.33,55247.17,51302.47,29850,79,1.21,0,25421.14,26545.1,11363.09,19687.61,-1039.86
2026-06-08T04:00:00-05:00,22.43,25.112,24.385,332,18182.33,55352.67,51312.05,30887,78,1.08,0,24428.51,25731.9,11294.05,19882.84,-468.14
2026-06-08T05:00:00-05:00,24.23,26.092,25.27,332,18145.67,56261.33,52545.24,32527,78,1.14,0,23673.58,24841.2,10591.73,20092.83,723.79
2026-06-08T06:00:00-05:00,25.58,26.192,25.465,332,18197.42,57615.25,53938.59,34370,78,140.14,248.7,23022.08,23809.4,9277.81,20671.85,1611.65
2026-06-08T07:00:00-05:00,24,25.162,23.923,366.42,18702.5,58775.25,55289.18,32228,79,4300.69,4988.8,22135.02,23064,8826.83,20272.93,-1.5
2026-06-08T08:00:00-05:00,21.83,32.14,28.135,745,18425.5,60810.08,57852.01,28794,81,11524.16,14631.6,20279.33,23228.8,9778.26,18292.62,-1501.11
2026-06-08T09:00:00-05:00,23.42,31.46,25.848,755.42,18534.33,63391.83,60964.41,26943,83,15671.61,20204.6,20585.91,22970,12167.57,18203.55,-4083.73
2026-06-08T10:00:00-05:00,26.49,37.665,25.493,870,18293.33,66402.5,64456.29,25344,86,19874.1,24361.4,20958.46,22104.4,15122.61,17683.31,-4546.86
2026-06-08T11:00:00-05:00,33.74,55.93,27.102,870,17994.42,69760.33,67940.8,26047,88,22795.5,26715.5,20695.61,21133.9,16634.26,17698.69,-3062.21
2026-06-08T12:00:00-05:00,34.92,78.247,26.315,807.5,17910.67,72948.33,71222.46,28239,89,24537.33,28573.8,19939.94,20454.6,17293.68,19527.68,-2377.87
2026-06-08T13:00:00-05:00,39.14,85.795,29.723,745,17869.75,75427.92,73986.05,31513,89,25062,29758,18747.45,20010,15897.32,20933.73,-452.5
2026-06-08T14:00:00-05:00,39.66,77.535,31.345,745,17858.83,76706.67,75820.83,33100,90,25124.54,29431.3,18387.86,19946.1,15967.33,22065.32,-276.2
2026-06-08T15:00:00-05:00,39.53,82.263,34.78,745,17692.75,77420.25,76753.96,33935,89,24832.46,29000.7,18657.62,20285,15926.28,22873,-693
2026-06-08T16:00:00-05:00,39.66,64.033,31.72,744.92,17791.33,77578.58,77409.86,34658,89,23909.91,28849.8,19016.4,21065.5,16269.2,23646.8,-847.37
2026-06-08T17:00:00-05:00,31.81,40.883,26.365,756.5,18039.42,77416.83,77287.65,36419,88,21721.56,26705.7,19271.98,22137.4,16476.98,25471.45,-1150.11
2026-06-08T18:00:00-05:00,35.81,34.73,27.51,894,17821.17,76523.25,76394.06,38107,86,18147.98,21427.5,20375.23,23212.1,16288.21,26488.71,-824
2026-06-08T19:00:00-05:00,42.99,43.07,43.252,894,17830.58,74750.58,74415.05,43794,85,8571.01,10057.2,22553.93,23648.2,13268.68,28005.85,2740.19
2026-06-08T20:00:00-05:00,39.52,37.005,37.085,894,17352.83,72245.25,71726.5,48556,83,757.1,893.1,23051.57,24387.2,9965.57,28952.58,5765.1
2026-06-08T21:00:00-05:00,35.67,33.26,33.605,894,17362,70405.5,69735.47,46916,81,0.6,0,23671.38,25448.6,10127.84,29234.63,4187.31
2026-06-08T22:00:00-05:00,32.95,33.425,33.402,894,17233.33,66734.42,66279.89,42574,81,0.78,0,24396.86,25985.9,9726.8,27833.02,1373.63
2026-06-08T23:00:00-05:00,26.89,26.452,26.372,894,17050.5,63094.83,62246.19,38486,80,0.95,0,24900.6,26124.2,9989.12,25716.1,-133.33
2026-06-09T00:00:00-05:00,26.07,25.52,24.795,894,16819,59620.75,57800.17,35022,79,1.28,0,24735.92,25888.7,10141.3,23401.94,-276.54
2026-06-09T01:00:00-05:00,24.03,24.558,24.015,894,16530,57162.83,55177.82,33197,79,1.27,0,24105,24824.1,10950.89,22474.38,-522.26
2026-06-09T02:00:00-05:00,23.83,25.078,24.643,894,16198,55239.92,53329,32876,78,0.96,0,22461.91,23697.6,11713.9,22676.69,-1054.88
2026-06-09T03:00:00-05:00,23.14,26.238,25.878,894,16198,54162.42,52063.15,33690,78,0.5,0,20507.01,22478.7,11815.52,22858.92,-1189.88
2026-06-09T04:00:00-05:00,22.8,26.418,26.048,844,16248,54031.42,51703.03,34649,77,0.55,0,19372.72,21181.9,12394.13,23218.18,-961.1
2026-06-09T05:00:00-05:00,24.52,26.41,26.042,760.67,16348,54704.92,52269.21,36381,77,0.48,0,18248.39,19898.7,12174.48,23417.36,554.27
2026-06-09T06:00:00-05:00,25.6,25.58,25.243,944,16349,55795.75,53617.67,37778,77,307.28,302.5,17654.88,18638.9,10507.08,23321.85,2450.93
2026-06-09T07:00:00-05:00,22.72,22.36,22.098,944,16383,56945.67,54799.7,33978,78,6738.48,6036.5,16066.15,17761.1,10364.81,22464.19,-179.62
2026-06-09T08:00:00-05:00,19.94,18.398,17.253,954.42,16465.33,59640.5,57408.67,26792,80,16468.05,16460,16152.59,18177.3,11901.29,19007.4,-2611.04
2026-06-09T09:00:00-05:00,21.49,21.38,17.447,1073.17,17320.08,62784,60682.26,24304,83,20695.58,22315,17546.15,18573.7,14473.48,19049.17,-4692.79
2026-06-09T10:00:00-05:00,24.86,30.14,17.13,1119,17444,66115.83,64217.59,24042,85,23552.48,25645.3,18304.03,18652.1,15641.96,18034.84,-3912.13
2026-06-09T11:00:00-05:00,31.4,42.062,18.66,1118.17,17473.33,69464.83,67913.39,25813,87,25477.35,27794.3,17968.28,18914.9,15917.03,18311.26,-2383.48
2026-06-09T12:00:00-05:00,37.19,46.205,18.735,1109,17532,72691.17,71393.79,27866,88,26648.25,29180.6,17777.69,19389.8,15761.48,18982.73,-1185.85
2026-06-09T13:00:00-05:00,40.18,57.623,23.145,922.33,17618,75701.08,74482.45,30722,89,26819.91,31175.8,17645.31,20105,16168.69,20807.37,-487.76
2026-06-09T14:00:00-05:00,40.24,62.102,25.25,869,18105.17,77539.83,76688.88,33104,91,26152.73,31056.6,18174.24,21047.5,15776.1,22396.87,-222.27
2026-06-09T15:00:00-05:00,41.38,62.072,25.215,869,18112,78048.25,78024.11,33428,91,25092.05,30843,19500.36,22087.3,15654.88,23268.56,-1047.78
2026-06-09T16:00:00-05:00,40.76,54.345,21.07,858.58,17958,78010.5,78910.98,33554,91,24185.4,31139.5,19812.43,23225.8,16273.51,23351.95,-865.29
2026-06-09T17:00:00-05:00,34.86,46.382,19.628,756.5,17905.5,77837.17,78924.31,34018,90,22406.27,29138.7,20955.83,24277,16762.34,24027.13,-1127.88
2026-06-09T18:00:00-05:00,37.24,46.747,24.735,894,17791.08,77565.25,77834.01,36176,89,19192.52,23602.4,21739.33,25026.2,16192.83,25678.56,-363.14
2026-06-09T19:00:00-05:00,46.75,53.14,39.215,894,18088.17,76712.92,75661.76,44451,87,8892.4,10063.8,23001.77,24640.5,12656.32,29556.67,2955.96
2026-06-09T20:00:00-05:00,46.94,42.09,37.855,894,18629.83,74654.42,72709.36,49055,84,950.88,866.7,24298.92,24312.2,10349.96,30774.75,5438.46
2026-06-09T21:00:00-05:00,42.03,35.52,34.115,900.5,18571.5,72327,70571.05,48475,83,4.61,0,23787.39,24549.7,10003.79,30733.97,5043.91
2026-06-09T22:00:00-05:00,35.86,37.625,33.69,972,18287.17,68640.08,67129.91,44711,82,3.92,0,24188.85,24875.3,9026.76,29109.18,2566.6
2026-06-09T23:00:00-05:00,27.16,34.672,33.097,972,17918.33,64642.83,63160.62,41495,81,2.49,0,23034.57,25020.6,7899.2,27289.05,822.76
2026-06-10T00:00:00-05:00,27.07,28.665,27.7,972,18264.5,60938.67,60285.7,38513,80,2.61,0,22658.96,24788,7969.16,25481.74,-95.55
2026-06-10T01:00:00-05:00,25.8,26.872,26.717,972,18496.17,58246.33,57632.84,36805,79,2.24,0,21572.96,24427.8,8197.91,24298.65,-392.86
2026-06-10T02:00:00-05:00,25.28,24.247,23.907,972,18743.08,56519.08,55831.71,34789,79,2.63,0,21803.86,24075.1,9880.27,23471.57,-1217.55
2026-06-10T03:00:00-05:00,23.11,21.582,20.112,972,18469,55821.83,54701.83,32629,78,2.95,0,23211.11,23751.8,11295.65,22589.62,-1409.02
2026-06-10T04:00:00-05:00,24.52,22.227,21.175,972,18452,55774.33,54455.16,32491,78,2.78,0,23226.8,23265.5,11136.83,22584.46,-852.13
2026-06-10T05:00:00-05:00,25.32,22.802,21.782,880.33,18498.67,56380.58,55312.52,33778,77,2.75,0,22529.73,22652.6,10765.2,22864.02,-59.84
2026-06-10T06:00:00-05:00,24.01,24.672,22.962,909,18564.33,57384.25,56661.9,34692,77,250.55,314.5,22388.7,22183,9775.64,22917.89,588.94
2026-06-10T07:00:00-05:00,21.66,20.77,17.988,820.5,18540.25,58339.5,57808.21,30706,78,6065.34,6400.8,21465.56,22091.1,10585.6,21159.73,-1104.22
2026-06-10T08:00:00-05:00,20.93,23.362,18.225,797,18876.5,60679.92,60073.41,26727,81,13548.1,17411.3,20235.72,22856.9,12844.3,19322.13,-3098.94
2026-06-10T09:00:00-05:00,23.04,25.275,18.698,797,19705.5,63598.17,63024.32,24411,83,17604.68,23619,21355.17,23051,15713.6,19128.39,-5073.49
2026-06-10T10:00:00-05:00,26.96,31.555,18.24,797,20196,66853.42,66070.6,24408,86,21134.43,26759.8,21066.48,22481.4,17135.78,18710.3,-4383.06
2026-06-10T11:00:00-05:00,34.01,32.625,17.038,797,20166.5,70231.92,69308.53,26369,88,22941.98,28432.4,20655.65,21564.9,17106.5,18802.2,-2352.41
2026-06-10T12:00:00-05:00,43.36,28.672,15.253,797,20039.17,73269.25,72287.44,28341,90,24344,29477.3,20405.55,20807.6,16960.46,19442.82,-1207.94
2026-06-10T13:00:00-05:00,48.03,41.285,18.525,797,19813.42,76205.67,74941.33,30600,91,24871.31,28610.6,20543.06,20611.5,16851.14,20924.32,-482.15
2026-06-10T14:00:00-05:00,48.35,41.342,18.958,797,19769.5,77852.92,76701.5,32046,92,24731.64,27943.8,21027.79,20942.1,17041.57,22261.37,-686.56
2026-06-10T15:00:00-05:00,50.75,33.79,17.093,788.67,19591.83,77851.17,77805.55,31947,93,24536.95,27050.1,21353.84,21619.7,17580.84,22572.42,-777.61
2026-06-10T16:00:00-05:00,48.16,36.793,17.61,697,19387.17,78462.17,78474.53,32637,93,23955.61,26615.7,21829.87,22859.3,17571.65,22891.45,-395.64
2026-06-10T17:00:00-05:00,38.89,35.085,16.69,709.5,18707.58,78498.25,78597.47,33482,92,22436.42,24472,22562.34,24305.6,17744.99,23511.5,-214.96
2026-06-10T18:00:00-05:00,39.37,31.633,19.787,847,17707.67,78076.75,77934.54,35728,91,19163.25,19508.6,23165.82,25597.8,16825.45,25096.75,12
2026-06-10T19:00:00-05:00,44.44,37.763,32.255,847,17340.67,77201.67,76258.13,43948,89,8912.99,8948.3,24415.46,26013.4,13575.76,28948.27,2989.94
2026-06-10T20:00:00-05:00,43.63,37.767,34.98,797,17288.67,75587.25,73981.31,48788,86,944.57,791.5,25954.65,26435.5,10881.77,30289.6,6035.43
2026-06-10T21:00:00-05:00,39.1,34.22,32.333,710.33,17265.33,73654.5,72355.09,47217,85,4.34,0,26610.65,27228.5,10228.96,29668.77,4901.09
2026-06-10T22:00:00-05:00,37.28,31.79,28.742,857,17307,70164.42,69219.82,43005,83,4.2,0,27403.65,27962.1,9792.39,28800.89,1474.14
2026-06-10T23:00:00-05:00,29.44,28.945,25.367,857,17047.33,66495.92,65705.16,39278,82,2.32,0,27455.81,28350.9,9881.91,26880.52,-63.41
2026-06-11T00:00:00-05:00,28.68,23.952,20.94,857,16125.5,63034.08,62951.05,35968,81,2.23,0,27273.19,28430.3,11056.65,24382.87,-175.75
2026-06-11T01:00:00-05:00,26.61,22.865,20.317,857,16137.5,60493.92,60174.11,33205,80,2.41,0,27422.71,28200.9,11576.49,23048.73,-404.61
2026-06-11T02:00:00-05:00,25.82,22.387,19.308,857,16135,58540,58174.68,31352,79,2.34,0,27288.69,27775.6,12665.98,22449.41,-1078.55
2026-06-11T03:00:00-05:00,23.85,22.02,17.365,857,16135,57225.83,56960.74,30768,79,2.28,0,26488.09,27245,13525.22,21874.88,-1165.18
2026-06-11T04:00:00-05:00,24.11,21.832,17.118,857,16131.33,56978.92,56513.15,31152,79,2.32,0,25828.91,26343.1,13653.84,21753.46,-531.4
2026-06-11T05:00:00-05:00,25.37,22.71,18.227,857,15927,57545.5,57133.4,32791,78,2.32,0,24666.89,25141.2,12884.74,22293.04,419.98
2026-06-11T06:00:00-05:00,24.26,23.99,20.472,858.17,15927,58407.67,58317.43,34261,78,244.62,282,23859.97,23928.3,11617.99,22978.31,890.81
2026-06-11T07:00:00-05:00,22.47,21.145,17.633,871,15966.58,59726.08,59410.35,31448,80,6078.83,5694.6,22045.85,23596.3,12208.56,21581.77,-415.06
2026-06-11T08:00:00-05:00,20.17,21.57,18.367,737.67,15753.17,62345.67,61860.48,27842,82,13269.11,15183,21031.67,24145.9,13561.15,21258.03,-3239.88
2026-06-11T09:00:00-05:00,23.17,20.375,16.735,712.67,15798.92,65397.08,65039.46,25875,84,17743.01,20982,21581.43,23485.7,16543.83,20553.49,-4440.86
2026-06-11T10:00:00-05:00,29.31,24.632,18.36,801,15980,68616.75,68128.13,26687,86,20307.5,24516.8,21327.75,22437.3,17355.28,20851.17,-4168.09
2026-06-11T11:00:00-05:00,38.53,42.792,18.995,792.67,16163.25,72002.67,71389.88,28411,89,22313.38,26855.3,21029.55,21750.8,17218.88,20781.58,-2561.77
2026-06-11T12:00:00-05:00,46.74,42.24,20.58,701,16202.58,75087.08,74307.17,30483,90,23317.23,28276.1,20901.6,21319.1,16813.71,22029.32,-2098.3
2026-06-11T13:00:00-05:00,52.37,34.532,19.638,701,16333.75,77515.33,76897.64,31940,92,24518.74,28811.4,20393.47,20791.8,16937.84,22118.02,-1099.01
2026-06-11T14:00:00-05:00,54.29,36.16,19.015,701,16706.92,78023.92,78475.99,32893,93,24900.9,28720.1,20101.52,20330.3,16859,22476.02,-686.55
2026-06-11T15:00:00-05:00,58.03,33.838,18.455,701,16291.58,78167.67,79342.03,32973,93,25521.36,28110.9,19595.54,20429.8,17032.18,22949.37,-311.95
2026-06-11T16:00:00-05:00,55.98,33.053,19.55,701,15984.83,78291.08,79736.44,33597,93,25065.58,27337.7,19622.98,21119.9,16850.02,23567.29,-355.75
2026-06-11T17:00:00-05:00,48.41,31.985,22.16,701,16279,78221.42,79689.23,35198,92,23917.55,24963.6,19124.45,21963.8,16732.61,24964.84,-521.9
2026-06-11T18:00:00-05:00,49.97,38.832,30.875,701,15496.33,77918.42,79036.61,39256,91,19374.3,19431.7,19286.63,22712.2,15866.77,27501.66,209.08
2026-06-11T19:00:00-05:00,54.08,48.722,49.215,701,14540.67,76921.75,77268.15,48726,89,8511.65,7411.3,19815.2,21368.4,13159.03,32487.48,3397.15
2026-06-11T20:00:00-05:00,56.42,55.738,56.002,701,14163.33,75282.25,75287.14,55220,87,831.31,668,19320.84,21000.9,11044.16,35119.33,6476.62
2026-06-11T21:00:00-05:00,55.81,58.998,59.375,714.33,14147,73283.67,73638.09,55461,84,3.47,0,18036.36,20849.8,9617.72,35886.25,5944.41
2026-06-11T22:00:00-05:00,56.31,40.587,40.602,861,14219,69784.17,70285.76,50892,83,3.34,0,19128.37,19366.6,9646.48,34404.18,2395
2026-06-11T23:00:00-05:00,43.94,35.835,35.728,861,14396.67,66071.82,66662.38,46414,82,1.28,0,19806.63,18370.7,9580.88,32221.56,454.48
2026-06-12T00:00:00-05:00,35.06,30.652,30.57,861,14670,62681.67,63357.58,43975,81,1.08,0,18900.84,18706.9,10020.94,30369.6,-257.6
2026-06-12T01:00:00-05:00,30.01,30.867,30.777,861,15582.83,60074.92,60614.11,42219,80,1.07,0,18008.44,17523.7,10187.8,29438.41,-610.6
2026-06-12T02:00:00-05:00,31.03,30.585,30.417,861,15858.67,58153.17,58569.22,40960,80,1.13,0,17299.83,15969.7,10942.55,29159.41,-1162.29
2026-06-12T03:00:00-05:00,30.56,29.725,29.63,861,15942.33,57062.42,57177.77,41225,79,0.83,0,15880.3,14849.3,11650.21,28981.64,-662.13
2026-06-12T04:00:00-05:00,32.83,34.3,34.193,861,15964.33,56621.75,56586.96,42421,79,0.6,0,14203.58,13264.6,11390.06,29473.5,121.24
2026-06-12T05:00:00-05:00,35.2,40.47,40.47,861,15850.33,56971.67,56883.89,44475,78,0.65,0,12429.68,11919.8,9916.42,30224.54,1306.21
2026-06-12T06:00:00-05:00,35.37,42.327,42.327,861,15235.25,57509.67,57833.04,46232,78,195.48,286.6,11056.97,10987.2,8125.06,30814.12,2343.09
2026-06-12T07:00:00-05:00,30.01,36.82,36.82,861,15317,58848.33,58709.99,43646,80,5751.77,5777.6,9278.51,10571,7342.27,30319.64,135.34
2026-06-12T08:00:00-05:00,25.1,29.037,29.008,712.25,15353.92,61947.42,61234.51,39131,82,13767.6,15560.4,8807.97,8416.5,8626.34,28489.42,-2013.86
2026-06-12T09:00:00-05:00,25.41,32.032,31.23,791,15351,65483.5,64332.13,37712,84,18376.97,21135,9128.42,8089.3,10938.31,28776.03,-3520.49
2026-06-12T10:00:00-05:00,29.96,38.213,35.477,701,15355.5,69069,67389.44,38775,86,22119.53,23845.5,7957.56,7509.5,13033.73,29051.57,-2852.35
2026-06-12T11:00:00-05:00,33.45,42.808,40.808,701,14809.83,72032.17,70385.93,40715,88,24009.65,25512,7124.11,6981.8,13122.01,29754.88,-1768.54
2026-06-12T12:00:00-05:00,37.06,50.028,45.288,701,14240.5,74072,73111.06,42247,88,24884.02,27019.5,6830.74,7034.3,13367.12,30390.67,-993.88
2026-06-12T13:00:00-05:00,45.56,46.313,39.708,701,14126.67,75444.08,75377.87,42143,87,25664.32,27389,7559.72,9693.1,14080.57,30873.73,-1767.02
2026-06-12T14:00:00-05:00,44.86,36.358,28.18,687,14020.33,75994.83,76691.89,39578,88,26269.97,27278.2,10146.62,10931.4,15577.11,30069.04,-3213.93
2026-06-12T15:00:00-05:00,43.77,27.012,23.18,687,13716.67,76142.42,77300.89,37011,89,25859.96,26454.3,13240.95,12491.9,16861.2,28739.53,-3947.43
2026-06-12T16:00:00-05:00,45.55,24.208,20.705,687,13551.58,76460.17,77598.78,35903,89,24320.07,25873.2,16189.61,13967,17386.69,27332,-2980.22
2026-06-12T17:00:00-05:00,37.46,28.713,23.847,687,13486,76317.25,77204.03,38018,89,21191.54,23603,17138.11,15747.3,17514.69,28331.87,-1875.82
2026-06-12T18:00:00-05:00,40.16,25.523,24.63,687,13377.42,75455.58,75826.25,39615,88,18106.38,18338.6,17816.67,17740,17657.31,28378.87,-567.85
2026-06-12T19:00:00-05:00,50.35,34.148,33.645,687,13166.33,73668.42,73766.49,47642,86,8325.07,8190.3,17872.87,17796.4,15180.83,31531.93,2797.94
2026-06-12T20:00:00-05:00,50.64,35.405,34.988,774.5,13072.67,71317.42,71752.56,53730,83,566.2,758.1,17163.75,18155.5,11951.78,33235.01,6376.26
2026-06-12T21:00:00-05:00,47.23,32.648,32.33,850.33,12911,69415.25,70097.19,51542,82,2.03,0,18085.66,18832.5,11920.15,32918.57,4713.28
2026-06-12T22:00:00-05:00,40.8,27.867,27.293,997,12936.25,66544.17,67468.01,46632,81,0.97,0,20154.95,19644.2,11852.24,30750.46,1865.2
2026-06-12T23:00:00-05:00,29.74,25.755,25.245,986.17,13482.83,63391.92,64310.29,42562,80,1.1,0,20918.51,20435.1,11700.18,28519.19,405.79
2026-06-13T00:00:00-05:00,25.42,24.255,23.975,932,13406.17,60454.08,60846.83,40647,79,0.82,0,20016.3,21275.2,11936.25,27664.41,-47.95
2026-06-13T01:00:00-05:00,24.75,23.13,22.765,932,13463,57557,58456.3,38589,79,0.68,0,19046.58,18988.6,12267.59,27032.09,-278.06
2026-06-13T02:00:00-05:00,23.64,23.412,23.18,932,13463,55590,56627.47,38528,78,0.45,0,17077.07,18338.1,12280.15,26778.79,-103.39
2026-06-13T03:00:00-05:00,23.92,24.358,24.088,932,13463,54185.67,55110.59,39338,77,0.57,0,14906.14,17594.5,11982.6,26915.83,-32.37
2026-06-13T04:00:00-05:00,23.36,27.285,27.27,932,13463,53411.75,54361.35,41104,77,0.41,0,12373.93,16811.9,10974.05,27312.5,316.47
2026-06-13T05:00:00-05:00,24.79,28.323,28.323,919.5,13600.5,53158.92,53880.15,42211,76,0.51,0,10952.08,16185.9,9832.08,27514.2,763.5
2026-06-13T06:00:00-05:00,22.56,27.147,27.147,782,13730.67,53096.58,53562.11,41553,76,363.33,322.7,11185.6,15571.3,9705.06,27124.64,431.83
2026-06-13T07:00:00-05:00,19.92,21.642,21.632,728.67,13761,54236.92,54476.35,35051,78,7771.77,6895.3,11244.44,14837.5,11053.36,22976.38,-647.34
2026-06-13T08:00:00-05:00,16.01,18.01,17.997,622,13817.33,57691.67,57996.84,27151,81,18780.47,18600.1,11464.82,16687.5,13433.9,19647.6,-3318.87
2026-06-13T09:00:00-05:00,18.33,15.362,14.44,622,13677.92,61942.08,61685.18,22702,84,24182.14,24708.4,14752.43,17040.2,15738.4,17343.51,-4953.19
2026-06-13T10:00:00-05:00,23.7,17.578,12.99,622,14126.83,65800.5,64929.18,22954,86,26842.72,27685.4,15679.86,16624,18201.16,17914.28,-5160.14
2026-06-13T11:00:00-05:00,27.2,24.098,14.06,622,14040.33,69485.17,68376.96,26765,88,26873.96,29524.4,15498.18,16479.6,18730.63,19655.81,-2965.33
2026-06-13T12:00:00-05:00,42.7,29.74,17.625,622,13898,72661.58,71275.88,29834,89,26185.83,30686.6,16440.7,16651.7,18545.87,22126.77,-2102.64
2026-06-13T13:00:00-05:00,47.53,29.37,19.798,622,13871.33,74854.83,73687.81,33399,90,25768.14,30634.4,15552.46,17062.8,17950.48,23734.86,-822.88
2026-06-13T14:00:00-05:00,40.35,35.178,19.43,622,13826.5,76803.83,75242.39,33815,91,28010.98,30502.1,14865.66,17686.2,17539.17,23768.99,-578.05
2026-06-13T15:00:00-05:00,40.55,33.052,19.435,622,13639,77698.92,76098.93,34462,91,27590.54,30164.5,15620.03,18479.5,17448.68,24150.59,-532.72
2026-06-13T16:00:00-05:00,37.69,28.798,19.533,622,13621.67,77692.75,76378.4,35408,91,26068.38,29210.2,16236.68,19425.1,17586.69,25007.22,-692.55
2026-06-13T17:00:00-05:00,32.66,25.51,18.13,622,13564.42,77517.58,76229.39,35113,90,24915.13,27173.6,17475.9,20697.9,17974.69,24941.18,-809.96
2026-06-13T18:00:00-05:00,31.43,27.325,20.065,622,13050,76838.5,75384.78,36935,89,21292.07,21812.2,18618.97,22315.3,17855.81,26401.13,-259.72
2026-06-13T19:00:00-05:00,37.58,33.23,31.3,622,13010,75001.58,73638.38,45271,88,10094.63,9529.3,19800.42,21841.3,15353.5,29987.04,1870.76
2026-06-13T20:00:00-05:00,38.54,35.642,35.443,622,12921,72239.67,71434.91,51636,86,1098.54,977.7,19667.07,21703.9,12150.04,31267.41,5447.51
2026-06-13T21:00:00-05:00,36.77,30.818,30.328,635.33,12870,70389.08,69845.38,50027,84,0.27,0,20525.19,21943.2,12250.96,31057.7,4013.45
2026-06-13T22:00:00-05:00,35.33,28.657,28.26,782,12797.33,67448.92,67447.42,46978,83,0.17,0,20685.97,21280.9,12072.54,30335.99,1877.5
2026-06-13T23:00:00-05:00,29.23,29.327,29.245,782,13209.67,64412.5,64595.9,45172,82,0.1,0,19437.14,20747.7,11619.81,30396.09,189.57
2026-06-14T00:00:00-05:00,25.92,25.86,25.507,782,13532.17,61501.33,60679.51,42526,81,0.14,0,19170.32,20490.6,12288.99,28965.81,-360.63
2026-06-14T01:00:00-05:00,25.15,25.005,24.7,782,13556,58908.17,57966.91,41649,80,0.17,0,17445.68,19215.4,12822.79,28407.59,-321.1
2026-06-14T02:00:00-05:00,25.1,25.257,25.025,782,13556,56887.17,55839.37,41835,79,0.2,0,15151.09,17687.7,12842.14,28487.79,-318.09
2026-06-14T03:00:00-05:00,25.22,26.253,26.122,782,13556,55524.08,54398.74,42270,79,1.01,0,13351.47,16202.4,12707.38,28658.8,-123.57
2026-06-14T04:00:00-05:00,26.28,28.428,28.303,782,13556,54498.67,53293.03,43418,78,1.28,0,11145.84,14517.8,12290.69,29343.48,-117.52
2026-06-14T05:00:00-05:00,28.51,29.83,29.725,782,13560.08,54082.58,52475.44,44537,77,1.17,0,9525.31,12818,11629.72,29715.29,690.02
2026-06-14T06:00:00-05:00,28.17,26.73,26.525,782,13045.5,53719.83,51652.17,44471,77,139.82,290.8,9132.88,11120.9,11392.22,29417.62,942.6
2026-06-14T07:00:00-05:00,24.87,23.46,23.19,782,12608,54133.42,52454.31,40358,78,4386.42,5914.3,9296.06,9538.8,12669.8,27759.2,-139.89
2026-06-14T08:00:00-05:00,21.77,24.185,23.747,622,12603.17,56135,55913.59,37572,79,10032.42,15847,8389.43,8569.9,13583.7,27184.43,-1251.8
2026-06-14T09:00:00-05:00,21.55,25.628,25.238,622,12863,58432.58,59804.73,35504,79,14621.26,21556.1,8110.54,8060.1,15094.28,27240.1,-3880.5
2026-06-14T10:00:00-05:00,22.9,25.325,24.842,622,13341,60525.83,63367.58,34280,80,17534.83,23398.3,8553.54,7499.8,17875.85,27203.06,-4939.12
2026-06-14T11:00:00-05:00,24.48,28.315,21.258,622,13333,63194.58,66768.64,33400,82,20753.91,24996.5,8896.23,7465.3,18636.11,25880,-3893.88
2026-06-14T12:00:00-05:00,25.48,22.677,17.527,622,13306.33,65784.33,69547.39,32742,84,23131.52,26076.2,9751.8,9570.5,18394.72,24414.53,-2147.64
2026-06-14T13:00:00-05:00,29.38,21.383,17.723,622,13305,68716,71434.26,33526,85,24577.4,24113.2,10407.98,10150.9,18198.75,24936.27,-1299.12
2026-06-14T14:00:00-05:00,29.17,25.305,20.672,622,13321.5,71229.92,72802.68,35083,86,24629.82,23125.2,11390.23,11192,17698.53,25645.26,-779.49
2026-06-14T15:00:00-05:00,30.67,48.087,27.655,622,13722.75,72625.58,73316.05,38437,86,22645.05,21545.6,11338.21,12125,16462.72,27117.85,-226.38
2026-06-14T16:00:00-05:00,28.82,46.403,31.258,622,13829.5,72912.42,73373.81,41211,86,20448.15,19071,11267.64,12935.8,15835.19,28563.71,-174.76
2026-06-14T17:00:00-05:00,28.93,30.31,28.9,622,13862.17,72421.75,72592.56,42849,85,17352.43,16353.7,12248.49,13656.2,15806.16,29163.19,-314.29
2026-06-14T18:00:00-05:00,31.77,40.747,40.022,622,13762.08,70944.67,71106.33,46326,82,12408.57,11835.2,12350.36,13914.6,14746.81,30746.32,945.03
2026-06-14T19:00:00-05:00,38.61,54.85,54.357,622,14294,69070.08,69409.94,52354,80,5193.46,5365,11702.37,13637.1,12802.34,33277.37,4035.19
2026-06-14T20:00:00-05:00,40.92,66.01,65.467,622,14165.08,67454.17,67440.25,56697,79,527.45,575.7,10296.07,13168.9,10477.93,34573.88,6565.83
2026-06-14T21:00:00-05:00,42.05,53.747,53.5,602,14316.5,66031.33,66132.42,55841,78,0.18,0,10349.66,12666.1,10381.53,36231.37,4023.95
2026-06-14T22:00:00-05:00,45.25,50.555,50.397,502,14586.67,63056.08,63315.05,53264,78,0.07,0,10026.73,12344.5,9419.52,35888.78,1806.49
2026-06-14T23:00:00-05:00,37.49,46.508,46.96,502,14128.25,59624.5,59782.36,50911,77,0.09,0,8944.05,11605.3,9287.19,34975.9,374.44
2026-06-15T00:00:00-05:00,36.13,43.252,43.94,502,13886.17,56803.58,56615.45,48609,76,0.1,0,8349.43,7464.6,9194.14,33139.92,6.28
2026-06-15T01:00:00-05:00,32.88,37.18,37.98,502,14063.33,54725.58,53799.12,47553,75,0.11,0,7312.77,6480.9,9557.18,32493.3,-389.16
2026-06-15T02:00:00-05:00,32.39,40.023,40.76,502,14113.67,53345.17,51840.24,47868,75,0.11,0,5572.45,5658.9,9725.26,32458.81,-18.04
2026-06-15T03:00:00-05:00,32.84,46.425,46.9,502,14276.5,52653,50828.69,48295,75,0.41,0,4421.99,5160.5,9577.17,32835.73,-56.66
2026-06-15T04:00:00-05:00,31.98,42.147,42.552,502,14313.83,52835.42,50813.29,48548,74,0.6,0,4282.87,4875.6,9567.36,33450.28,-272.83
2026-06-15T05:00:00-05:00,38,43.02,43.398,502,14631.5,53847.33,51523.41,48921,74,0.7,0,4873.66,4690.5,9652.56,33387.16,23.72
2026-06-15T06:00:00-05:00,36.92,54.365,54.488,518.67,14861.5,54983.92,53099.57,49968,73,75.68,138,4895.9,5631.4,8630.16,33655.3,764.92
2026-06-15T07:00:00-05:00,36.85,47.092,47.22,703.08,15210,55922.17,54439.82,49629,74,1377.49,2438.5,4846.31,5183.4,7914.56,33401.71,751.84
2026-06-15T08:00:00-05:00,31.56,51.13,51.01,715,16185.75,56890.08,56513.86,48083,74,4237.21,6267.6,4487.33,5037.9,7331.76,33269.16,-78.66
2026-06-15T09:00:00-05:00,33.08,49.188,48.74,717.5,16299,57945.67,58760.45,46352,76,7034.83,9748.2,4478.3,5002.2,8276.44,32804.58,-986.24
2026-06-15T10:00:00-05:00,30.73,44.695,44.608,719,16756.5,59737.92,61293.27,45106,77,9825.07,12274.3,4671.94,4644.5,9860.01,32757.77,-2169.35
2026-06-15T11:00:00-05:00,28.88,43,42.98,724.42,16785.92,61192.75,63513.91,43620,78,13138.17,14759.9,4344.87,4335.7,11974.64,32794,-3783.25
2026-06-15T12:00:00-05:00,28.91,41.02,40.98,775.33,15926.83,62384.58,65417.3,42972,79,15952.57,16552.8,3382.6,3986.4,14579.12,32655.04,-4431.35
2026-06-15T13:00:00-05:00,30.6,37.7,37.68,771,15850.67,63332.58,67127.77,42419,80,17718.96,18126.4,3128.88,3587.7,16439.02,32439.54,-5036.18
2026-06-15T14:00:00-05:00,31.71,29.37,29.37,771,15276.5,65001.92,68464.27,41716,81,20221.15,17934.9,2938.21,3407.4,16769.75,31702.78,-4942.28
2026-06-15T15:00:00-05:00,32.42,26.898,26.898,604.33,15277,66182.25,69086.26,42759,82,20684.86,16970,2696.06,3454.4,16101.55,30176.2,-2122.9
2026-06-15T16:00:00-05:00,33.58,37.46,37.46,299.83,15832.67,67235.5,69515.02,45491,82,18473.38,15967.9,3211.7,3593.9,15267.16,31413.88,-658.83
2026-06-15T17:00:00-05:00,34.12,57.225,57.155,242,15903.42,67741.58,69372.36,49413,83,14609.77,13769.9,3735.49,3718.7,14620.66,33906.89,509.58
2026-06-15T18:00:00-05:00,36.84,60.407,60.27,242,15332.83,67135.58,68768.36,52315,82,11365.17,10262.7,3487.58,4023.1,15052.43,36498.73,284.94
2026-06-15T19:00:00-05:00,51.13,71.717,71.717,242,15750.17,66282,67265.44,56491,81,6195.08,5670.4,3653.34,4366.1,13337.61,37988.88,2782.76
2026-06-15T20:00:00-05:00,57.21,64.39,64.593,242,15661.33,65055.17,65515.74,60001,79,823.42,703.7,4312.55,4798.7,11655.48,38672.96,5714.18
2026-06-15T21:00:00-05:00,58.56,52.068,52.155,242,15869,63875.25,64230.13,59385,78,5.52,0,4621.96,5494.8,11037.68,38577.56,5082.48
2026-06-15T22:00:00-05:00,56.92,53.242,53.23,242,16105.83,61130.17,61353.07,56894,77,0.12,0,4474.57,6123.3,9401.12,38565.85,2636
2026-06-15T23:00:00-05:00,38.57,42.142,42.34,242,16150.25,57930.17,58039.13,52608,76,0.11,0,5569.58,6547.4,9689.8,37089.69,48.49
2026-06-16T00:00:00-05:00,40.92,40.175,40.578,242,16504.33,54989.42,55042.42,50231,76,0.1,0,4960.84,6301,9269.71,34735.06,-10.71
2026-06-16T01:00:00-05:00,36.5,34.715,35.253,242,16521.5,52967.17,52442.42,48074,75,0.14,0,5029.46,6066.8,9656.57,33172.88,-443.36
2026-06-16T02:00:00-05:00,35.02,32.138,32.27,242,16547,51670.33,50617.89,46153,75,0.12,0,5606.51,5451.4,10177.62,32043.57,-1165.06
2026-06-16T03:00:00-05:00,35.19,38.265,38.632,242,16227,50896.83,49667.46,46663,74,0.11,0,4300.8,5031.7,10697.48,32248.74,-580.96
2026-06-16T04:00:00-05:00,37.18,44.652,44.98,242,16368,50955.67,49587.26,47956,74,0.12,0,3008.96,4588.3,10838.75,32551.12,342.62
2026-06-16T05:00:00-05:00,42.35,45.32,45.385,242,16590.5,52090.33,50660.28,49690,73,0.15,0,2316.61,4146.5,9723.49,33491.75,1301.35
2026-06-16T06:00:00-05:00,41.71,43.635,43.64,242,16556.58,53480.5,52410.35,51107,74,128.72,213.9,2181.28,3729.2,8063.7,33783.92,2438.7
2026-06-16T07:00:00-05:00,35.84,40.472,39.47,296.25,16446.17,54671.75,53626.21,47991,75,4179.65,4703.6,2372.98,3225.3,7391.79,32996.81,171.11
2026-06-16T08:00:00-05:00,26.18,28.585,27.947,646,16449.58,56682.67,55639.27,42324,77,12152.8,13443.3,2050.34,2825.1,8506.8,29818.28,-1758.14
2026-06-16T09:00:00-05:00,25.82,27.573,25.7,833.33,16108.25,58972.08,57913.44,39148,79,17195.2,18779.3,2465.44,2783.5,10613.88,28875.51,-3478.39
2026-06-16T10:00:00-05:00,26.38,30.32,25.533,820,16078.67,61250.92,60331.2,37007,81,21661.79,21695.9,2423.39,2786,13363.95,28702.99,-4951.81
2026-06-16T11:00:00-05:00,25.99,31.47,25.638,633,16059.17,63654.25,62818.13,36304,83,24514.04,23696.1,2687.47,2694.5,15125.47,28436.12,-4935.83
2026-06-16T12:00:00-05:00,26.9,31.54,27.035,647.5,15679.67,65909.33,65453.07,37523,84,25840.03,24972.6,2367.73,2624.3,16062.89,28773.08,-3824.74
2026-06-16T13:00:00-05:00,27.69,23.98,23.61,807,15796.5,68147.67,68056.53,38129,86,27256.98,25551.5,2639.34,2666.8,16455.36,28138.92,-3038.4
2026-06-16T14:00:00-05:00,30.09,23.47,22.912,794.17,15745.67,70216.67,70042.95,38634,87,27768.84,25425.4,3669.66,2868.7,16178.34,27918.51,-1409.54
2026-06-16T15:00:00-05:00,32.14,24.938,24.15,584.33,15727.17,72031.33,71184.33,40198,88,26923.99,25121.1,4799.59,3137.6,16065.74,28370.19,-419.41
2026-06-16T16:00:00-05:00,36.19,26.835,24.907,212.67,15585.08,73411.5,71997.05,41059,88,26676.99,24595.5,5655.24,3560.5,16284.62,28904.47,-720.71
2026-06-16T17:00:00-05:00,36.56,30.322,25.635,209,15630.17,73625,72117.77,41227,88,26375.6,22961.9,6022.33,4374.7,16506.35,28804.67,-430.82
2026-06-16T18:00:00-05:00,43.07,34.2,29.23,209,15639,73378.75,71484.23,44265,88,22354.6,19072.6,6804.8,5710.3,16501.42,31035.97,174.53
2026-06-16T19:00:00-05:00,51.78,35.67,35.205,209,15677.33,72283.33,69890.74,51683,86,12111.16,9751.2,8669.53,7694.6,14328.15,34396.94,3124.73
2026-06-16T20:00:00-05:00,51.31,36.945,36.19,209,15687.42,69828.17,67922.54,57289,83,1523.41,1148.6,11187.4,10517,10664.89,35089.41,7609.89
2026-06-16T21:00:00-05:00,43.6,32.02,31.692,209,15770.08,68009.17,66435.68,52453,81,0.61,0.3,15802.41,13738.3,12186.45,34599.83,3648.51
2026-06-16T22:00:00-05:00,34.55,27.637,27.147,209,16060.5,64773.33,63331.19,46001,80,0.72,0,19101.01,16505.3,12423.2,31420.32,436.97
2026-06-16T23:00:00-05:00,24.94,24.71,24.27,209,16041.83,60914.42,59823.68,41248,79,1.14,0,19801.17,18455.3,12657.05,27908.86,-314.09
2026-06-17T00:00:00-05:00,24.62,24.605,24.283,209,15669.33,57531.08,57079.29,37320,78,1.11,0,20320.9,20560,12431.99,24927.31,54.03
2026-06-17T01:00:00-05:00,23.58,22.385,21.875,209,15706.33,55246.58,54423.66,34557,78,1.1,0,20576.84,21003.5,12626.59,23302.54,-635.81
2026-06-17T02:00:00-05:00,22.28,21.635,21.263,209,15917,53789.17,52505.45,33249,77,13.09,0,20354.76,20952.8,13149.31,22382.81,-775.26
2026-06-17T03:00:00-05:00,21.05,20.975,20.802,209,16215.33,52858.33,51354.03,32600,76,5.92,0,20076.93,20561.5,13962.73,22133.82,-1009.01
2026-06-17T04:00:00-05:00,21.6,21.41,21.213,209,15669,52584.83,51188.44,33376,76,0.53,0,18996.45,19964,14152.43,22486.92,-459.22
2026-06-17T05:00:00-05:00,23.85,24.19,23.79,209,15594.42,53573.5,52326.21,34963,76,0.69,0,18530.68,19207.4,13810.94,23197.44,163.92
2026-06-17T06:00:00-05:00,24.77,24.325,23.987,216.92,15815.5,54947.83,53573.38,36558,76,191.63,306,18135.4,18485.2,12831.68,23517.95,912.27
2026-06-17T07:00:00-05:00,22.51,20.462,19.76,312.33,16082.25,56506.25,54685.89,33473,77,6012.72,6435.5,16816.22,17533.8,12896.62,21679.03,-36.62
2026-06-17T08:00:00-05:00,19.28,20.525,17.207,414,16370.08,58513.33,56722.73,27977,79,16800.89,18329.9,13585.69,16611.8,14290.74,19789.11,-3090.83
2026-06-17T09:00:00-05:00,23.55,25.577,17.282,532.33,16889.08,60843.25,59659.35,26031,82,21417.96,24795.5,13167.88,16261.3,16301.68,19426.19,-4446.43
2026-06-17T10:00:00-05:00,22.84,32.127,16.418,580.67,17032.33,63951,63120.05,25269,84,25253.95,27912.5,13122.22,15780.8,18034.32,18588.22,-4418.26
2026-06-17T11:00:00-05:00,25.9,23.477,14.703,433.58,17289.75,67384.08,66814.77,26977,87,27018.41,29652.7,13112.2,15014.1,17687.2,19088.13,-3138.74
2026-06-17T12:00:00-05:00,29.21,19.632,11.438,292.33,17217.92,70859,70236.3,28765,89,28954.46,30643.4,12916.76,14128.9,17365.57,19443.3,-1669.37
2026-06-17T13:00:00-05:00,31.52,33.62,15.472,209,16818,74192.33,73350.45,31380,91,29723.89,29706.3,12882.01,13413.8,16648.34,20896.66,-693.19
2026-06-17T14:00:00-05:00,35.86,40.475,20.85,209,15819.67,76719.5,75442.17,33641,92,30099.93,29561.3,12849.07,13198.2,16750.02,23079.81,-520.37
2026-06-17T15:00:00-05:00,35.24,28.368,19.175,209,15713.67,77644.5,76829.15,35112,93,29304.19,29127,13366.71,13431,17315.68,24201.52,-465.53
2026-06-17T16:00:00-05:00,37.23,27.008,18.575,209,14776.5,78264.83,77850.33,36175,93,28586.84,29071.9,13609.9,14108.8,17400.74,24988.22,-315.29
2026-06-17T17:00:00-05:00,35.31,23.928,17.715,209,14307.83,78288.67,78287.43,37241,92,26361.32,27512.8,14859.95,15291.2,17841.69,26121.26,-577.3
2026-06-17T18:00:00-05:00,35.82,28.253,21.197,209,14382.5,77858.67,77675.9,39960,90,22134.68,23004.5,15993.25,17129,16957.78,27588.15,157.54
2026-06-17T19:00:00-05:00,43.44,38.995,31.175,209,14365.5,76571.83,76013.06,48523,88,11253.18,11976.6,17120.81,19258.9,13690.29,30958.59,3576.7
2026-06-17T20:00:00-05:00,45.69,36.613,35.558,209,14297,74314.58,73241.72,54783,85,1226.45,1196.8,18603.18,21655.1,10609.29,32663.34,6455.69
2026-06-17T21:00:00-05:00,39.04,35.507,34.832,209,14323.5,72448.92,71419.11,52088,83,0.29,0,20723.39,24311.5,10497.26,32418.12,4120.52
2026-06-17T22:00:00-05:00,32.25,28.173,27.575,209,14535.33,68824,68109.52,46487,83,0.44,0,22796.79,26302.1,11168.15,30328.17,717.84
2026-06-17T23:00:00-05:00,26.33,24.735,23.847,209,14870.42,64892.83,64113.81,40969,81,0.82,0,24263.21,27276.6,11913.53,27483.7,109.99
2026-06-18T00:00:00-05:00,23.67,23.173,22.723,209,15260.33,61285.58,60196.22,37222,80,0.92,0,24361.7,26949.4,12116.89,26106.02,-275.86
2026-06-18T01:00:00-05:00,21.73,21.633,21.855,209,15005.67,58468.08,57589.97,35163,79,0.4,0,23629.35,26524.2,12360.72,25559.4,-746.19
2026-06-18T02:00:00-05:00,21.38,20.978,21.365,209,15333,56499.17,55829.11,33974,79,0.24,0,22781.96,25676.2,12873.79,25155.89,-1299.11
2026-06-18T03:00:00-05:00,20.7,22.12,22.148,209,15686,55447.5,54457.22,34495,78,0.2,0,21168.83,24753.5,13173.55,25309.29,-866.79
2026-06-18T04:00:00-05:00,21.28,22.805,22.9,209,15775,55464.58,54049.34,35836,78,0.13,0,19767.59,23697.9,13395.26,25568.88,-296.3
2026-06-18T05:00:00-05:00,22.54,22.935,23.133,209,15775,56393,55068.09,36712,78,0.3,0,19780.75,22586.4,13103.24,25939.35,-203.6
2026-06-18T06:00:00-05:00,25.27,22.788,22.382,209.83,15796.33,57305.17,56146.92,36646,77,331.61,319.6,20450.53,21556.6,13084.48,25681.58,31.31
2026-06-18T07:00:00-05:00,23.51,17.705,16.812,230.25,15903.08,58920.08,57460.82,31837,79,7272.99,7088.4,19683.03,20120.7,14681.4,22815.93,-1434.03
2026-06-18T08:00:00-05:00,18.73,21.898,14.443,354,16355.33,61919.17,60286.68,26569,82,17814.12,20188,17490.53,18641.6,16356.83,20358.41,-3716.55
2026-06-18T09:00:00-05:00,21.61,26.773,11.605,354,16455.5,65621.92,64343.91,25207,85,24506.23,27402,15750.31,17752.9,17730.18,19532.22,-4381.1
2026-06-18T10:00:00-05:00,28.89,32.515,10.697,354,16151,69900,68730.03,28031,88,27886.82,30357.6,13759.67,16668.2,17456.88,19777.44,-1726.25
2026-06-18T11:00:00-05:00,39.23,33.69,18.405,324.67,16133.5,74275.83,73108.04,32713,90,29711.02,31875.6,11632.13,15572.8,16766.17,23050.48,-798.7
2026-06-18T12:00:00-05:00,45.05,43.602,25.98,298.75,16190.92,77860.17,77153.04,36419,91,30184.27,32648.3,11114.44,14817.2,15727.89,25403.46,-75.82
2026-06-18T13:00:00-05:00,48.46,45.243,29.79,175,16393.33,79906,80728.9,38279,93,30034.22,31938.9,11477.87,14511.4,15415.55,26760.55,-248.11
2026-06-18T14:00:00-05:00,48.31,61.705,29.532,175,16512.17,81554.92,82851.15,39388,94,30287.86,31956.7,11804.85,14757.8,15624.27,27916.03,-657.79
2026-06-18T15:00:00-05:00,50.54,50.505,32.05,175,16000,82492.42,83864.54,40319,94,29906.11,31670.4,12177.47,15285.4,15855.98,29317.61,-845.38
2026-06-18T16:00:00-05:00,52.57,41.782,35.983,175,16419.33,82593.83,84338.6,42666,94,27350.26,30383,12531.52,16031.7,15699.54,31058.4,-215.08
2026-06-18T17:00:00-05:00,48.36,39.32,35.033,175,17132,82225.92,84210.78,44358,93,24109.44,28623.6,13678.23,17245.7,15857.98,32471.53,-201.11
2026-06-18T18:00:00-05:00,47.86,40.475,37.812,175,17129,82056.17,83230.38,47808,92,17225.69,23049.5,16907.07,18891,15192.44,34679.66,808.03
2026-06-18T19:00:00-05:00,57.96,53.218,52.125,175,16933.5,81082.75,81087.34,53150,89,6901.78,8495.5,21046.01,20177.3,14207.71,37073.74,2774.52
2026-06-18T20:00:00-05:00,61.75,48.715,48.61,175,16421.5,78998.5,78030.64,56562,86,543.85,844.2,21839.16,20960.7,12280.32,38192.21,4460.87
2026-06-18T21:00:00-05:00,57.6,49.078,49.082,175,16162,76725.33,75743.5,56398,85,1.04,0,20403.17,21764.3,10684.29,38218.58,4189.19
2026-06-18T22:00:00-05:00,49.54,57.227,56.815,175,16050.67,73287.33,71708.99,54569,83,0.58,0,18819,22183.9,9736.42,37684.75,2722.66
2026-06-18T23:00:00-05:00,38.66,76.502,76.517,175,15803,69160.25,67153.34,53586,82,0.61,0,15741.89,21390.8,8092.62,37369.27,2102.94
2026-06-19T00:00:00-05:00,44.16,72.89,72.663,175,15762.33,65335.5,62463.88,51920,81,0.56,0,13656.42,18369,7220.24,37059.96,632.19
2026-06-19T01:00:00-05:00,39.05,50.273,50.318,175,15698.33,62591.67,59261.92,49542,81,0.57,0,13092.53,16582,8041.31,36423.63,-1167.24
2026-06-19T02:00:00-05:00,37.12,50.387,50.54,175,15286.5,60515.92,56867.48,48869,81,0.57,0,11784.5,14881.5,8980.86,35665.64,-1236.78
2026-06-19T03:00:00-05:00,35.22,44.86,45.125,175,14898,59316.83,55789.77,48279,80,0.61,0,11091.32,13787.6,10087.68,35402.88,-1446.88
2026-06-19T04:00:00-05:00,36.35,34.578,34.145,175,14622.67,58732.92,55479.22,46243,79,0.63,0,12567.34,12484.9,11559.18,33539.89,-1539.89
2026-06-19T05:00:00-05:00,40.18,34.223,34.512,175,14584.33,59303.33,56288.96,46678,79,0.63,0,12618.92,11446.7,11690.52,33269.14,-649.68
2026-06-19T06:00:00-05:00,36.68,30.627,30.155,174.17,14455.92,59791.75,57465.18,45618,77,69.86,181.6,14169.52,10698.1,11474.51,32343.3,-603.78
2026-06-19T07:00:00-05:00,32.89,26.597,26.122,165,13872.83,59601,58778.82,41397,78,1799.39,3478.2,16559.59,9463.6,13092.88,30312.2,-1532.37
2026-06-19T08:00:00-05:00,29.8,28.727,27.843,165,14003.5,60655.5,61460.21,39674,78,4904.94,9780.5,15959.06,8513.4,14139.1,30662.03,-3033.09
2026-06-19T09:00:00-05:00,29.81,26.08,25.35,165,14324.33,62857.83,64539.87,38522,79,7885.08,14096.2,16489.55,8281.5,15610.92,30535.1,-4054.09
2026-06-19T10:00:00-05:00,31.38,26.65,26.632,170,14125.17,64871.08,68033.08,38750,81,10407.66,17970.3,15781.64,7683.7,16634.65,30776.59,-4629.26
2026-06-19T11:00:00-05:00,35.06,41.355,26.893,195,14084.5,66964.33,71319.87,39524,82,12447.54,20173.5,14960.26,6818.7,17436.86,30132.24,-3026.87
2026-06-19T12:00:00-05:00,41.63,56.01,25.997,195,14478.33,68261.08,74506.3,39261,83,15556.15,22023.4,13476.76,6227.3,17320.27,29346.91,-1373.52
2026-06-19T13:00:00-05:00,45.45,53.665,25.302,195,14956.58,69506.17,77309.26,39885,83,18609.2,24152.2,11121.69,6239.1,16885.84,29329.47,-664.36
2026-06-19T14:00:00-05:00,45.5,47.905,22.815,195,14836,70405.42,79022.97,39463,83,21960.05,24335,9023.2,6587.2,16875.26,28563.57,-198.62
2026-06-19T15:00:00-05:00,47.37,58.43,28.565,195,14806.17,70633.08,79498.08,41591,84,22037.87,23318.5,6991.96,7274.3,16276.05,30569.68,-115.83
2026-06-19T16:00:00-05:00,51.08,60.77,31.067,195,14892.83,70982.75,78966.76,43087,84,22756.19,21454.2,5182.5,8499.4,16337.2,31990.53,-37
2026-06-19T17:00:00-05:00,45.64,74.137,33.068,195,14492,70183.67,77726.8,45442,84,20210.96,18832.4,4603.04,9882.3,16343.41,33970.12,12.05
2026-06-19T18:00:00-05:00,43.08,34.275,31.902,195,14230.08,69004.08,75624.46,48199,83,15840.79,14643.4,5054.35,10870.4,16382.34,35846.69,-372.74
2026-06-19T19:00:00-05:00,55.03,51.208,50.18,195,14461.42,67148,72914.03,53710,82,8514.45,7691.2,5084.84,11107.5,14318.52,38217.43,2020.13
2026-06-19T20:00:00-05:00,64.16,52.76,51.91,195,14720,65642.25,70494.26,57912,81,1051.62,950.5,6799.33,11494,12553.16,39505.07,4800.28
2026-06-19T21:00:00-05:00,66.89,40.682,39.822,195,14746.58,64769.25,69115.88,55424,80,1.89,0,9514.37,12154.2,12889.91,38734.18,3767.01
2026-06-19T22:00:00-05:00,69.77,34.387,32.717,195,14759,62749.75,66503.66,51439,80,2.02,0,11545.28,12603.6,12834.76,35740.98,2528.55
2026-06-19T23:00:00-05:00,52.3,31.47,30.397,195,13969.75,60208.25,63469.24,49150,79,1.95,0,11311.37,12474.4,12608.95,34267.46,1210.01
2026-06-20T00:00:00-05:00,42.81,34.315,34.247,195,14801.5,57712.33,60096.02,47073,78,1.91,0,10869.12,9870.6,11026.03,33027.44,1020.21
2026-06-20T01:00:00-05:00,39.5,32.818,32.458,195,14840.67,55583.17,57321.31,45645,77,1.96,0,10159.52,9307,11085.59,32311.85,-167.89
2026-06-20T02:00:00-05:00,36.3,27.072,27.04,195,14732.33,53742.33,55090.7,43427,76,1.88,0,10455.92,8678.1,12261.34,30933.87,-871.38
2026-06-20T03:00:00-05:00,36.15,24.625,24.723,195,14924,52702.25,53658.51,41633,75,1.97,0,11259.58,8209.4,12961.58,29921.04,-1032.65
2026-06-20T04:00:00-05:00,34.89,24.108,24.117,195,14794.67,51934.58,52814.04,40358,75,1.72,0,11727.18,7630.3,13369.51,29505.5,-1141.26
2026-06-20T05:00:00-05:00,36.69,24.05,24.05,195,15070.33,51613.67,52079.29,40877,74,1.87,0,10816.61,7081.2,13219.92,29288.84,-64.99
2026-06-20T06:00:00-05:00,34.24,28.383,23.69,195,15686.17,51813.58,52006.64,42749,74,124.79,201.3,8998.57,6686.3,12725.83,30029.7,628.89
2026-06-20T07:00:00-05:00,29.21,29.265,24.192,195,16267.17,52408.17,53073.68,41486,75,4012.6,4287.9,6885.34,6201.7,11908.82,29100.29,28.44
2026-06-20T08:00:00-05:00,23.68,26.09,25.485,195,16451.33,54836.83,55977.7,38670,77,11119.02,12415,4909.7,5873.9,12866.43,27932.74,-1263.84
2026-06-20T09:00:00-05:00,23.52,32.55,21.553,195,16589.75,57831.67,59526.41,36322,80,17056.53,18134.1,4289.56,5850.2,13993.9,26886.86,-2238.37
2026-06-20T10:00:00-05:00,23.22,35.938,24.95,195,16507,61539,63149.5,35754,82,22290.11,22310.6,3292.42,5769,15131.36,26954.62,-2565.95
2026-06-20T11:00:00-05:00,23.89,38.913,26.39,195,16591.92,64736.42,66710.64,37001,84,24790.75,24857.4,2787.88,7356.3,15103.06,27299.65,-1477.2
2026-06-20T12:00:00-05:00,28.18,31.887,25.19,195,16625.83,66653.42,69546.73,37431,85,26322.65,26870.3,2824.65,7493.2,15074.87,27597.5,-1112.66
2026-06-20T13:00:00-05:00,29.33,27.902,25.562,195,16572,68051.42,71321.77,37858,87,26718.07,28039.3,3414.88,7893.6,15125.38,27818.74,-762.97
2026-06-20T14:00:00-05:00,31.7,29,27.66,195,16606.58,69529.42,72776.19,39042,88,25593.58,28093.1,4841.11,8877.3,14778.16,28551.88,-492.36
2026-06-20T15:00:00-05:00,31.05,25.023,25.02,195,16952.5,70611.92,73802.94,38887,88,24538.97,27062.4,7194.67,10163.6,15414.28,28436.74,-1127.17
2026-06-20T16:00:00-05:00,30.37,27.17,27.16,195,16575.33,70607.42,74099.96,39866,87,23354.19,25314.2,7480.71,11746,15080.22,28977.88,-997.47
2026-06-20T17:00:00-05:00,28.64,25.493,25.46,195,16352.75,70134.5,73605.17,39319,88,21770.18,22926.3,9165.33,13819.8,15577.75,28640.57,-1172.78
2026-06-20T18:00:00-05:00,29.91,26.152,26.152,195,16273.08,69201.33,72294.19,39331,86,18283.94,18393.2,11771.61,16137.4,15885.42,28615.62,-1329.44
2026-06-20T19:00:00-05:00,35.04,29.553,29.44,195,16225.83,67965.75,70593.61,43396,85,10259.38,9771.1,14529.79,18372.4,14147.65,29327.48,1447.49
2026-06-20T20:00:00-05:00,35.97,30.003,29.938,195,16127.92,66307.25,68508.83,48464,83,1519.26,1113.4,16463.68,20532.9,11530.79,30165.05,5389.4
2026-06-20T21:00:00-05:00,34.87,26.658,26.71,195,14767,65163.67,67287.59,46644,81,212.9,0,18538.38,22610.5,11664.25,29588.08,4274.53
2026-06-20T22:00:00-05:00,28.72,24.823,24.913,195,14767,62753.33,65144.33,42135,80,27.07,0,20924.47,24292.9,12276.24,28585.26,1213.62
2026-06-20T23:00:00-05:00,25.07,24.108,24.18,195,14467.17,59873.83,62238.55,38374,79,2.61,0,21847.82,25394.2,11936.07,26478.65,390.81
2026-06-21T00:00:00-05:00,24.56,23.117,23.082,195,14636.5,57121.17,58121.31,35121,78,2.88,0,22340.27,23361.1,11651.74,23755.36,257.78
2026-06-21T01:00:00-05:00,23.24,22.215,21.917,195,14697,54688.83,56081.23,32320,77,2.77,0,22667.91,23661.3,11934.8,22026.34,5.63
2026-06-21T02:00:00-05:00,22.21,20.595,20.895,195,14430.33,53000.67,54560.86,30421,77,2.66,0,22805.69,23582.7,11989.62,20316.63,-45.84
2026-06-21T03:00:00-05:00,21.39,19.335,20.017,195,14424.5,51707.5,53120.76,29354,76,3.1,0,22542.6,23755.2,11933.04,19504.76,-129.59
2026-06-21T04:00:00-05:00,20.21,19.968,20.152,195,14451.83,51262.33,52159.46,29300,76,3.14,0,22119.38,23682.4,11936.77,19549.82,-281.33
2026-06-21T05:00:00-05:00,21.09,19.855,20.237,195,14812,51051.42,51875.59,29498,75,2.91,0,21664.36,23520.5,11675.36,19373.1,75.84
2026-06-21T06:00:00-05:00,19.79,21.675,22.033,195,14766.58,50924.42,51308.57,29950,75,225,288.8,20890.53,23403.8,11296.14,19544.38,165.45
2026-06-21T07:00:00-05:00,17.41,18.237,18.477,195,14380.83,51439.42,52048.98,25509,76,5201.95,6132.4,20715.3,23832.9,11826.65,16559.01,-578.14
2026-06-21T08:00:00-05:00,15.82,18.957,16.03,195.83,14297.58,54170.08,55251.95,21473,79,12711.55,17553.1,19964.36,25031.5,13989.52,15975.37,-3147.7
2026-06-21T09:00:00-05:00,18.08,21.8,17.762,205,14412.33,56946.5,59268.88,20763,81,15667.24,24095.4,20530.08,25193.3,16345.31,16685.38,-3896.5
2026-06-21T10:00:00-05:00,19.88,23.257,19.062,205,14361.67,59727.33,63334.98,20830,83,18346.18,28152.5,20582.5,24818.6,18486.68,17089.98,-4730.79
2026-06-21T11:00:00-05:00,27,18.13,15.63,205,14015.58,62516.83,67218.32,20552,86,21735.96,29792.1,20180.01,24389.1,19359.12,15543.4,-3539.48
2026-06-21T12:00:00-05:00,39.42,15.503,13.325,205,13705.83,66060.58,70746.92,20828,88,25863.22,30701.7,19275.49,23842.3,18921.63,14573.33,-1876.99
2026-06-21T13:00:00-05:00,46.5,19.218,15.19,205,13628.75,69872.25,73697.13,23581,90,27904.89,31295.7,18314.86,22996.7,18174.3,16165.32,-914.06
2026-06-21T14:00:00-05:00,41.94,25.638,18.025,205,13615,72741.67,75906.83,26294,92,29347.11,31325.2,17108.47,22335.4,17926.57,18276.03,-752.34
2026-06-21T15:00:00-05:00,35.77,21.733,20.192,205,13623.83,74896.83,77466.16,29126,93,29132.89,30969,16654.95,21840.5,17452.4,20583.92,-536.71
2026-06-21T16:00:00-05:00,36.71,30.34,24.282,205,13628.33,76824.08,78495.47,32156,93,27830.15,30005.2,16841.32,22084.4,16947.51,22165.69,-333.48
2026-06-21T17:00:00-05:00,33.12,30.165,24.492,205,13864,77762.58,78837.45,34464,93,25889.26,28574.4,17507.53,22539.4,17224.56,24094.24,-442.45
2026-06-21T18:00:00-05:00,32.21,28.897,24.883,205,14308.75,77422.67,78133.39,36511,92,21641.64,23885.8,19470.85,23226.7,16803.46,26070.79,23.16
2026-06-21T19:00:00-05:00,36.84,35.76,34.45,205,14530,75782.5,76325.72,42765,90,11233.32,12210.6,22092.37,24284.4,14188.39,28330.27,2484.74
2026-06-21T20:00:00-05:00,38.01,36.778,37.148,205,14518.33,73493.83,73522.75,48929,88,1301.15,1281.8,23563.3,26015,10461.88,29838.86,6311.3
2026-06-21T21:00:00-05:00,41,31.197,31.875,205,14394.5,72003.17,71671.24,47182,85,2.06,0,25092.35,27553.7,10422.56,29458.82,4897.98
2026-06-21T22:00:00-05:00,34.11,29.095,29.965,205,14370.67,69091.75,68510.45,43382,84,1.89,0,26051.21,28263.3,9943.61,28703.88,1637.66
2026-06-21T23:00:00-05:00,27.27,24.088,24.845,205,14564.67,65521.67,64627.96,39477,83,2.14,0,26408.13,28937.8,10776.11,26785.51,185.02
2026-06-22T00:00:00-05:00,25.15,23.042,23.875,205,14297,62340.92,59679.43,35401,82,2.59,0,27223.06,28919.1,11406.09,24080.26,-178.44
2026-06-22T01:00:00-05:00,23.21,21.815,22.413,205,14242.17,60274.08,57136.7,32942,82,2.91,0,27574.31,28399.3,12040.5,23083.24,-669.43
2026-06-22T02:00:00-05:00,22.22,20.548,21.43,248.75,14076.33,58594.58,55461.82,31527,81,2.73,0,27292.28,27694.5,12674.86,22587.49,-1188.7
2026-06-22T03:00:00-05:00,22.59,20.665,21.61,642.5,14095.33,57683.67,54402.18,31839,81,2.16,0,25970.2,26872.9,12612.42,22677,-573.34
2026-06-22T04:00:00-05:00,23.69,22.528,23.7,205,13925,57468.67,54317.02,32959,81,2.21,0,24668.22,25579.3,12629.99,23730.93,-606.87
2026-06-22T05:00:00-05:00,25.94,22.77,23.828,205,14362,58357.42,55587.77,33697,80,2.6,0,24771.41,24129.9,12840.46,24258.12,-310.23
2026-06-22T06:00:00-05:00,26.03,28.362,28.575,205,14977.33,59157.83,56697.05,37320,78,77,232.6,21895.63,22770.4,11643.61,25452.01,778.65
2026-06-22T07:00:00-05:00,23.77,28.633,28.83,205,15548.08,58939.08,58072.96,37805,79,3770.68,5305.5,17341.11,21298.1,10752.83,25687.88,103.04
2026-06-22T08:00:00-05:00,19.2,23.675,23.57,205,16068,61453.5,60833.08,32627,81,13318.05,15879.8,15306.53,20379.4,12646.2,23490.98,-2161.77
2026-06-22T09:00:00-05:00,20.15,21.575,21.438,209.17,16391.67,64792.5,64406.54,27865,84,21770.62,21855,14963.99,19660.7,15307.87,22026.42,-4474.16
2026-06-22T10:00:00-05:00,23.6,23.427,21.647,255,16165.75,69113.75,68187.31,27711,87,26288.97,25217.2,14873.73,18546.3,16455.54,22105.28,-3764.38
2026-06-22T11:00:00-05:00,28.98,28.043,23.425,250.83,16067.67,73259.92,71816.05,30180,90,28972.3,27102.9,13906.14,17481.9,16264.37,22990.27,-2664.8
2026-06-22T12:00:00-05:00,38.55,28.385,24.365,205,15478.5,76886.17,75104.1,32830,91,30496.84,28337.6,13448.57,16569.2,16102.62,23789.77,-1313.24
2026-06-22T13:00:00-05:00,37.49,37.555,29.285,205,15207.67,79828.92,77902.31,36435,92,30502.73,29361.3,12838.79,15864.6,15119.11,25597.13,-366.82
2026-06-22T14:00:00-05:00,36.52,44.755,42.005,205,15228,81330.08,79522.68,39433,93,29733.35,30228.4,12175.61,15819.2,14070.71,27791.87,135.47
2026-06-22T15:00:00-05:00,39.27,38.283,35.788,205,15277.67,81953.83,80390.9,39997,94,29717.55,30409.2,12267.44,16170.6,14977.06,29205.22,-932.19
2026-06-22T16:00:00-05:00,37.97,38.155,35.01,201.67,15140.67,82053.75,81045.69,40701,94,28578.34,30269.9,12873.79,16667.7,16094.7,30353.53,-1505.42
2026-06-22T17:00:00-05:00,33.07,38.845,34.705,195,14716.33,81922.67,81056.1,42365,94,25730.82,28653.4,13910.22,17615.3,16003.52,31274.58,-1129.4
2026-06-22T18:00:00-05:00,33.46,41.003,40.83,195,14571.67,81470.08,80159.7,45099,92,21275.07,23567.5,15237.8,18515.9,16175.97,32877.73,-103.13
2026-06-22T19:00:00-05:00,49.46,66.027,66,195,14218.67,79756.33,78185.75,52773,90,10148.74,10720.9,17061.18,19267.6,12964.15,35945.56,4087.12
2026-06-22T20:00:00-05:00,57.55,70.085,70.048,195,14472.33,77169,75300.87,58510,87,997.27,1075.6,17875.88,20057.4,9526.31,37084,8477.97
2026-06-22T21:00:00-05:00,50.82,57.188,57.23,195,14266.67,74838.25,73192.6,56179,86,1.58,0,18950.18,21065.1,9867.71,37874.89,4750.97
2026-06-22T22:00:00-05:00,53.49,40.283,40.387,195,13624,71134.08,69570.32,51018,84,1.95,0,20536.58,21442.7,10043.04,35954.51,1793.18
2026-06-22T23:00:00-05:00,41.59,35.87,35.882,195,13465.42,67024.33,65440.49,46813,83,1.83,0,20588.45,21726.3,9714.41,33758.94,220.07
2026-06-23T00:00:00-05:00,40.33,36.81,36.882,195,13111.33,63628.83,61805,44465,82,1.25,0,19516.86,19238.5,8842.07,31415.53,257.82
2026-06-23T01:00:00-05:00,33.9,29.175,29.21,195,13358.5,60942.08,58802.24,42823,81,0.96,0,18410.47,18170.7,9169.17,30370.18,-818.67
2026-06-23T02:00:00-05:00,30.96,28.25,28.215,195,13403.67,58951.42,56524.92,41486,80,0.76,0,17718.25,17404.1,9814.51,29426.95,-1131.93
2026-06-23T03:00:00-05:00,29.76,27.6,27.648,195,13331.17,57593,55261.44,41208,79,0.64,0,16580.89,16740.9,9884.15,28819.57,-620.03
2026-06-23T04:00:00-05:00,30.36,27.715,27.758,195,13202,57321.92,55080.74,41580,79,0.6,0,15854.23,15742,9907.49,28815.68,-304.01
2026-06-23T05:00:00-05:00,32.38,29.795,29.807,195,13247.5,57814.08,55886.94,42848,78,0.72,0,14991.94,14789.6,9821.43,29463.16,239.79
2026-06-23T06:00:00-05:00,34.08,33.017,33.017,207.5,13327,58479.83,57190.11,44698,78,148.75,239,13706.33,13535.4,8862.13,30120.63,1331.13
2026-06-23T07:00:00-05:00,29.07,27.5,27.5,336.67,13512.92,59470.08,58280.67,41842,80,5764.14,5559.3,11811.1,13334.9,9270.99,28818.41,-262.83
2026-06-23T08:00:00-05:00,22.77,22.445,22.39,295,13884,62186.92,60739.33,33792,82,15985.59,16600.6,12274.11,13950.2,11724.94,25355.56,-2693.77
2026-06-23T09:00:00-05:00,22.36,24.425,23.718,295,13999.33,65460.17,64020.48,30232,85,20989.51,22932.3,14088.29,13631.4,14055.17,23771.28,-4050.98
2026-06-23T10:00:00-05:00,23.78,26.705,24.003,295,14388.33,68988.5,67586.93,29869,87,26432.91,26231.7,11820.77,13330.5,16201.33,23234.61,-5250.59
2026-06-23T11:00:00-05:00,26.82,25.797,23.268,295,14417.25,72392.5,71162.36,31215,89,28244.2,28139.2,12823.02,13636,16226.32,23442.65,-3588.44
2026-06-23T12:00:00-05:00,29.15,28.427,21.55,295,14087.5,75616.17,74990.87,32608,91,27506.86,29484.7,15399.29,13917.2,16211.49,23668.35,-2448.72
2026-06-23T13:00:00-05:00,37.58,30.375,19.898,295,13969.17,78407.58,78414.15,33089,92,27724.77,30977.2,17553.79,14646.1,16810.51,23804.37,-1393.72
2026-06-23T14:00:00-05:00,39.12,36.41,20.088,295,14445.08,80200.92,80214.76,34488,94,26699.35,31351.8,19062.09,15585.3,16260.58,24261.63,-673.25
2026-06-23T15:00:00-05:00,36.6,36.005,24.508,286.67,13366.42,81343.33,81099.71,36435,94,25399.35,31399.4,19553.92,16901,16065.11,26025.31,-703.17
2026-06-23T16:00:00-05:00,34.6,42.045,35.323,195,13173.83,81724.92,81747.56,38555,94,23389.5,32457.8,19895.4,18141.7,15654.07,26828.68,-358.53
2026-06-23T17:00:00-05:00,31.71,42.205,43.52,195,13762,81149,81787.15,39615,93,20461.73,31539.6,21207.74,19584.8,15934.31,27375.85,-564.13
2026-06-23T18:00:00-05:00,31.7,45.62,51.655,195,14069.67,79696.92,80739.08,42812,91,14628.3,26757.9,22507.81,21184.2,15734.7,29507.31,160.12
2026-06-23T19:00:00-05:00,44.63,41.16,37.523,195,14011.33,77855.08,78755.66,48140,88,6539.03,13009,23516.27,22392.9,13537.01,31473.98,2648.71
2026-06-23T20:00:00-05:00,43.14,37.13,36.273,195,13524.67,75924.5,76098.01,51741,86,895.89,1296.1,23610.33,23927.3,11234.05,32897.92,4867.55
2026-06-23T21:00:00-05:00,41.01,38.445,38.428,195,13697,73462.5,74057.71,51599,85,9.89,0,22220.56,25587.7,8874.24,32590.11,5337.12
2026-06-23T22:00:00-05:00,32.79,40.85,40.977,195,13711.33,69550.83,70498.15,49035,83,2.48,0,20889.95,26025.8,8219.15,32902.14,2305.62
2026-06-23T23:00:00-05:00,28.09,35.247,35.247,195,13717,65494,66517.64,45730,82,2.62,0,19968.24,26552.2,8119.37,31632.57,403.85
2026-06-24T00:00:00-05:00,26.02,27.425,27.425,195,14947.17,62351.92,62919.07,40261,81,3.45,0,22257.58,25871.2,8699.34,27539.92,-337.45
2026-06-24T01:00:00-05:00,24.41,27.107,27.26,195,15036,59705.33,59688.06,37363,81,3.38,0,22495.84,25564.3,8996.82,24849.62,-431.53
2026-06-24T02:00:00-05:00,23.91,25.17,25.483,195,14759.17,57693.5,57289.57,36044,79,3.19,0,21781.31,24917.3,9650.78,23867.62,-348.7
2026-06-24T03:00:00-05:00,23.55,25.692,25.97,195,14506.33,56413.33,55927.89,36104,79,2.4,0,20387.26,24307.3,9747.09,23832.48,-187.81
2026-06-24T04:00:00-05:00,24.25,29.713,30.023,195,14468.33,56017.42,55497.06,37751,78,1.69,0,18277.11,23445,8991.23,24742.13,108.33
2026-06-24T05:00:00-05:00,25.03,33.563,34.065,195,14467,56446.92,55986.1,39831,78,1.7,0,16551.58,22375.3,8118.8,26270.52,400
2026-06-24T06:00:00-05:00,27.78,30.885,30.933,195,14450.17,57142.08,56940.99,41270,77,206.85,301.6,15622.8,21149.8,7896.94,27357.11,662.82
2026-06-24T07:00:00-05:00,24.34,26.168,26.168,195.17,14537.08,58095.33,57690.28,39034,79,5656.21,7007.7,13286.87,19275.6,8399.79,26511.6,-309.24
2026-06-24T08:00:00-05:00,19.94,23.33,23.277,197,14162.08,60873.58,60158.44,32536,81,16079.24,19906,12025.17,18083.6,10838.9,24182.08,-2632.94
2026-06-24T09:00:00-05:00,20.43,24.605,24.197,201.17,14369.67,64332.42,63981.19,29414,84,21734.14,26874.3,12929.49,17289.2,13973.02,23617.22,-4991.84
2026-06-24T10:00:00-05:00,22.95,24.573,24.653,247,14381.08,68052.5,68150.4,29495,86,27375.25,29874.3,10941.61,15665.6,16737.88,23802.4,-5455.48
2026-06-24T11:00:00-05:00,27.51,24.69,24.025,242.83,14243,71829.75,72310.97,31302,89,30438.58,31360.9,9902.19,14314.8,16977.37,23770.43,-3432.47
2026-06-24T12:00:00-05:00,30.93,36.11,22.805,197,14066.83,75630.17,76001.65,32952,90,31206.58,32594.7,11265.92,13581.5,17446.19,24454.04,-2322.57
2026-06-24T13:00:00-05:00,36.92,29.297,24.955,197,13885.25,78659.42,79240.98,35331,92,31655.7,33047.6,11546.07,13501.8,17252.95,25861.38,-1362.24
2026-06-24T14:00:00-05:00,37.53,28.923,24.16,197,13761.33,80650.92,80934.92,,,32506.83,33439.5,11885.85,14262,17453.16,26186.27,-1296.01
2026-06-24T15:00:00-05:00,34.04,26.215,22.465,196.83,13396,81658.25,81785.08,,,,33678.1,13566.33,15621.1,17911.22,26035.36,-1190.69
2026-06-24T16:00:00-05:00,33.15,26.07,22.77,195,12732,82035,82074.64,,,,33482.4,14834.8,17378,18268.96,26203.56,-1359.08
2026-06-24T17:00:00-05:00,30.34,,,,,,82176.64,,,,32399.1,,18967.6,,,
2026-06-24T18:00:00-05:00,30.82,,,,,,81188.33,,,,27601.6,,20276.2,,,
2026-06-24T19:00:00-05:00,43.61,,,,,,79135.08,,,,12501.3,,21107.7,,,
2026-06-24T20:00:00-05:00,47.96,,,,,,76094.52,,,,1185.7,,21685.7,,,
2026-06-24T21:00:00-05:00,43.08,,,,,,74054.98,,,,0,,22732.9,,,
2026-06-24T22:00:00-05:00,37.61,,,,,,70372.82,,,,0,,23722.4,,,
2026-06-24T23:00:00-05:00,27.85,,,,,,65990.63,,,,0,,23983.5,,,
