Timestamp,ERCOT - Price - Load Zone: LZ_HOUSTON - ISO: Actual - DA LMP - Latest (Now),ERCOT - Price - Load Zone: LZ_HOUSTON - ISO: Actual - RT SPP (15 min) - Latest (Now),ERCOT - Price - Hub: HB_BUSAVG - ISO: Actual - RT SPP (15 min) - Latest (Now),ERCOT - Load - System Wide - ISO: Actual - Load - Latest (Now),ERCOT - Load - System Wide - ENV: Actual - Net Load - Latest (Now),ERCOT - Load - System Wide - ISO: Forecast - Load - Prior Day (Rolling),ERCOT - Generation - Solar - System Wide - ISO: Actual - Generation - Latest (Now),ERCOT - Generation - Solar - System Wide - ISO: Forecast - Generation (STPF) - Prior Day (Rolling),ERCOT - Generation - Wind - System Wide - ISO: Actual - Generation (5 min) - Latest (Now),ERCOT - Generation - Wind - System Wide - ISO: Forecast - Generation (STPF) - Prior Day (Rolling)
2026-06-25T00:00:00,27.51,28.75,28.96,61798.36,42703.79,62171.8505,2.55,0.0,19092.02,20101.4
2026-06-25T01:00:00,26.75,25.33,25.52,59002.46,41096.59,58982.4106,1.77,0.0,17904.1,19715.8
2026-06-25T02:00:00,24.94,24.49,24.48,56952.82,39550.26,56544.0799,1.51,0.0,17401.05,19329.4
2026-06-25T03:00:00,24.74,26.05,25.77,55235.49,38857.21,54949.2595,1.43,0.0,16376.85,17621.0
2026-06-25T04:00:00,24.89,26.41,25.84,54629.28,38123.35,54345.2602,1.72,0.0,16504.21,16814.4
2026-06-25T05:00:00,26.95,25.36,25.19,55156.51,37755.6,54787.16,2.17,0.0,17398.74,16225.4
2026-06-25T06:00:00,25.67,25.87,25.37,55957.61,37841.55,55800.1808,249.89,311.5,17866.17,15900.7
2026-06-25T07:00:00,23.21,20.54,20.33,56997.52,34090.16,56875.4394,5050.46,6384.3,17856.9,15489.1
2026-06-25T08:00:00,19.32,16.8,16.19,59727.55,24686.93,59534.1386,16512.37,17198.4,18528.25,15744.7
2026-06-25T09:00:00,20.2,17.52,12.78,63296.87,18674.13,63122.1294,25069.3,24190.0,19553.44,16911.0
2026-06-25T10:00:00,22.66,21.68,7.12,66720.1,19447.46,67019.2288,28334.85,28737.9,18937.79,17722.3
2026-06-25T11:00:00,26.34,21.64,9.86,70466.43,21181.06,71062.93,30277.53,30911.2,19007.84,20168.5
2026-06-25T12:00:00,29.5,26.0,13.17,73716.92,23290.81,74551.8518,31030.64,32179.7,19395.47,21370.7
2026-06-25T13:00:00,35.8,27.32,13.51,76269.66,25852.17,77601.9205,30457.09,32678.4,19960.4,22831.1
2026-06-25T14:00:00,37.05,26.19,15.25,78067.02,28270.67,79424.5996,29027.47,32781.0,20768.88,24248.8
2026-06-25T15:00:00,38.36,26.76,16.13,79004.05,29756.98,80468.3597,27903.83,32943.0,21343.24,25783.0
2026-06-25T16:00:00,34.92,27.38,18.25,80139.97,31879.54,80844.2205,25623.01,32773.2,22637.42,27016.4
2026-06-25T17:00:00,33.27,27.84,19.76,80719.81,33548.59,80740.3309,22996.61,31176.0,24174.61,27713.3
2026-06-25T18:00:00,31.4,28.02,21.38,79769.0,36109.53,79403.3591,19072.69,26277.2,24586.78,28007.5
2026-06-25T19:00:00,41.5,32.28,29.56,77800.83,42834.45,77393.4303,8175.11,11771.5,26791.27,27630.8
2026-06-25T20:00:00,44.26,31.44,31.08,75266.07,47328.44,74747.5386,717.69,1092.8,27219.94,27077.3
2026-06-25T21:00:00,39.79,29.79,29.21,73407.02,46759.14,72658.241,0.77,0.0,26647.11,27078.0
2026-06-25T22:00:00,36.79,26.95,26.86,69855.83,43732.25,69354.6909,1.24,0.0,26122.34,27109.5
2026-06-25T23:00:00,34.75,24.68,24.68,66018.48,39996.17,65620.6903,2.43,0.0,26019.88,26513.0
2026-06-26T00:00:00,26.26,25.84,25.84,62313.03,38643.8,62421.9898,1.82,0.0,23667.41,26012.3
2026-06-26T01:00:00,25.11,28.45,28.45,59355.88,39540.21,59580.2192,1.03,0.0,19814.64,25074.6
2026-06-26T02:00:00,25.45,33.26,33.34,57048.76,41239.86,57661.8699,0.78,0.0,15808.12,24436.5
2026-06-26T03:00:00,24.7,30.11,30.39,55713.51,40702.0,56530.2506,0.7,0.0,15010.81,23930.7
2026-06-26T04:00:00,25.22,23.74,23.81,55644.67,37771.2,56214.0901,1.05,0.0,17872.42,23495.3
2026-06-26T05:00:00,25.59,24.09,24.09,56697.26,38036.01,57020.7098,1.78,0.0,18659.47,23510.9
2026-06-26T06:00:00,25.34,24.34,24.34,57274.98,38898.7,57830.6905,155.62,245.8,18220.66,23446.7
2026-06-26T07:00:00,23.19,21.16,21.16,58366.39,34500.18,58891.1103,4705.42,5170.4,19160.79,23034.5
2026-06-26T08:00:00,19.91,16.51,16.39,60938.54,25788.11,61475.2304,14289.81,14525.4,20860.62,23201.8
2026-06-26T09:00:00,20.64,14.63,12.53,64615.03,19199.94,64914.2511,22082.81,20956.4,23332.28,23590.1
2026-06-26T10:00:00,23.67,20.34,12.91,68646.85,19880.18,68718.7893,25559.15,25702.9,23207.52,23096.8
2026-06-26T11:00:00,28.91,23.31,14.07,72137.26,23786.32,72430.0599,26306.83,28768.9,22044.11,22177.0
2026-06-26T12:00:00,35.17,29.25,17.03,75482.33,27497.26,76074.0813,27235.99,30468.7,20749.08,21608.8
2026-06-26T13:00:00,36.64,29.03,16.3,78738.48,29097.21,79121.6699,29699.01,31821.7,19942.26,21278.9
2026-06-26T14:00:00,37.95,28.15,20.42,80814.24,31841.99,80853.8996,29325.64,32219.9,19646.61,21102.1
2026-06-26T15:00:00,34.69,27.19,20.42,81613.54,33429.87,81580.3114,28408.48,31859.4,19775.19,21177.8
2026-06-26T16:00:00,34.98,26.98,21.84,82190.39,34299.34,81693.2107,27529.56,31449.9,20361.49,22162.9
2026-06-26T17:00:00,31.01,24.85,21.26,82132.06,35824.75,81304.6107,25431.47,29851.8,20875.84,23347.6
2026-06-26T18:00:00,31.65,23.44,20.65,81494.68,37855.47,80311.4691,22164.15,25191.4,21475.06,24393.3
2026-06-26T19:00:00,38.62,32.65,30.81,79731.68,45361.0,78233.4794,10670.7,10991.4,23699.98,24877.5
2026-06-26T20:00:00,39.68,32.27,32.2,76779.94,50831.61,75479.4901,958.76,996.6,24989.57,24938.8
2026-06-26T21:00:00,40.72,28.1,28.18,74694.54,48688.6,73696.4392,1.0,0.0,26004.94,25520.9
2026-06-26T22:00:00,34.74,25.27,25.22,71535.3,44381.46,70700.9993,1.16,0.0,27152.68,26246.9
2026-06-26T23:00:00,29.52,24.34,23.45,68191.43,40181.08,67125.6587,1.38,0.0,28008.97,26359.4
2026-06-27T00:00:00,24.54,24.48,24.08,64797.55,37607.93,64626.48,0.63,0.0,27188.99,28711.6
2026-06-27T01:00:00,23.56,23.93,23.93,61973.07,36338.95,61341.3305,0.59,0.0,25633.53,26671.0
2026-06-27T02:00:00,23.77,24.62,24.62,59492.87,35576.18,58693.1599,0.68,0.0,23916.01,25898.4
2026-06-27T03:00:00,22.49,32.89,32.99,57499.93,39105.4,56770.7296,0.61,0.0,18393.92,25020.5
2026-06-27T04:00:00,23.85,67.36,68.38,55749.19,41137.84,55536.1098,0.63,0.0,14610.72,23644.1
2026-06-27T05:00:00,24.15,30.22,30.27,55523.44,38841.42,55147.6699,0.62,0.0,16681.4,23157.5
2026-06-27T06:00:00,22.0,24.8,24.8,55355.0,35633.55,54688.4107,131.86,248.1,19589.59,23547.0
2026-06-27T07:00:00,19.86,19.23,18.91,56019.19,28697.17,55648.9603,5670.97,6021.3,21651.05,25268.9
2026-06-27T08:00:00,17.53,16.35,14.32,59235.15,19542.05,58984.1603,17306.0,17184.4,22387.1,26289.4
2026-06-27T09:00:00,17.29,15.57,13.75,63391.12,15821.82,63114.5607,23819.85,24967.6,23749.45,27268.3
2026-06-27T10:00:00,19.7,17.83,15.54,67483.85,16922.71,67432.3607,26331.62,29655.0,24229.52,27274.4
2026-06-27T11:00:00,25.78,22.06,15.88,71355.43,19905.01,71685.8592,27350.64,31856.6,24099.78,26763.0
2026-06-27T12:00:00,31.85,25.14,15.63,74519.37,23044.74,75371.6397,28698.7,32884.6,22775.93,26144.7
2026-06-27T13:00:00,32.05,24.68,18.24,77014.0,25696.81,78168.8594,29089.91,33325.8,22227.28,25555.6
2026-06-27T14:00:00,33.46,25.2,21.02,79133.21,28109.29,80104.3701,29213.36,33638.4,21810.56,25379.2
2026-06-27T15:00:00,30.26,24.98,19.56,80680.93,29694.19,81265.4087,28983.24,33747.1,22003.5,25691.4
2026-06-27T16:00:00,29.62,24.9,19.12,81790.76,31344.9,81824.8492,27953.77,33057.2,22492.09,26598.3
2026-06-27T17:00:00,29.62,23.71,18.68,82012.37,32755.46,82045.2205,26520.83,31466.3,22736.08,27528.1
2026-06-27T18:00:00,28.99,24.23,19.96,81325.0,35354.52,80706.9199,21962.41,26499.8,24008.07,28185.3
2026-06-27T19:00:00,36.63,29.62,28.1,79454.37,42264.27,78280.7803,10756.32,11335.4,26433.78,28376.6
2026-06-27T20:00:00,35.86,29.47,29.61,76345.86,47719.87,75249.9997,1207.07,1018.2,27418.92,28730.0
2026-06-27T21:00:00,33.45,28.5,28.7,74359.6,46405.75,73434.4199,1.37,0.0,27952.48,29579.3
2026-06-27T22:00:00,32.42,27.28,26.94,71380.94,42901.95,70473.9204,1.07,0.0,28477.92,30247.7
2026-06-27T23:00:00,27.57,25.74,25.32,68086.82,39576.78,66931.638,1.27,0.0,28508.77,30361.0
2026-06-28T00:00:00,24.25,23.81,23.7,64761.11,36216.15,64695.6807,1.55,0.0,28543.41,30027.2
2026-06-28T01:00:00,23.7,24.04,24.04,62100.13,33559.56,61584.24,1.45,0.0,28539.12,30100.0
2026-06-28T02:00:00,23.5,22.58,22.58,59857.87,31425.88,59132.4891,1.51,0.0,28430.48,29984.5
2026-06-28T03:00:00,23.32,22.69,22.69,58408.99,30315.81,57411.1391,1.67,0.0,28091.51,29888.3
2026-06-28T04:00:00,22.75,22.67,22.63,57567.46,29571.66,56214.3603,1.66,0.0,27994.14,29783.0
2026-06-28T05:00:00,22.82,22.21,22.17,57103.96,28955.76,55650.3503,1.65,0.0,28146.55,29729.3
2026-06-28T06:00:00,21.77,21.16,21.12,56467.59,28117.18,54914.5309,235.26,282.5,28115.15,29626.1
2026-06-28T07:00:00,19.04,17.07,15.29,56902.21,23164.41,55547.5,7252.88,6415.4,26484.92,29315.6
2026-06-28T08:00:00,17.71,17.52,13.27,59834.7,17773.98,58713.4894,17457.01,18267.2,24603.71,29419.3
2026-06-28T09:00:00,16.86,19.37,12.41,63652.53,15629.13,63070.4497,22683.95,25628.0,25339.45,29622.7
2026-06-28T10:00:00,19.03,20.39,11.48,67294.28,16858.44,67375.3899,25230.03,31133.6,25205.81,29208.8
2026-06-28T11:00:00,23.32,24.48,14.15,71024.16,20262.4,71536.38,26094.33,33259.0,24667.43,28511.8
2026-06-28T12:00:00,28.92,28.17,19.54,74497.36,23459.95,75375.5594,27179.32,34109.6,23858.09,27723.8
2026-06-28T13:00:00,29.52,28.24,17.47,77420.18,26026.04,78590.1502,28265.93,34131.5,23128.21,26913.4
2026-06-28T14:00:00,28.13,26.04,16.86,79564.84,28793.88,80743.8192,28648.47,34246.2,22122.49,26370.9
2026-06-28T15:00:00,26.89,26.23,17.79,80758.74,30658.47,81970.9693,28244.66,34069.5,21855.61,26284.3
2026-06-28T16:00:00,26.34,27.73,19.41,81759.35,32479.78,82482.7884,27500.45,32806.5,21779.12,26806.4
2026-06-28T17:00:00,26.84,24.66,18.52,81719.45,33478.21,82548.6094,25055.87,31186.0,23185.37,27577.0
2026-06-28T18:00:00,25.78,26.79,22.06,81271.89,36391.79,81631.1417,20487.5,26315.8,24392.6,28325.5
2026-06-28T19:00:00,37.51,33.47,32.08,80017.04,44232.43,79745.1894,8767.35,11352.4,27017.26,28933.3
2026-06-28T20:00:00,37.66,34.87,35.22,77714.75,48813.57,77084.3191,681.78,1031.8,28219.4,29502.5
2026-06-28T21:00:00,33.32,35.62,37.35,75989.05,47269.36,75190.3701,67.26,0.0,28652.43,29943.3
2026-06-28T22:00:00,33.47,31.18,31.48,72627.48,44388.99,71824.311,0.99,0.0,28237.5,30690.2
2026-06-28T23:00:00,26.34,26.29,26.25,68876.26,41111.09,67835.2498,1.92,0.0,27763.25,31259.9
2026-06-29T00:00:00,25.21,23.85,23.82,65537.98,37361.01,65073.2794,1.32,0.0,28175.65,29462.3
2026-06-29T01:00:00,23.93,22.54,21.64,62805.62,34109.77,61834.1198,1.61,0.0,28694.24,30011.2
2026-06-29T02:00:00,22.92,21.58,20.02,60851.05,32033.19,59477.08,1.61,0.0,28816.25,30280.1
2026-06-29T03:00:00,21.7,21.05,18.96,59747.7,31277.71,58073.6605,1.52,0.0,28468.47,30230.9
2026-06-29T04:00:00,22.03,20.71,18.74,59463.26,31026.06,57414.3094,1.68,0.0,28435.52,30082.5
2026-06-29T05:00:00,23.13,21.61,19.73,60259.99,31658.52,57956.7396,1.68,0.0,28599.79,30016.4
2026-06-29T06:00:00,22.26,22.49,20.61,60811.86,31782.65,58958.0998,210.38,294.7,28818.83,29835.9
2026-06-29T07:00:00,21.74,20.28,17.61,61403.15,28057.55,60042.1496,6007.44,6712.1,27338.16,29454.4
2026-06-29T08:00:00,19.19,22.21,17.41,63137.78,22803.56,62844.6608,15324.13,18524.8,25010.09,29472.6
2026-06-29T09:00:00,21.76,22.11,15.87,66599.13,19978.57,66685.3206,22413.13,25866.3,24207.43,29648.8
2026-06-29T10:00:00,22.86,27.3,15.47,70929.72,20198.42,71038.1316,27105.1,31233.4,23626.2,29321.9
2026-06-29T11:00:00,29.98,30.95,14.3,74627.03,23652.65,75205.709,27739.22,33029.3,23235.16,28710.2
2026-06-29T12:00:00,33.08,37.24,17.36,78180.61,27607.57,78935.5508,27784.86,33829.8,22788.18,28072.0
2026-06-29T13:00:00,34.04,41.56,20.89,81114.7,30375.75,81970.8203,27772.71,33939.6,22966.24,27476.2
2026-06-29T14:00:00,35.88,43.47,19.22,82016.17,31922.5,83767.9298,27409.59,33814.6,22684.08,26852.1
2026-06-29T15:00:00,34.6,42.4,19.87,81969.1,32843.52,84494.9289,26843.26,33515.8,22282.32,26410.4
2026-06-29T16:00:00,34.09,37.68,17.55,81708.64,33580.96,84757.9407,26146.05,32329.4,21981.63,26721.7
2026-06-29T17:00:00,33.38,32.4,17.58,82036.12,34819.69,84719.192,24400.49,30387.6,22815.94,27203.6
2026-06-29T18:00:00,33.29,29.28,23.69,82083.87,38413.32,83820.599,19507.34,25174.8,24163.21,27822.5
2026-06-29T19:00:00,40.49,31.6,30.77,80924.34,45618.29,81835.2106,8674.8,10469.5,26631.25,28021.2
2026-06-29T20:00:00,39.1,31.18,31.75,78742.67,49821.38,78790.7497,820.92,919.8,28100.37,27800.3
2026-06-29T21:00:00,34.91,31.01,31.89,76443.54,48790.69,76385.8891,3.63,0.0,27649.22,27916.6
2026-06-29T22:00:00,35.84,28.27,28.1,72394.03,45755.62,72427.2688,0.98,0.0,26637.43,28255.9
2026-06-29T23:00:00,28.13,25.98,25.38,68305.84,42579.75,68068.9901,1.16,0.0,25724.93,28198.3
2026-06-30T00:00:00,24.67,24.84,24.49,64574.12,39570.44,64351.0405,1.16,0.0,25002.52,27161.5
2026-06-30T01:00:00,23.39,22.73,22.69,61500.56,36751.44,61109.8194,1.26,0.0,24747.86,27199.6
2026-06-30T02:00:00,23.07,21.47,21.48,59186.79,34356.96,58627.6591,1.43,0.0,24828.4,27086.1
2026-06-30T03:00:00,21.51,20.21,20.22,57767.45,32961.05,57059.8509,1.67,0.0,24804.73,26739.9
2026-06-30T04:00:00,21.66,20.24,20.24,57166.94,32582.16,56488.1103,1.71,0.0,24583.07,26348.7
2026-06-30T05:00:00,22.84,21.11,21.11,57665.59,33275.92,56747.9293,1.71,0.0,24387.96,26002.0
2026-06-30T06:00:00,22.88,21.71,21.71,58393.74,34246.44,57946.9698,225.64,270.5,23921.66,25476.2
2026-06-30T07:00:00,22.01,19.07,18.62,59385.94,30422.64,59000.9702,6242.19,5897.8,22721.11,24606.5
2026-06-30T08:00:00,19.48,17.21,14.36,61932.31,24319.55,61658.6106,16156.96,16538.3,21455.8,24589.5
2026-06-30T09:00:00,20.3,17.4,10.48,65557.37,21736.42,65271.5785,22697.11,24434.6,21123.84,24671.3
2026-06-30T10:00:00,23.5,22.14,11.84,69231.09,22498.31,69122.0493,25582.53,29282.4,21150.25,24212.0
2026-06-30T11:00:00,27.89,27.4,13.6,72760.0,24590.3,73133.1087,27355.64,31771.9,20814.06,23737.2
2026-06-30T12:00:00,31.8,31.03,16.0,76184.1,26768.87,77090.3609,28717.86,32834.1,20697.37,23367.2
2026-06-30T13:00:00,34.83,33.76,18.1,79265.87,29809.85,80307.7775,28709.3,33237.0,20746.72,23014.4
2026-06-30T14:00:00,33.81,36.32,20.3,81495.29,31804.43,82173.9402,28811.14,33227.2,20879.72,23018.1
2026-06-30T15:00:00,36.1,38.93,21.74,81955.98,33507.32,82969.1606,27683.73,32732.1,20764.93,23720.8
2026-06-30T16:00:00,32.74,41.58,20.39,82122.4,33750.17,83327.6198,27098.88,31466.4,21273.35,24565.4
2026-06-30T17:00:00,29.3,35.73,19.84,81973.85,34988.77,83013.6299,25358.74,29603.4,21626.34,25191.6
2026-06-30T18:00:00,30.59,33.34,22.67,81694.14,38125.39,82081.5313,20359.68,24485.2,23209.07,25598.6
2026-06-30T19:00:00,39.84,33.34,29.79,80547.63,45487.06,80466.4997,9673.03,10790.7,25387.54,25257.4
2026-06-30T20:00:00,41.09,36.32,35.84,77494.64,51916.92,77876.2783,645.99,1005.5,24931.73,24802.1
2026-06-30T21:00:00,38.49,31.45,31.45,74577.33,50197.58,75742.41,1.09,0.0,24378.66,24347.4
2026-06-30T22:00:00,34.16,31.11,31.08,71073.12,46970.19,71952.3897,1.06,0.0,24101.87,24448.1
2026-06-30T23:00:00,27.21,29.25,29.25,67640.83,44693.15,67830.4394,0.58,0.0,22947.1,24488.2
2026-07-01T00:00:00,26.99,28.24,28.24,63611.31,42232.29,63562.5105,0.61,0.0,21378.41,23860.9
2026-07-01T01:00:00,25.07,24.38,24.38,60812.8,39376.11,60416.7596,0.61,0.0,21436.08,23322.0
2026-07-01T02:00:00,24.33,24.29,24.2,58713.95,38072.76,58032.5895,0.67,0.0,20640.52,22985.8
2026-07-01T03:00:00,23.69,25.49,25.34,57103.69,38335.9,56663.7406,0.59,0.0,18767.2,22230.3
2026-07-01T04:00:00,23.44,24.37,24.37,56642.57,37869.39,56099.23,0.63,0.0,18772.55,21552.5
2026-07-01T05:00:00,24.95,23.39,23.39,57285.1,37529.33,56684.6605,0.66,0.0,19755.11,21480.8
2026-07-01T06:00:00,24.72,22.6,22.6,57817.45,37442.4,57729.59,260.65,287.4,20114.4,20261.3
2026-07-01T07:00:00,21.27,19.31,19.04,58912.4,32483.75,58451.4796,6863.54,6425.7,19565.11,19707.7
2026-07-01T08:00:00,17.62,17.08,14.01,61832.66,24633.31,60941.5009,17578.05,17461.5,19621.3,19181.6
2026-07-01T09:00:00,19.96,19.28,14.16,65581.24,22403.18,64700.319,23183.24,24436.7,19994.82,18565.5
2026-07-01T10:00:00,24.97,25.92,15.08,69299.04,24092.74,69038.0196,25032.37,28379.3,20173.93,17586.9
2026-07-01T11:00:00,30.28,32.36,14.34,73084.31,26207.1,73311.141,27383.12,30873.4,19494.09,16775.2
2026-07-01T12:00:00,36.17,31.17,13.97,76218.1,28777.13,77436.9189,29315.38,32021.1,18125.59,16462.0
2026-07-01T13:00:00,35.54,32.62,17.07,79057.07,32261.13,80924.7692,29499.73,32062.3,17296.21,16439.5
2026-07-01T14:00:00,37.28,36.88,21.16,80753.31,35121.1,82550.4016,29112.93,32056.6,16519.28,16738.8
2026-07-01T15:00:00,37.7,41.22,24.5,80925.39,36478.53,83255.8694,27851.1,31536.9,16595.76,17252.3
2026-07-01T16:00:00,36.79,43.35,26.09,81356.67,38205.99,83283.2995,26710.49,29929.6,16440.19,18059.7
2026-07-01T17:00:00,32.42,38.19,24.89,81318.48,38942.49,83015.6587,25258.42,27890.1,17117.57,18854.6
2026-07-01T18:00:00,31.79,31.26,29.0,80786.07,42805.01,82146.4909,19767.79,22754.2,18213.27,19575.0
2026-07-01T19:00:00,44.84,39.07,38.85,79442.28,51619.51,80391.6687,8723.94,9378.5,19098.83,19298.5
2026-07-01T20:00:00,46.95,43.73,43.61,77039.68,58572.27,77789.8802,709.55,902.8,17757.86,19276.5
2026-07-01T21:00:00,42.84,48.73,48.73,75025.29,57958.57,75591.4204,0.95,0.0,17065.77,19920.7
2026-07-01T22:00:00,39.13,48.88,48.88,71009.42,52805.76,71516.8809,0.06,0.0,18203.6,20350.0
2026-07-01T23:00:00,31.4,28.98,28.98,67042.91,47502.0,67402.9509,0.21,0.0,19540.7,20842.8
2026-07-02T00:00:00,27.79,26.53,26.53,63426.31,43804.06,63508.6195,0.09,0.0,19622.16,20672.9
2026-07-02T01:00:00,24.41,24.96,24.96,60485.61,41348.39,60448.5895,0.1,0.0,19137.12,20862.7
2026-07-02T02:00:00,23.35,24.28,24.28,58253.36,39831.83,58079.7807,0.12,0.0,18421.41,20552.4
2026-07-02T03:00:00,22.46,23.41,23.41,56681.53,39002.88,56485.5002,0.13,0.0,17678.52,20051.8
2026-07-02T04:00:00,22.57,23.93,23.93,56259.3,39660.72,55876.46,0.12,0.0,16598.46,19697.8
2026-07-02T05:00:00,23.89,26.33,26.33,56690.5,41139.38,56547.3799,0.12,0.0,15551.0,18931.4
2026-07-02T06:00:00,24.6,26.64,26.64,57417.22,41939.7,57667.5993,219.03,257.4,15258.49,17783.3
2026-07-02T07:00:00,22.7,22.21,22.21,58681.0,37699.09,58483.5899,6013.05,6156.0,14968.86,16116.1
2026-07-02T08:00:00,19.59,19.91,19.73,61765.2,29559.49,61113.0803,16095.6,17043.2,16110.11,15141.3
2026-07-02T09:00:00,20.64,19.57,18.0,65251.83,25357.37,64783.261,22430.61,23626.0,17463.85,14642.9
2026-07-02T10:00:00,22.74,21.18,16.62,69228.37,25320.76,68895.441,27480.76,27818.8,16426.85,13483.6
2026-07-02T11:00:00,29.32,25.06,16.15,72983.65,28417.74,73037.3801,30165.57,29957.7,14400.34,12287.4
2026-07-02T12:00:00,31.17,24.89,18.67,76122.01,32834.44,76908.9107,30714.2,30870.5,12573.37,11490.2
2026-07-02T13:00:00,36.56,25.29,23.75,78817.6,37413.17,80227.0715,30015.44,30090.3,11388.99,11142.5
2026-07-02T14:00:00,35.57,27.17,26.37,80466.37,40005.83,82081.7501,28927.71,29631.6,11532.83,11403.5
2026-07-02T15:00:00,35.21,31.92,26.86,81358.68,41414.59,82777.0503,27540.18,28535.3,12403.91,12258.8
2026-07-02T16:00:00,34.38,29.98,27.41,81743.16,41636.29,82726.2199,25946.65,25874.0,14160.22,13499.1
2026-07-02T17:00:00,32.3,26.42,26.0,81566.66,42559.48,81975.5012,22684.96,23556.4,16322.22,14810.1
2026-07-02T18:00:00,36.87,32.37,31.33,81001.64,45368.51,80771.5908,17397.45,18826.3,18235.68,15935.2
2026-07-02T19:00:00,49.42,31.23,30.93,79431.55,51494.43,78950.4404,7585.99,8287.7,20351.13,16830.9
2026-07-02T20:00:00,44.09,32.44,32.28,76752.48,55917.26,76269.5203,739.74,823.3,20095.48,17732.3
2026-07-02T21:00:00,39.06,29.92,29.88,74778.02,54016.74,73961.6609,1.71,0.0,20759.57,19132.5
2026-07-02T22:00:00,35.24,29.19,29.15,71363.12,50579.17,70341.1807,0.13,0.0,20783.82,20680.8
2026-07-02T23:00:00,29.64,27.68,27.68,67243.35,47200.56,66529.9807,0.08,0.0,20042.71,21642.1
2026-07-03T00:00:00,24.3,23.97,23.97,63375.01,42703.77,63851.7856,0.1,0.0,20671.14,20826.3
2026-07-03T01:00:00,23.16,23.68,23.68,60277.83,40800.58,60536.6049,0.21,0.0,19477.04,20682.1
2026-07-03T02:00:00,21.68,23.04,23.04,57943.18,39221.06,57913.358,0.11,0.0,18722.01,20122.6
2026-07-03T03:00:00,21.81,22.05,22.05,56314.61,37755.51,56104.5721,0.11,0.0,18558.99,19815.0
2026-07-03T04:00:00,21.72,21.68,21.68,55595.75,37276.0,55361.9616,0.13,0.0,18319.62,19050.7
2026-07-03T05:00:00,23.17,22.95,22.95,55474.85,38064.3,55661.3914,0.17,0.0,17410.38,18127.5
2026-07-03T06:00:00,24.14,22.61,22.61,55299.77,38512.42,56411.0097,243.31,253.4,16544.04,17043.4
2026-07-03T07:00:00,21.56,18.06,18.06,56049.56,33450.04,57426.6011,7733.74,6533.8,14865.78,15244.7
2026-07-03T08:00:00,17.81,12.52,11.31,59714.23,23805.07,60661.2267,21901.99,19465.5,14007.17,14120.6
2026-07-03T09:00:00,17.68,13.73,6.75,63919.91,20029.24,64868.9525,28467.0,27346.0,15423.67,13947.5
2026-07-03T10:00:00,20.79,15.6,5.85,68419.91,23141.71,69310.1685,30903.94,31188.3,14374.26,12702.2
2026-07-03T11:00:00,24.71,18.86,9.89,72448.5,28162.64,73697.4196,32112.0,32539.7,12173.86,11172.8
2026-07-03T12:00:00,28.54,23.59,19.02,75974.0,33732.12,77373.0879,32666.57,32786.2,9575.31,10143.7
2026-07-03T13:00:00,30.97,25.26,22.39,78882.53,37991.72,80662.9284,32477.93,32037.8,8412.88,9632.7
2026-07-03T14:00:00,33.18,25.75,24.45,80643.45,40468.71,82475.2209,31384.69,31860.4,8790.05,9836.2
2026-07-03T15:00:00,34.82,25.26,25.14,81175.35,41064.07,83130.4714,30282.52,31184.8,9828.76,10594.6
2026-07-03T16:00:00,32.87,25.38,24.91,81646.67,41838.75,83265.273,29063.8,29736.2,10744.12,11484.8
2026-07-03T17:00:00,31.22,25.32,24.48,81965.55,41946.26,82849.0794,28041.04,27483.8,11978.25,12451.1
2026-07-03T18:00:00,35.16,27.59,25.93,81376.48,43158.68,81584.1557,24239.27,22603.3,13978.53,13629.8
2026-07-03T19:00:00,44.87,33.16,32.11,80022.41,52117.99,79452.6006,12131.15,9998.2,15773.27,14861.5
2026-07-03T20:00:00,44.21,36.83,36.82,77444.55,59902.11,76407.7915,1170.62,992.0,16371.82,16159.0
2026-07-03T21:00:00,39.38,34.17,34.19,75123.55,57423.85,74371.5736,1.26,0.0,17698.44,18034.3
2026-07-03T22:00:00,34.72,30.2,30.18,71878.2,52122.23,71636.768,0.96,0.0,19755.01,20201.1
2026-07-03T23:00:00,27.71,25.13,25.09,68642.59,47180.63,68465.2616,0.17,0.0,21461.79,21810.0
2026-07-04T00:00:00,24.13,21.91,21.91,65109.89,42429.28,65100.3506,0.55,0.0,22680.06,22806.2
2026-07-04T01:00:00,22.32,19.27,19.27,62110.92,38588.83,62757.8088,0.89,0.0,23521.2,22797.6
2026-07-04T02:00:00,22.41,20.36,20.36,59731.11,36986.13,61314.8905,0.64,0.0,22744.34,22502.5
2026-07-04T03:00:00,21.47,20.23,20.23,57868.14,36180.82,60298.9795,0.31,0.0,21687.01,21887.1
2026-07-04T04:00:00,22.11,19.58,19.58,56496.02,35960.81,59277.781,0.18,0.0,20535.03,20825.0
2026-07-04T05:00:00,22.92,21.32,21.32,55669.35,36896.23,58296.2202,0.23,0.0,18772.89,19555.8
2026-07-04T06:00:00,20.93,22.45,22.45,54985.47,37472.09,55591.9901,240.31,263.8,17273.07,18128.0
2026-07-04T07:00:00,17.47,16.65,16.65,55585.19,32524.58,55213.8801,8435.56,7099.4,14625.05,15835.1
2026-07-04T08:00:00,15.21,11.88,11.49,59237.58,22547.77,59493.4205,23720.17,21091.8,12969.64,13921.5
2026-07-04T09:00:00,15.0,13.63,10.0,63632.98,19292.77,64145.2401,30894.01,29004.3,13446.2,12599.3
2026-07-04T10:00:00,16.94,14.79,14.31,68075.84,25693.65,68861.6791,33156.67,32490.2,9225.52,10433.3
2026-07-04T11:00:00,19.6,20.68,20.12,72586.65,33041.28,73339.7403,33705.66,33681.6,5839.71,8275.6
2026-07-04T12:00:00,23.92,25.03,24.0,76417.19,38425.32,77260.5121,33383.58,33786.1,4608.29,6819.7
2026-07-04T13:00:00,26.83,27.06,26.23,79591.01,42043.67,79872.1414,32676.01,32941.0,4871.33,6326.6
2026-07-04T14:00:00,29.4,27.11,27.32,81253.47,43183.9,80202.3997,31924.99,32976.9,6144.58,6944.6
2026-07-04T15:00:00,31.11,27.64,26.02,81762.68,43271.06,80403.3098,30762.84,32401.3,7728.78,7834.4
2026-07-04T16:00:00,33.07,28.61,24.27,82208.04,43527.46,80174.4407,29459.48,30378.4,9221.1,9039.6
2026-07-04T17:00:00,31.46,31.45,28.98,81611.52,45717.75,79958.4691,25742.2,27955.4,10151.57,10601.6
2026-07-04T18:00:00,36.28,40.27,40.91,81080.2,49554.65,78740.1392,20338.59,22888.8,11186.96,12057.9
2026-07-04T19:00:00,49.03,52.47,53.79,79041.37,58296.67,76791.0204,8625.25,9988.1,12119.45,13165.9
2026-07-04T20:00:00,50.63,50.77,51.95,75833.61,62617.93,74922.5693,808.35,994.8,12407.33,14384.9
2026-07-04T21:00:00,48.08,48.49,49.63,72828.2,59857.79,73375.3313,0.93,0.0,12969.48,16257.9
2026-07-04T22:00:00,38.02,37.52,37.7,70188.81,54871.64,70723.3996,0.93,0.0,15316.24,18066.1
2026-07-04T23:00:00,31.3,32.42,32.46,67677.41,50657.16,67764.9402,1.15,0.0,17019.1,18925.3
2026-07-05T00:00:00,26.65,27.25,27.25,64775.76,47396.03,64822.4096,0.67,0.0,17379.06,18018.2
2026-07-05T01:00:00,25.77,25.88,25.75,61631.31,45231.52,61660.9139,0.64,0.0,16399.15,17616.0
2026-07-05T02:00:00,24.85,25.66,25.6,58763.25,43833.09,58862.692,0.29,0.0,14929.87,16914.7
2026-07-05T03:00:00,24.74,24.22,24.22,56774.73,42511.88,56946.4321,0.18,0.0,14262.67,16007.3
2026-07-05T04:00:00,24.58,22.21,22.21,55107.07,40967.57,55549.7601,0.12,0.0,14139.38,14671.0
2026-07-05T05:00:00,25.73,23.46,23.46,54061.22,41257.67,54418.7094,0.14,0.0,12803.41,13129.2
2026-07-05T06:00:00,25.3,23.0,23.0,53267.86,41286.84,53526.3528,197.4,223.0,11783.62,11863.6
2026-07-05T07:00:00,23.04,18.58,18.58,53699.89,36822.34,53934.2266,6338.17,6294.9,10539.38,10196.5
2026-07-05T08:00:00,19.17,17.93,17.93,56631.57,28576.41,57314.6713,19445.95,19172.7,8609.21,8383.0
2026-07-05T09:00:00,18.84,17.86,17.86,61235.39,25450.57,61703.9579,26860.2,27233.7,8924.62,6989.8
2026-07-05T10:00:00,19.87,18.46,18.46,66175.4,28848.57,66179.9426,29754.85,30857.9,7571.98,5682.9
2026-07-05T11:00:00,23.09,21.6,21.6,71011.79,34670.64,70626.5664,31508.74,32463.2,4832.41,4687.2
2026-07-05T12:00:00,25.75,29.98,30.13,75065.08,40158.58,74479.3813,31344.64,32830.2,3561.86,4151.7
2026-07-05T13:00:00,29.12,29.94,31.04,77983.14,43238.44,77593.7183,31272.49,32178.1,3472.21,4031.8
2026-07-05T14:00:00,32.78,32.87,35.0,79928.28,45436.87,79467.8647,30739.77,31815.3,3751.64,4677.8
2026-07-05T15:00:00,31.97,29.3,28.75,80859.6,45521.2,80421.394,29908.63,30465.3,5429.77,5933.5
2026-07-05T16:00:00,35.27,33.67,35.05,81354.51,46880.58,80754.6895,25967.14,27614.1,8506.79,7446.8
2026-07-05T17:00:00,37.51,46.93,50.31,81157.64,50158.43,80432.8299,20558.56,24658.4,10440.65,9096.2
2026-07-05T18:00:00,44.07,38.67,39.71,80451.83,52759.66,79210.4235,16757.51,19642.1,10934.66,11031.9
2026-07-05T19:00:00,58.07,44.2,44.27,77795.96,58014.65,77471.7129,6026.8,8524.5,13754.51,12570.8
2026-07-05T20:00:00,69.26,31.55,31.27,74645.08,56895.07,75194.2929,482.29,865.2,17267.72,12983.1
2026-07-05T21:00:00,61.87,26.56,26.55,72325.21,52879.37,73193.1445,1.4,0.0,19444.44,13241.2
2026-07-05T22:00:00,62.09,25.73,25.73,68248.51,50347.35,69499.8378,0.3,0.0,17900.86,13327.4
2026-07-05T23:00:00,40.69,28.26,28.26,64134.17,49802.67,65438.6416,0.15,0.0,14331.35,12877.3
2026-07-06T00:00:00,37.51,31.85,31.85,60413.5,49464.22,60937.7383,0.3,0.0,10948.98,13695.4
2026-07-06T01:00:00,31.8,30.52,30.52,57905.5,48966.1,58276.3998,0.15,0.0,8939.25,11904.8
2026-07-06T02:00:00,31.04,28.67,28.67,55761.3,48493.75,56072.5894,0.16,0.0,7267.39,10559.8
2026-07-06T03:00:00,32.03,27.64,27.64,54389.37,47628.71,54605.7204,0.19,0.0,6760.47,9119.1
2026-07-06T04:00:00,32.31,27.78,27.78,54078.9,47305.71,54108.7,0.18,0.0,6773.01,7903.0
2026-07-06T05:00:00,35.13,29.0,29.0,54741.35,48691.89,54732.8202,0.17,0.0,6049.29,6754.0
2026-07-06T06:00:00,40.51,29.75,29.75,55735.1,50536.31,55805.4502,183.4,209.9,5015.39,5644.7
2026-07-06T07:00:00,29.76,27.0,27.0,57202.14,46808.37,56861.8705,6678.6,6307.9,3715.17,4513.2
2026-07-06T08:00:00,23.21,22.15,22.11,60420.94,38148.66,60033.4902,19797.43,19347.6,2474.85,3495.6
2026-07-06T09:00:00,23.92,23.88,23.87,64425.35,36832.88,64015.6711,25318.76,26850.8,2273.71,3008.6
2026-07-06T10:00:00,25.61,23.93,23.93,69027.38,38538.65,68520.9799,28805.15,30312.4,1683.58,2660.1
2026-07-06T11:00:00,25.31,25.87,25.86,73775.46,41596.09,73013.7682,30916.36,32381.8,1263.01,2307.9
2026-07-06T12:00:00,31.46,29.51,29.36,77988.38,45304.13,77008.9599,31003.54,32534.9,1680.71,2269.0
2026-07-06T13:00:00,33.96,34.53,33.8,81294.35,47721.91,80328.6018,30831.28,31899.1,2741.16,2668.0
2026-07-06T14:00:00,35.74,30.73,29.8,82170.07,48125.8,82001.0198,30811.7,31745.5,3232.57,3295.9
2026-07-06T15:00:00,37.53,34.43,32.8,82937.51,49617.38,82602.2023,29057.16,31108.5,4262.97,4045.7
2026-07-06T16:00:00,38.03,35.34,30.94,83197.72,49579.92,82379.44,27355.59,29265.7,6262.21,5133.3
2026-07-06T17:00:00,38.48,26.03,24.12,82556.81,46547.83,81445.5694,27412.72,27006.9,8596.26,6402.0
2026-07-06T18:00:00,46.71,29.41,26.97,81600.49,47498.17,79748.3706,22903.34,22186.0,11198.98,7597.0
2026-07-06T19:00:00,65.44,43.7,43.8,80025.63,56896.25,77350.1589,10468.72,10473.9,12660.66,8773.4
2026-07-06T20:00:00,70.87,45.78,46.21,76938.36,63929.46,74491.35,1098.83,1048.5,11910.07,10089.1
2026-07-06T21:00:00,51.3,45.25,45.82,74362.36,62978.56,72215.5599,1.35,0.0,11382.45,11474.9
2026-07-06T22:00:00,45.64,50.55,50.35,70259.99,59604.04,68418.5781,1.35,0.0,10654.6,12721.8
2026-07-06T23:00:00,35.2,41.96,41.91,66067.46,55571.65,64441.4187,1.04,0.0,10494.77,13295.0
2026-07-07T00:00:00,31.43,38.27,38.27,62316.02,52420.91,62866.0001,0.58,0.0,9894.53,11157.9
2026-07-07T01:00:00,28.63,32.8,32.8,59439.59,50068.49,59592.4886,0.87,0.0,9370.23,10495.9
2026-07-07T02:00:00,26.7,31.5,31.54,57407.24,48228.05,56795.0697,0.7,0.0,9178.49,9539.2
2026-07-07T03:00:00,26.14,30.59,30.59,56041.88,47431.8,54895.2504,0.42,0.0,8609.66,8682.5
2026-07-07T04:00:00,27.44,29.49,29.49,55567.54,47497.73,54139.6106,0.44,0.0,8069.37,7929.5
2026-07-07T05:00:00,29.6,39.34,39.34,56048.04,48763.02,54903.9502,0.81,0.0,7284.21,6983.8
2026-07-07T06:00:00,30.11,40.37,40.32,56894.63,50293.42,56037.9712,198.77,226.5,6402.44,6206.8
2026-07-07T07:00:00,24.13,24.27,24.25,57896.97,44976.7,56931.6195,7139.48,7035.6,5780.79,5416.9
2026-07-07T08:00:00,18.52,20.86,20.86,60961.94,34797.51,60243.1491,22092.63,21302.8,4071.8,4644.6
2026-07-07T09:00:00,19.36,23.96,23.64,65001.34,32218.55,64849.7511,28476.63,28851.0,4306.16,4441.8
2026-07-07T10:00:00,20.35,25.38,24.66,69380.39,33892.82,69483.4104,31159.48,31755.4,4328.09,4354.6
2026-07-07T11:00:00,24.73,30.26,24.98,73631.4,38098.61,73928.2404,31159.01,32682.3,4373.78,4191.4
2026-07-07T12:00:00,29.51,30.97,29.51,77586.04,43390.41,77477.8599,29838.35,32723.0,4357.28,4137.7
2026-07-07T13:00:00,33.48,35.13,35.12,80959.93,47455.27,80165.9895,29404.6,31611.0,4100.06,4340.0
2026-07-07T14:00:00,33.99,30.43,29.92,82369.12,48152.18,81463.0394,28935.11,31362.9,5281.83,4765.3
2026-07-07T15:00:00,34.46,29.52,29.53,82819.22,48446.63,81851.9194,28098.82,30511.0,6273.77,5458.1
2026-07-07T16:00:00,34.47,28.66,28.59,82571.06,47778.47,81884.8592,27517.39,28182.8,7275.2,6517.8
2026-07-07T17:00:00,34.96,29.12,29.43,81975.98,48306.79,80875.2105,26000.85,25991.2,7668.34,7766.7
2026-07-07T18:00:00,38.37,36.17,36.41,81304.14,50859.29,78901.66,21950.48,21313.7,8494.37,9129.7
2026-07-07T19:00:00,48.93,40.32,40.72,79657.49,58093.05,76163.7612,11470.79,10312.3,10093.65,10685.4
2026-07-07T20:00:00,54.31,42.64,43.02,76346.38,62752.35,73240.1387,1272.99,1015.0,12321.04,12282.5
2026-07-07T21:00:00,43.03,40.64,40.97,73515.92,59693.3,70857.2513,0.52,0.0,13822.1,14285.7
2026-07-07T22:00:00,34.47,37.2,37.24,69642.7,53812.25,67280.9511,0.06,0.0,15830.39,16242.7
2026-07-07T23:00:00,28.93,29.25,29.16,65591.36,48560.58,63468.9299,0.1,0.0,17030.68,17325.5
2026-07-08T00:00:00,28.31,23.69,23.68,62102.71,43898.06,62502.1394,0.13,0.0,18204.52,18385.3
2026-07-08T01:00:00,25.81,22.43,22.43,59315.45,40455.68,59353.3512,0.18,0.0,18859.59,18326.9
2026-07-08T02:00:00,23.9,22.68,22.68,57167.25,39605.84,56888.5699,0.2,0.0,17561.21,18102.6
2026-07-08T03:00:00,23.5,21.55,21.55,55903.75,38605.28,55197.67,0.11,0.0,17298.36,17870.5
2026-07-08T04:00:00,23.74,19.29,19.21,55605.56,37984.66,54547.97,0.15,0.0,17620.75,17247.6
2026-07-08T05:00:00,24.32,21.16,20.84,56049.19,38879.79,55085.8405,0.24,0.0,17169.16,16410.4
2026-07-08T06:00:00,23.7,22.87,22.72,56693.27,40285.61,56045.6403,188.05,211.7,16219.61,15720.6
2026-07-08T07:00:00,20.74,18.5,18.5,57878.62,35186.09,57072.7896,7607.66,6929.0,15084.87,14182.4
2026-07-08T08:00:00,16.6,17.0,16.48,61487.86,26287.01,59957.6689,22801.46,21740.8,12399.39,12748.8
2026-07-08T09:00:00,16.96,18.73,17.07,65793.87,23092.95,63945.7894,29073.57,29541.8,13627.35,12327.9
2026-07-08T10:00:00,18.79,19.37,16.47,70029.29,25309.16,68607.091,32058.47,32446.1,12661.66,11463.3
2026-07-08T11:00:00,23.63,26.12,18.21,74434.11,30036.67,73209.9912,33307.0,33624.6,11090.44,10332.6
2026-07-08T12:00:00,27.23,29.52,20.63,78471.77,35005.47,77590.6114,33144.1,33627.3,10322.2,9667.1
2026-07-08T13:00:00,35.08,31.8,25.79,81841.67,40018.53,81246.2597,31492.37,32916.8,10330.77,9776.4
2026-07-08T14:00:00,36.39,29.66,25.58,82916.41,42207.06,82896.6911,29916.85,32969.8,10792.5,10703.5
2026-07-08T15:00:00,36.99,28.57,25.06,82693.97,42949.99,83759.8997,28786.18,32486.6,10957.8,11911.6
2026-07-08T16:00:00,33.93,23.25,25.05,82646.63,41944.29,83968.6804,28597.25,30900.7,12105.09,13410.8
2026-07-08T17:00:00,32.7,22.11,28.16,82789.62,41613.59,83398.9192,27472.86,28671.8,13703.17,14916.3
2026-07-08T18:00:00,31.9,26.7,29.68,82873.35,43696.5,82504.9197,24260.48,24144.9,14916.37,16378.0
2026-07-08T19:00:00,43.34,36.82,36.54,81876.27,52731.4,80667.1894,12672.01,11707.8,16472.86,17628.5
2026-07-08T20:00:00,42.96,45.57,45.89,79751.44,60605.89,77833.941,1302.38,1162.0,17843.17,18936.4
2026-07-08T21:00:00,40.19,60.91,61.7,77113.51,57310.24,75426.2093,1.07,0.0,19802.2,20608.3
2026-07-08T22:00:00,34.05,42.8,42.72,73333.95,52442.65,71484.3116,0.23,0.0,20891.07,22208.0
2026-07-08T23:00:00,26.9,28.64,28.64,69270.44,47970.09,67384.5489,0.24,0.0,21300.11,23047.3
2026-07-09T00:00:00,26.02,24.95,24.96,65454.25,43489.43,65794.2488,0.85,0.0,21963.97,22437.0
2026-07-09T01:00:00,24.16,22.8,22.8,62263.54,40091.27,62361.2605,1.03,0.0,22171.24,22480.2
2026-07-09T02:00:00,23.59,21.93,21.93,59744.46,37597.45,59655.981,1.08,0.0,22145.93,22272.5
2026-07-09T03:00:00,22.92,19.04,19.04,58189.83,35674.48,57896.6603,1.28,0.0,22514.07,22033.5
2026-07-09T04:00:00,22.3,18.86,18.86,57520.98,35055.75,57125.19,1.28,0.0,22463.95,21479.2
2026-07-09T05:00:00,23.84,20.77,20.77,57711.89,35541.29,57514.6597,1.19,0.0,22169.41,20899.5
2026-07-09T06:00:00,23.34,22.59,22.59,58049.64,36830.26,58257.9708,205.1,227.1,21014.28,20284.4
2026-07-09T07:00:00,20.29,17.55,17.49,58974.51,31889.39,59106.3596,8295.09,7313.1,18790.03,18795.8
2026-07-09T08:00:00,17.68,16.07,12.96,62368.36,22238.99,61972.3311,24532.82,22793.2,15596.55,17717.2
2026-07-09T09:00:00,18.34,19.36,13.64,66164.0,20250.6,65984.3507,30538.87,30853.0,15374.53,17525.2
2026-07-09T10:00:00,19.78,23.73,14.55,70531.93,23085.89,70529.229,32196.48,33474.7,15249.56,16891.6
2026-07-09T11:00:00,23.26,26.42,16.02,74621.78,26711.34,74983.0396,33282.22,34212.9,14628.22,16236.4
2026-07-09T12:00:00,29.63,24.84,20.55,78542.39,30290.13,79038.7295,33970.09,34015.6,14282.17,15981.8
2026-07-09T13:00:00,34.07,31.95,22.06,81696.82,33745.72,82436.7998,33898.42,33274.8,14052.68,16402.9
2026-07-09T14:00:00,33.57,27.84,19.34,82687.67,34043.54,83835.0591,32897.26,33361.6,15746.87,17424.6
2026-07-09T15:00:00,35.92,27.11,20.24,82819.32,34861.5,84288.809,30916.57,33112.1,17041.25,18657.8
2026-07-09T16:00:00,33.06,26.9,19.05,83003.02,36070.47,84142.6489,28563.96,32563.8,18368.59,19939.6
2026-07-09T17:00:00,30.5,27.08,22.65,82641.84,37353.01,83538.7607,26169.0,30999.6,19119.83,21153.2
2026-07-09T18:00:00,30.05,31.48,32.54,82581.82,41363.42,82902.1806,21778.17,26188.4,19440.23,22174.2
2026-07-09T19:00:00,39.83,45.67,41.37,81461.7,50381.87,81457.4897,10816.98,12149.6,20262.85,22463.8
2026-07-09T20:00:00,41.59,43.04,40.62,79056.48,57092.83,78917.2312,1213.14,1192.8,20750.51,22714.7
2026-07-09T21:00:00,37.6,46.19,42.44,76802.96,55522.9,76579.3316,0.78,0.0,21279.28,23542.0
2026-07-09T22:00:00,34.71,41.62,41.41,72804.76,50784.3,72879.6589,0.46,0.0,22020.0,24433.7
2026-07-09T23:00:00,29.35,27.33,27.18,68257.58,45429.92,68829.3502,0.67,0.0,22826.99,24789.3
2026-07-10T00:00:00,25.78,24.92,25.23,64229.93,41454.51,65632.2914,0.86,0.0,22774.56,24066.4
2026-07-10T01:00:00,24.12,24.16,24.48,61158.45,39151.36,62206.121,0.77,0.0,22006.32,23689.3
2026-07-10T02:00:00,23.7,22.68,22.88,58985.87,37002.01,59420.0099,0.78,0.0,21983.08,22016.2
2026-07-10T03:00:00,23.34,21.91,22.05,57535.03,36005.74,57582.8,0.83,0.0,21528.46,21406.8
2026-07-10T04:00:00,23.46,22.86,22.88,56895.43,36472.46,56773.1403,0.58,0.0,20422.39,20345.1
2026-07-10T05:00:00,24.71,23.98,23.98,56924.92,38122.41,56867.4507,0.23,0.0,18802.28,19270.3
2026-07-10T06:00:00,24.91,25.13,25.13,57276.42,39906.1,57596.2704,182.09,205.6,17188.23,18169.8
2026-07-10T07:00:00,22.87,20.66,20.66,58305.12,35703.26,58410.6607,7012.95,6476.6,15588.91,16627.3
2026-07-10T08:00:00,19.28,21.31,16.1,61530.76,25926.67,61405.7701,21061.44,20841.9,14542.65,16154.7
2026-07-10T09:00:00,19.29,26.63,16.27,65172.28,23066.11,65316.5611,26047.87,29064.9,16058.3,16681.0
2026-07-10T10:00:00,21.89,24.64,15.49,69006.18,24295.27,69434.2419,28338.11,31733.5,16372.8,16516.5
2026-07-10T11:00:00,24.51,24.02,15.95,72385.72,26883.66,73283.5613,29011.97,32307.3,16490.09,16218.6
2026-07-10T12:00:00,26.56,22.07,18.58,75109.24,29826.71,76666.5906,28825.25,32107.5,16457.28,17967.5
2026-07-10T13:00:00,29.97,24.77,18.75,77936.11,32582.44,79456.8988,29045.94,31141.9,16307.73,18127.5
2026-07-10T14:00:00,31.68,26.53,18.93,80414.61,33743.19,80760.1294,29556.15,30800.7,17115.27,18320.7
2026-07-10T15:00:00,32.51,33.87,19.96,81768.21,33760.24,81091.8594,29487.75,29808.2,18520.22,18328.8
2026-07-10T16:00:00,31.33,35.25,21.27,82394.46,35095.76,81110.6217,28580.24,28631.6,18718.46,18736.2
2026-07-10T17:00:00,30.0,39.38,19.75,82349.22,35588.17,80638.6499,26931.8,26712.3,19829.25,19305.8
2026-07-10T18:00:00,30.6,32.34,24.12,80844.6,38892.67,79753.8211,22500.59,22530.7,19451.34,20113.7
2026-07-10T19:00:00,39.26,43.75,39.31,78658.55,46593.93,77817.7806,12373.71,11508.9,19690.91,20600.9
2026-07-10T20:00:00,42.03,46.26,41.85,75726.15,54782.63,75105.51,1397.07,1194.6,19546.45,20674.8
2026-07-10T21:00:00,39.49,42.73,41.65,73662.81,54394.27,73193.2417,5.5,0.0,19263.04,20954.6
2026-07-10T22:00:00,36.88,45.53,45.54,70141.76,50579.18,70148.3192,0.27,0.0,19562.31,21507.2
2026-07-10T23:00:00,30.03,34.8,34.8,66670.67,47026.16,66663.4991,0.13,0.0,19644.38,21244.4
2026-07-11T00:00:00,27.3,35.17,35.17,63263.49,46361.01,63351.6795,0.09,0.0,16902.39,20223.9
2026-07-11T01:00:00,26.65,35.61,35.61,60645.51,46350.93,60476.0995,0.08,0.0,14294.5,17927.5
2026-07-11T02:00:00,26.04,29.81,29.81,58415.23,45173.34,58117.88,0.08,0.0,13241.81,16366.1
2026-07-11T03:00:00,25.91,27.09,27.09,56837.68,43962.66,56380.8591,0.1,0.0,12874.92,14846.9
2026-07-11T04:00:00,28.85,29.5,29.5,55920.43,44348.26,55239.4994,0.09,0.0,11572.08,13044.7
2026-07-11T05:00:00,32.97,28.97,28.97,55626.13,45189.78,54491.9301,0.11,0.0,10436.24,11146.2
2026-07-11T06:00:00,28.18,31.69,31.62,55181.38,45471.9,54140.0998,147.21,175.7,9562.27,9540.4
2026-07-11T07:00:00,23.46,24.64,24.4,55776.73,41930.9,54807.3498,5728.05,5653.9,8117.78,7832.4
2026-07-11T08:00:00,18.74,23.41,23.3,59207.86,33924.83,58209.6814,18407.9,17207.1,6875.13,6719.4
2026-07-11T09:00:00,20.36,23.75,23.54,62972.81,30437.87,62247.8103,24872.7,24557.3,7662.24,5973.1
2026-07-11T10:00:00,22.98,21.44,21.44,66146.24,31849.23,66391.4097,27188.94,28170.6,7108.07,5051.8
2026-07-11T11:00:00,25.87,16.08,16.0,69020.29,33678.69,70410.9105,29325.52,29321.9,6016.08,4451.3
2026-07-11T12:00:00,28.73,20.17,19.56,71789.0,36364.17,73816.5997,29748.57,29424.6,5676.26,4244.4
2026-07-11T13:00:00,29.79,27.15,25.05,73766.17,39831.74,76143.0217,28964.06,28790.1,4970.37,5530.5
2026-07-11T14:00:00,31.72,30.42,30.49,74766.38,43454.74,77491.1098,26174.79,28941.4,5136.85,6384.4
2026-07-11T15:00:00,31.65,28.43,28.56,75714.56,44792.64,78097.0614,24465.32,28032.4,6456.6,7432.3
2026-07-11T16:00:00,32.07,23.55,24.12,76358.05,43789.4,78161.6293,24385.06,25626.7,8183.59,8728.3
2026-07-11T17:00:00,29.92,21.18,25.32,76485.8,43211.42,77347.3503,23808.25,22955.3,9466.13,10079.9
2026-07-11T18:00:00,33.95,24.49,25.98,75657.4,44387.57,75829.259,20481.02,18993.5,10788.81,11040.4
2026-07-11T19:00:00,40.58,31.31,40.31,73920.44,51351.83,74008.851,10144.67,9634.9,12423.94,12035.4
2026-07-11T20:00:00,41.63,35.85,39.66,71556.55,56914.04,71766.8395,1102.15,965.1,13540.36,13080.2
2026-07-11T21:00:00,43.77,29.04,29.59,69848.81,55095.74,70227.6997,0.16,0.0,14752.91,13997.3
2026-07-11T22:00:00,40.63,27.68,27.68,66927.0,51713.38,67604.0992,0.07,0.0,15213.55,14866.8
2026-07-11T23:00:00,36.48,28.11,28.11,64067.11,49852.92,64380.9987,0.08,0.0,14214.11,14932.8
2026-07-12T00:00:00,35.11,25.1,25.1,60797.08,47253.02,60864.9608,0.07,0.0,13543.99,15043.7
2026-07-12T01:00:00,30.1,22.67,22.67,58413.36,44596.67,58443.9013,0.07,0.0,13816.62,14175.6
2026-07-12T02:00:00,29.48,21.17,21.17,56577.08,43260.52,56547.6012,0.07,0.0,13316.49,12736.0
2026-07-12T03:00:00,32.21,21.81,21.81,55307.68,42657.76,55245.15,0.1,0.0,12649.82,11289.9
2026-07-12T04:00:00,31.52,23.5,23.5,54483.7,43645.11,54241.7797,0.1,0.0,10838.49,9608.1
2026-07-12T05:00:00,32.47,24.55,24.54,54142.83,45522.01,53549.1806,0.09,0.0,8620.73,7956.9
2026-07-12T06:00:00,28.89,25.41,25.71,53884.0,47200.72,52861.7494,48.69,150.2,6634.59,6694.9
2026-07-12T07:00:00,23.18,22.53,22.89,54006.37,45162.26,53447.3194,3789.46,5466.1,5054.65,5435.9
2026-07-12T08:00:00,19.11,20.47,20.47,56513.24,37198.71,56751.6605,14790.99,17584.7,4523.54,4778.6
2026-07-12T09:00:00,21.35,21.06,21.06,60119.68,33205.11,60792.1889,22078.59,24988.9,4835.98,4672.5
2026-07-12T10:00:00,21.54,20.82,20.82,64034.44,34918.29,64731.1101,25247.92,28787.3,3868.23,4400.4
2026-07-12T11:00:00,21.99,22.75,22.77,68272.4,38291.56,68722.1096,26634.48,29735.2,3346.36,4347.8
2026-07-12T12:00:00,24.74,23.08,23.19,72225.24,40627.45,71925.5714,27840.78,29096.4,3757.01,4563.5
2026-07-12T13:00:00,26.57,23.14,23.05,75320.32,42116.89,74474.4405,27721.83,26876.5,5481.6,5163.3
2026-07-12T14:00:00,28.18,27.98,28.21,77324.7,43954.02,76337.5408,26285.02,25825.0,7085.66,6282.3
2026-07-12T15:00:00,29.42,26.83,27.18,78177.23,45896.09,77374.9004,23559.17,24057.4,8721.97,7602.5
2026-07-12T16:00:00,31.12,21.65,30.89,78206.87,46176.25,77488.5093,21270.47,21445.1,10760.15,9120.1
2026-07-12T17:00:00,31.34,21.28,33.26,77562.97,46025.87,76776.3,19049.24,18819.8,12487.86,10689.6
2026-07-12T18:00:00,32.79,29.45,30.44,75495.68,47642.85,74964.3619,14082.39,14746.0,13770.44,11502.1
2026-07-12T19:00:00,38.37,33.88,33.9,72949.75,51941.57,73117.0488,6322.89,7395.4,14685.29,11601.1
2026-07-12T20:00:00,37.89,38.0,38.14,70682.09,56326.87,71060.58,598.94,761.7,13756.28,11543.4
2026-07-12T21:00:00,42.98,36.73,36.81,69162.54,57521.98,69471.6097,0.04,0.0,11640.52,11350.5
2026-07-12T22:00:00,47.27,34.68,34.86,66223.49,56228.37,66142.1989,0.05,0.0,9995.07,10944.5
2026-07-12T23:00:00,43.72,36.29,36.96,62637.2,53773.64,62295.651,0.07,0.0,8863.49,9975.3
2026-07-13T00:00:00,37.05,30.49,31.15,59618.82,51391.02,59497.0569,0.07,0.0,8227.73,8260.9
2026-07-13T01:00:00,33.07,30.45,31.77,57405.12,50422.83,56715.6193,0.13,0.0,6982.16,7135.6
2026-07-13T02:00:00,33.08,33.5,33.5,55904.66,50464.26,54513.4034,0.36,0.0,5440.04,5857.7
2026-07-13T03:00:00,35.91,39.48,39.77,54928.13,50670.01,53132.6977,0.2,0.0,4257.92,5028.8
2026-07-13T04:00:00,35.82,35.34,36.67,54896.89,51684.69,52864.4744,0.38,0.0,3211.82,4375.2
2026-07-13T05:00:00,40.26,35.09,36.55,55692.75,52569.11,53621.6698,0.29,0.0,3123.35,3713.7
2026-07-13T06:00:00,40.77,31.98,33.48,56727.02,53682.3,54981.8485,49.18,103.2,2995.54,3206.5
2026-07-13T07:00:00,37.12,31.32,31.96,57455.77,51583.72,56127.6324,3222.42,3876.3,2649.63,2749.1
2026-07-13T08:00:00,29.51,26.3,26.22,59446.6,45700.39,58659.8054,11344.55,12368.6,2401.66,2665.2
2026-07-13T09:00:00,29.84,26.12,26.05,61961.41,43613.33,61511.7227,15416.65,17435.7,2931.43,3002.1
2026-07-13T10:00:00,28.14,27.76,27.63,64370.78,44526.97,64480.3344,16364.52,20222.0,3479.29,3350.3
2026-07-13T11:00:00,27.48,30.75,30.79,66334.81,45485.94,67526.8604,16944.49,21660.6,3904.38,3736.6
2026-07-13T12:00:00,28.06,27.47,27.79,68005.35,44832.87,70014.5218,19062.75,22593.0,4109.73,4140.0
2026-07-13T13:00:00,28.44,26.58,26.63,69731.99,44970.14,72095.014,20110.79,22370.8,4651.06,4808.7
2026-07-13T14:00:00,28.63,27.38,27.5,71343.74,46607.02,73111.8827,18828.25,22340.0,5908.47,5610.3
2026-07-13T15:00:00,31.23,25.92,26.21,72532.52,46596.34,73597.0917,19052.13,20860.6,6884.05,6690.7
2026-07-13T16:00:00,31.52,23.11,23.07,73305.19,46113.65,73723.6155,19238.11,20172.5,7953.43,7742.2
2026-07-13T17:00:00,32.0,23.78,23.79,73093.59,46766.25,73255.5131,17061.52,17385.9,9265.82,8589.7
2026-07-13T18:00:00,32.41,25.35,25.36,72021.07,47515.66,72004.3632,13852.23,13569.8,10653.18,9190.7
2026-07-13T19:00:00,44.5,30.22,30.47,69892.43,50648.94,70200.8244,7791.25,6874.3,11452.24,9364.8
2026-07-13T20:00:00,44.48,32.21,32.75,68336.99,55934.82,68240.0469,991.25,750.6,11410.92,9332.2
2026-07-13T21:00:00,43.47,29.16,30.16,66899.18,55243.13,66577.9151,0.07,0.0,11655.98,9158.0
2026-07-13T22:00:00,40.72,29.09,29.38,64257.14,53330.11,63394.6378,0.09,0.0,10926.94,8895.6
2026-07-13T23:00:00,35.36,28.53,28.75,61050.41,51308.55,59928.3863,0.09,0.0,9741.77,8331.3
2026-07-14T00:00:00,35.94,26.75,27.03,57922.7,49035.34,56827.0804,0.07,0.0,8887.29,8968.1
2026-07-14T01:00:00,32.77,28.48,28.88,55770.39,48269.79,54863.4,0.18,0.0,7500.42,7575.9
2026-07-14T02:00:00,31.56,28.2,29.58,54280.3,48160.44,53303.2903,0.35,0.0,6119.51,6419.6
2026-07-14T03:00:00,30.3,27.8,29.48,53419.38,48112.84,52426.5894,0.33,0.0,5306.21,5589.3
2026-07-14T04:00:00,34.78,28.09,28.58,53345.38,48629.99,52225.1593,0.48,0.0,4714.91,4952.6
2026-07-14T05:00:00,35.88,27.07,28.47,54138.0,49781.23,53102.9802,0.2,0.0,4356.57,4449.3
2026-07-14T06:00:00,34.49,31.94,32.44,55283.67,51322.54,54185.8407,47.55,93.9,3913.58,4184.2
2026-07-14T07:00:00,29.4,32.62,33.88,56009.76,50039.29,54957.7404,2581.89,3389.6,3388.58,4007.7
2026-07-14T08:00:00,23.41,25.81,26.04,57328.35,45971.13,56496.9695,8237.12,11155.7,3120.1,4163.6
2026-07-14T09:00:00,22.93,22.7,22.75,58943.05,41847.66,58479.8495,13093.27,16683.4,4002.12,4911.7
2026-07-14T10:00:00,21.41,22.93,22.86,61046.32,39040.8,60875.2185,16372.9,19656.2,5632.62,5844.7
2026-07-14T11:00:00,21.56,22.05,22.24,63080.65,38571.09,62936.1605,17165.64,21186.0,7343.92,6813.9
2026-07-14T12:00:00,22.12,23.11,23.44,64984.96,38430.67,64953.7107,18549.34,21864.5,8004.95,7630.1
2026-07-14T13:00:00,21.15,22.62,22.45,66607.11,37762.07,66734.521,19770.27,22293.3,9074.77,8489.9
2026-07-14T14:00:00,20.78,23.25,22.79,67981.43,36902.81,67986.3493,20327.65,22009.0,10750.97,9528.7
2026-07-14T15:00:00,21.53,22.43,22.59,68706.27,37668.24,68400.5396,19152.11,19930.9,11885.92,10615.3
2026-07-14T16:00:00,22.95,19.66,19.74,69004.63,36645.69,68971.4798,17801.43,18524.8,14557.51,11383.8
2026-07-14T17:00:00,22.65,18.32,18.38,68753.02,36707.45,68669.8898,16579.11,16153.6,15466.46,11685.4
2026-07-14T18:00:00,25.74,20.44,20.42,68011.65,38680.84,68123.7098,13169.82,12399.7,16160.99,11975.3
2026-07-14T19:00:00,28.15,32.77,32.89,66505.93,44610.76,66556.2211,7110.94,6628.8,14784.23,12005.3
2026-07-14T20:00:00,34.08,39.63,39.91,65294.68,52824.34,65551.4186,944.98,782.7,11525.36,11544.3
2026-07-14T21:00:00,34.57,41.06,43.02,64173.66,55488.54,64591.6504,0.06,0.0,8685.06,10969.0
2026-07-14T22:00:00,37.82,50.66,51.38,61697.48,53931.04,61522.6397,0.06,0.0,7766.38,10577.2
2026-07-14T23:00:00,35.87,48.77,49.18,58883.99,50952.23,58391.6691,0.08,0.0,7931.68,9893.0
2026-07-15T00:00:00,29.52,33.84,35.23,55834.89,47281.12,56200.3506,0.19,0.0,8553.58,8400.1
2026-07-15T01:00:00,27.69,27.97,29.8,53888.82,45520.76,53675.4594,0.29,0.0,8367.77,7792.8
2026-07-15T02:00:00,28.56,29.87,31.46,52394.79,44737.29,51794.5896,0.23,0.0,7657.27,7244.2
2026-07-15T03:00:00,28.24,25.65,26.93,51686.31,44955.32,50637.7006,0.38,0.0,6730.61,6961.1
2026-07-15T04:00:00,30.33,26.7,27.71,51688.08,45821.18,50465.1395,0.48,0.0,5866.42,6721.1
2026-07-15T05:00:00,30.41,27.55,27.86,52820.3,46883.06,51204.2404,0.44,0.0,5936.8,6409.2
2026-07-15T06:00:00,29.42,25.61,26.18,53712.54,47459.74,52704.849,72.31,94.1,6180.49,6214.8
2026-07-15T07:00:00,27.11,24.88,25.33,54424.21,45482.38,53548.4296,3067.06,3118.6,5874.77,5872.4
2026-07-15T08:00:00,23.02,23.36,23.35,56057.63,40822.64,55371.9692,9478.23,9697.7,5756.76,6031.5
2026-07-15T09:00:00,21.49,22.64,22.39,58067.17,37001.6,57760.719,14885.0,14962.3,6180.57,6700.9
2026-07-15T10:00:00,20.87,24.77,24.52,60338.85,37201.62,60426.9297,16791.5,18437.1,6345.73,7130.7
2026-07-15T11:00:00,21.26,27.13,27.2,62410.93,38673.06,63131.3996,17222.9,20649.3,6514.97,7419.0
2026-07-15T12:00:00,21.97,25.59,25.56,63952.97,38744.67,65571.0513,18554.68,21870.2,6653.62,7726.6
2026-07-15T13:00:00,23.76,24.95,24.89,65476.04,39029.01,67850.2489,19863.6,21974.9,6583.43,8048.9
2026-07-15T14:00:00,23.36,24.27,24.26,65653.83,39619.75,69417.3689,19191.3,21278.3,6842.78,8805.3
2026-07-15T15:00:00,23.98,22.73,22.73,64958.59,38211.46,70507.4998,18898.92,19671.9,7848.21,10000.3
2026-07-15T16:00:00,24.06,20.5,20.46,65197.13,36897.46,71120.4616,18311.28,17784.5,9988.39,10917.8
2026-07-15T17:00:00,23.81,18.95,18.77,65944.95,36941.45,70828.4203,16724.97,15113.9,12278.53,11750.7
2026-07-15T18:00:00,24.43,25.4,25.22,66083.35,40030.67,69793.9613,12927.54,11580.5,13125.14,12747.1
2026-07-15T19:00:00,29.33,34.38,34.25,65155.01,45467.43,67953.6898,6946.88,6027.3,12740.7,13292.1
2026-07-15T20:00:00,32.45,39.26,39.41,64079.4,51164.44,66272.6299,948.49,686.5,11966.47,11800.1
2026-07-15T21:00:00,29.9,39.95,40.09,63586.3,51660.06,64818.2097,0.19,0.0,11926.05,11897.6
2026-07-15T22:00:00,29.36,32.0,32.07,61136.76,48577.07,61917.3701,0.08,0.0,12559.61,12034.1
2026-07-15T23:00:00,28.69,29.52,29.59,58133.64,45553.4,58801.1398,0.08,0.0,12580.16,11760.4
2026-07-16T00:00:00,29.12,26.8,26.81,55818.22,44240.2,53942.9407,0.09,0.0,11577.93,11957.9
2026-07-16T01:00:00,27.06,26.61,26.61,54049.61,44081.08,52359.7308,0.1,0.0,9968.43,11123.1
2026-07-16T02:00:00,26.36,28.53,28.66,52855.21,44220.78,51037.1998,0.37,0.0,8634.06,10032.4
2026-07-16T03:00:00,28.24,27.11,27.13,52085.16,44136.75,50456.7196,0.48,0.0,7947.93,9195.6
2026-07-16T04:00:00,29.42,31.56,31.56,52094.07,44690.57,50496.8306,0.32,0.0,7403.18,8633.2
2026-07-16T05:00:00,30.57,39.41,39.47,52846.81,46039.28,51642.5692,0.22,0.0,6807.31,8109.6
2026-07-16T06:00:00,30.49,37.27,37.69,54381.38,47000.43,52948.5106,58.66,92.9,7322.29,7703.3
2026-07-16T07:00:00,27.66,33.56,33.79,55233.24,45190.77,53859.98,2054.28,3235.4,7988.19,7509.2
2026-07-16T08:00:00,25.55,25.42,25.72,56974.8,41613.82,55428.5701,6882.9,9876.5,8478.08,7968.0
2026-07-16T09:00:00,23.66,24.0,23.98,59467.03,37647.61,57797.5499,11654.89,14542.5,10164.53,8914.5
2026-07-16T10:00:00,22.38,28.72,23.56,62819.61,34844.21,60422.8914,16645.32,17919.5,11330.08,9708.4
2026-07-16T11:00:00,22.45,30.77,23.6,66293.18,33831.69,62904.7704,20510.4,20483.8,11951.09,11940.5
2026-07-16T12:00:00,22.82,36.39,24.96,69461.82,33425.07,65586.4597,23200.88,22204.7,12835.87,12779.8
2026-07-16T13:00:00,22.96,34.2,22.88,72387.13,32772.67,68351.1514,24993.23,22799.7,14621.23,13635.5
2026-07-16T14:00:00,24.01,36.59,23.75,74425.4,34705.28,69988.3704,24136.72,22961.8,15583.4,14382.5
2026-07-16T15:00:00,24.35,57.48,34.54,74900.27,38551.47,70633.332,20295.32,21852.5,16053.48,14695.4
2026-07-16T16:00:00,24.65,66.91,41.7,74070.77,40680.1,71011.21,17913.83,19240.8,15476.84,15299.4
2026-07-16T17:00:00,24.94,44.02,37.18,73194.79,43202.55,70789.3485,14572.4,16867.1,15419.84,15944.9
2026-07-16T18:00:00,25.67,40.55,38.74,71670.04,46181.15,69448.1598,11024.92,13130.0,14463.97,16215.2
2026-07-16T19:00:00,35.42,40.99,41.33,69327.05,48977.51,67715.3095,5024.7,6388.1,15324.84,16221.4
2026-07-16T20:00:00,37.31,33.25,33.53,67787.5,50959.92,66357.3082,628.35,666.8,16199.23,16172.6
2026-07-16T21:00:00,35.25,29.34,29.51,66421.48,50009.03,65281.0901,0.07,0.0,16412.38,16241.7
2026-07-16T22:00:00,33.28,29.58,29.74,63542.57,47530.36,62627.16,0.08,0.0,16012.13,16585.0
2026-07-16T23:00:00,28.15,28.15,28.3,60512.21,44359.5,59695.6305,0.09,0.0,16152.62,16801.9
2026-07-17T00:00:00,27.73,25.64,25.81,57910.36,42171.04,57088.4501,0.1,0.0,15739.22,15854.8
2026-07-17T01:00:00,25.16,24.93,25.14,55885.28,40811.68,54660.8106,0.13,0.0,15073.47,15391.7
2026-07-17T02:00:00,24.19,24.42,24.74,54404.54,39933.05,53103.8907,0.12,0.0,14471.37,14580.7
2026-07-17T03:00:00,24.13,23.39,23.79,53654.17,39103.73,52227.2899,0.12,0.0,14550.32,14081.4
2026-07-17T04:00:00,24.33,23.2,23.66,53814.02,39029.0,52225.3692,0.11,0.0,14784.91,13535.5
2026-07-17T05:00:00,25.12,23.93,24.41,54602.39,39150.83,53240.9793,0.14,0.0,15451.42,12845.0
2026-07-17T06:00:00,25.28,23.34,23.57,55713.64,39659.19,54284.3502,84.66,96.1,15969.79,12232.5
2026-07-17T07:00:00,23.4,22.46,22.67,56721.56,38557.03,55357.4002,3155.6,3440.4,15008.93,11644.5
2026-07-17T08:00:00,21.95,22.27,20.78,58897.91,34758.58,58174.2404,9759.88,11179.5,14379.45,11588.9
2026-07-17T09:00:00,19.59,25.3,18.36,62068.85,29881.8,61619.2206,15790.38,16287.5,16396.67,13720.0
2026-07-17T10:00:00,19.66,28.45,19.8,65420.05,29784.62,65222.4706,20163.55,21022.2,15471.88,14227.5
2026-07-17T11:00:00,20.91,25.27,15.52,68955.87,27955.58,68983.1195,25072.21,25151.4,15928.08,14493.2
2026-07-17T12:00:00,22.52,23.24,12.7,72523.67,28090.5,72291.7212,27837.78,27447.3,16595.39,14896.6
2026-07-17T13:00:00,25.1,28.58,14.27,75631.38,30254.89,75207.8801,28540.39,28905.3,16836.1,15369.8
2026-07-17T14:00:00,26.72,30.45,15.38,78039.36,32475.57,76928.8713,28699.0,28711.9,16864.79,16189.4
2026-07-17T15:00:00,28.44,27.65,14.93,79544.34,33657.39,77979.1309,27891.09,27873.6,17995.86,17430.4
2026-07-17T16:00:00,28.92,30.22,16.42,80632.39,34888.76,78394.7013,26184.06,26463.3,19559.57,18427.3
2026-07-17T17:00:00,27.57,29.75,19.22,80724.76,36827.8,78056.6212,23535.08,23948.6,20361.88,19079.2
2026-07-17T18:00:00,27.55,27.98,19.66,79311.6,39180.97,76643.9687,18517.78,18844.4,21612.85,19743.2
2026-07-17T19:00:00,35.16,33.48,32.68,76466.06,45809.91,74316.2401,8942.0,7785.5,21714.15,19836.7
2026-07-17T20:00:00,37.45,38.09,38.31,73345.86,53940.37,71760.9099,762.98,706.8,18642.51,19663.9
2026-07-17T21:00:00,38.22,36.89,37.1,71219.11,54984.53,69923.8099,1.0,0.0,16233.58,17940.1
2026-07-17T22:00:00,36.68,59.43,59.87,67876.85,52288.97,66996.8188,0.51,0.0,15587.37,18250.4
2026-07-17T23:00:00,29.78,41.25,41.43,64538.97,48581.8,63699.1395,0.41,0.0,15956.76,18162.3
2026-07-18T00:00:00,28.65,31.02,31.06,61525.03,45181.31,61401.091,0.44,0.0,16343.28,16022.6
2026-07-18T01:00:00,25.75,24.45,24.45,59038.02,42023.57,58640.6102,0.6,0.0,17013.85,15885.2
2026-07-18T02:00:00,23.45,22.75,22.75,57154.13,39565.01,56439.6204,0.67,0.0,17588.45,15634.0
2026-07-18T03:00:00,22.71,22.07,22.07,55680.96,38024.8,54929.1589,0.71,0.0,17655.45,15592.1
2026-07-18T04:00:00,22.34,22.02,22.02,54781.11,37854.91,54012.1297,0.67,0.0,16925.53,15494.3
2026-07-18T05:00:00,23.06,21.58,21.58,54533.55,37301.48,53981.6797,0.69,0.0,17231.38,15238.3
2026-07-18T06:00:00,22.07,22.42,22.42,54349.61,37401.95,53714.1709,62.02,104.9,16885.64,15071.8
2026-07-18T07:00:00,19.03,18.3,18.3,54579.15,35204.17,54338.22,4216.46,4577.4,15158.52,14291.5
2026-07-18T08:00:00,16.97,16.21,16.15,57739.64,28721.49,57430.3305,15143.46,15434.6,13874.69,13909.7
2026-07-18T09:00:00,16.7,16.09,13.17,62021.34,21500.06,61825.0196,23267.21,22403.3,17254.07,14407.0
2026-07-18T10:00:00,16.64,16.2,11.39,66234.53,20866.3,66168.1591,28694.66,27007.7,16673.57,13976.2
2026-07-18T11:00:00,20.86,16.64,10.0,70140.81,25423.81,70360.9803,30686.13,29899.7,14030.87,12649.9
2026-07-18T12:00:00,24.19,22.97,13.83,73568.63,30219.21,73826.7799,31093.76,31260.8,12255.66,11613.2
2026-07-18T13:00:00,26.75,24.88,15.86,76523.81,33187.67,76654.4197,31352.4,31428.5,11983.74,11131.6
2026-07-18T14:00:00,28.69,24.89,15.77,78965.51,34508.56,78754.3293,32074.27,30610.7,12382.68,12882.6
2026-07-18T15:00:00,30.86,30.01,17.21,80657.41,35767.26,80004.5105,31560.44,29806.6,13329.71,13636.3
2026-07-18T16:00:00,31.35,24.93,17.04,81343.22,36412.43,80547.3498,29541.66,28188.5,15389.13,14649.5
2026-07-18T17:00:00,30.51,23.05,15.01,81519.37,37437.87,80400.0901,25662.76,25796.5,18418.74,15725.6
2026-07-18T18:00:00,30.53,26.6,23.07,80585.75,41523.87,78874.0783,18656.16,20385.6,20405.72,16358.8
2026-07-18T19:00:00,39.1,34.28,34.4,77926.37,50046.03,76332.1896,7575.66,8644.1,20304.68,16340.8
2026-07-18T20:00:00,41.51,34.6,34.73,74757.58,55902.22,73460.2192,596.02,729.6,18259.34,15220.7
2026-07-18T21:00:00,37.55,34.71,34.95,72418.49,55891.63,71516.9096,0.79,0.0,16526.07,15276.4
2026-07-18T22:00:00,36.09,36.67,37.04,69157.86,54458.57,68545.7601,0.06,0.0,14699.23,14490.0
2026-07-18T23:00:00,31.69,39.78,40.18,65614.09,52091.23,65170.6391,0.05,0.0,13522.81,13609.3
2026-07-19T00:00:00,32.98,40.35,40.66,62249.14,50595.05,62575.5403,0.14,0.0,11653.95,11582.7
2026-07-19T01:00:00,30.62,43.29,43.61,59502.55,49789.32,59622.8802,0.31,0.0,9712.92,10321.2
2026-07-19T02:00:00,29.05,38.46,38.71,57496.35,48706.91,57273.5592,0.23,0.0,8789.21,9299.6
2026-07-19T03:00:00,26.33,27.7,27.8,55956.07,47256.79,55639.6806,0.21,0.0,8699.07,8667.2
2026-07-19T04:00:00,25.04,26.76,26.78,54960.51,46138.84,54390.6195,0.22,0.0,8821.45,8514.4
2026-07-19T05:00:00,25.57,27.46,27.51,54355.65,45881.28,53480.7597,0.33,0.0,8474.04,9887.8
2026-07-19T06:00:00,23.74,26.05,26.22,53787.67,45591.31,52627.6199,80.68,107.8,8115.68,9531.6
2026-07-19T07:00:00,21.56,21.71,21.66,53929.85,41306.85,53210.1697,4463.64,4931.5,8159.36,8660.1
2026-07-19T08:00:00,16.64,20.38,20.3,56760.22,33552.21,57160.1008,16135.48,16537.0,7072.53,8627.2
2026-07-19T09:00:00,16.9,21.11,18.34,60818.49,26953.92,61737.4897,24953.14,24169.7,8911.43,8909.7
2026-07-19T10:00:00,17.99,21.47,18.41,65150.29,25352.17,66254.4783,29830.06,28594.3,9968.06,8811.0
2026-07-19T11:00:00,21.09,20.77,17.58,69685.87,28664.56,70777.3889,31781.32,30757.9,9239.99,8260.6
2026-07-19T12:00:00,21.53,23.52,18.7,73774.82,32781.97,74689.1502,32224.06,31330.6,8768.79,7884.4
2026-07-19T13:00:00,26.53,26.07,22.54,77388.68,36863.57,77886.73,32538.79,31308.6,7986.32,7925.8
2026-07-19T14:00:00,28.86,28.75,27.55,80250.55,40061.61,80249.3903,31973.47,30377.1,8215.47,8357.8
2026-07-19T15:00:00,30.52,35.3,29.6,81966.28,42276.06,81630.7485,30930.24,29630.8,8759.98,9030.4
2026-07-19T16:00:00,31.32,38.55,28.26,82617.49,43230.75,82356.3604,28623.23,28092.1,10763.51,10281.2
2026-07-19T17:00:00,31.75,38.11,28.73,82654.92,45571.05,82441.2004,26372.14,25780.6,10711.73,11481.7
2026-07-19T18:00:00,33.48,44.9,42.16,81657.38,49769.35,81160.1384,20412.91,20656.2,11475.12,12291.3
2026-07-19T19:00:00,43.89,64.94,66.29,79722.59,58840.32,78844.6704,8580.7,9286.1,12301.57,12638.0
2026-07-19T20:00:00,46.39,65.46,67.3,76629.71,63203.99,75962.2102,628.63,747.8,12797.09,13038.8
2026-07-19T21:00:00,42.01,49.97,50.66,74879.58,60908.47,73787.8008,0.05,0.0,13971.06,13159.9
2026-07-19T22:00:00,47.47,37.42,37.55,71296.61,57214.01,70157.7509,0.07,0.0,14082.53,13413.6
2026-07-19T23:00:00,37.22,33.76,33.85,67075.14,52310.84,66080.1796,0.09,0.0,14764.21,12821.3
2026-07-20T00:00:00,32.17,28.48,28.52,63133.26,48271.83,63914.5102,0.11,0.0,14861.32,12404.8
2026-07-20T01:00:00,29.33,24.73,24.75,60036.78,45460.34,60622.9095,0.11,0.0,14576.33,11933.7
2026-07-20T02:00:00,26.81,24.29,24.28,58127.33,43536.94,58015.5296,0.11,0.0,14590.28,11748.4
2026-07-20T03:00:00,26.2,24.41,24.41,56821.85,42705.59,56325.87,0.11,0.0,14116.15,11558.1
2026-07-20T04:00:00,25.95,23.66,23.66,56167.12,42807.46,55606.78,0.08,0.0,13359.58,11393.2
2026-07-20T05:00:00,27.27,24.1,24.1,56444.35,43277.87,55980.3896,0.08,0.0,13166.4,10961.6
2026-07-20T06:00:00,27.15,24.93,24.93,57224.49,44523.37,56837.9501,78.94,107.8,12622.18,10181.1
2026-07-20T07:00:00,23.14,22.63,22.63,58117.98,41760.18,57715.5494,5615.81,5506.3,10741.99,8300.6
2026-07-20T08:00:00,17.66,20.24,19.23,60869.53,32762.66,61115.0895,20380.38,19089.5,7726.49,8265.7
2026-07-20T09:00:00,19.25,21.39,18.43,64542.58,27996.0,65329.7284,28984.73,27273.5,7561.85,7552.6
2026-07-20T10:00:00,21.54,23.58,19.67,68819.43,30285.86,70332.1299,32343.55,31043.3,6190.02,7135.6
2026-07-20T11:00:00,24.5,25.36,21.88,73561.93,35895.49,74998.7997,33067.21,32660.1,4599.23,6443.4
2026-07-20T12:00:00,30.28,33.1,25.16,77981.41,40456.18,79163.7387,33431.51,33358.2,4093.72,5996.4
2026-07-20T13:00:00,33.83,27.17,29.79,81628.42,43636.74,82711.5909,32938.12,33407.5,5053.56,6134.4
2026-07-20T14:00:00,32.8,29.26,25.94,83283.38,44035.83,84795.5389,32548.56,32729.5,6698.99,6883.1
2026-07-20T15:00:00,36.2,28.23,23.73,84160.77,43985.49,85875.7298,32255.11,32397.3,7920.17,7928.0
2026-07-20T16:00:00,35.88,34.09,24.35,85191.61,44889.7,86168.3589,31775.4,32304.2,8526.51,9144.4
2026-07-20T17:00:00,35.17,31.74,25.4,85276.53,45854.75,86371.8992,30221.45,30627.6,9200.33,10254.7
2026-07-20T18:00:00,37.17,60.58,41.03,84923.77,50604.31,85897.3718,24170.93,25149.5,10148.53,11257.4
2026-07-20T19:00:00,72.31,65.1,57.02,83948.39,61512.46,83741.6495,11002.25,11075.2,11433.68,12196.8
2026-07-20T20:00:00,68.12,149.25,93.39,80549.88,67500.14,80393.2889,796.0,903.4,12253.74,13242.7
2026-07-20T21:00:00,58.47,53.39,48.3,78061.56,64236.82,77494.7901,0.06,0.0,13824.68,14888.3
2026-07-20T22:00:00,41.72,37.14,35.35,74158.08,57669.21,73250.4309,0.06,0.0,16488.81,14729.2
2026-07-20T23:00:00,34.71,34.84,31.18,69388.59,51972.8,68774.2382,0.08,0.0,17415.71,15536.8
2026-07-21T00:00:00,28.67,24.89,24.3,65220.74,47747.93,66418.589,0.07,0.0,17472.74,16843.4
2026-07-21T01:00:00,25.51,23.46,22.93,61855.31,44806.08,62733.9307,0.09,0.0,17049.14,15933.2
2026-07-21T02:00:00,23.75,23.04,22.82,59312.63,43633.53,59660.4404,0.1,0.0,15679.0,14718.9
2026-07-21T03:00:00,23.78,23.94,23.94,57461.72,43584.92,57534.4189,0.1,0.0,13876.7,13321.3
2026-07-21T04:00:00,24.34,23.7,23.7,56578.57,45045.9,56525.2501,0.11,0.0,11532.56,11619.7
2026-07-21T05:00:00,25.94,26.01,26.0,56852.24,47359.38,56872.7694,0.12,0.0,9492.74,9609.3
2026-07-21T06:00:00,33.99,28.2,28.2,57870.86,50511.61,57617.0104,72.73,104.5,7286.52,7770.0
2026-07-21T07:00:00,27.97,24.96,24.93,58668.68,47440.88,58302.3006,5392.3,6014.1,5835.5,6116.7
2026-07-21T08:00:00,19.46,20.74,20.74,61063.91,36584.24,61318.7004,20754.25,21661.9,3725.42,4021.7
2026-07-21T09:00:00,21.44,21.48,21.19,64862.47,32537.31,65797.238,30164.02,30610.0,2161.14,2491.8
2026-07-21T10:00:00,25.16,21.26,19.43,69589.19,34377.9,71187.3401,33657.28,33566.2,1554.01,2599.1
2026-07-21T11:00:00,30.79,21.75,20.23,74729.95,38973.38,76378.019,34374.71,35017.5,1381.86,1984.7
2026-07-21T12:00:00,32.89,26.08,25.75,79724.68,44210.86,81288.3291,34225.9,35317.1,1287.92,1751.8
2026-07-21T13:00:00,36.45,29.89,33.84,83923.77,48444.9,85481.5598,34079.41,35085.8,1399.46,1962.0
2026-07-21T14:00:00,39.12,26.16,30.31,85312.48,49767.22,87591.6405,33595.08,34654.8,1950.18,2546.8
2026-07-21T15:00:00,39.5,30.29,26.61,86116.93,50720.01,88534.7498,32636.92,34183.2,2760.0,3341.3
2026-07-21T16:00:00,41.08,28.62,26.92,87014.9,51524.28,88750.3591,31988.73,33559.9,3501.89,4308.5
2026-07-21T17:00:00,42.65,30.82,26.51,87403.19,53192.32,89056.1101,30261.43,31929.8,3949.44,5384.3
2026-07-21T18:00:00,65.23,53.16,60.05,86965.61,58058.75,88681.0696,24589.96,26310.0,4316.9,6428.7
2026-07-21T19:00:00,206.38,137.09,149.14,85043.84,69090.45,87039.199,11129.67,11765.7,4823.72,7334.2
2026-07-21T20:00:00,187.04,130.66,140.73,81568.2,74264.51,83519.4397,906.85,971.2,6396.84,8440.6
2026-07-21T21:00:00,164.86,73.32,75.56,79065.15,71181.95,80904.3295,0.23,0.0,7882.97,9738.4
2026-07-21T22:00:00,74.9,111.8,114.63,74919.43,66582.29,76737.3894,0.7,0.0,8336.44,10680.7
2026-07-21T23:00:00,41.01,52.39,52.56,71243.75,62291.37,72264.6802,1.11,0.0,8951.27,11057.0
2026-07-22T00:00:00,43.26,37.47,37.52,67539.23,58426.41,66918.0789,0.35,0.0,9112.47,8739.5
2026-07-22T01:00:00,35.47,34.26,34.3,64200.42,55311.22,63790.0891,0.08,0.0,8889.12,8394.8
2026-07-22T02:00:00,33.05,33.38,33.27,61716.54,53518.83,61385.1003,0.11,0.0,8197.6,7752.4
2026-07-22T03:00:00,33.37,31.32,31.23,59975.05,53132.67,59740.9308,0.27,0.0,6842.11,6995.3
2026-07-22T04:00:00,31.06,32.68,32.57,59213.73,53358.22,58906.939,0.39,0.0,5855.12,5969.9
2026-07-22T05:00:00,33.28,35.67,35.33,59286.6,54627.55,59357.4012,0.48,0.0,4658.57,4611.2
2026-07-22T06:00:00,37.7,37.08,36.93,60030.87,56357.87,59774.1089,68.43,84.8,3604.57,3327.3
2026-07-22T07:00:00,31.52,31.45,31.22,60606.91,52274.23,60495.1203,5623.34,5584.8,2709.34,2253.6
2026-07-22T08:00:00,22.92,25.03,25.01,64186.33,42011.61,63313.3996,20869.95,21112.1,1304.77,1177.4
2026-07-22T09:00:00,24.88,26.32,26.34,68960.28,39011.69,68143.1703,29371.52,30605.9,577.07,1295.9
2026-07-22T10:00:00,30.79,26.11,26.35,74767.09,42258.6,73706.0398,32110.39,34211.8,398.1,1094.0
2026-07-22T11:00:00,33.67,26.0,25.84,80541.19,46914.04,79069.0396,33072.53,34895.5,554.62,1069.1
2026-07-22T12:00:00,36.98,40.63,31.0,85352.72,50421.89,84009.4896,33484.07,34788.2,1446.76,1246.8
2026-07-22T13:00:00,45.88,45.78,33.97,87469.71,52973.12,88215.49,32861.54,34002.5,1635.05,1634.4
2026-07-22T14:00:00,50.57,43.75,51.52,89289.9,55528.97,89878.6609,31966.96,33468.3,1793.97,2361.5
2026-07-22T15:00:00,55.62,41.03,49.05,90377.69,56313.92,90135.8809,31513.25,32846.5,2550.52,3386.9
2026-07-22T16:00:00,61.79,47.66,39.71,90955.02,57040.04,89349.8991,30544.85,31200.4,3370.13,4580.4
2026-07-22T17:00:00,63.22,48.76,42.0,91089.5,57727.4,88566.471,28707.65,28786.1,4654.45,5940.4
2026-07-22T18:00:00,105.44,93.55,88.53,90452.29,61533.38,87810.6986,22822.83,22820.6,6096.08,7466.9
2026-07-22T19:00:00,209.89,133.96,135.57,88220.43,70369.33,86617.1495,10465.83,9551.0,7385.27,8960.4
2026-07-22T20:00:00,221.38,151.07,150.02,84978.57,75288.76,83844.7095,999.76,805.7,8690.05,10470.9
2026-07-22T21:00:00,161.53,207.02,205.83,81701.7,71071.26,81566.3897,0.64,0.0,10629.8,12097.9
2026-07-22T22:00:00,100.8,194.51,194.35,77232.2,64731.37,77547.7197,0.6,0.0,12500.23,13238.3
2026-07-22T23:00:00,55.64,65.75,65.59,73574.8,60675.49,73055.6902,0.54,0.0,12898.77,13418.4
2026-07-23T00:00:00,52.61,59.5,59.51,70117.22,58103.8,69072.4495,0.09,0.0,12013.33,13008.2
2026-07-23T01:00:00,43.4,54.65,54.35,66858.49,56268.09,65838.2905,0.1,0.0,10590.3,12174.3
2026-07-23T02:00:00,37.65,40.35,39.87,64090.83,53822.77,63220.3,0.08,0.0,10267.98,11130.8
2026-07-23T03:00:00,36.41,36.46,35.83,62052.51,52401.49,61563.8698,0.08,0.0,9650.94,9973.7
2026-07-23T04:00:00,36.75,36.69,35.81,60860.27,52150.39,60765.6398,0.07,0.0,8709.81,8877.6
2026-07-23T05:00:00,40.73,38.16,37.26,60690.47,52479.22,61190.1206,0.08,0.0,8211.17,7747.5
2026-07-23T06:00:00,43.22,44.44,43.46,60807.23,54086.15,61700.8595,70.6,78.0,6650.48,6708.7
2026-07-23T07:00:00,32.39,34.9,34.32,61082.32,51023.01,62099.1002,5034.51,5296.5,5024.8,5707.8
2026-07-23T08:00:00,23.87,24.98,25.01,64225.47,41603.26,64986.1898,19003.01,20375.3,3619.2,3776.9
2026-07-23T09:00:00,23.94,25.25,25.23,67525.83,36659.37,69114.2895,27014.43,29829.7,3852.03,3214.2
2026-07-23T10:00:00,26.5,26.06,24.59,71149.42,37026.5,73307.4097,29969.68,32813.0,4153.24,3134.3
2026-07-23T11:00:00,29.09,28.4,25.97,74712.96,41207.84,77015.6301,30579.14,33631.6,2925.98,3021.4
2026-07-23T12:00:00,34.01,31.2,28.33,77877.69,44977.98,80356.5493,30714.87,33566.7,2184.84,2937.1
2026-07-23T13:00:00,40.86,40.45,34.98,81190.45,48456.26,83256.5396,30542.34,32158.6,2191.85,3248.0
2026-07-23T14:00:00,38.87,45.29,37.66,83170.02,50451.79,84688.8003,29745.2,31431.4,2973.03,5354.5
2026-07-23T15:00:00,40.56,46.25,37.92,84049.37,51550.48,85288.86,27505.46,29919.1,4993.43,7210.8
2026-07-23T16:00:00,36.17,42.49,35.94,84334.89,50655.21,85382.3602,25134.51,27819.9,8545.17,9257.4
2026-07-23T17:00:00,35.81,38.22,32.73,83373.63,49915.78,85026.0814,22504.69,25545.9,10953.16,11170.7
2026-07-23T18:00:00,39.3,36.55,32.72,81566.82,51616.05,84224.6085,18313.03,20226.2,11637.74,12905.7
2026-07-23T19:00:00,53.5,42.36,41.47,79304.9,59302.55,82483.2608,8418.16,7989.8,11584.19,14491.8
2026-07-23T20:00:00,56.22,42.69,42.39,77079.54,63684.72,79926.6086,843.55,676.7,12551.27,15889.7
2026-07-23T21:00:00,48.55,38.03,37.71,75127.75,59970.57,77753.3479,1.54,0.0,15155.64,17059.9
2026-07-23T22:00:00,40.43,33.27,32.96,71977.5,55167.11,74136.5198,1.81,0.0,16808.58,17957.5
2026-07-23T23:00:00,35.98,33.98,33.95,68355.36,51667.3,70198.461,1.57,0.0,16686.49,18127.5
2026-07-24T00:00:00,34.95,34.1,34.1,64979.99,50103.61,64747.1901,0.96,0.0,14875.42,17331.9
2026-07-24T01:00:00,31.86,30.57,30.57,62290.13,48027.03,61712.19,0.97,0.0,14262.13,16762.2
2026-07-24T02:00:00,30.1,25.1,25.1,60275.65,44409.58,59442.31,1.34,0.0,15864.73,16106.5
2026-07-24T03:00:00,29.11,24.22,24.22,58753.33,43318.01,57926.9108,0.6,0.0,15434.72,15217.9
2026-07-24T04:00:00,30.19,24.38,24.38,58283.09,43772.9,57253.1001,0.29,0.0,14509.9,14056.1
2026-07-24T05:00:00,31.99,30.02,30.02,58769.67,46110.99,57372.4693,0.27,0.0,12658.41,12787.6
2026-07-24T06:00:00,35.07,30.62,30.63,59412.06,48561.14,58075.8994,23.73,53.2,10827.19,11764.1
2026-07-24T07:00:00,31.84,29.3,29.3,60285.24,47084.21,58920.3693,3462.55,4145.6,9738.48,10412.3
2026-07-24T08:00:00,25.44,23.32,23.02,62754.34,40033.66,61838.5288,14503.71,16128.2,8216.97,9305.4
2026-07-24T09:00:00,26.72,24.58,19.92,65587.41,32417.49,65883.5897,22538.4,23741.5,10631.52,9244.4
2026-07-24T10:00:00,30.22,26.55,19.12,68690.27,32157.15,69961.3795,26695.06,26913.0,9838.06,9196.9
2026-07-24T11:00:00,36.59,27.43,19.47,72328.12,34481.48,74051.0701,28842.29,28430.7,9004.35,8828.4
2026-07-24T12:00:00,40.3,31.54,21.42,75449.96,37255.67,77753.8799,29570.59,29241.7,8623.7,8731.8
2026-07-24T13:00:00,48.0,36.6,23.75,78542.64,39617.23,80868.9507,30122.91,29648.5,8802.5,9054.4
2026-07-24T14:00:00,44.81,39.82,25.51,81063.7,40958.12,82442.5495,30360.0,29524.5,9745.58,9934.3
2026-07-24T15:00:00,44.79,42.47,27.05,83073.19,42595.77,82817.0304,29425.82,29156.7,11051.6,11448.9
2026-07-24T16:00:00,44.46,32.93,22.12,84043.47,41789.74,82585.5409,28911.15,28684.2,13342.58,13262.2
2026-07-24T17:00:00,43.86,29.6,21.07,84102.97,40989.45,82281.9407,26445.88,26458.7,16667.64,15253.1
2026-07-24T18:00:00,41.76,28.2,20.99,82936.35,42409.03,81439.0585,20812.97,21272.3,19714.35,17232.4
2026-07-24T19:00:00,42.43,32.6,31.63,80652.62,50319.55,79707.5979,9383.55,9255.5,20949.52,18736.6
2026-07-24T20:00:00,44.17,32.61,32.58,77700.78,56448.17,77011.1221,681.36,741.3,20571.25,20085.5
2026-07-24T21:00:00,43.4,31.23,31.27,75420.0,55199.67,74875.8005,0.25,0.0,20220.08,21324.0
2026-07-24T22:00:00,37.37,30.61,30.64,72104.43,51171.7,71638.5809,0.48,0.0,20932.25,22208.0
2026-07-24T23:00:00,30.4,27.57,27.58,68555.21,47853.36,67979.4084,0.45,0.0,20701.4,22486.4
2026-07-25T00:00:00,27.59,25.45,25.45,65181.31,45011.72,65579.5504,0.29,0.0,20169.3,21691.2
2026-07-25T01:00:00,24.86,24.31,24.31,62316.63,43442.48,62331.3401,0.22,0.0,18873.93,21163.1
2026-07-25T02:00:00,23.71,23.5,23.5,60129.59,42056.72,59407.9803,0.2,0.0,18072.67,20319.3
2026-07-25T03:00:00,23.78,23.2,23.2,58518.26,41699.68,57234.19,0.3,0.0,16818.28,19363.5
2026-07-25T04:00:00,22.89,23.12,23.12,57445.46,41680.97,55818.2593,0.48,0.0,15764.01,18481.1
2026-07-25T05:00:00,23.07,23.29,23.29,56894.69,41394.57,55068.2799,0.5,0.0,15499.62,17838.4
2026-07-25T06:00:00,22.28,22.7,22.7,56470.84,40022.89,54669.8602,39.99,49.6,16407.96,17211.5
2026-07-25T07:00:00,20.85,19.57,19.57,56560.34,36619.89,55046.9805,4264.38,4555.6,15676.07,16007.5
2026-07-25T08:00:00,17.66,15.64,15.12,59439.22,26583.12,58294.7606,18156.7,17700.7,14699.4,15284.3
2026-07-25T09:00:00,17.82,14.42,12.93,63466.84,19976.36,62953.3805,27402.74,26395.4,16087.74,14972.2
2026-07-25T10:00:00,20.56,13.87,10.16,67357.76,20436.45,67841.7591,31462.29,30374.4,15459.02,13787.0
2026-07-25T11:00:00,24.47,15.36,5.31,71422.15,25018.42,72374.1398,32158.47,32151.2,14245.26,12191.1
2026-07-25T12:00:00,28.43,21.84,11.37,74871.91,29112.11,76511.5596,33254.09,32945.4,12505.71,11002.0
2026-07-25T13:00:00,29.83,22.17,15.63,78085.37,32862.83,79624.6609,33684.26,33076.6,11538.28,10154.0
2026-07-25T14:00:00,31.59,25.59,21.0,80892.25,35991.06,81561.5621,33729.01,32702.5,11172.18,9951.7
2026-07-25T15:00:00,32.5,27.5,24.4,83142.16,38579.47,82695.2509,33288.39,31947.6,11274.3,10215.6
2026-07-25T16:00:00,33.44,29.34,28.32,84371.25,40674.68,82712.7695,31997.76,31123.9,11698.81,11080.2
2026-07-25T17:00:00,33.26,30.74,31.13,84606.86,42953.68,82470.0592,29494.97,29098.7,12158.21,12293.4
2026-07-25T18:00:00,34.66,33.12,32.14,83486.74,46521.33,81436.6504,23583.69,23405.6,13381.72,13779.4
2026-07-25T19:00:00,44.56,39.37,38.95,80931.91,55613.59,79454.0691,10541.8,10126.9,14776.52,15330.7
2026-07-25T20:00:00,47.38,40.36,40.43,77654.03,61300.66,76540.031,781.94,790.7,15571.43,16938.7
2026-07-25T21:00:00,41.31,42.76,42.81,75114.12,57752.48,74452.2003,0.35,0.0,17361.29,18928.4
2026-07-25T22:00:00,34.88,33.06,33.1,71595.29,52491.19,71245.1584,0.45,0.0,19103.65,20614.9
2026-07-25T23:00:00,30.06,25.33,25.34,67744.38,47375.84,67631.7992,0.76,0.0,20367.78,21302.0
2026-07-26T00:00:00,25.49,22.71,22.71,64251.53,43143.36,64803.6608,0.94,0.0,21107.23,21237.4
2026-07-26T01:00:00,23.97,21.65,21.65,61240.09,40220.05,61662.9896,0.95,0.0,21019.09,20846.7
2026-07-26T02:00:00,22.92,21.09,21.09,58840.58,39091.2,59136.5294,0.68,0.0,19748.7,20075.3
2026-07-26T03:00:00,22.39,21.47,21.47,57052.15,39083.54,57225.2199,0.66,0.0,17967.95,19148.3
2026-07-26T04:00:00,21.88,21.09,21.09,55913.41,38742.63,55902.6712,1.21,0.0,17169.57,18105.4
2026-07-26T05:00:00,21.61,20.93,20.93,55078.76,38698.25,54851.6897,1.19,0.0,16379.32,16974.7
2026-07-26T06:00:00,20.8,21.0,21.0,54400.88,38244.08,54064.5797,52.26,56.3,16104.54,15978.0
2026-07-26T07:00:00,18.94,18.99,18.99,54593.78,34427.35,54546.0203,5664.8,5087.2,14501.63,14452.2
2026-07-26T08:00:00,15.93,12.31,12.19,58077.0,23526.01,58052.9287,22465.54,20014.9,12085.45,12969.1
2026-07-26T09:00:00,17.48,12.7,10.79,62400.06,18572.34,62858.1608,30438.21,29265.6,13389.51,12235.4
2026-07-26T10:00:00,20.94,15.69,13.88,66768.98,22271.92,67681.9902,33000.29,32427.1,11496.77,11194.2
2026-07-26T11:00:00,24.34,17.42,16.61,71340.99,28448.76,72329.4795,33729.03,33706.1,9163.2,9813.0
2026-07-26T12:00:00,27.26,22.47,19.82,75464.59,33691.51,76460.7788,33929.97,34071.7,7843.11,8909.0
2026-07-26T13:00:00,28.97,25.28,21.73,79079.12,36933.44,79875.7608,33868.6,33901.9,8277.08,8890.3
2026-07-26T14:00:00,30.87,25.37,22.17,81975.58,38451.23,81979.1805,33552.57,33436.3,9971.78,9835.8
2026-07-26T15:00:00,34.09,27.61,24.27,83999.46,39360.29,83436.8094,33616.58,33070.6,11022.59,11142.9
2026-07-26T16:00:00,32.75,30.99,26.96,85501.8,41017.27,84166.8494,32746.39,32778.7,11738.14,12686.0
2026-07-26T17:00:00,31.63,31.73,26.74,86238.13,42230.29,84493.4586,31521.2,31297.9,12486.64,14351.6
2026-07-26T18:00:00,35.46,32.76,25.92,85474.99,44800.28,83847.8394,26521.2,25824.5,14153.51,15965.2
2026-07-26T19:00:00,43.17,38.83,37.79,83025.21,55139.29,81911.1707,11870.28,11643.0,16015.64,17444.3
2026-07-26T20:00:00,45.47,39.53,40.06,79673.64,61604.67,78896.6911,867.43,869.9,17201.54,19058.7
2026-07-26T21:00:00,39.86,34.23,34.36,77136.04,57566.27,76606.7498,0.41,0.0,19569.36,21022.1
2026-07-26T22:00:00,35.13,28.05,28.1,73113.78,51281.62,72812.1604,0.28,0.0,21831.88,22682.2
2026-07-26T23:00:00,29.28,23.5,23.51,68831.99,45842.51,68664.3291,0.23,0.0,22989.25,23414.7
2026-07-27T00:00:00,24.42,20.05,20.05,64919.91,41114.39,65379.1603,0.23,0.0,23805.29,23951.7
2026-07-27T01:00:00,23.05,18.68,18.68,61788.64,38078.4,62119.7986,0.93,0.0,23709.31,23617.5
2026-07-27T02:00:00,22.06,18.08,18.08,59391.85,36733.22,59514.0306,1.04,0.0,22657.59,22896.5
2026-07-27T03:00:00,21.86,18.12,18.12,57888.19,36210.75,57828.5299,1.46,0.0,21675.98,22033.1
2026-07-27T04:00:00,21.97,18.36,18.36,57504.86,36501.36,57137.4096,1.27,0.0,21002.23,21077.5
2026-07-27T05:00:00,22.5,21.1,21.1,58053.35,38761.16,57550.7996,0.63,0.0,19291.56,19925.5
2026-07-27T06:00:00,22.99,23.01,23.01,58641.67,40903.0,58197.0102,56.24,50.8,17682.43,18888.3
2026-07-27T07:00:00,20.41,20.33,20.33,59510.03,37593.4,59187.6488,6211.84,5250.2,15704.79,17381.7
2026-07-27T08:00:00,17.32,18.04,16.2,62492.18,26588.47,62514.8696,23451.06,20841.0,12452.65,15862.6
2026-07-27T09:00:00,22.24,20.4,14.09,66457.24,21005.0,66962.7812,31724.72,30170.9,13727.52,15043.8
2026-07-27T10:00:00,29.15,22.12,15.11,70801.81,24270.2,71852.1819,33964.3,33271.2,12567.31,13979.8
2026-07-27T11:00:00,36.48,28.12,20.25,75331.18,30611.33,76542.5203,34433.92,34477.7,10285.93,12454.2
2026-07-27T12:00:00,40.93,28.77,20.98,79447.31,35779.64,80772.3907,34499.1,34804.0,9168.57,11375.5
2026-07-27T13:00:00,43.47,32.73,24.95,83361.34,38555.14,84128.6714,34534.57,34740.5,10271.63,10987.9
2026-07-27T14:00:00,40.6,38.36,25.84,86299.84,40766.97,85694.4797,34113.75,34416.4,11419.12,11301.7
2026-07-27T15:00:00,42.54,47.73,36.92,88431.2,42524.57,86197.8201,33458.94,34046.7,12447.69,12120.8
2026-07-27T16:00:00,44.42,43.28,31.93,89351.21,43314.21,86182.1894,32509.35,33824.5,13527.65,13330.1
2026-07-27T17:00:00,39.66,39.8,29.15,89623.44,44211.96,86228.4299,30839.39,32498.9,14572.09,14701.5
2026-07-27T18:00:00,40.18,29.83,28.39,88569.59,46053.47,86046.4088,26271.99,26849.9,16244.13,16238.1
2026-07-27T19:00:00,56.48,37.46,36.57,86058.9,56049.29,84803.5286,11972.15,11119.2,18037.46,17887.9
2026-07-27T20:00:00,60.51,36.53,36.9,82206.77,62495.86,81896.9789,883.37,808.6,18827.54,19845.9
2026-07-27T21:00:00,48.63,33.05,33.2,79336.74,58482.78,79223.9998,0.23,0.0,20853.73,21959.2
2026-07-27T22:00:00,39.43,27.44,27.53,74828.39,52295.83,75009.5603,0.28,0.0,22532.28,23600.8
2026-07-27T23:00:00,31.11,25.59,25.64,70287.8,47590.43,70553.5002,0.2,0.0,22697.17,24196.6
2026-07-28T00:00:00,25.24,24.07,24.11,66198.39,43310.39,67022.2202,0.24,0.0,22887.76,22649.7
2026-07-28T01:00:00,23.98,22.62,22.62,63009.08,40295.07,63654.3504,0.28,0.0,22713.73,22416.7
2026-07-28T02:00:00,23.3,21.4,21.4,60483.25,38834.83,60858.9196,0.25,0.0,21648.17,21574.9
2026-07-28T03:00:00,22.61,20.54,20.54,58842.9,38255.56,58962.6906,0.15,0.0,20587.19,20442.5
2026-07-28T04:00:00,23.54,20.74,20.74,58222.7,38440.23,58209.6599,0.12,0.0,19782.35,19145.7
2026-07-28T05:00:00,23.97,23.74,23.74,58538.19,40858.14,58632.92,0.13,0.0,17679.92,17552.2
2026-07-28T06:00:00,23.98,26.25,26.25,59285.85,43286.63,59448.9706,45.66,42.2,15953.56,15981.7
2026-07-28T07:00:00,22.56,24.25,24.25,59734.9,40368.24,60143.6584,5638.99,4979.2,13727.67,14069.5
2026-07-28T08:00:00,18.05,21.07,18.55,62570.11,30776.96,62869.0412,21867.64,19735.4,9925.51,12247.7
2026-07-28T09:00:00,20.74,23.89,19.14,66367.13,27084.46,66850.6507,29550.38,28289.7,9732.29,11087.0
2026-07-28T10:00:00,24.94,30.06,22.38,70634.74,29757.87,71267.5001,32141.69,31736.1,8735.18,10150.9
2026-07-28T11:00:00,30.95,29.74,21.02,75133.31,34132.5,75746.0193,32843.05,33269.9,8157.76,8866.2
2026-07-28T12:00:00,34.85,46.61,24.03,79667.9,38374.34,79937.3293,32802.86,33764.9,8490.7,8128.4
2026-07-28T13:00:00,39.8,49.43,25.12,83719.88,41238.1,83451.6806,32900.54,33961.3,9581.24,9542.0
2026-07-28T14:00:00,40.93,43.83,32.69,86609.59,42860.17,85224.8308,32826.82,33728.0,10922.6,10254.6
2026-07-28T15:00:00,43.7,45.58,37.06,88598.09,44942.82,86025.0706,32242.49,33362.2,11412.78,11271.5
2026-07-28T16:00:00,44.41,43.0,39.72,89621.48,45935.15,86379.8992,32072.95,33163.8,11613.38,12391.9
2026-07-28T17:00:00,39.85,36.04,37.41,89375.38,46776.77,86556.1909,30535.4,31698.6,12063.21,13632.0
2026-07-28T18:00:00,38.95,33.8,41.12,88127.82,50287.39,86297.1691,25234.5,26133.0,12605.93,14941.5
2026-07-28T19:00:00,55.12,47.45,48.94,85516.19,60148.46,84872.8806,11306.19,11203.1,14061.54,16068.5
2026-07-28T20:00:00,62.36,49.61,51.29,82412.71,66267.04,81980.6103,818.74,776.7,15326.93,17253.7
2026-07-28T21:00:00,53.28,42.68,42.88,79708.5,61460.71,79537.3192,0.03,0.0,18247.76,18922.1
2026-07-28T22:00:00,43.89,34.08,34.14,75400.74,54744.72,75346.1902,0.05,0.0,20655.97,20433.9
2026-07-28T23:00:00,32.02,30.27,30.3,71125.32,50456.74,70993.5305,0.06,0.0,20668.52,20935.8
2026-07-29T00:00:00,27.64,26.32,26.34,66902.7,46569.33,66846.2494,0.07,0.0,20333.3,21404.8
2026-07-29T01:00:00,25.37,24.69,24.7,63655.54,44427.94,63962.6357,0.04,0.0,19227.56,20614.7
2026-07-29T02:00:00,24.24,23.98,23.98,61253.26,43015.16,61334.6258,0.06,0.0,18238.04,19463.6
2026-07-29T03:00:00,24.06,23.38,23.38,59682.68,42151.69,59616.0227,0.05,0.0,17530.94,18155.8
2026-07-29T04:00:00,25.03,25.63,25.63,59127.62,44290.58,58743.0529,0.09,0.0,14836.95,16391.6
2026-07-29T05:00:00,27.45,32.87,32.87,59488.13,47169.75,59017.0009,0.1,0.0,12318.28,14790.5
2026-07-29T06:00:00,29.65,35.69,35.73,60174.33,49432.38,59663.721,32.71,35.7,10709.24,13248.5
2026-07-29T07:00:00,26.6,31.09,31.11,60719.38,47547.55,60692.4631,4026.74,4561.3,9145.09,11037.7
2026-07-29T08:00:00,21.31,23.45,21.45,63457.51,37308.26,63738.2571,18460.74,18466.4,7688.51,9343.2
2026-07-29T09:00:00,23.65,25.23,20.34,67146.7,32252.86,67993.3642,26670.68,26996.4,8223.16,8744.1
2026-07-29T10:00:00,26.26,25.5,19.75,71659.44,33573.06,72405.4778,30329.55,30844.0,7756.83,7919.4
2026-07-29T11:00:00,32.03,30.23,21.16,76026.19,37531.26,77223.4322,31723.65,32817.5,6771.28,7166.3
2026-07-29T12:00:00,38.72,43.9,28.27,80154.97,42102.96,81572.869,31683.88,33274.8,6368.13,7061.5
2026-07-29T13:00:00,38.64,44.7,26.66,83920.27,44589.75,85476.3264,31912.26,33492.8,7418.26,7560.4
2026-07-29T14:00:00,38.49,46.96,31.87,86485.41,46623.7,88143.7028,31891.34,33141.5,7970.37,8394.8
2026-07-29T15:00:00,41.41,48.71,33.26,87927.54,47548.42,89757.1779,32121.93,32608.8,8257.19,9313.7
2026-07-29T16:00:00,42.28,50.07,39.07,88862.35,48106.1,90452.5459,31644.26,32479.9,9111.99,10555.4
2026-07-29T17:00:00,37.76,44.63,39.3,88856.11,49622.41,90733.0735,29235.71,30976.6,9997.99,11769.2
2026-07-29T18:00:00,42.64,41.98,44.5,87590.65,52357.97,89892.8933,23664.71,25225.1,11567.97,12954.0
2026-07-29T19:00:00,60.67,46.69,48.06,85135.91,61427.92,87626.2829,10369.41,10233.7,13338.58,13990.1
2026-07-29T20:00:00,69.19,46.89,47.46,82047.14,66631.21,84823.6094,726.9,718.0,14689.03,15256.8
2026-07-29T21:00:00,62.96,38.84,39.08,79483.99,62455.92,82021.6175,0.08,0.0,17027.99,16989.5
2026-07-29T22:00:00,46.12,34.25,34.29,75303.98,56107.23,77545.2455,0.25,0.0,19196.5,18538.4
2026-07-29T23:00:00,33.97,29.45,29.48,71097.51,51065.09,72721.1529,0.13,0.0,20032.29,19371.8
2026-07-30T00:00:00,29.64,26.52,26.55,67008.53,47021.96,67370.3313,0.11,0.0,19986.46,20653.8
2026-07-30T01:00:00,25.92,25.27,25.29,63955.14,44737.63,64130.2767,0.11,0.0,19217.4,19932.8
2026-07-30T02:00:00,25.04,24.59,24.6,61642.15,43064.06,61566.0945,0.12,0.0,18577.97,19038.8
2026-07-30T03:00:00,24.58,25.15,25.15,60258.12,43092.14,59841.1626,0.14,0.0,17165.84,17838.7
2026-07-30T04:00:00,24.68,26.23,26.23,59571.63,44074.28,59039.1795,0.12,0.0,15497.23,16572.3
2026-07-30T05:00:00,26.55,30.09,30.09,59741.85,46268.95,59230.9464,0.14,0.0,13472.76,15344.3
2026-07-30T06:00:00,31.67,30.44,30.44,60469.37,48223.98,60017.6146,31.18,34.7,12214.21,14264.8
2026-07-30T07:00:00,27.18,26.4,26.4,60970.25,45932.49,60952.8078,4273.9,4433.1,10763.86,12949.4
2026-07-30T08:00:00,23.67,20.75,19.45,63439.11,35506.95,63623.3576,19450.14,18703.1,8482.02,11867.0
2026-07-30T09:00:00,25.18,21.86,17.45,67162.9,28487.91,67822.7654,29774.84,28085.6,8900.15,11526.0
2026-07-30T10:00:00,28.04,23.36,15.83,71823.16,30316.19,72449.0542,33411.29,32415.8,8095.68,10858.2
2026-07-30T11:00:00,32.43,25.89,14.78,76500.89,33931.21,77359.5048,34582.47,33976.3,7987.21,10061.0
2026-07-30T12:00:00,38.01,34.89,19.3,80996.49,37744.32,81972.2627,34474.48,34388.5,8777.69,9845.0
2026-07-30T13:00:00,43.2,36.47,19.63,84770.22,39457.94,85892.0513,34797.07,34423.4,10515.21,10303.6
2026-07-30T14:00:00,43.85,51.93,23.02,87687.07,41741.58,88736.5766,33859.17,33964.5,12086.32,11069.1
2026-07-30T15:00:00,48.04,51.82,22.72,89528.88,43846.17,90512.2233,33274.54,33357.3,12408.17,11821.0
2026-07-30T16:00:00,50.59,50.64,23.45,90099.63,44965.83,91330.4984,32522.72,33295.6,12611.08,12673.8
2026-07-30T17:00:00,46.88,46.08,21.94,90013.44,46473.81,91475.8371,30700.83,31582.0,12838.8,13695.5
2026-07-30T18:00:00,43.87,45.43,31.37,88825.37,50602.91,90493.6056,25191.24,25635.3,13031.22,14819.0
2026-07-30T19:00:00,60.27,46.81,47.54,86237.83,61701.82,88015.6378,10518.02,10692.1,14017.99,15909.0
2026-07-30T20:00:00,61.88,41.16,41.34,82934.78,66801.9,85081.1638,744.61,699.5,15388.27,17221.9
2026-07-30T21:00:00,61.26,33.44,33.51,80177.68,61915.82,82809.9026,0.03,0.0,18261.83,18974.0
2026-07-30T22:00:00,42.95,27.12,27.08,76159.65,55318.76,77875.5764,0.09,0.0,20840.8,20731.2
2026-07-30T23:00:00,31.02,25.2,25.2,72212.57,50560.34,73372.151,0.11,0.0,21652.12,21767.0
2026-07-31T00:00:00,28.0,24.4,24.4,68204.32,46675.96,69468.7895,0.15,0.0,21528.21,22507.3
2026-07-31T01:00:00,25.38,22.88,22.88,65085.89,43726.62,66146.0505,0.11,0.0,21359.16,22431.0
2026-07-31T02:00:00,23.59,22.45,22.45,62504.29,42162.96,63385.181,0.13,0.0,20341.2,21985.9
2026-07-31T03:00:00,24.16,22.07,22.07,60880.64,40725.66,61391.1796,0.09,0.0,20154.89,21349.8
2026-07-31T04:00:00,23.42,21.56,21.56,59898.88,40408.53,60451.9908,0.12,0.0,19490.23,20606.0
2026-07-31T05:00:00,24.73,22.03,22.03,59896.53,41575.51,60420.7694,0.06,0.0,18320.96,19844.1
2026-07-31T06:00:00,25.13,22.75,22.75,60318.97,43558.32,60786.3802,30.67,34.2,16729.98,18934.7
2026-07-31T07:00:00,22.63,20.1,20.1,60684.67,40334.93,61301.3315,4659.15,4623.2,15690.59,17066.5
2026-07-31T08:00:00,20.4,19.66,17.17,63389.84,31223.22,63962.6806,19550.98,19341.1,12615.64,15454.2
2026-07-31T09:00:00,19.76,22.46,14.74,67745.8,24424.99,68333.259,29088.42,28278.1,14232.39,14511.3
2026-07-31T10:00:00,23.44,21.61,13.28,72022.34,26081.52,73504.3108,32760.52,32218.2,13180.3,12671.2
2026-07-31T11:00:00,27.34,31.46,15.09,76456.64,31457.48,78366.4497,34166.77,34301.7,10832.39,10518.7
2026-07-31T12:00:00,38.78,41.87,21.27,80864.4,37747.15,83005.4413,34244.67,34780.0,8872.58,9046.4
2026-07-31T13:00:00,42.58,36.95,22.58,84554.71,42238.68,86833.3199,34676.55,34836.8,7639.48,8122.7
2026-07-31T14:00:00,45.91,46.45,27.57,87629.77,45449.75,89082.6111,34635.08,34615.4,7544.94,7968.2
2026-07-31T15:00:00,51.04,47.52,35.29,89536.57,48179.06,89854.4402,33419.24,34009.9,7938.27,8532.2
2026-07-31T16:00:00,51.08,42.82,42.58,89800.26,49971.46,89755.2015,31290.09,33779.1,8538.71,9238.9
2026-07-31T17:00:00,46.08,36.92,39.64,89528.06,50647.48,89366.1897,29063.07,32079.2,9817.51,10166.5
2026-07-31T18:00:00,50.13,34.76,42.91,88474.48,53698.23,88691.2397,23720.94,25911.9,11055.31,11090.8
2026-07-31T19:00:00,86.07,47.36,60.98,85911.19,64038.54,86719.5813,10053.06,10162.5,11819.59,11991.6
2026-07-31T20:00:00,88.11,53.92,58.42,82430.37,68678.06,83439.8991,526.29,645.6,13226.02,13156.7
2026-07-31T21:00:00,93.15,39.91,40.08,79643.25,66613.66,80954.6395,0.08,0.0,13029.51,14392.7
2026-07-31T22:00:00,77.97,37.38,37.8,75676.24,62839.86,77205.6414,0.11,0.0,12836.27,15465.3
2026-07-31T23:00:00,47.29,32.42,32.53,71722.09,58038.51,73074.8997,0.14,0.0,13683.44,16060.8
2026-08-01T00:00:00,35.14,31.57,31.57,68216.01,53599.9,69155.51,0.14,0.0,14615.97,13587.3
2026-08-01T01:00:00,33.09,26.75,26.75,65103.26,49550.09,65909.3016,0.12,0.0,15553.05,12964.6
2026-08-01T02:00:00,29.93,26.15,26.16,62385.36,48985.41,63006.2193,0.15,0.0,13399.8,12075.2
2026-08-01T03:00:00,29.94,27.57,27.57,60470.68,49486.37,61129.8001,0.15,0.0,10984.16,11112.3
2026-08-01T04:00:00,29.62,30.58,30.4,59394.64,49848.12,59673.77,0.15,0.0,9546.37,10127.5
2026-08-01T05:00:00,28.77,28.32,27.88,58766.12,49346.59,58819.7408,0.16,0.0,9419.37,9380.3
2026-08-01T06:00:00,29.17,29.13,28.43,58500.6,49325.13,58406.5909,34.8,28.8,9140.67,9696.9
2026-08-01T07:00:00,26.36,27.06,26.23,58400.13,46153.15,57986.9204,3424.92,3345.6,8822.06,8547.2
2026-08-01T08:00:00,21.45,20.34,19.97,60916.07,38129.91,61123.4603,14348.11,13925.2,8438.05,7803.9
2026-08-01T09:00:00,20.7,22.32,21.25,64783.65,34470.28,65858.0099,21011.06,22215.5,9302.31,7630.6
2026-08-01T10:00:00,20.96,23.25,22.18,68607.04,34818.42,71051.1804,25349.39,27458.8,8439.23,7034.1
2026-08-01T11:00:00,21.99,23.57,23.27,72724.51,38323.17,75983.2813,27859.45,30397.6,6541.89,6260.9
2026-08-01T12:00:00,26.33,25.24,22.09,76161.4,40775.59,80313.939,29427.67,31806.6,5958.14,5906.9
2026-08-01T13:00:00,29.67,25.15,21.35,78836.82,43030.28,83697.5281,30082.17,31423.7,5724.37,5708.5
2026-08-01T14:00:00,32.82,27.72,24.16,80881.54,45729.59,86769.43,29864.23,30700.2,5287.72,5913.6
2026-08-01T15:00:00,36.21,26.14,24.66,82432.45,47856.68,88501.3606,29272.4,29323.1,5303.37,6509.0
2026-08-01T16:00:00,39.04,25.8,24.8,82668.26,49350.57,88815.7404,27513.0,28280.9,5804.69,7055.9
2026-08-01T17:00:00,40.3,25.96,25.34,82107.14,50990.22,88047.0888,24770.08,26226.6,6346.84,7648.4
2026-08-01T18:00:00,50.06,36.08,35.4,80738.62,54994.65,85654.54,19206.12,20332.4,6537.85,8059.4
2026-08-01T19:00:00,75.15,46.97,46.95,78334.13,64409.27,82353.93,7694.1,8470.5,6230.76,7950.7
2026-08-01T20:00:00,64.65,54.94,54.74,75855.46,68736.96,79504.3598,441.61,521.1,6676.89,8129.4
2026-08-01T21:00:00,69.58,42.27,42.34,73588.36,66509.32,76810.5301,0.05,0.0,7078.99,8720.7
2026-08-01T22:00:00,77.2,38.02,37.91,70362.5,63290.58,73220.8484,0.15,0.0,7071.77,8970.4
2026-08-01T23:00:00,51.25,36.98,36.53,66859.46,60366.19,69756.7194,0.25,0.0,6493.02,8821.0
2026-08-02T00:00:00,42.42,37.48,37.0,63684.13,57750.09,64635.9897,0.18,0.0,5933.86,6629.4
2026-08-02T01:00:00,39.55,34.61,34.0,60715.15,55387.57,61956.3688,0.15,0.0,5327.43,6061.6
2026-08-02T02:00:00,35.47,32.51,31.83,58426.53,53835.26,59925.1095,0.21,0.0,4591.06,5362.2
2026-08-02T03:00:00,33.47,30.67,29.93,56647.8,52818.74,58576.5405,0.2,0.0,3828.86,4714.1
2026-08-02T04:00:00,32.59,31.32,30.52,55400.52,52354.22,57547.2398,0.31,0.0,3045.99,4073.0
2026-08-02T05:00:00,31.96,31.14,30.22,54462.01,51825.49,56560.8697,0.27,0.0,2636.25,3352.9
2026-08-02T06:00:00,32.46,28.22,27.68,54086.65,51594.02,56069.21,31.13,31.7,2461.5,2641.1
2026-08-02T07:00:00,26.21,26.87,26.24,53861.06,47151.79,55558.5501,4443.43,3933.4,2265.84,1980.2
2026-08-02T08:00:00,18.1,18.99,18.89,56973.67,35953.24,58500.4699,19352.51,18252.8,1667.92,1360.7
2026-08-02T09:00:00,17.82,19.64,17.78,60866.65,31868.97,62835.3988,27660.56,28023.0,1337.12,952.5
2026-08-02T10:00:00,19.0,24.64,19.1,65107.64,33109.23,67542.9316,30292.8,31472.1,1705.61,762.2
2026-08-02T11:00:00,21.78,21.15,17.15,69700.69,35905.13,72174.2495,32605.21,32998.4,1190.35,669.2
2026-08-02T12:00:00,25.48,29.86,18.85,73877.59,39347.7,76403.719,33384.16,33729.5,1145.73,661.3
2026-08-02T13:00:00,30.38,30.39,21.26,77521.28,42751.51,80073.2691,33237.85,34063.8,1531.92,830.9
2026-08-02T14:00:00,34.25,25.18,22.22,80409.66,45250.44,83191.819,33202.24,33892.9,1956.98,1233.7
2026-08-02T15:00:00,38.52,25.55,21.86,82136.24,46138.82,85533.4619,33588.05,33610.6,2409.37,1735.5
2026-08-02T16:00:00,41.61,34.73,23.8,83562.19,47724.96,86968.7902,32963.48,33367.4,2873.75,2346.9
2026-08-02T17:00:00,40.24,29.38,28.13,84283.98,50251.69,87382.6909,30439.66,31804.3,3592.63,3213.8
2026-08-02T18:00:00,51.39,35.02,43.51,83057.11,55129.72,86071.7405,24361.8,25899.1,3565.59,4230.6
2026-08-02T19:00:00,81.66,45.22,50.31,80868.47,66527.75,82756.6201,9886.65,10249.4,4454.07,5576.0
2026-08-02T20:00:00,81.53,39.17,39.72,77984.6,69863.09,79635.4397,535.66,627.2,7585.85,7931.2
2026-08-02T21:00:00,61.53,34.87,34.68,74870.37,65271.35,76996.3997,0.05,0.0,9598.97,11021.8
2026-08-02T22:00:00,41.46,29.33,29.17,70611.13,58413.21,72747.2313,0.09,0.0,12197.83,13659.2
2026-08-02T23:00:00,31.94,24.85,24.7,66368.39,51532.36,68363.4012,0.13,0.0,14835.9,15320.4
2026-08-03T00:00:00,25.49,22.3,22.3,62617.67,46554.34,63352.0793,0.25,0.0,16063.08,16482.7
2026-08-03T01:00:00,22.44,20.88,20.88,59492.36,43076.58,60297.9102,0.13,0.0,16415.65,16605.4
2026-08-03T02:00:00,21.43,22.0,21.97,57145.6,42035.25,57930.5808,0.15,0.0,15110.2,16207.9
2026-08-03T03:00:00,20.73,21.75,21.74,55629.84,42054.88,56450.9197,0.11,0.0,13574.85,15424.2
2026-08-03T04:00:00,20.67,23.3,23.27,54960.14,43670.63,55839.8698,0.1,0.0,11289.41,14226.8
2026-08-03T05:00:00,23.77,24.97,24.81,55495.09,45578.68,56193.6697,0.1,0.0,9916.31,12508.5
2026-08-03T06:00:00,21.6,25.48,25.32,56372.97,47017.85,57358.5898,30.49,29.1,9324.63,11043.8
2026-08-03T07:00:00,18.9,20.98,20.98,56956.59,43134.45,57667.6298,5140.31,4540.4,8681.83,10221.6
2026-08-03T08:00:00,15.17,16.21,15.5,60211.69,31198.55,60907.9801,22440.01,21205.6,6573.13,8442.3
2026-08-03T09:00:00,18.12,29.79,16.5,64647.73,27963.34,65444.8602,31955.25,31558.0,4729.14,6942.8
2026-08-03T10:00:00,21.46,25.95,15.72,69704.41,28474.53,70554.2307,34431.09,34465.2,6798.79,6999.0
2026-08-03T11:00:00,26.3,27.01,15.59,74982.36,33283.5,75715.1715,34982.21,35469.2,6716.65,6829.1
2026-08-03T12:00:00,33.57,36.51,19.88,79718.99,39724.07,80512.9094,34698.86,35533.0,5296.06,6077.0
2026-08-03T13:00:00,37.67,45.71,23.75,83168.17,43404.52,84537.5892,34677.9,35294.3,5085.75,5984.7
2026-08-03T14:00:00,38.68,38.78,21.54,85566.27,44347.21,87065.8098,34531.06,34903.1,6688.0,6731.5
2026-08-03T15:00:00,42.25,38.59,19.73,86353.72,44102.86,88418.4588,33995.13,34469.1,8255.73,7960.3
2026-08-03T16:00:00,43.67,40.27,19.36,86870.14,44095.38,89034.7791,33214.09,34079.4,9560.67,9390.4
2026-08-03T17:00:00,38.03,30.47,19.16,86757.44,44711.44,88997.1605,31369.77,32618.9,10676.23,11062.4
2026-08-03T18:00:00,37.57,29.04,24.8,86215.2,48349.41,87936.6221,25906.47,26680.4,11959.32,12923.9
2026-08-03T19:00:00,47.99,32.8,32.93,84764.11,60635.31,85053.6689,10395.09,10481.6,13733.71,15078.8
2026-08-03T20:00:00,47.63,32.61,32.56,81838.15,64898.23,81811.1707,556.36,608.6,16383.56,17949.4
2026-08-03T21:00:00,36.92,27.99,27.99,78782.37,57904.45,78775.7907,0.07,0.0,20877.85,20874.4
2026-08-03T22:00:00,31.81,23.46,22.12,74392.62,50789.45,74365.2412,0.08,0.0,23603.09,23048.2
2026-08-03T23:00:00,26.45,23.03,18.83,69692.66,45062.16,69839.6689,0.91,0.0,24629.59,24114.4
2026-08-04T00:00:00,21.15,22.17,17.84,65936.76,41290.49,66845.5503,0.12,0.0,24646.15,25077.3
2026-08-04T01:00:00,20.05,19.45,17.34,62616.78,39339.44,63246.87,0.08,0.0,23277.26,24565.9
2026-08-04T02:00:00,19.72,17.88,17.87,60080.78,38028.8,60453.1098,0.1,0.0,22051.88,23738.8
2026-08-04T03:00:00,18.75,17.93,17.91,58619.23,37576.7,58580.1205,0.11,0.0,21042.42,22753.8
2026-08-04T04:00:00,18.83,18.74,18.73,58063.53,38218.43,57731.5504,0.12,0.0,19844.98,21642.0
2026-08-04T05:00:00,20.36,19.64,19.64,58307.77,39615.46,58343.0795,0.11,0.0,18692.2,20147.6
2026-08-04T06:00:00,20.33,20.2,20.19,59298.07,40973.46,59610.98,21.36,25.5,18303.25,18745.1
2026-08-04T07:00:00,19.17,19.9,19.9,59773.54,38963.28,59764.9588,3863.87,4362.1,16946.39,17334.8
2026-08-04T08:00:00,16.26,18.13,15.41,62308.69,30115.11,62569.5883,18938.98,19847.3,13254.6,15437.6
2026-08-04T09:00:00,21.2,18.95,13.58,66041.07,25647.14,66828.1792,27863.36,29560.1,12530.57,14520.1
2026-08-04T10:00:00,26.06,23.98,13.13,70579.71,26007.0,71768.7621,31610.49,33209.5,12962.22,14031.5
2026-08-04T11:00:00,33.97,31.19,13.62,75580.84,29557.21,76871.3609,32735.93,34584.1,13287.7,13444.2
2026-08-04T12:00:00,37.87,42.46,15.25,80161.47,32837.41,81569.1292,32799.34,34821.0,14524.72,13205.4
2026-08-04T13:00:00,42.23,39.54,17.61,83955.44,37084.1,85371.5883,31852.87,34825.2,15018.47,13376.0
2026-08-04T14:00:00,43.66,43.61,20.42,86298.95,40828.15,87406.1101,30503.57,34318.3,14967.23,13851.3
2026-08-04T15:00:00,44.47,42.72,18.55,86612.55,41097.08,88292.8897,30327.72,33450.6,15187.75,14338.0
2026-08-04T16:00:00,41.89,44.96,20.49,87016.22,41703.76,88856.6601,29731.03,32741.9,15581.43,14912.2
2026-08-04T17:00:00,38.58,38.3,20.64,86574.56,42798.87,88796.2893,28224.48,30981.1,15551.21,15579.6
2026-08-04T18:00:00,38.36,36.24,28.56,86074.25,48364.5,87774.5998,21532.88,24968.0,16176.87,16241.7
2026-08-04T19:00:00,42.69,39.44,39.98,83999.32,59092.89,85459.2711,8086.09,9638.2,16820.34,16768.3
2026-08-04T20:00:00,44.32,46.74,47.04,81386.1,64486.51,82519.8797,603.4,573.9,16296.19,17721.7
2026-08-04T21:00:00,48.12,55.2,55.73,78471.88,61095.62,79437.5297,0.1,0.0,17376.16,19065.4
2026-08-04T22:00:00,36.95,40.55,40.59,74400.54,54766.04,75097.6501,0.18,0.0,19634.32,20291.8
2026-08-04T23:00:00,29.9,27.7,27.68,70617.8,50064.06,70808.4204,1.16,0.0,20552.58,20959.8
2026-08-05T00:00:00,24.25,25.88,25.78,66855.91,46657.84,67073.1915,0.32,0.0,20197.75,21539.4
2026-08-05T01:00:00,22.48,24.89,24.8,63745.85,44752.88,63744.1299,0.12,0.0,18992.85,21203.8
2026-08-05T02:00:00,21.54,25.3,25.12,61360.24,43802.87,61256.9804,0.15,0.0,17557.22,20564.9
2026-08-05T03:00:00,21.41,24.19,24.01,59870.66,42753.09,59678.6008,0.14,0.0,17117.43,19721.0
2026-08-05T04:00:00,21.16,24.62,24.62,59400.31,42825.34,58967.4,0.13,0.0,16574.84,18682.0
2026-08-05T05:00:00,23.06,27.57,27.57,59978.0,44751.05,59480.3203,0.12,0.0,15226.83,17434.6
2026-08-05T06:00:00,22.61,31.3,31.3,60886.46,46875.1,60552.4896,18.76,21.8,13992.6,16055.5
2026-08-05T07:00:00,21.51,27.17,27.16,61096.38,45194.91,60759.8099,3310.45,4088.6,12591.02,14485.1
2026-08-05T08:00:00,18.31,22.21,21.47,63535.94,37232.25,63662.7704,16041.57,18725.2,10262.12,13496.3
2026-08-05T09:00:00,21.72,21.49,18.34,67160.16,29565.62,67951.1296,26110.91,28469.0,11483.63,13190.5
2026-08-05T10:00:00,25.81,22.18,17.34,71336.52,28822.27,72855.5999,31092.13,32417.0,11422.12,12523.1
2026-08-05T11:00:00,30.74,24.59,16.34,76005.2,30323.95,77807.2914,32846.44,33616.3,12834.81,12036.1
2026-08-05T12:00:00,33.68,28.18,15.45,80339.54,32460.21,82154.6797,32854.46,34025.6,15024.87,12254.9
2026-08-05T13:00:00,37.98,27.09,17.31,83892.24,35208.75,85546.1299,32645.65,33866.3,16037.84,12827.6
2026-08-05T14:00:00,40.85,26.41,18.6,86281.55,38309.06,87467.6198,31955.02,33334.4,16017.47,13558.6
2026-08-05T15:00:00,42.57,28.67,17.47,86544.87,39711.07,88276.6111,31234.55,32471.8,15599.25,14220.6
2026-08-05T16:00:00,44.01,30.98,18.87,86781.9,41143.71,88564.4902,30639.42,31592.6,14998.77,15014.8
2026-08-05T17:00:00,42.1,31.64,21.09,86462.43,42997.8,88204.4712,28776.56,29722.0,14688.07,15831.8
2026-08-05T18:00:00,39.0,38.96,32.68,86238.65,48308.23,86823.8399,22390.68,23382.8,15539.74,16562.6
2026-08-05T19:00:00,41.35,44.29,45.15,84713.29,59809.12,84211.7699,8273.14,8622.8,16631.03,17345.5
2026-08-05T20:00:00,40.99,59.56,62.03,81842.33,64267.69,81481.3204,342.68,493.9,17231.96,18318.1
2026-08-05T21:00:00,39.05,64.58,65.0,78884.65,59983.99,78646.8208,0.06,0.0,18900.6,19538.7
2026-08-05T22:00:00,35.44,40.4,40.47,74615.75,54703.93,74585.3104,0.11,0.0,19911.71,20742.1
2026-08-05T23:00:00,28.72,29.89,29.92,70443.37,50603.59,70356.3307,0.16,0.0,19839.62,21363.3
2026-08-06T00:00:00,22.45,28.67,28.68,66776.37,46786.0,67146.7204,0.17,0.0,19990.2,19726.8
2026-08-06T01:00:00,21.0,24.74,24.74,63805.07,44027.78,63798.5212,0.1,0.0,19777.19,19308.2
2026-08-06T02:00:00,20.19,24.2,24.2,61514.47,42758.69,61184.3197,0.13,0.0,18755.65,18547.1
2026-08-06T03:00:00,20.54,24.63,24.63,60002.79,42787.34,59574.5101,0.09,0.0,17215.36,17767.2
2026-08-06T04:00:00,20.89,25.43,25.43,59659.57,43187.46,58891.9707,0.1,0.0,16472.01,16907.2
2026-08-06T05:00:00,22.89,27.11,27.11,60111.59,44238.69,59213.1109,0.13,0.0,15872.77,15869.3
2026-08-06T06:00:00,24.78,27.48,27.48,60965.32,45774.16,60414.4705,14.12,17.1,15177.04,14650.7
2026-08-06T07:00:00,23.37,26.21,26.21,61429.32,44486.08,60763.0701,3491.95,3630.9,13451.29,13024.7
2026-08-06T08:00:00,19.29,20.52,20.1,63788.85,35058.64,63577.791,17568.94,17047.5,11161.27,12098.3
2026-08-06T09:00:00,21.71,18.09,15.53,67705.03,26878.73,67674.5311,26672.99,26338.6,14153.31,12109.5
2026-08-06T10:00:00,27.88,21.49,15.3,71999.38,27396.8,72298.4417,30977.69,30800.5,13624.89,10927.8
2026-08-06T11:00:00,32.71,30.79,17.66,76252.85,32006.47,77042.7694,32492.16,32745.8,11754.22,9364.6
2026-08-06T12:00:00,35.06,30.81,20.58,80242.09,37368.56,81241.8589,32409.86,33406.6,10463.67,8619.2
2026-08-06T13:00:00,38.07,27.9,22.44,83562.79,41336.58,84631.6895,32043.24,33307.6,10182.97,10151.4
2026-08-06T14:00:00,40.98,25.44,23.27,85426.84,43525.0,86558.1217,30687.98,32717.9,11213.86,10993.0
2026-08-06T15:00:00,40.57,27.52,27.32,85717.62,44963.23,87327.679,28575.92,31239.1,12178.47,12251.6
2026-08-06T16:00:00,39.72,30.26,31.27,86016.51,45312.01,87537.9101,27584.57,29587.7,13119.93,13693.9
2026-08-06T17:00:00,35.68,31.21,31.43,86082.64,46142.73,87194.1414,25741.72,26917.4,14198.19,15069.1
2026-08-06T18:00:00,34.49,37.19,39.63,85083.9,49861.35,86087.6394,19755.82,20918.8,15466.73,16203.3
2026-08-06T19:00:00,40.02,52.55,53.53,83135.81,59085.87,83717.3203,7615.47,7776.2,16434.47,16959.2
2026-08-06T20:00:00,41.13,54.85,55.71,80680.31,63161.84,81089.1699,282.82,439.7,17235.65,17812.1
2026-08-06T21:00:00,39.97,74.06,75.18,77992.07,58978.32,78482.8789,0.09,0.0,19013.66,19270.1
2026-08-06T22:00:00,32.73,46.36,46.77,74188.06,53979.7,74497.8916,8.14,0.0,20200.22,20654.8
2026-08-06T23:00:00,26.72,31.0,31.06,70385.76,49319.9,70352.1204,0.18,0.0,21065.68,21268.0
2026-08-07T00:00:00,26.93,23.79,23.81,67000.43,45338.04,67096.0212,5.32,0.0,21657.07,21562.9
2026-08-07T01:00:00,23.87,24.02,24.02,64039.3,44611.31,63627.7112,6.88,0.0,19421.11,19920.2
2026-08-07T02:00:00,23.34,25.95,25.97,61703.21,44912.85,60846.93,0.14,0.0,16790.22,19058.6
2026-08-07T03:00:00,21.91,22.84,22.84,60069.34,43786.52,59088.78,0.13,0.0,16282.69,18190.9
2026-08-07T04:00:00,21.83,23.7,23.7,59358.18,43643.7,58356.1808,0.14,0.0,15714.34,17450.2
2026-08-07T05:00:00,23.64,30.57,30.57,59896.44,46208.53,58539.4893,0.17,0.0,13687.74,16530.2
2026-08-07T06:00:00,26.29,27.21,27.21,60642.71,46859.85,59634.25,13.81,15.0,13769.05,15426.1
2026-08-07T07:00:00,23.35,21.71,21.71,60916.08,43092.28,60015.6495,3591.6,3624.2,14232.2,13897.6
2026-08-07T08:00:00,18.6,17.62,17.61,63502.52,33024.24,62954.9802,17927.59,17884.2,12550.69,12358.2
2026-08-07T09:00:00,18.78,15.02,14.61,67626.76,25399.61,67084.4003,27333.39,27898.7,14893.76,11416.5
2026-08-07T10:00:00,21.2,15.49,14.68,72064.91,27490.89,71642.6019,31192.94,32099.7,13381.08,10014.1
2026-08-07T11:00:00,25.44,23.42,16.25,76555.82,32986.04,76201.9377,32509.5,33591.2,11060.28,7997.9
2026-08-07T12:00:00,30.47,30.54,23.54,80516.9,39412.15,80152.8795,32770.72,34027.4,8334.03,6523.7
2026-08-07T13:00:00,33.73,32.57,37.04,84279.81,45079.8,83433.5601,32121.78,33348.7,7078.23,7306.6
2026-08-07T14:00:00,33.27,40.8,55.26,86384.21,49421.3,85398.5308,30000.99,32429.7,6961.92,7725.8
2026-08-07T15:00:00,32.78,41.02,60.83,86351.26,49663.61,86005.2005,29314.64,31442.1,7373.01,8619.0
2026-08-07T16:00:00,34.16,40.97,62.33,86505.99,50572.71,86030.7615,28055.64,29642.4,7877.64,9701.8
2026-08-07T17:00:00,31.39,49.24,74.52,85925.76,51963.99,85434.5781,24996.22,27642.1,8965.55,10954.9
2026-08-07T18:00:00,35.88,67.23,91.14,84362.09,55254.62,84003.7295,18880.25,21445.7,10227.22,12106.1
2026-08-07T19:00:00,44.14,64.75,66.55,81287.4,61315.19,81293.7596,7134.9,8374.1,12837.31,13023.3
2026-08-07T20:00:00,43.76,54.8,55.17,78679.1,63419.6,78571.3506,328.65,430.8,14930.85,14262.2
2026-08-07T21:00:00,43.28,39.12,39.24,76253.48,59038.7,76154.7683,0.03,0.0,17214.75,16079.2
2026-08-07T22:00:00,38.09,35.4,35.46,72826.92,54431.32,72610.2501,0.05,0.0,18395.55,17720.3
2026-08-07T23:00:00,30.99,29.75,29.77,69216.09,50645.43,68892.2288,0.09,0.0,18570.57,18309.5
2026-08-08T00:00:00,28.15,32.54,32.25,65721.49,47562.6,66149.7814,0.09,0.0,18158.8,17980.7
2026-08-08T01:00:00,25.8,27.96,27.58,62726.62,45120.13,62990.4222,0.07,0.0,17606.42,17235.7
2026-08-08T02:00:00,25.61,24.79,24.47,60313.76,43268.3,60398.7057,0.05,0.0,17045.41,16128.5
2026-08-08T03:00:00,24.51,23.79,23.67,58534.74,42793.14,58496.1936,0.04,0.0,15741.56,15256.0
2026-08-08T04:00:00,24.43,24.61,24.42,57540.31,43268.02,57151.7966,0.07,0.0,14272.22,14232.6
2026-08-08T05:00:00,25.12,28.08,27.66,57052.92,44496.81,56406.8727,0.06,0.0,12556.05,12719.7
2026-08-08T06:00:00,24.04,28.04,28.03,57075.81,46247.51,56159.9544,7.23,11.8,10821.07,11011.1
2026-08-08T07:00:00,23.54,26.4,26.33,57392.22,45176.25,56190.5879,3329.74,3331.8,8886.23,9071.5
2026-08-08T08:00:00,18.82,20.96,20.95,60187.6,36245.86,59578.1257,18154.03,17530.1,5787.71,6806.8
2026-08-08T09:00:00,17.98,21.75,21.75,64797.07,31667.91,64551.9308,28212.93,27932.1,4916.23,4867.8
2026-08-08T10:00:00,18.16,24.03,24.11,69381.29,34604.95,69686.7106,31072.3,32214.7,3704.04,3505.1
2026-08-08T11:00:00,21.67,24.42,24.59,73932.6,38760.49,74753.0735,33067.0,33641.9,2105.11,2226.3
2026-08-08T12:00:00,23.93,34.24,34.26,77953.64,43728.42,79099.7143,32488.44,33904.4,1736.78,2532.1
2026-08-08T13:00:00,25.38,30.66,37.86,81205.8,46478.35,82322.2917,31913.86,33409.8,2813.59,2966.4
2026-08-08T14:00:00,26.15,33.14,51.41,82963.64,48940.06,84445.1545,30069.65,32421.2,3953.93,3870.4
2026-08-08T15:00:00,27.7,39.22,68.75,83593.19,51401.78,85536.8176,27034.43,31007.9,5156.98,4930.5
2026-08-08T16:00:00,28.04,41.26,76.55,83847.64,52502.08,85756.9667,25043.08,28834.3,6302.48,6427.1
2026-08-08T17:00:00,26.72,43.03,86.44,83273.74,51902.3,85026.3125,23177.15,26223.9,8194.29,8184.2
2026-08-08T18:00:00,34.1,44.92,53.24,81546.65,51593.92,83119.0467,19546.15,20039.8,10406.58,10026.3
2026-08-08T19:00:00,41.38,49.49,50.63,79473.72,59313.88,79986.5777,7543.23,7487.6,12616.61,11904.2
2026-08-08T20:00:00,41.75,46.24,46.36,76896.94,62890.32,76980.44,342.92,376.5,13663.7,13858.0
2026-08-08T21:00:00,37.95,48.1,47.84,74197.48,58108.55,74347.1949,1.98,0.0,16086.95,16011.0
2026-08-08T22:00:00,33.96,35.08,35.1,70772.3,52662.05,71032.4881,1.17,0.0,18109.08,17005.9
2026-08-08T23:00:00,27.88,28.87,28.8,67099.27,48856.52,67569.8365,0.13,0.0,18242.62,17571.8
2026-08-09T00:00:00,29.51,28.66,28.42,63754.52,46602.43,64348.726,0.16,0.0,17151.93,18499.2
2026-08-09T01:00:00,26.68,24.39,24.14,60945.27,44262.75,61354.4291,0.15,0.0,16682.37,17092.7
2026-08-09T02:00:00,24.06,23.48,23.19,58761.34,42604.46,59019.1803,0.12,0.0,16156.76,16351.9
2026-08-09T03:00:00,23.07,22.77,22.52,56994.16,41317.99,57246.4204,0.15,0.0,15676.02,15421.3
2026-08-09T04:00:00,23.03,23.51,23.19,55833.43,40841.43,55960.8828,0.11,0.0,14991.89,14500.5
2026-08-09T05:00:00,23.45,23.43,23.15,55201.63,41378.16,55089.9448,0.1,0.0,13823.37,13381.2
2026-08-09T06:00:00,22.42,23.8,23.41,54933.82,41823.0,54599.4375,10.87,10.9,13099.95,12009.2
2026-08-09T07:00:00,19.96,20.93,20.5,54875.68,38731.43,54521.9332,3856.17,3389.4,12288.08,10405.4
2026-08-09T08:00:00,15.78,17.59,17.53,58225.4,29311.58,57880.6626,20002.28,17962.1,8911.54,8371.2
2026-08-09T09:00:00,15.6,17.43,17.37,62875.02,25559.22,62505.0441,29230.46,28305.2,8085.34,6886.5
2026-08-09T10:00:00,16.55,17.3,17.03,67574.34,28629.4,67353.2351,31670.39,32125.8,7274.55,6105.0
2026-08-09T11:00:00,19.18,19.82,19.16,72328.17,33885.98,72226.5037,33311.36,33355.1,5130.83,4703.9
2026-08-09T12:00:00,25.37,23.9,23.41,76710.07,39367.74,76499.6452,33228.99,33224.0,4113.34,3931.2
2026-08-09T13:00:00,25.27,31.15,30.94,80221.63,43161.55,79931.1965,31838.15,32077.6,5221.93,5374.8
2026-08-09T14:00:00,26.37,36.57,36.61,82640.84,46314.21,82269.6016,29950.27,31238.1,6376.36,6434.7
2026-08-09T15:00:00,27.72,36.31,36.3,83674.08,47455.24,83562.9734,28894.89,30150.4,7323.95,7848.5
2026-08-09T16:00:00,28.56,36.75,36.51,84694.57,47596.64,84147.4633,28264.63,28807.8,8833.3,9440.2
2026-08-09T17:00:00,26.98,44.14,38.48,84742.3,47926.37,84062.3304,26786.41,26655.0,10029.52,11089.7
2026-08-09T18:00:00,31.89,37.06,37.95,83811.55,50322.18,82704.8602,22011.74,20634.6,11477.63,12745.2
2026-08-09T19:00:00,44.19,48.23,48.73,81267.72,59677.18,80177.9619,8182.11,7622.9,13408.43,14201.9
2026-08-09T20:00:00,46.19,53.1,53.16,78768.08,64293.62,77721.6287,309.01,393.3,14165.45,15842.8
2026-08-09T21:00:00,44.22,57.74,57.73,76178.46,59856.44,75491.1469,0.94,0.0,16321.08,17887.5
2026-08-09T22:00:00,35.56,43.54,43.52,72276.92,53922.18,71758.1294,0.53,0.0,18354.21,19590.4
2026-08-09T23:00:00,29.04,31.49,31.49,68228.02,49492.62,67711.1097,0.13,0.0,18735.27,20506.3
2026-08-10T00:00:00,24.75,27.86,27.86,64563.78,46504.79,64930.3489,0.17,0.0,18058.82,19877.0
2026-08-10T01:00:00,23.24,23.35,23.34,61853.99,44025.2,61880.6569,0.17,0.0,17828.62,19821.0
2026-08-10T02:00:00,21.8,22.45,22.42,59761.18,41631.3,59600.9848,0.17,0.0,18129.71,19477.5
2026-08-10T03:00:00,21.6,21.8,21.8,58483.02,40334.99,58154.7116,0.14,0.0,18147.89,18956.6
2026-08-10T04:00:00,22.0,21.58,21.58,58093.11,40753.23,57705.5757,0.11,0.0,17339.77,18304.8
2026-08-10T05:00:00,23.69,22.6,22.59,58684.31,41999.06,58485.869,0.13,0.0,16685.12,17409.4
2026-08-10T06:00:00,23.5,23.49,23.49,59806.95,44174.78,59880.9861,12.88,8.3,15619.29,16355.4
2026-08-10T07:00:00,21.71,21.3,21.3,60440.05,42260.65,60433.619,4239.74,3271.0,13939.66,14852.3
2026-08-10T08:00:00,18.45,17.45,17.43,63348.18,32219.0,62959.2071,20312.8,17287.7,10816.38,13109.6
2026-08-10T09:00:00,18.3,19.57,18.29,67530.41,27246.95,66829.6245,28376.25,27320.6,11907.21,12340.5
2026-08-10T10:00:00,22.01,21.84,19.95,71114.72,30334.24,71226.432,29828.81,30883.7,10951.67,11758.3
2026-08-10T11:00:00,25.91,22.18,22.14,74777.3,35195.63,75700.2186,30146.69,31696.3,9434.98,10581.9
2026-08-10T12:00:00,29.64,23.7,23.28,78152.03,39762.8,79573.76,28881.27,31694.4,9507.96,9893.5
2026-08-10T13:00:00,30.11,23.95,23.45,80916.2,41767.74,82900.8404,27502.68,31517.9,11645.78,10371.0
2026-08-10T14:00:00,29.71,25.47,24.8,82254.9,43391.37,84584.7878,26528.39,31364.5,12335.14,11472.5
2026-08-10T15:00:00,30.2,25.2,25.14,82891.07,43584.64,85137.8838,26013.33,30513.6,13293.1,12717.3
2026-08-10T16:00:00,31.88,23.41,23.65,83118.16,43388.83,85366.3554,25071.88,28744.9,14657.45,14194.0
2026-08-10T17:00:00,31.36,19.19,19.29,82726.42,42210.15,84972.9869,24002.73,26239.7,16513.54,15804.6
2026-08-10T18:00:00,36.55,22.86,23.02,81619.6,43831.73,83691.6199,18782.16,19814.2,19005.71,17421.6
2026-08-10T19:00:00,41.51,27.99,28.07,79527.24,51011.01,81410.9971,7074.86,6991.7,21441.37,18780.9
2026-08-10T20:00:00,42.1,27.21,27.33,77494.68,55938.33,79042.9861,292.14,311.7,21264.21,20121.0
2026-08-10T21:00:00,40.53,25.79,25.84,75265.86,54308.05,76473.2178,0.05,0.0,20957.76,21838.5
2026-08-10T22:00:00,35.36,23.84,23.88,71527.68,50151.84,72607.0752,0.04,0.0,21375.8,23404.4
2026-08-10T23:00:00,28.22,22.46,22.49,67429.17,46023.53,68613.932,0.04,0.0,21405.6,24117.2
2026-08-11T00:00:00,23.91,21.27,21.27,63951.78,42596.5,64901.0304,0.03,0.0,21355.25,22697.8
2026-08-11T01:00:00,22.24,19.66,19.66,61133.48,40016.99,61993.87,0.06,0.0,21116.43,22580.7
2026-08-11T02:00:00,21.53,17.88,17.88,58979.9,37854.68,59800.8792,0.08,0.0,21125.14,22121.3
2026-08-11T03:00:00,21.42,17.79,17.79,57667.0,37297.5,58565.1994,0.1,0.0,20369.4,21443.1
2026-08-11T04:00:00,21.43,17.54,17.54,57275.22,37667.53,58199.6188,0.08,0.0,19607.61,20698.3
2026-08-11T05:00:00,22.37,19.11,19.11,58031.69,39127.26,58993.6402,0.09,0.0,18904.34,20114.4
2026-08-11T06:00:00,22.44,20.86,20.86,59499.97,41592.51,60372.9395,11.1,6.8,17896.36,19512.3
2026-08-11T07:00:00,21.71,20.02,20.02,60136.51,40530.85,60711.1103,3261.96,3224.6,16343.7,18230.5
2026-08-11T08:00:00,16.86,15.13,14.71,62746.26,29738.16,63427.441,17088.42,17244.2,15919.68,17844.8
2026-08-11T09:00:00,17.48,15.7,11.19,66929.46,21484.72,67647.0486,26236.32,27190.8,19208.42,18708.1
2026-08-11T10:00:00,21.68,21.64,7.98,71144.72,23752.23,72477.0277,30016.11,31439.0,17376.38,18259.4
2026-08-11T11:00:00,24.01,27.32,11.42,75500.38,27804.34,77261.3498,31295.15,32775.9,16400.89,17114.2
2026-08-11T12:00:00,29.15,25.79,14.07,79770.77,30572.33,81614.3602,32846.04,33067.6,16352.4,16441.2
2026-08-11T13:00:00,32.41,34.4,17.89,83423.77,35371.72,85211.169,31762.71,32751.7,16289.34,16217.7
2026-08-11T14:00:00,31.91,35.79,21.05,86125.13,38696.24,87167.441,31047.34,32230.7,16381.55,16510.3
2026-08-11T15:00:00,33.22,31.92,22.98,86822.28,40230.56,87771.7887,30409.65,31480.4,16182.07,17027.0
2026-08-11T16:00:00,35.68,31.87,24.04,86895.93,41085.94,88101.5106,29469.84,30876.9,16340.15,17726.4
2026-08-11T17:00:00,30.92,32.95,25.35,86899.19,42240.49,87856.8397,27689.01,28708.3,16969.69,18610.4
2026-08-11T18:00:00,33.16,32.46,33.1,86504.01,46278.21,86768.8613,22129.47,21754.0,18096.33,19811.6
2026-08-11T19:00:00,38.84,48.07,49.89,85035.18,57656.51,84304.2797,7610.26,7053.3,19768.41,21034.9
2026-08-11T20:00:00,41.74,46.09,47.06,82650.8,62218.53,81647.1919,245.57,290.6,20186.7,22295.3
2026-08-11T21:00:00,37.86,64.54,65.49,79573.84,57569.73,79004.0408,0.35,0.0,22003.76,24013.9
2026-08-11T22:00:00,33.25,35.77,35.82,75270.62,51454.79,74926.4302,0.3,0.0,23815.53,25559.3
2026-08-11T23:00:00,26.46,28.1,28.13,71328.85,46848.85,70858.5411,0.56,0.0,24479.44,26274.3
2026-08-12T00:00:00,23.2,22.43,22.45,67396.35,42283.27,68111.1403,0.58,0.0,25112.5,26470.1
2026-08-12T01:00:00,22.14,21.65,21.65,64654.83,39766.69,64679.1301,0.81,0.0,24887.33,26387.2
2026-08-12T02:00:00,21.44,20.86,20.86,62516.89,38174.54,62072.5997,0.76,0.0,24341.59,26098.6
2026-08-12T03:00:00,20.65,21.07,21.07,61009.9,37566.63,60484.491,0.71,0.0,23442.56,25601.8
2026-08-12T04:00:00,20.41,21.76,21.76,60461.93,38015.27,59880.9204,0.68,0.0,22445.98,24809.3
2026-08-12T05:00:00,21.92,23.12,23.12,60999.79,39248.65,60594.3195,0.7,0.0,21750.44,24044.9
2026-08-12T06:00:00,21.47,23.91,23.91,62203.27,40863.31,61720.4098,10.36,6.0,21329.6,23085.6
2026-08-12T07:00:00,19.43,20.07,20.05,62426.22,37743.98,61976.3006,3795.02,3150.3,20887.22,22200.2
2026-08-12T08:00:00,17.21,16.29,13.99,64883.26,25777.6,64553.1704,18402.59,16823.6,20703.07,23335.3
2026-08-12T09:00:00,18.45,21.05,13.64,68771.35,20843.12,68672.2805,25593.67,27089.6,22334.56,23226.6
2026-08-12T10:00:00,21.21,23.27,13.14,73126.36,21608.35,73236.5405,29438.22,31470.5,22079.79,22093.6
2026-08-12T11:00:00,24.92,27.94,13.48,77638.23,26133.04,77789.5606,31458.39,33171.1,20046.8,21235.0
2026-08-12T12:00:00,28.65,37.06,15.31,81792.76,31154.92,81848.1606,32392.64,33570.0,18245.2,20566.7
2026-08-12T13:00:00,31.22,38.91,17.73,85456.29,35254.74,85159.6897,32429.62,33505.3,17771.93,20544.0
2026-08-12T14:00:00,32.72,45.61,21.36,87041.19,38184.3,87004.1199,31327.54,33029.1,17529.35,20799.3
2026-08-12T15:00:00,34.96,47.79,20.3,87480.79,39543.71,87716.9989,29769.7,32482.8,18167.38,21271.3
2026-08-12T16:00:00,36.74,50.52,29.61,87981.88,41400.86,88141.9297,27677.01,31706.0,18904.01,22249.2
2026-08-12T17:00:00,34.41,54.55,34.2,88143.21,43012.19,88144.7383,25436.27,29557.3,19694.75,23602.1
2026-08-12T18:00:00,34.4,50.79,41.63,87762.05,46471.34,87249.1699,20112.78,21971.7,21177.93,25101.3
2026-08-12T19:00:00,35.93,51.93,52.74,86514.92,56458.15,85037.0596,6481.97,6438.5,23574.8,25547.2
2026-08-12T20:00:00,36.14,56.96,57.9,84337.38,60178.43,82486.7883,163.33,222.2,23995.62,25902.8
2026-08-12T21:00:00,34.27,40.47,40.7,81600.31,56283.49,79956.4109,0.34,0.0,25316.48,26996.3
2026-08-12T22:00:00,31.47,34.27,34.37,77198.04,50442.85,75805.7388,0.62,0.0,26754.57,27819.5
2026-08-12T23:00:00,25.19,25.97,26.06,72966.32,45671.23,71566.7404,1.51,0.0,27293.58,28384.2
2026-08-13T00:00:00,23.48,23.33,23.42,69257.95,41702.99,69992.2909,1.11,0.0,27553.85,29023.0
2026-08-13T01:00:00,22.02,22.62,22.71,66370.72,38935.49,66347.0898,1.02,0.0,27434.21,28961.2
2026-08-13T02:00:00,20.99,21.55,21.63,64138.31,36947.0,63475.6496,0.89,0.0,27190.42,28851.0
2026-08-13T03:00:00,19.63,20.48,20.34,62663.98,35633.48,61704.1796,0.95,0.0,27029.55,28652.2
2026-08-13T04:00:00,20.35,20.7,20.55,61785.4,35406.88,60949.5686,0.84,0.0,26377.68,28079.5
2026-08-13T05:00:00,22.62,21.53,21.51,62148.55,36769.81,61347.8716,0.97,0.0,25377.77,27236.3
2026-08-13T06:00:00,22.36,23.25,23.25,63206.25,38724.44,62494.3901,8.47,5.5,24473.34,26122.2
2026-08-13T07:00:00,20.75,21.64,21.64,63251.7,36865.81,62747.3009,3608.95,3216.8,22776.94,24845.5
2026-08-13T08:00:00,19.48,16.9,14.11,65618.78,25414.6,65373.8203,18305.22,16885.2,21898.96,25664.8
2026-08-13T09:00:00,20.38,18.04,9.83,68950.09,19715.82,69593.1595,26340.92,26974.6,22893.35,25310.2
2026-08-13T10:00:00,24.23,21.88,10.36,73127.1,20655.45,74250.8093,30437.93,31369.2,22033.72,23952.0
2026-08-13T11:00:00,29.86,33.78,12.58,77384.26,25563.27,78845.9006,31445.37,33043.5,20375.62,22900.5
2026-08-13T12:00:00,35.23,32.66,13.59,81348.63,30958.58,82917.241,31668.76,33537.5,18721.29,21739.8
2026-08-13T13:00:00,38.16,43.08,19.02,84814.62,35214.36,86196.6078,32538.8,33573.4,17061.46,21127.0
2026-08-13T14:00:00,35.26,45.81,23.41,87325.98,38339.36,87983.6704,32712.85,33124.4,16273.77,21191.4
2026-08-13T15:00:00,36.88,46.2,22.85,87748.72,39552.6,88550.5497,31695.66,32384.4,16500.46,21753.0
2026-08-13T16:00:00,37.76,39.66,20.61,88137.2,40214.98,88716.1391,30312.26,30930.6,17609.96,22315.1
2026-08-13T17:00:00,34.99,41.53,24.27,88025.91,41932.54,88500.2312,26613.09,28453.4,19480.28,23193.9
2026-08-13T18:00:00,33.84,42.86,39.2,87496.11,47061.16,87494.0793,18314.92,21043.7,22120.03,25542.6
2026-08-13T19:00:00,37.28,50.01,50.5,86113.25,57050.06,85270.3013,5104.66,5991.6,23958.53,25837.7
2026-08-13T20:00:00,36.89,67.27,71.73,83643.64,59767.42,82810.2297,64.77,207.5,23811.45,26168.1
2026-08-13T21:00:00,38.94,37.77,37.94,80749.77,56006.04,80236.7984,0.39,0.0,24743.34,27233.5
2026-08-13T22:00:00,33.38,37.48,37.67,76724.28,51094.72,76096.7497,0.66,0.0,25628.9,27525.4
2026-08-13T23:00:00,27.57,33.97,34.1,72333.36,47400.41,71894.9396,0.87,0.0,24932.08,27574.5
2026-08-14T00:00:00,24.23,28.25,28.31,68902.71,44598.58,69642.2406,0.92,0.0,24303.21,26557.3
2026-08-14T01:00:00,22.96,25.09,25.1,66105.1,42211.91,66198.2787,0.79,0.0,23892.4,26040.9
2026-08-14T02:00:00,22.06,23.28,23.28,63915.53,39575.46,63494.5592,0.73,0.0,24339.34,26154.8
2026-08-14T03:00:00,21.91,22.39,22.38,62240.07,37645.91,61815.5589,0.96,0.0,24593.2,26105.3
2026-08-14T04:00:00,21.62,21.36,21.36,61448.53,36993.68,61085.3288,0.92,0.0,24453.93,25390.6
2026-08-14T05:00:00,22.74,21.94,21.94,61791.94,37562.47,61270.4699,0.17,0.0,24229.3,24715.8
2026-08-14T06:00:00,23.45,23.36,23.36,62793.54,39407.43,62383.7009,6.08,4.4,23380.03,23231.8
2026-08-14T07:00:00,22.13,20.75,20.45,62954.3,37016.44,62672.1108,3343.39,2879.5,22594.47,21497.3
2026-08-14T08:00:00,20.04,19.45,16.03,65429.71,26256.16,65232.0603,17242.66,15579.3,21930.89,21811.5
2026-08-14T09:00:00,20.85,22.55,13.91,69263.28,20131.89,69206.2603,25753.78,26173.5,23377.61,21104.1
2026-08-14T10:00:00,24.14,22.51,11.88,73126.82,21063.43,73593.0913,30167.6,31227.1,21895.79,19519.3
2026-08-14T11:00:00,33.4,27.21,12.76,77046.44,26574.84,77827.6384,31065.4,33109.2,19406.2,18429.7
2026-08-14T12:00:00,34.62,36.57,15.48,80485.24,31736.93,81593.9893,31368.45,33346.9,17379.86,17638.6
2026-08-14T13:00:00,37.3,26.86,16.43,83896.66,35521.73,84692.7204,32490.77,33191.6,15884.16,18179.8
2026-08-14T14:00:00,38.75,26.92,19.72,86094.8,38280.09,86269.529,32063.89,32551.0,15750.82,19444.4
2026-08-14T15:00:00,39.12,31.49,20.31,87538.14,39041.03,86612.9308,31345.27,31422.3,17151.84,20881.8
2026-08-14T16:00:00,40.02,28.5,17.09,87648.48,38882.54,86632.9817,29855.2,28992.9,18910.74,22458.0
2026-08-14T17:00:00,37.06,27.47,17.21,87212.08,40122.94,86139.17,25957.09,26171.6,21132.05,24108.2
2026-08-14T18:00:00,40.24,27.02,20.77,85653.52,43505.83,84809.4809,18615.47,19163.1,23532.22,25611.3
2026-08-14T19:00:00,40.57,29.93,28.71,83038.48,50875.95,82288.9993,5868.84,5887.0,26293.69,25348.7
2026-08-14T20:00:00,38.88,29.14,29.17,80371.07,54932.13,79831.6582,123.72,217.4,25315.22,24600.4
2026-08-14T21:00:00,38.48,26.76,26.76,78222.83,53484.66,77554.9702,0.3,0.0,24737.87,24708.5
2026-08-14T22:00:00,35.52,26.55,26.55,74921.36,49889.0,74110.009,0.55,0.0,25031.81,24781.4
2026-08-14T23:00:00,29.81,25.78,25.78,71447.36,46248.85,70557.9593,0.57,0.0,25197.94,24803.5
2026-08-15T00:00:00,24.55,23.68,23.68,68025.61,43353.16,68489.3905,0.75,0.0,24671.7,26765.1
2026-08-15T01:00:00,23.97,23.38,23.38,65129.74,41336.83,64950.5196,0.73,0.0,23792.18,26116.8
2026-08-15T02:00:00,23.4,23.49,23.49,63113.63,40687.82,62095.6008,0.78,0.0,22425.03,25095.3
2026-08-15T03:00:00,22.48,23.14,23.14,61546.26,40252.08,60074.7794,0.76,0.0,21293.42,24046.8
2026-08-15T04:00:00,22.13,23.73,23.73,60498.89,40436.6,58715.6496,0.65,0.0,20061.64,22563.6
2026-08-15T05:00:00,22.89,25.48,25.48,59990.3,41545.87,57786.2807,0.71,0.0,18443.72,21500.3
2026-08-15T06:00:00,23.63,25.38,25.38,59715.84,42643.28,57535.0703,6.98,3.7,17065.58,20024.2
2026-08-15T07:00:00,22.77,23.29,23.29,59627.39,40102.28,57494.3702,3233.52,2985.8,16291.59,18398.4
2026-08-15T08:00:00,17.84,15.72,15.35,62719.07,27447.63,61106.1199,18421.24,16495.5,16850.2,18729.3
2026-08-15T09:00:00,16.17,15.71,13.21,67242.38,19380.08,66038.0404,27832.86,26597.2,20029.44,17701.3
2026-08-15T10:00:00,19.34,19.62,15.03,71890.88,22133.23,71040.7184,31891.01,31213.2,17866.64,15742.5
2026-08-15T11:00:00,29.98,23.12,17.77,76542.35,28494.06,75895.1694,33035.68,33292.5,15012.61,14221.6
2026-08-15T12:00:00,31.89,28.27,20.37,80644.33,33358.9,80174.1821,33461.78,33644.3,13823.65,13498.6
2026-08-15T13:00:00,34.29,31.48,22.78,83846.71,36745.41,83504.1297,33081.65,33752.4,14019.65,14131.3
2026-08-15T14:00:00,35.28,35.67,22.96,86395.23,38997.01,85807.5477,32402.59,33364.4,14995.63,15290.1
2026-08-15T15:00:00,36.72,36.42,22.73,87514.25,40150.31,87262.5593,31615.18,32774.8,15748.76,16477.4
2026-08-15T16:00:00,38.2,35.12,20.97,87781.01,40610.94,87944.5899,30677.42,32156.0,16492.65,17769.7
2026-08-15T17:00:00,37.02,31.33,19.52,87623.33,41402.27,87847.1602,28499.84,29870.4,17721.22,19123.2
2026-08-15T18:00:00,39.76,32.57,27.45,86779.4,45246.33,86283.741,21488.61,22115.1,20044.46,20340.4
2026-08-15T19:00:00,43.94,40.38,40.35,84550.65,55640.68,83212.2686,6760.13,6589.8,22149.84,20337.7
2026-08-15T20:00:00,43.48,37.48,37.77,81407.02,59795.44,80064.6207,94.22,210.5,21517.36,20851.7
2026-08-15T21:00:00,43.84,31.02,31.05,78346.52,57564.55,77454.0406,0.33,0.0,20781.64,21660.6
2026-08-15T22:00:00,38.12,32.89,32.89,74905.05,54818.39,73864.4802,0.57,0.0,20086.09,21364.2
2026-08-15T23:00:00,31.85,35.98,35.95,71035.76,52132.59,70041.1487,0.77,0.0,18902.4,20620.9
2026-08-16T00:00:00,24.86,33.86,33.59,67384.19,49215.08,68350.4594,0.9,0.0,18168.21,19044.8
2026-08-16T01:00:00,23.6,29.89,29.57,64384.54,47449.83,64794.9606,0.87,0.0,16933.84,17907.3
2026-08-16T02:00:00,22.91,28.62,28.03,61745.74,46055.37,61877.1891,0.73,0.0,15689.64,16758.1
2026-08-16T03:00:00,22.76,25.5,25.43,59943.47,44849.63,59732.6703,0.74,0.0,15093.1,16048.4
2026-08-16T04:00:00,22.05,23.51,23.51,58534.06,43277.34,58186.8402,0.75,0.0,15255.97,15729.9
2026-08-16T05:00:00,22.92,26.67,26.67,57449.99,43056.65,57029.5711,0.74,0.0,14392.6,15372.0
2026-08-16T06:00:00,22.16,27.44,27.44,56703.21,43271.55,56799.8197,5.57,3.1,13426.09,14743.4
2026-08-16T07:00:00,20.13,22.1,22.1,56268.72,40512.75,56559.0108,3337.99,3119.4,12417.98,13510.4
2026-08-16T08:00:00,16.16,17.47,17.45,58903.26,29404.2,59620.6808,19482.46,18080.9,10016.6,12013.1
2026-08-16T09:00:00,14.3,16.26,16.23,63239.05,21491.59,64565.1706,30543.63,28641.0,11203.83,10861.3
2026-08-16T10:00:00,15.42,16.89,16.89,67774.89,24102.29,69972.43,33767.21,32618.2,9905.39,9605.1
2026-08-16T11:00:00,19.36,18.81,18.56,72473.78,30022.19,75056.9096,34718.77,34142.2,7732.82,8097.2
2026-08-16T12:00:00,25.48,22.48,20.74,77057.68,35284.24,79442.6494,34928.94,34354.9,6844.5,7167.0
2026-08-16T13:00:00,29.85,27.75,24.05,81078.99,39897.83,83027.9007,34700.43,34524.5,6480.73,6967.1
2026-08-16T14:00:00,32.42,36.48,31.5,84161.46,43359.21,85655.9409,34366.95,34330.9,6435.3,7486.0
2026-08-16T15:00:00,36.73,32.77,28.02,86248.23,45385.68,87401.8093,34059.57,33935.5,6802.98,8293.1
2026-08-16T16:00:00,37.89,36.02,25.85,87497.65,46801.89,88366.801,33438.19,33429.9,7257.57,9350.9
2026-08-16T17:00:00,37.33,33.12,23.28,88017.6,48048.12,88677.2397,31679.67,31540.4,8289.81,10583.4
2026-08-16T18:00:00,47.18,39.06,39.08,87206.73,53015.81,87525.5206,24292.6,23654.5,9898.32,11429.4
2026-08-16T19:00:00,63.31,72.31,74.69,84965.35,66692.05,84674.361,7661.45,7100.2,10611.85,12039.3
2026-08-16T20:00:00,59.51,86.21,89.33,81117.74,69965.19,81633.3802,146.25,213.9,11006.3,13094.1
2026-08-16T21:00:00,56.16,67.88,69.13,77757.96,65085.85,78967.9891,0.11,0.0,12672.0,14556.3
2026-08-16T22:00:00,52.34,32.96,32.98,73613.09,58344.41,74842.4117,0.16,0.0,15268.52,15774.6
2026-08-16T23:00:00,32.01,26.97,26.93,68958.32,51756.52,70358.7802,0.14,0.0,17201.66,16624.4
2026-08-17T00:00:00,29.14,23.95,23.95,65009.97,46997.71,65338.0202,0.14,0.0,18012.12,17321.8
2026-08-17T01:00:00,26.84,24.06,24.06,61725.55,45008.53,62106.06,0.14,0.0,16716.88,16652.1
2026-08-17T02:00:00,26.05,23.0,23.0,59202.35,43291.14,59777.9103,0.15,0.0,15911.06,15788.3
2026-08-17T03:00:00,24.74,22.03,22.03,57927.24,42333.06,58066.2399,0.15,0.0,15594.03,14891.1
2026-08-17T04:00:00,26.52,21.87,21.87,57295.89,42696.89,57250.1609,0.14,0.0,14598.86,13804.5
2026-08-17T05:00:00,29.45,25.1,25.1,57955.34,45322.45,57780.6103,0.16,0.0,12632.73,12321.7
2026-08-17T06:00:00,32.23,28.88,28.88,59358.36,49036.12,58864.5807,5.04,2.4,10317.2,10604.3
2026-08-17T07:00:00,31.01,29.23,29.23,59467.13,47650.11,59331.63,3598.17,2994.2,8218.85,9007.5
2026-08-17T08:00:00,21.61,19.46,19.45,62018.18,35667.01,62364.2203,20753.33,18543.1,5597.84,6518.0
2026-08-17T09:00:00,21.19,18.03,17.2,66261.33,30149.0,67090.7109,31824.37,29713.4,4287.96,4412.9
2026-08-17T10:00:00,24.0,19.95,18.44,70966.88,33529.38,72334.5482,34210.03,33439.7,3227.47,3614.7
2026-08-17T11:00:00,27.68,24.12,21.45,75962.12,39123.58,77468.5809,34728.18,34630.9,2110.36,2872.7
2026-08-17T12:00:00,32.44,47.28,32.11,81078.09,44471.42,81879.8202,34873.83,34729.5,1732.84,2537.7
2026-08-17T13:00:00,36.96,39.3,36.49,85315.06,49042.6,85866.5107,34216.86,34748.7,2055.6,2988.9
2026-08-17T14:00:00,36.9,28.64,28.91,87725.77,51208.52,88292.7086,33546.2,34509.3,2971.05,3859.4
2026-08-17T15:00:00,39.33,31.11,29.36,88263.99,51036.02,89651.9498,33161.96,33870.1,4066.01,4834.0
2026-08-17T16:00:00,40.79,28.95,27.19,89128.44,51557.82,90126.4705,32091.03,32905.5,5479.59,6028.3
2026-08-17T17:00:00,43.85,34.27,36.47,89006.63,52460.53,89954.1511,30212.52,30558.8,6333.58,7390.8
2026-08-17T18:00:00,70.54,63.56,97.88,88439.23,57891.2,88760.5999,22957.11,22513.5,7590.92,8519.1
2026-08-17T19:00:00,115.35,181.23,201.87,85839.8,70570.58,86128.9905,7199.6,6516.7,8069.62,9452.9
2026-08-17T20:00:00,115.2,284.28,300.64,82325.43,73646.7,83066.2413,133.05,198.8,8545.68,10817.5
2026-08-17T21:00:00,118.81,103.94,105.66,79095.12,68719.12,80263.2097,1.01,0.0,10374.99,12660.5
2026-08-17T22:00:00,77.69,41.87,41.91,75857.08,62852.88,75640.0788,1.07,0.0,13003.13,14435.6
2026-08-17T23:00:00,38.08,29.57,29.57,71613.85,56173.77,71232.889,1.04,0.0,15439.04,15912.7
2026-08-18T00:00:00,29.27,28.7,28.7,67846.49,50291.84,67420.0095,0.4,0.0,17554.25,17021.7
2026-08-18T01:00:00,25.99,24.32,24.32,64807.24,46504.08,64319.3183,0.12,0.0,18303.04,17288.0
2026-08-18T02:00:00,24.46,23.3,23.3,62224.1,44141.89,61730.2991,0.1,0.0,18082.11,17095.5
2026-08-18T03:00:00,23.88,22.48,22.48,60501.18,43050.66,59986.6295,0.14,0.0,17450.38,16765.9
2026-08-18T04:00:00,24.0,21.74,21.74,59729.42,42862.59,59134.1803,0.12,0.0,16866.71,16270.1
2026-08-18T05:00:00,24.97,22.31,22.31,59984.87,44155.18,59581.3399,0.21,0.0,15829.48,15286.2
2026-08-18T06:00:00,25.62,25.48,25.48,61147.62,46570.6,60646.9708,4.1,2.5,14572.92,14205.2
2026-08-18T07:00:00,24.49,23.49,23.48,61233.67,44913.69,60960.3506,3546.09,3004.9,12773.89,13041.4
2026-08-18T08:00:00,19.42,15.74,15.75,63732.48,33427.28,63691.6998,20958.0,18997.3,9347.2,10361.4
2026-08-18T09:00:00,19.03,15.45,15.25,67835.97,28615.04,68245.3706,31288.31,30493.2,7932.62,7904.9
2026-08-18T10:00:00,21.41,15.36,15.59,72571.23,31127.92,73153.1602,33559.92,33714.2,7883.39,7196.7
2026-08-18T11:00:00,28.11,23.16,20.87,77558.26,38225.53,78413.461,33739.09,34694.9,5593.64,6256.4
2026-08-18T12:00:00,32.28,32.83,29.97,82146.59,44014.74,82601.6202,33912.96,34634.3,4218.89,5357.4
2026-08-18T13:00:00,38.47,29.59,36.27,85957.52,47778.15,86598.1286,33407.28,34246.7,4772.09,5507.9
2026-08-18T14:00:00,39.01,30.48,30.49,88535.83,49050.64,89031.3788,33381.73,33722.2,6103.46,6475.7
2026-08-18T15:00:00,43.42,28.05,30.08,88952.87,48738.4,90311.9004,33039.19,32951.3,7175.28,7555.3
2026-08-18T16:00:00,45.87,36.45,36.71,89450.13,49627.18,90598.4902,32140.91,32084.4,7682.04,8484.6
2026-08-18T17:00:00,43.03,27.86,29.7,89579.92,50822.99,90156.411,30477.83,29641.7,8279.1,9667.4
2026-08-18T18:00:00,55.79,43.34,47.3,89051.4,56433.88,88793.4317,23457.26,21839.1,9160.26,11084.5
2026-08-18T19:00:00,69.44,90.29,98.91,87499.96,70011.86,86540.7905,7329.72,6102.1,10158.38,12597.9
2026-08-18T20:00:00,71.42,76.25,79.01,84494.96,72043.03,83418.0391,159.57,168.7,12292.36,15040.6
2026-08-18T21:00:00,56.28,46.96,47.4,81600.63,64932.81,80877.5395,0.04,0.0,16667.78,18242.6
2026-08-18T22:00:00,41.24,29.05,28.88,77262.6,57218.35,76673.5899,0.46,0.0,20043.79,20870.3
2026-08-18T23:00:00,30.15,24.73,24.68,73047.07,51026.11,72240.4985,0.06,0.0,22020.9,22525.4
2026-08-19T00:00:00,25.05,23.25,23.25,68889.37,45926.52,68027.4096,0.13,0.0,22962.72,23701.3
2026-08-19T01:00:00,22.63,21.27,21.27,65747.68,42650.05,64982.23,0.14,0.0,23097.49,23933.8
2026-08-19T02:00:00,21.7,19.75,19.75,63437.57,40716.36,62706.0416,0.1,0.0,22721.11,23516.7
2026-08-19T03:00:00,22.03,18.42,18.42,61963.3,39731.61,61038.4211,0.09,0.0,22231.6,22747.1
2026-08-19T04:00:00,21.86,18.12,18.12,61251.87,39626.71,60245.9699,0.08,0.0,21625.08,21978.9
2026-08-19T05:00:00,22.89,18.76,18.76,61566.12,40475.4,60604.6003,0.04,0.0,21090.68,20792.2
2026-08-19T06:00:00,22.8,19.46,19.46,62378.19,42665.22,61642.2093,4.64,1.8,19708.33,19505.4
2026-08-19T07:00:00,20.88,18.31,18.29,62246.7,41299.18,61794.2689,3177.19,2788.3,17770.33,18145.9
2026-08-19T08:00:00,17.33,16.03,15.55,64698.87,32014.01,64192.7094,19420.8,18153.2,13264.06,15604.0
2026-08-19T09:00:00,17.35,14.65,13.33,68465.36,26462.91,68484.8091,30966.32,29547.1,11036.13,13565.3
2026-08-19T10:00:00,19.32,16.66,14.56,72712.16,28730.55,73223.0611,33477.63,33101.4,10503.98,12675.0
2026-08-19T11:00:00,21.77,23.09,18.87,77381.55,34771.05,78052.7707,34380.61,34323.3,8229.89,11024.4
2026-08-19T12:00:00,27.85,27.83,22.61,81839.56,40327.0,82351.0504,34064.08,34368.6,7448.48,9330.2
2026-08-19T13:00:00,33.6,28.24,25.66,85996.07,44965.34,86357.4502,33899.23,34259.5,7131.5,8528.9
2026-08-19T14:00:00,43.7,31.6,28.57,88500.57,48745.53,88859.0693,33173.39,33795.2,6581.65,8732.5
2026-08-19T15:00:00,47.73,30.32,28.21,89286.4,49733.76,90000.3296,32469.92,33250.5,7082.72,9263.3
2026-08-19T16:00:00,51.92,30.92,28.39,89724.86,50134.82,90714.221,31384.28,32088.8,8205.76,10210.6
2026-08-19T17:00:00,45.0,29.05,27.85,89620.41,50908.18,90642.6291,29121.47,29759.7,9590.76,11477.2
2026-08-19T18:00:00,54.75,50.84,55.51,89072.96,56640.64,89418.3304,21535.04,21537.3,10897.28,13054.7
2026-08-19T19:00:00,87.96,54.22,56.53,87296.64,68876.51,87145.8809,6650.82,5619.9,11769.31,14672.3
2026-08-19T20:00:00,87.79,50.49,51.16,84873.13,71445.39,84311.6183,182.81,146.6,13244.93,16897.8
2026-08-19T21:00:00,61.82,36.15,36.2,81499.13,65283.4,81175.3806,0.58,0.0,16215.15,19660.3
2026-08-19T22:00:00,40.86,28.95,28.94,76872.45,58882.09,77231.8306,0.6,0.0,17989.76,21693.6
2026-08-19T23:00:00,31.54,25.58,25.58,72186.22,52250.54,72628.8592,0.65,0.0,19935.03,22815.5
2026-08-20T00:00:00,23.78,23.78,23.78,68193.66,46731.84,68040.8599,0.63,0.0,21461.19,20451.8
2026-08-20T01:00:00,21.98,22.15,22.15,65016.83,43433.02,65122.0005,0.63,0.0,21583.18,20609.2
2026-08-20T02:00:00,21.78,21.46,21.46,62804.82,41781.73,62756.5815,0.62,0.0,21022.47,19863.7
2026-08-20T03:00:00,22.13,21.03,21.03,61198.61,40778.04,61246.3504,0.61,0.0,20419.96,18723.7
2026-08-20T04:00:00,23.2,19.56,19.56,60549.9,41224.87,60601.7298,0.61,0.0,19324.42,17576.2
2026-08-20T05:00:00,24.92,21.29,21.29,60921.98,42801.0,60871.1809,0.62,0.0,18120.36,16129.7
2026-08-20T06:00:00,27.31,23.27,23.27,62135.82,45920.31,61901.1806,3.67,1.3,16211.84,14579.9
2026-08-20T07:00:00,25.1,22.49,22.47,62185.22,44992.84,61994.3413,2950.12,2658.9,14242.26,13056.5
2026-08-20T08:00:00,20.34,15.53,16.3,64330.67,34534.18,64504.1109,19000.38,17136.0,10796.11,10742.8
2026-08-20T09:00:00,19.76,17.78,16.66,68651.1,28414.81,69034.7495,30484.62,28190.7,9751.67,9182.0
2026-08-20T10:00:00,21.66,21.98,18.95,73540.59,31030.58,73871.9891,33167.65,32498.1,9342.36,8266.4
2026-08-20T11:00:00,25.53,25.26,21.38,78665.33,37781.05,78885.0989,34191.97,33950.5,6692.31,6737.6
2026-08-20T12:00:00,30.37,31.73,24.81,83355.84,43111.52,83330.2315,34341.84,34100.1,5902.48,6934.2
2026-08-20T13:00:00,35.01,35.87,30.52,87756.84,46727.17,87187.8395,33952.32,33970.3,7077.35,7052.0
2026-08-20T14:00:00,49.45,33.8,24.52,89551.06,48118.11,89503.7202,33649.34,33588.2,7783.61,7656.5
2026-08-20T15:00:00,51.53,42.12,26.73,89993.05,48933.93,90433.5991,32855.13,33066.9,8203.99,8327.6
2026-08-20T16:00:00,51.52,35.13,23.85,90310.32,49518.84,90774.8202,31866.08,31772.6,8925.4,9286.8
2026-08-20T17:00:00,50.39,26.29,21.41,90352.73,50363.11,90568.5306,29535.18,29118.3,10454.44,10391.0
2026-08-20T18:00:00,78.66,44.7,46.22,89886.21,56618.11,89394.47,21664.03,20682.1,11604.07,11625.8
2026-08-20T19:00:00,132.57,62.39,64.81,88548.77,70672.53,87246.0197,5826.41,5369.0,12049.83,12791.0
2026-08-20T20:00:00,129.26,62.19,63.59,86182.78,73133.1,84408.1806,71.44,125.2,12978.24,14257.4
2026-08-20T21:00:00,111.55,56.15,56.99,82835.95,67796.68,81557.5684,0.06,0.0,15039.21,16254.0
2026-08-20T22:00:00,57.99,34.45,34.58,78515.07,61290.93,77432.4292,0.11,0.0,17224.03,17806.3
2026-08-20T23:00:00,36.0,28.43,28.46,73808.46,55111.77,73089.3982,0.09,0.0,18696.6,18646.5
2026-08-21T00:00:00,27.45,26.16,26.16,69696.17,50828.9,69175.7203,0.09,0.0,18867.18,18481.1
2026-08-21T01:00:00,24.53,26.99,26.99,66378.65,49181.79,66169.0393,0.08,0.0,17196.78,18181.2
2026-08-21T02:00:00,24.17,26.94,26.94,63940.46,47956.34,63657.219,0.08,0.0,15984.04,17375.5
2026-08-21T03:00:00,24.1,26.66,26.66,62454.88,47584.19,62049.3596,0.09,0.0,14870.6,16341.8
2026-08-21T04:00:00,23.87,28.82,28.83,61832.11,48571.71,61282.9688,0.1,0.0,13260.3,15165.9
2026-08-21T05:00:00,26.49,29.66,29.66,62327.41,49530.32,61610.0101,0.1,0.0,12796.99,13727.6
2026-08-21T06:00:00,27.46,29.91,29.91,63433.44,50971.44,62628.0899,3.62,1.0,12458.38,12288.7
2026-08-21T07:00:00,26.7,29.09,29.09,63435.05,49452.2,62736.8016,2666.64,2647.7,11316.21,10858.2
2026-08-21T08:00:00,20.53,21.29,21.18,65671.84,40081.7,65455.8088,16973.61,17310.5,8616.53,8359.1
2026-08-21T09:00:00,19.62,24.16,23.04,69714.41,35152.34,70037.5592,27580.68,28412.3,6981.39,6198.3
2026-08-21T10:00:00,21.91,25.76,24.8,74690.55,37928.6,75045.7593,31001.05,32757.5,5760.9,5222.1
2026-08-21T11:00:00,26.13,24.24,25.79,79582.21,42911.69,80275.8891,32610.08,34101.2,4060.44,4064.7
2026-08-21T12:00:00,30.34,26.52,28.67,84136.29,47733.52,84588.1907,32994.6,34151.9,3408.17,3292.5
2026-08-21T13:00:00,34.42,27.74,33.68,87278.8,50583.33,88387.1281,32715.67,33927.9,3979.8,4364.2
2026-08-21T14:00:00,40.53,36.73,26.91,89147.89,51781.39,90230.8616,32121.05,33527.8,5245.45,4886.3
2026-08-21T15:00:00,43.13,41.55,26.4,89424.4,52456.79,90960.8503,30594.25,32642.3,6373.36,5586.8
2026-08-21T16:00:00,50.28,38.28,27.05,89649.1,53227.26,91620.8616,28924.06,30037.0,7497.78,6506.6
2026-08-21T17:00:00,55.11,29.73,25.81,89419.46,53622.64,91113.5089,26912.35,27073.9,8884.47,7779.3
2026-08-21T18:00:00,102.86,40.41,41.01,88572.18,58750.78,89662.1396,19471.28,19077.6,10350.12,9259.3
2026-08-21T19:00:00,118.06,49.2,49.86,86572.55,70265.85,86997.3893,5457.74,4960.5,10848.96,10899.1
2026-08-21T20:00:00,99.88,45.06,45.08,84013.69,72313.59,84308.4596,73.55,106.7,11626.55,13333.2
2026-08-21T21:00:00,73.09,37.6,37.44,80680.46,65978.46,81360.9387,0.24,0.0,14701.76,16021.2
2026-08-21T22:00:00,46.43,31.18,30.78,76600.98,60496.61,77657.2801,0.16,0.0,16104.21,17568.4
2026-08-21T23:00:00,31.49,29.41,29.3,72654.52,55761.32,73501.1695,0.25,0.0,16892.95,18580.6
2026-08-22T00:00:00,26.39,27.72,27.59,68908.52,51356.26,67921.1708,0.08,0.0,17552.18,16928.2
2026-08-22T01:00:00,24.51,24.95,24.94,65806.03,48102.7,64936.8503,0.08,0.0,17703.25,16744.6
2026-08-22T02:00:00,23.13,23.54,23.25,63198.99,45782.54,62328.1903,0.07,0.0,17416.38,16094.9
2026-08-22T03:00:00,22.33,24.41,24.1,61250.56,45279.23,60547.1109,0.08,0.0,15971.25,15288.5
2026-08-22T04:00:00,22.22,24.19,24.16,59653.53,45281.41,59525.9792,0.09,0.0,14372.03,14464.2
2026-08-22T05:00:00,22.94,22.59,22.59,59249.63,45459.43,58765.7986,0.1,0.0,13790.1,12975.0
2026-08-22T06:00:00,23.15,21.52,21.52,58867.28,44776.23,58612.5408,3.5,0.5,14087.55,11460.9
2026-08-22T07:00:00,22.14,21.01,21.02,58548.49,42449.6,58264.9797,2428.78,2514.1,13670.11,10296.8
2026-08-22T08:00:00,18.25,19.97,19.86,61165.41,35159.96,61398.0695,15445.94,17322.8,10559.51,7784.9
2026-08-22T09:00:00,18.47,20.98,20.1,65753.78,32006.72,66550.0289,26374.75,28918.9,7372.31,5395.5
2026-08-22T10:00:00,19.8,20.91,19.52,71408.95,34219.84,71915.9994,30943.04,32467.4,6246.07,4304.5
2026-08-22T11:00:00,22.91,22.87,22.1,77213.52,40441.16,77583.969,32214.76,33565.0,4557.6,3043.6
2026-08-22T12:00:00,30.4,33.66,33.53,82497.92,47724.63,82215.69,32231.83,33544.3,2541.46,2028.2
2026-08-22T13:00:00,33.8,38.87,36.47,86404.97,52474.79,86380.7805,31966.13,33034.7,1964.05,1853.7
2026-08-22T14:00:00,35.85,40.08,38.64,88816.25,55657.6,88881.0205,30587.07,32481.2,2571.58,3232.6
2026-08-22T15:00:00,38.33,31.86,30.98,89586.74,55863.51,89668.0516,29800.81,31561.9,3922.42,4181.5
2026-08-22T16:00:00,47.59,51.52,34.74,89890.85,55887.99,90539.2085,27952.47,29663.9,6050.39,5378.6
2026-08-22T17:00:00,50.73,58.22,45.02,89750.18,57076.17,90789.8896,24600.62,26969.8,8073.39,6719.0
2026-08-22T18:00:00,75.32,51.3,58.58,89049.75,62718.62,89809.4394,16953.55,18651.2,9377.58,8296.8
2026-08-22T19:00:00,97.45,67.48,68.8,86873.56,72196.88,86997.2302,4282.34,4623.1,10394.34,10091.5
2026-08-22T20:00:00,87.98,55.03,55.63,84268.32,71598.95,83785.7688,77.26,95.7,12592.11,12363.2
2026-08-22T21:00:00,69.14,48.28,48.12,80732.02,66125.23,80481.3092,0.04,0.0,14606.75,14936.0
2026-08-22T22:00:00,40.86,110.57,110.58,76412.12,63267.0,76840.6188,0.1,0.0,13145.02,16453.7
2026-08-22T23:00:00,31.38,212.34,212.37,71016.83,60908.81,72708.74,0.61,0.0,10107.41,16886.6
2026-08-23T00:00:00,31.43,74.79,74.79,67831.53,58960.82,68692.1698,0.08,0.0,8870.63,10466.6
2026-08-23T01:00:00,27.35,61.77,61.77,65145.93,56846.82,65825.0893,0.08,0.0,8299.03,10388.8
2026-08-23T02:00:00,24.58,38.87,39.56,62842.36,53866.15,63202.6112,0.08,0.0,8976.13,9966.4
2026-08-23T03:00:00,23.67,40.07,40.34,60862.22,51565.55,61137.0307,0.08,0.0,9296.59,9458.8
2026-08-23T04:00:00,23.38,31.2,31.26,59304.23,49728.96,59948.9188,0.11,0.0,9575.16,8842.6
2026-08-23T05:00:00,23.61,33.46,33.47,58282.7,49090.7,58730.0501,0.06,0.0,9191.94,8036.2
2026-08-23T06:00:00,23.48,35.89,35.94,57667.18,49118.49,58175.2686,2.52,0.4,8546.17,7227.3
2026-08-23T07:00:00,21.85,28.16,28.26,57344.1,47495.12,57609.3305,1831.37,2113.3,8017.61,6448.8
2026-08-23T08:00:00,18.49,24.98,24.97,59470.53,40882.04,60584.059,12705.53,15398.4,5882.96,4977.9
2026-08-23T09:00:00,16.7,23.86,23.86,63384.9,34655.95,65796.6398,24591.38,26503.8,4137.57,3691.1
2026-08-23T10:00:00,17.68,22.5,22.48,68135.92,34005.34,71045.0906,30006.22,31233.8,4124.36,3420.7
2026-08-23T11:00:00,21.24,21.7,21.81,73956.16,37970.45,76913.3796,32645.86,33159.4,3339.85,3160.4
2026-08-23T12:00:00,27.35,27.05,26.41,79603.61,43578.21,81982.0612,33185.62,33533.8,2839.78,2904.7
2026-08-23T13:00:00,34.35,35.06,33.84,84589.55,48333.47,86608.6091,33284.23,33387.5,2971.85,3065.5
2026-08-23T14:00:00,36.21,42.57,42.88,88276.49,52005.21,89123.0614,32855.65,33049.1,3415.63,3670.6
2026-08-23T15:00:00,36.1,41.46,42.32,89775.4,53506.46,90050.7387,31964.27,32571.5,4304.67,6822.0
2026-08-23T16:00:00,39.9,31.7,33.53,90140.21,53912.44,91026.4286,31038.74,31525.4,5189.03,7512.0
2026-08-23T17:00:00,39.28,39.94,44.11,90411.17,55344.2,91435.1718,29015.62,29146.6,6051.35,8769.5
2026-08-23T18:00:00,53.14,56.8,64.11,89624.01,61728.59,90644.4317,20900.88,20416.8,6994.54,10268.5
2026-08-23T19:00:00,76.71,199.45,210.18,87532.32,73562.23,88208.1707,5383.68,4957.2,8586.41,12591.5
2026-08-23T20:00:00,64.1,283.55,286.06,84160.36,72692.4,85115.8198,76.21,87.6,11391.75,15615.1
2026-08-23T21:00:00,54.94,331.61,331.41,80394.82,64569.38,81798.259,0.1,0.0,15825.34,18244.9
2026-08-23T22:00:00,36.03,43.69,43.69,77620.25,58723.11,77618.7107,0.07,0.0,18897.07,20209.7
2026-08-23T23:00:00,28.91,31.21,31.21,73407.2,52437.66,72944.09,0.16,0.0,20969.38,21456.1
2026-08-24T00:00:00,28.96,26.12,26.12,69371.92,47520.66,68578.4902,0.09,0.0,21851.17,21327.7
2026-08-24T01:00:00,24.16,22.17,22.17,66122.92,44500.22,65281.3509,0.09,0.0,21622.61,21582.9
2026-08-24T02:00:00,23.34,21.14,21.14,63548.48,42348.87,62687.6704,0.09,0.0,21199.52,21288.5
2026-08-24T03:00:00,22.91,20.46,20.46,61837.08,41056.33,61048.4686,0.08,0.0,20780.67,20708.2
2026-08-24T04:00:00,22.9,20.5,20.5,61049.07,41020.89,60386.4711,0.08,0.0,20028.1,20102.0
2026-08-24T05:00:00,23.71,21.82,21.82,61467.89,42756.92,60880.4704,0.09,0.0,18710.88,19172.5
2026-08-24T06:00:00,23.54,22.36,22.36,62623.52,44012.15,62055.5205,0.74,0.2,18610.63,18081.3
2026-08-24T07:00:00,23.06,21.07,21.07,62830.23,42039.17,62011.6991,2420.66,2309.4,18370.4,17040.0
2026-08-24T08:00:00,18.27,17.52,17.52,64673.41,32665.79,63812.05,17256.07,16440.1,14751.55,15067.3
2026-08-24T09:00:00,17.64,16.45,16.38,68608.41,26411.66,67942.579,28519.92,27466.6,13676.83,13350.0
2026-08-24T10:00:00,20.5,16.49,16.22,73288.98,28190.96,72754.3191,32101.59,31489.0,12996.43,12376.2
2026-08-24T11:00:00,24.25,25.86,19.68,78449.76,34605.18,77908.251,33008.31,33257.0,10836.27,10486.4
2026-08-24T12:00:00,34.47,47.03,29.34,83489.08,41478.89,82776.6611,32842.63,33432.8,9167.56,8671.2
2026-08-24T13:00:00,38.25,41.67,48.67,87809.95,47387.01,87009.5119,33106.05,33500.6,7316.89,7397.8
2026-08-24T14:00:00,40.12,39.83,60.51,89737.65,50959.66,89318.3009,32287.72,32931.3,6490.27,6606.5
2026-08-24T15:00:00,45.24,27.57,59.3,90227.67,51564.58,90238.4105,32325.76,32695.3,6337.33,6769.8
2026-08-24T16:00:00,45.69,28.61,54.63,90600.69,51810.67,90880.6702,32216.71,31979.4,6573.31,7668.3
2026-08-24T17:00:00,45.41,28.48,69.41,90753.01,53644.5,90863.9791,29702.17,29613.6,7406.34,10519.2
2026-08-24T18:00:00,55.27,47.99,86.69,90159.96,59468.87,89882.2703,21006.65,20742.2,9684.44,12492.3
2026-08-24T19:00:00,74.53,89.25,111.07,88195.26,69573.41,87476.0894,5580.5,4867.3,13041.35,15206.4
2026-08-24T20:00:00,72.4,68.89,70.75,85241.01,67609.42,84801.7707,55.11,77.5,17576.48,18853.7
2026-08-24T21:00:00,55.96,35.4,35.41,82859.51,60584.19,81919.7302,0.06,0.0,22275.26,22358.3
2026-08-24T22:00:00,40.22,27.49,27.5,78216.02,53668.76,77391.2287,0.09,0.0,24547.17,24436.8
2026-08-24T23:00:00,30.16,24.82,24.82,73607.57,48506.77,72586.291,0.16,0.0,25100.64,25303.7
2026-08-25T00:00:00,24.11,23.12,23.12,69691.18,44632.03,70837.9396,0.14,0.0,25059.01,24796.9
2026-08-25T01:00:00,22.62,22.06,22.06,66507.0,41977.45,67137.8287,0.14,0.0,24529.41,24549.7
2026-08-25T02:00:00,21.8,21.51,21.51,63802.62,40298.73,64156.4492,0.12,0.0,23503.77,23734.5
2026-08-25T03:00:00,21.48,20.91,20.91,61955.04,39465.0,62160.8901,0.13,0.0,22489.91,22457.1
2026-08-25T04:00:00,21.67,19.93,19.93,61137.44,39411.98,61212.9301,0.16,0.0,21725.3,20941.8
2026-08-25T05:00:00,22.6,22.59,22.59,61525.84,42100.4,61483.5314,0.16,0.0,19425.28,19005.6
2026-08-25T06:00:00,23.12,28.67,28.67,62703.62,46828.78,62649.9804,0.18,0.3,15874.66,16839.4
2026-08-25T07:00:00,23.29,29.91,29.91,62564.94,48412.82,62751.7297,1678.41,2017.6,12473.71,14581.5
2026-08-25T08:00:00,20.06,25.91,25.91,63787.98,42436.92,64854.0502,13199.1,14910.9,8151.96,11626.4
2026-08-25T09:00:00,19.45,27.58,27.58,66757.23,39441.3,68907.6987,21569.65,25250.1,5746.28,9014.3
2026-08-25T10:00:00,20.87,28.79,28.79,70396.46,39156.4,73617.5594,26278.88,29408.2,4961.18,7304.2
2026-08-25T11:00:00,24.8,22.16,22.16,74467.67,39653.66,78670.6196,30145.12,31376.3,4668.89,5564.7
2026-08-25T12:00:00,30.73,24.32,24.32,79331.55,43928.49,83404.2895,31178.18,32265.3,4224.88,4343.1
2026-08-25T13:00:00,34.69,34.51,28.5,83470.84,47242.44,87268.3606,31125.32,32303.4,5103.08,5107.3
2026-08-25T14:00:00,37.95,38.8,27.74,86818.61,49173.25,89462.5195,31075.58,31878.4,6569.78,5786.4
2026-08-25T15:00:00,38.37,42.86,28.93,88649.68,50574.3,90248.1809,30405.1,31497.0,7670.28,6950.0
2026-08-25T16:00:00,39.48,48.42,35.49,89618.52,53076.05,90643.4307,28290.56,30703.4,8251.91,8394.1
2026-08-25T17:00:00,38.5,72.22,52.41,89744.09,55077.18,90666.6599,24844.69,28307.7,9822.22,10232.4
2026-08-25T18:00:00,63.0,62.91,62.4,88281.32,60065.99,90008.1814,16452.63,19498.2,11762.7,12290.3
2026-08-25T19:00:00,95.82,61.13,61.65,85646.11,67579.42,88117.0,3764.38,4483.3,14302.31,14348.2
2026-08-25T20:00:00,92.88,50.25,50.3,83434.03,68864.33,85442.5295,47.08,64.1,14522.62,16739.9
2026-08-25T21:00:00,66.52,42.77,42.86,80360.63,63762.3,82412.5589,0.05,0.0,16598.28,19158.1
2026-08-25T22:00:00,43.39,33.98,33.75,76094.12,57395.41,78254.7507,0.07,0.0,18698.64,20665.4
2026-08-25T23:00:00,33.39,29.92,29.81,72035.61,52287.28,73744.6091,0.15,0.0,19748.18,21121.2
2026-08-26T00:00:00,28.18,27.09,27.03,68209.84,47092.99,67298.9207,0.14,0.0,21116.71,18784.2
2026-08-26T01:00:00,26.5,27.04,27.05,65204.0,45824.08,64171.7701,0.11,0.0,19379.81,17853.9
2026-08-26T02:00:00,26.7,35.13,35.19,62908.84,48586.59,61811.1706,0.2,0.0,14322.05,16194.7
2026-08-26T03:00:00,28.85,45.9,46.02,61448.03,51747.13,60399.2803,0.16,0.0,9700.74,13977.7
2026-08-26T04:00:00,30.32,52.1,52.1,61025.18,53976.87,59828.3998,0.1,0.0,7048.21,11691.7
2026-08-26T05:00:00,33.45,58.39,58.38,61901.96,56667.02,60586.689,0.18,0.0,5234.76,9463.6
2026-08-26T06:00:00,36.24,57.87,60.7,63207.85,59110.83,62188.9587,0.63,0.1,4096.39,7468.6
2026-08-26T07:00:00,33.9,51.33,78.54,62385.39,57313.39,62260.3596,1227.77,1662.0,3844.23,5765.0
2026-08-26T08:00:00,26.78,35.6,40.77,64060.05,50897.34,64184.0087,9920.61,12221.8,3242.1,3963.8
2026-08-26T09:00:00,25.07,33.53,38.63,67853.87,45937.68,68150.0701,19413.73,21751.5,2502.46,2735.9
2026-08-26T10:00:00,25.66,35.36,40.13,72398.24,44601.93,72739.9398,25815.54,27039.4,1980.77,2215.6
2026-08-26T11:00:00,29.53,39.67,41.81,77039.37,46417.1,77567.5513,29130.53,29409.7,1491.74,1780.2
2026-08-26T12:00:00,34.33,44.94,46.66,81002.65,50272.67,82323.3198,29570.14,30217.4,1159.84,2530.3
2026-08-26T13:00:00,37.22,44.27,43.76,84125.16,53459.16,86498.5195,29163.55,30290.9,1502.45,2711.5
2026-08-26T14:00:00,44.76,33.41,51.49,86189.73,54582.09,88990.3706,28788.12,29697.9,2819.52,3229.1
2026-08-26T15:00:00,50.16,57.88,71.9,88173.93,57456.84,89190.419,27132.46,28867.1,3584.63,4076.0
2026-08-26T16:00:00,54.69,81.68,74.15,90212.69,60066.73,89015.3402,26188.31,26682.6,3957.65,4915.4
2026-08-26T17:00:00,57.24,110.93,104.26,89844.53,61743.43,88096.7089,23987.39,23981.1,4113.71,5813.6
2026-08-26T18:00:00,96.59,164.0,167.81,87506.95,65609.72,86636.4806,16900.67,16147.0,4996.56,6904.5
2026-08-26T19:00:00,136.74,283.31,298.25,84041.84,73947.17,83967.1607,3867.3,4013.9,6227.37,7738.9
2026-08-26T20:00:00,126.44,336.46,381.75,81282.37,74620.92,81737.2895,24.82,51.5,6636.63,8418.9
2026-08-26T21:00:00,142.31,381.41,448.36,77658.5,70471.42,78836.6502,0.04,0.0,7187.04,9175.0
2026-08-26T22:00:00,98.5,526.05,534.63,73097.3,65381.49,74746.5896,0.09,0.0,7715.72,9588.0
2026-08-26T23:00:00,59.94,84.07,84.04,69589.27,61733.8,70297.8693,0.14,0.0,7855.33,9609.7
2026-08-27T00:00:00,67.27,70.18,70.18,67121.54,59229.55,65794.0096,0.27,0.0,7891.72,7958.6
2026-08-27T01:00:00,52.31,45.41,45.19,64778.43,56582.06,62855.6301,0.29,0.0,8196.08,7395.7
2026-08-27T02:00:00,47.12,39.12,38.82,62816.28,55699.59,60614.099,0.13,0.0,7116.56,6577.8
2026-08-27T03:00:00,42.13,38.5,38.46,61321.98,54688.46,59197.6792,0.21,0.0,6633.31,5806.6
2026-08-27T04:00:00,38.36,40.97,41.0,60634.95,54865.56,58665.8792,0.2,0.0,5769.19,5233.1
2026-08-27T05:00:00,40.39,32.05,32.2,61405.47,55619.52,59108.6803,0.13,0.0,5785.82,4380.6
2026-08-27T06:00:00,42.98,35.68,35.12,62721.51,58606.76,60611.4705,1.47,0.2,4113.28,3646.1
2026-08-27T07:00:00,37.42,34.16,33.32,62544.34,57231.43,60988.6202,1761.88,1762.0,3551.03,3387.6
2026-08-27T08:00:00,26.96,29.86,28.41,63808.86,46830.83,63312.88,13267.48,13564.7,3710.55,2695.3
2026-08-27T09:00:00,25.96,26.91,25.3,67209.48,39055.69,67227.4695,23234.26,24928.7,4919.53,1878.8
2026-08-27T10:00:00,27.92,22.89,21.51,71354.78,37345.98,71763.9597,26246.12,30002.6,7762.68,1722.1
2026-08-27T11:00:00,29.07,21.46,19.82,76340.01,38238.1,76296.2097,29392.15,32168.4,8709.76,1699.0
2026-08-27T12:00:00,34.3,28.45,24.34,81497.31,41909.29,80460.9903,31538.34,32256.1,8049.68,1866.5
2026-08-27T13:00:00,35.8,45.29,39.14,86036.97,48682.18,83890.3286,31640.8,31721.2,5713.99,2449.5
2026-08-27T14:00:00,40.83,45.79,39.8,89330.68,51712.5,85706.7211,31526.66,30717.7,6091.52,3669.8
2026-08-27T15:00:00,41.3,47.64,37.05,90168.98,51838.4,86400.5188,31207.68,29485.1,7122.9,5049.1
2026-08-27T16:00:00,47.38,30.12,25.89,90120.04,52350.53,86407.64,27513.21,27127.3,10256.3,6557.4
2026-08-27T17:00:00,54.67,24.56,22.35,89313.45,52292.28,85680.1496,24694.56,23884.1,12326.61,8408.5
2026-08-27T18:00:00,83.26,43.62,43.22,87466.02,57089.17,84078.8991,16627.29,14938.2,13749.56,9591.6
2026-08-27T19:00:00,95.03,94.19,95.66,83445.74,69583.9,81333.4112,3169.18,3129.5,10692.66,9935.4
2026-08-27T20:00:00,103.22,97.2,98.73,80845.58,72156.94,78948.9898,20.22,34.7,8668.42,10206.0
2026-08-27T21:00:00,100.53,68.89,68.99,77649.87,69600.05,76263.8522,0.02,0.0,8049.8,10328.3
2026-08-27T22:00:00,81.61,76.74,76.67,73464.19,66636.8,72458.4794,0.08,0.0,6827.31,10006.5
2026-08-27T23:00:00,52.05,69.16,69.11,69063.16,62407.25,68409.0906,0.08,0.0,6655.83,9388.8
2026-08-28T00:00:00,46.41,47.73,47.64,65918.77,59106.29,66591.5605,0.1,0.0,6812.38,6472.7
2026-08-28T01:00:00,41.24,40.97,40.76,63068.15,56394.32,63250.1288,0.08,0.0,6673.75,5516.6
2026-08-28T02:00:00,38.39,37.26,37.09,60927.74,54745.88,60534.1898,0.07,0.0,6181.79,4689.2
2026-08-28T03:00:00,35.05,33.31,33.17,59523.04,53622.7,58686.2095,0.09,0.0,5900.25,4127.1
2026-08-28T04:00:00,36.27,38.02,38.02,59153.63,54429.82,57883.2995,0.11,0.0,4723.7,3665.0
2026-08-28T05:00:00,36.78,61.04,61.04,59663.02,56565.83,58083.4493,0.15,0.0,3097.04,3154.5
2026-08-28T06:00:00,40.68,63.93,63.93,60922.49,58197.32,59476.2216,0.86,0.1,2724.31,2747.7
2026-08-28T07:00:00,35.1,50.82,50.8,60975.32,56592.11,59789.4599,2254.48,1949.7,2128.73,2421.2
2026-08-28T08:00:00,24.5,26.85,26.86,62936.95,44940.66,62128.9609,16697.43,16178.5,1298.86,1882.7
2026-08-28T09:00:00,22.38,24.83,24.84,67257.34,37524.78,65943.3411,28481.83,28477.1,1250.73,1570.2
2026-08-28T10:00:00,22.91,28.17,28.2,72478.62,39949.97,70403.5003,31497.01,32466.1,1031.64,1845.8
2026-08-28T11:00:00,25.51,29.4,29.59,77660.83,43858.92,74869.8909,32633.39,33678.7,1168.52,2094.2
2026-08-28T12:00:00,31.52,31.17,31.4,82101.57,48108.03,78879.2908,32613.41,33318.5,1380.13,2352.2
2026-08-28T13:00:00,34.64,49.88,48.57,85960.75,52173.44,82259.0192,31488.62,32202.9,2298.69,2930.7
2026-08-28T14:00:00,39.35,46.2,46.38,88200.49,54708.57,84268.0002,29838.87,31388.6,3653.05,3866.8
2026-08-28T15:00:00,40.32,42.54,41.69,88770.67,55487.26,85243.4499,28627.02,30520.3,4656.39,4992.0
2026-08-28T16:00:00,43.66,30.36,30.47,87761.78,55701.55,85677.9985,26312.6,28478.8,5747.63,6143.7
2026-08-28T17:00:00,45.2,26.96,27.02,85971.19,55855.79,85216.3298,23012.56,25643.3,7102.84,7392.0
2026-08-28T18:00:00,71.69,31.3,31.64,83101.88,58433.82,83706.4695,16196.44,16939.5,8471.62,8761.9
2026-08-28T19:00:00,81.47,38.25,38.52,79925.75,65819.89,80774.9102,4055.99,3555.3,10049.87,9994.7
2026-08-28T20:00:00,73.04,33.13,32.94,77089.78,65499.62,77988.3194,20.43,36.2,11569.73,11605.6
2026-08-28T21:00:00,60.18,27.42,27.21,73103.98,58691.82,75379.1286,0.1,0.0,14412.06,13305.1
2026-08-28T22:00:00,44.21,22.82,22.62,69556.6,53529.52,71893.1295,0.12,0.0,16026.96,14353.0
2026-08-28T23:00:00,34.54,22.91,22.75,66344.26,49948.99,68148.7595,0.13,0.0,16395.14,14775.8
2026-08-29T00:00:00,34.14,24.64,24.62,63139.17,47144.48,62963.9092,0.33,0.0,15994.36,15507.4
2026-08-29T01:00:00,30.71,23.98,23.89,60379.77,45183.11,60309.6006,0.1,0.0,15196.56,14772.5
2026-08-29T02:00:00,28.68,23.16,23.08,58204.08,44149.45,58183.4803,0.09,0.0,14054.54,13899.5
2026-08-29T03:00:00,27.13,24.77,24.63,56379.87,43517.17,56517.7905,0.12,0.0,12862.58,12785.9
2026-08-29T04:00:00,25.34,22.82,22.68,55494.72,43589.39,55343.6394,0.14,0.0,11905.19,11713.4
2026-08-29T05:00:00,25.82,23.48,23.21,55050.29,44319.96,54695.9094,0.14,0.0,10730.19,10328.9
2026-08-29T06:00:00,24.9,22.97,22.77,55153.19,44835.67,54671.7205,0.84,0.1,10316.68,10164.4
2026-08-29T07:00:00,23.99,22.99,22.89,55391.43,43388.36,54785.4198,2474.33,2087.5,9528.74,9358.2
2026-08-29T08:00:00,17.88,16.79,16.75,58242.3,32744.78,58388.9597,18475.11,17230.9,7022.41,7832.2
2026-08-29T09:00:00,17.27,15.04,14.96,62979.87,27318.28,63636.4595,30483.21,29737.6,5178.38,6445.9
2026-08-29T10:00:00,18.7,16.29,16.23,68225.23,30189.51,69108.2602,32659.65,33276.8,5376.07,6361.6
2026-08-29T11:00:00,21.19,17.06,16.91,73584.68,33771.77,74345.0783,33802.74,34330.2,6010.17,6354.2
2026-08-29T12:00:00,26.21,23.16,21.69,78325.34,38329.6,78885.5705,33747.75,34081.1,6247.99,6466.9
2026-08-29T13:00:00,29.4,26.57,24.87,82023.47,41761.84,82603.8604,33478.68,33342.3,6782.95,6725.9
2026-08-29T14:00:00,32.92,35.74,32.67,84859.78,44836.02,85345.5804,32784.55,32568.1,7239.21,7252.0
2026-08-29T15:00:00,34.3,38.52,36.89,86784.73,47686.93,87102.7188,31611.39,31858.4,7486.41,8241.2
2026-08-29T16:00:00,34.27,39.14,38.97,87892.63,49297.9,87878.4507,30506.17,30336.6,8088.56,9364.9
2026-08-29T17:00:00,35.0,36.96,32.46,87984.99,50524.71,87801.5821,27748.05,27688.0,9712.23,10648.7
2026-08-29T18:00:00,50.24,47.6,46.99,86439.69,55678.09,86289.1394,18835.29,18338.6,11926.31,12209.1
2026-08-29T19:00:00,62.42,49.35,48.79,83125.88,65411.1,82853.8591,4165.47,3583.0,13549.31,13890.7
2026-08-29T20:00:00,58.11,53.0,52.17,80155.89,64895.35,79391.8995,22.0,30.6,15238.54,16178.9
2026-08-29T21:00:00,50.62,45.83,45.38,76940.9,58001.21,76320.8901,0.13,0.0,18939.56,18810.1
2026-08-29T22:00:00,36.08,32.73,32.62,73409.21,52060.41,72652.5807,0.16,0.0,21348.64,20594.4
2026-08-29T23:00:00,29.4,25.12,25.1,69842.16,47351.48,68801.3814,0.64,0.0,22490.04,21743.4
2026-08-30T00:00:00,23.43,23.32,23.31,66293.06,43876.78,65514.9905,0.19,0.0,22416.09,23542.2
2026-08-30T01:00:00,21.95,22.16,22.16,63137.38,41135.69,62449.4501,0.21,0.0,22001.48,23219.8
2026-08-30T02:00:00,21.21,21.45,21.45,60738.72,39365.79,59940.8,0.19,0.0,21372.74,22554.9
2026-08-30T03:00:00,20.11,20.64,20.64,58783.83,38328.29,58196.1212,0.17,0.0,20455.37,21599.9
2026-08-30T04:00:00,19.76,20.18,20.18,57440.56,37899.73,57058.9101,0.15,0.0,19540.68,20523.1
2026-08-30T05:00:00,19.71,20.64,20.64,56587.47,38207.78,56101.1993,0.14,0.0,18379.55,19419.9
2026-08-30T06:00:00,19.34,21.77,21.77,56069.8,38989.71,55600.9399,0.71,0.0,17079.38,18414.8
2026-08-30T07:00:00,18.45,21.39,21.39,55917.22,38129.85,55216.0589,2456.73,2062.7,15330.64,17270.2
2026-08-30T08:00:00,14.79,17.21,16.91,58797.99,28649.42,58205.5691,18354.72,16804.7,11793.85,15671.1
2026-08-30T09:00:00,13.7,16.25,15.47,63744.97,20425.44,63480.4395,30184.98,28943.8,13134.55,14641.4
2026-08-30T10:00:00,16.57,16.94,14.34,68812.3,22609.23,68641.3801,32616.96,32533.5,13586.11,14090.3
2026-08-30T11:00:00,19.42,20.05,17.8,73777.05,28965.41,73617.4315,33558.21,33785.3,11253.43,12776.7
2026-08-30T12:00:00,23.14,24.54,22.16,78445.92,35525.46,77987.9495,33602.77,33814.4,9317.69,11494.5
2026-08-30T13:00:00,26.77,32.11,27.82,82189.71,40141.06,82316.3692,32671.26,33360.8,9377.39,10818.7
2026-08-30T14:00:00,30.85,34.7,29.77,85169.63,42807.99,85286.5205,32368.88,32674.8,9992.76,10721.6
2026-08-30T15:00:00,32.29,50.45,41.31,87154.93,45411.24,86708.6492,31568.22,32018.1,10175.47,11061.0
2026-08-30T16:00:00,34.6,53.97,51.19,88557.54,48124.07,87529.4394,30285.13,31648.0,10148.34,11769.0
2026-08-30T17:00:00,33.66,53.8,61.3,88786.53,49527.94,87899.4111,28493.85,29165.2,10764.74,12921.7
2026-08-30T18:00:00,41.99,66.52,67.34,87221.59,54643.73,86893.9389,20045.27,19366.4,12532.59,14640.8
2026-08-30T19:00:00,55.83,118.42,128.77,83695.93,64952.72,84103.3497,4292.22,3625.0,14450.99,16423.4
2026-08-30T20:00:00,49.75,77.55,79.58,80441.41,64008.45,80883.2109,16.21,25.6,16416.75,18601.2
2026-08-30T21:00:00,43.54,61.49,61.38,77933.8,58360.29,77629.4117,0.07,0.0,19573.44,21111.3
2026-08-30T22:00:00,35.42,38.63,38.67,74178.19,51713.95,73590.4196,0.12,0.0,22464.12,22809.7
2026-08-30T23:00:00,24.85,26.54,26.56,69936.75,45980.26,69354.9197,0.19,0.0,23956.3,23704.0
2026-08-31T00:00:00,23.9,23.67,23.68,66185.15,42153.35,65536.8012,0.18,0.0,24031.62,24778.9
2026-08-31T01:00:00,21.9,22.46,22.46,63171.96,39946.62,62438.2804,0.17,0.0,23225.17,24357.9
2026-08-31T02:00:00,21.46,21.78,21.88,61043.45,38899.07,60397.881,0.16,0.0,22144.22,23625.1
2026-08-31T03:00:00,20.98,21.63,21.63,59748.69,38788.62,59021.6,0.16,0.0,20959.91,22536.8
2026-08-31T04:00:00,21.18,22.38,22.38,59407.28,39892.11,58411.2809,0.08,0.0,19515.09,21178.7
2026-08-31T05:00:00,22.88,25.2,25.2,59971.69,42162.74,59113.3299,0.19,0.0,17808.76,19401.6
2026-08-31T06:00:00,24.42,36.1,36.1,61247.14,45661.14,60704.87,0.43,0.0,15585.57,17518.4
2026-08-31T07:00:00,24.1,36.11,36.11,61260.9,45802.28,60604.949,2195.13,1974.2,13263.49,15476.8
2026-08-31T08:00:00,18.59,22.39,22.33,63302.98,35411.94,62990.0296,18252.68,16391.8,9638.36,13291.1
2026-08-31T09:00:00,19.13,20.75,20.08,67448.51,27155.8,67401.9501,30059.72,28487.9,10232.99,11704.2
2026-08-31T10:00:00,22.18,22.68,21.5,72131.19,29517.16,72102.1894,32653.75,32295.2,9960.28,10502.3
2026-08-31T11:00:00,28.5,24.65,22.59,76848.28,34424.95,76481.2997,33863.34,33487.3,8559.99,8940.8
2026-08-31T12:00:00,34.15,38.91,33.6,81162.97,40905.75,80812.3291,32831.03,33137.0,7426.19,7880.3
2026-08-31T13:00:00,36.39,44.81,42.99,84536.25,45932.4,84852.9304,31373.31,31920.2,7230.54,7788.3
2026-08-31T14:00:00,39.31,50.82,47.3,86619.46,47782.34,87550.481,30638.19,30940.5,8198.93,8542.6
2026-08-31T15:00:00,39.46,47.03,48.3,87768.29,50179.87,88472.0203,28619.85,30048.7,8968.57,9648.9
2026-08-31T16:00:00,39.31,45.41,46.64,88521.59,50947.36,89000.6202,27757.73,28999.0,9816.5,11048.4
2026-08-31T17:00:00,37.28,56.97,57.68,88287.58,51699.17,88713.9379,25902.82,26299.3,10685.59,12676.1
2026-08-31T18:00:00,49.59,67.21,69.03,86658.66,56354.02,87503.5198,17154.28,17365.9,13150.36,14478.1
2026-08-31T19:00:00,67.52,71.8,72.94,83860.17,64890.7,84576.6493,3625.38,3187.9,15344.09,16011.6
2026-08-31T20:00:00,62.21,75.04,75.7,81151.92,64499.0,81664.9807,7.16,19.8,16645.76,17765.4
2026-08-31T21:00:00,50.17,67.44,67.23,77849.99,58691.56,78415.5505,0.17,0.0,19158.26,19700.3
2026-08-31T22:00:00,39.83,43.41,43.4,73607.42,53022.5,74069.2706,0.23,0.0,20584.69,21178.2
2026-08-31T23:00:00,29.11,37.64,37.7,69379.46,48754.13,69604.8491,0.3,0.0,20625.03,21809.1
2026-09-01T00:00:00,25.8,32.84,32.85,65688.68,45866.64,66585.8397,0.25,0.0,19821.79,21173.2
2026-09-01T01:00:00,24.03,28.31,28.31,62766.15,44041.51,63558.6495,0.24,0.0,18724.4,20326.5
2026-09-01T02:00:00,23.88,26.84,26.84,60831.86,43358.39,61180.4006,0.23,0.0,17473.24,19141.1
2026-09-01T03:00:00,24.57,34.29,34.29,59574.03,42925.77,59745.0803,0.2,0.0,16648.06,17930.0
2026-09-01T04:00:00,23.6,28.11,28.11,59010.57,43418.32,59289.0993,0.21,0.0,15592.04,16774.2
2026-09-01T05:00:00,27.79,29.92,29.92,59692.12,45290.53,59984.8698,0.21,0.0,14401.38,15300.0
2026-09-01T06:00:00,30.93,34.57,34.57,60930.99,47471.13,61656.3891,0.61,0.0,13459.25,13702.7
2026-09-01T07:00:00,28.57,37.26,37.26,61112.14,47591.74,61810.6116,1891.28,1809.2,11629.12,12021.3
2026-09-01T08:00:00,22.22,26.28,26.28,62895.63,39278.53,63334.7405,15357.92,15164.6,8259.18,9918.8
2026-09-01T09:00:00,21.43,25.55,25.52,66675.9,31204.28,67068.2889,27499.19,26775.9,7972.43,8395.4
2026-09-01T10:00:00,21.67,24.94,24.68,71072.0,31828.66,71454.9897,30371.12,30421.7,8872.22,7768.4
2026-09-01T11:00:00,24.97,23.6,23.54,75196.08,36196.31,75814.6497,30492.0,31051.2,8507.77,6619.6
2026-09-01T12:00:00,30.43,32.18,32.11,78555.45,41929.34,80183.3289,30080.44,30290.6,6545.67,5622.6
2026-09-01T13:00:00,36.19,43.01,43.34,81454.58,47165.21,83715.731,28711.25,28044.8,5578.12,5288.3
2026-09-01T14:00:00,39.12,28.69,28.98,83180.27,48954.5,85444.3799,28498.43,26186.9,5727.34,5653.5
2026-09-01T15:00:00,39.39,27.6,32.1,83774.27,50300.12,85838.031,27305.64,23631.8,6168.51,6460.8
2026-09-01T16:00:00,41.2,38.83,41.52,83909.7,52813.37,85724.1192,24465.53,21922.3,6630.8,7514.8
2026-09-01T17:00:00,44.3,50.39,51.16,83510.96,55041.58,84863.0403,20694.79,19034.9,7774.59,8770.0
2026-09-01T18:00:00,59.97,58.87,59.65,83184.75,60805.06,83439.7603,13089.29,12343.6,9290.4,10194.9
2026-09-01T19:00:00,62.12,75.96,76.77,81609.02,67252.59,81027.0704,2995.2,2540.9,11361.23,11933.1
2026-09-01T20:00:00,54.04,117.97,119.74,79299.13,66119.67,78892.9505,4.77,13.1,13174.69,13992.5
2026-09-01T21:00:00,48.1,96.04,95.74,76543.61,60248.91,76068.5103,0.05,0.0,16294.65,16027.9
2026-09-01T22:00:00,38.13,39.44,39.47,72867.37,54704.11,71950.6588,0.11,0.0,18163.15,17425.8
2026-09-01T23:00:00,30.84,32.04,32.07,69366.87,50417.33,68182.1398,0.09,0.0,18949.45,18374.5
2026-09-02T00:00:00,27.21,27.26,27.27,65825.45,45006.66,64112.4098,0.15,0.0,20818.64,20092.4
2026-09-02T01:00:00,24.9,25.51,25.48,63274.66,42489.59,61737.8405,0.12,0.0,20784.95,19931.6
2026-09-02T02:00:00,24.02,25.81,25.77,61210.31,41759.77,59855.6615,0.11,0.0,19450.43,19412.1
2026-09-02T03:00:00,23.92,25.51,25.51,59738.45,41958.24,58703.139,0.1,0.0,17780.11,18586.7
2026-09-02T04:00:00,25.47,25.51,25.5,59361.05,43089.46,58234.0291,0.11,0.0,16271.48,17345.2
2026-09-02T05:00:00,28.23,27.97,27.97,60125.07,44985.63,59053.5911,0.6,0.0,15138.84,15729.2
2026-09-02T06:00:00,30.43,34.55,34.55,61651.71,47719.38,60962.5799,3.18,0.0,13929.15,14229.5
2026-09-02T07:00:00,29.76,35.89,35.8,61910.05,48204.87,61105.9989,1616.62,1658.9,12088.56,12729.9
2026-09-02T08:00:00,23.87,25.7,25.7,63463.79,40234.9,62825.2704,14506.73,14504.3,8722.16,9807.7
2026-09-02T09:00:00,23.1,23.75,23.69,66684.75,32150.89,66650.3004,26712.79,26205.8,7821.07,8318.5
2026-09-02T10:00:00,23.26,20.65,20.88,71052.6,32257.99,70814.3209,30538.27,30038.9,8256.34,6182.4
2026-09-02T11:00:00,26.69,21.3,20.6,75716.19,37524.9,75046.3303,32288.59,31403.9,5902.7,4594.9
2026-09-02T12:00:00,33.27,33.45,33.36,80229.43,44862.97,78853.6111,31879.96,30923.9,3486.5,3296.7
2026-09-02T13:00:00,38.55,40.97,40.7,83689.37,50519.59,82375.2383,30376.74,29313.7,2793.04,2843.5
2026-09-02T14:00:00,44.63,37.4,33.31,84953.21,51660.51,84380.8194,30054.87,27935.5,3237.83,3154.4
2026-09-02T15:00:00,51.03,41.68,39.15,85840.41,53139.37,85232.1111,28302.51,25358.1,4398.53,5127.4
2026-09-02T16:00:00,49.88,45.76,40.35,86336.13,54521.23,85648.7801,26526.36,22860.2,5288.54,6382.5
2026-09-02T17:00:00,54.76,47.94,49.44,86117.52,56932.88,85128.8894,22378.26,20138.7,6806.38,7840.8
2026-09-02T18:00:00,62.3,66.12,67.86,85486.28,63091.58,83481.5998,14204.41,13018.3,8190.29,9492.7
2026-09-02T19:00:00,60.32,192.83,199.37,83227.57,70474.37,80958.7708,2844.53,2571.7,9908.67,11508.1
2026-09-02T20:00:00,53.04,366.46,376.13,79869.7,67436.21,78817.7312,2.45,10.7,12431.04,14369.4
2026-09-02T21:00:00,44.09,141.77,144.19,77036.27,60457.29,76041.3106,0.12,0.0,16578.86,17267.0
2026-09-02T22:00:00,33.64,36.89,36.77,74635.76,54481.05,72367.2499,0.41,0.0,20154.3,19059.3
2026-09-02T23:00:00,28.19,32.46,32.42,70627.16,49023.31,68243.3004,0.42,0.0,21603.43,20236.2
2026-09-03T00:00:00,26.4,28.98,29.02,67090.68,44976.45,65850.8595,0.35,0.0,22113.88,22301.4
2026-09-03T01:00:00,24.77,27.84,27.87,64326.51,42278.56,63160.6308,0.34,0.0,22047.61,21869.4
2026-09-03T02:00:00,25.2,28.48,28.48,62127.41,41789.33,61453.0909,0.24,0.0,20337.84,19767.0
2026-09-03T03:00:00,25.27,29.33,29.33,60949.48,42479.38,60369.5603,0.25,0.0,18469.85,18512.8
2026-09-03T04:00:00,25.11,29.82,29.82,60599.86,44186.71,60015.4989,0.14,0.0,16413.01,16980.5
2026-09-03T05:00:00,29.21,35.86,35.86,61447.96,46783.07,60824.4789,0.2,0.0,14664.69,15177.9
2026-09-03T06:00:00,31.8,42.5,42.5,62999.7,49369.1,62695.0207,0.6,0.0,13630.0,13519.5
2026-09-03T07:00:00,31.05,37.41,37.39,63174.48,49036.07,62815.0813,1148.4,1077.2,12990.01,12032.7
2026-09-03T08:00:00,26.3,30.59,30.55,63928.22,42963.97,64330.1394,10445.15,9946.7,10519.1,10108.2
2026-09-03T09:00:00,25.4,27.58,27.54,66231.93,37303.9,67833.7399,19018.21,18863.8,9909.82,8626.5
2026-09-03T10:00:00,26.77,25.95,25.94,69541.8,36454.45,71801.5796,23335.72,22834.8,9751.63,7505.0
2026-09-03T11:00:00,29.46,26.47,26.48,73160.93,40770.13,75963.9407,24827.77,24958.3,7563.03,5783.8
2026-09-03T12:00:00,34.77,31.33,31.43,76314.45,45353.96,79467.5293,25942.75,25559.8,5017.74,4374.7
2026-09-03T13:00:00,38.37,39.38,39.64,78242.93,49792.79,82614.0193,24800.91,25517.4,3649.23,3735.3
2026-09-03T14:00:00,41.24,40.56,40.96,79831.83,51597.6,84141.5,24275.8,25191.5,3958.43,3946.0
2026-09-03T15:00:00,41.96,44.21,42.81,81054.16,53301.29,84325.99,22946.38,23976.0,4806.49,6024.9
2026-09-03T16:00:00,41.99,30.44,30.18,81771.81,52642.47,83713.4297,22258.44,22383.7,6870.9,7435.1
2026-09-03T17:00:00,44.75,33.98,33.51,81586.46,53471.74,83033.1591,19280.45,19298.5,8834.27,9284.6
2026-09-03T18:00:00,53.65,38.87,38.66,80070.14,57190.79,81396.5683,12004.83,11958.5,10874.52,11599.4
2026-09-03T19:00:00,55.3,37.49,36.77,78121.68,61002.77,78727.2212,2163.35,2304.2,14955.56,14152.2
2026-09-03T20:00:00,52.35,32.75,32.15,76795.25,59473.2,77104.0593,1.14,7.8,17320.91,17083.4
2026-09-03T21:00:00,41.17,30.94,30.39,74377.42,54289.45,74713.8909,0.67,0.0,20087.3,19701.2
2026-09-03T22:00:00,33.67,25.89,25.68,70961.13,49053.97,71106.9397,0.88,0.0,21906.28,20285.7
2026-09-03T23:00:00,26.87,24.37,24.34,67239.02,45202.61,67188.1295,0.88,0.0,22035.53,20715.0
2026-09-04T00:00:00,28.76,24.67,24.67,64099.49,42938.64,62703.7687,0.84,0.0,21160.01,21856.4
2026-09-04T01:00:00,26.25,24.94,24.94,61867.86,41790.23,60493.6305,0.82,0.0,20076.81,21187.7
2026-09-04T02:00:00,25.87,24.0,24.0,59948.14,41085.8,58834.91,0.78,0.0,18861.56,20039.3
2026-09-04T03:00:00,25.98,24.8,24.8,59056.52,41427.79,57849.1406,0.76,0.0,17627.97,18814.1
2026-09-04T04:00:00,27.13,24.13,24.13,58792.95,42358.47,57553.4994,0.79,0.0,16433.69,17522.5
2026-09-04T05:00:00,30.07,27.82,27.82,59628.45,44397.07,58533.8206,0.81,0.0,15230.57,16111.7
2026-09-04T06:00:00,31.67,30.79,30.79,61295.62,47201.95,60344.7602,0.93,0.0,14092.74,14774.3
2026-09-04T07:00:00,31.01,32.5,32.49,61827.97,47832.26,60529.4495,1451.34,1254.8,12544.37,13017.7
2026-09-04T08:00:00,24.88,23.93,23.84,63349.75,39850.43,61973.6693,12793.25,11534.3,10706.07,11201.8
2026-09-04T09:00:00,24.08,22.12,21.64,66883.3,32207.58,65301.7498,23797.23,21767.8,10878.49,10049.9
2026-09-04T10:00:00,24.46,26.07,21.07,70571.6,33211.93,69060.4895,27456.83,26129.6,9902.84,8457.8
2026-09-04T11:00:00,26.62,23.29,22.84,73596.06,37470.55,72873.3407,29151.1,28952.5,6974.41,6603.6
2026-09-04T12:00:00,30.43,26.55,26.18,76530.3,40776.73,76387.0589,30889.48,29883.0,4864.09,5369.5
2026-09-04T13:00:00,33.32,30.24,30.48,79320.42,44825.72,79260.9788,30295.54,29700.3,4199.16,6100.6
2026-09-04T14:00:00,35.71,39.48,37.19,81862.72,48177.68,81008.1791,28840.34,28666.8,4844.7,6770.0
2026-09-04T15:00:00,35.85,36.8,33.85,83994.1,49607.68,81711.7522,27877.29,27127.3,6509.13,8550.5
2026-09-04T16:00:00,36.4,28.16,28.05,85063.68,48224.91,82334.6301,26604.99,25362.1,10233.78,10621.5
2026-09-04T17:00:00,35.16,27.36,27.27,84776.41,47951.65,81657.2199,23706.18,21838.7,13118.58,12782.4
2026-09-04T18:00:00,44.41,32.13,31.54,83108.62,50857.18,80297.1291,14531.37,13074.0,17720.07,15220.5
2026-09-04T19:00:00,49.2,31.86,31.65,80084.61,56752.77,77632.211,2309.16,2209.2,21022.68,17091.2
2026-09-04T20:00:00,45.47,32.0,32.02,77584.68,56673.24,75527.3591,6.52,4.9,20904.92,17741.0
2026-09-04T21:00:00,39.1,35.42,35.43,74742.72,55170.46,73077.3504,0.35,0.0,19571.91,18296.0
2026-09-04T22:00:00,35.54,36.08,36.08,71403.62,53728.5,69980.7988,0.36,0.0,17674.76,18173.7
2026-09-04T23:00:00,31.56,37.24,37.24,67877.3,,66259.5197,,0.0,,17667.3
